gene_id	gene_name	SRR29279085	SRR29279086	SRR29279087	SRR29279088	SRR29279093	SRR29279094	SRR29279095	SRR29279096	SRR29279101	SRR29279102	SRR29279103	SRR29279104	SRR29279109	SRR29279110	SRR29279111	SRR29279112	SRR29279117	SRR29279118	SRR29279119	SRR29279120	SRR29279125	SRR29279126	SRR29279127	SRR29279128	SRR29279133	SRR29279134	SRR29279135	SRR29279136	SRR29279141	SRR29279142	SRR29279143	SRR29279144	SRR29279149	SRR29279150	SRR29279151	SRR29279152	SRR29279157	SRR29279158	SRR29279159	SRR29279160	SRR29279161	SRR29279162	SRR29279163	SRR29279164	SRR29279165	SRR29279166	SRR29279167	SRR29279168	SRR29279169	SRR29279170	SRR29279171	SRR29279172	SRR29279173	SRR29279174	SRR29279175	SRR29279176	SRR29279177	SRR29279178	SRR29279179	SRR29279180
C1_00010W_A	C1_00010W_A	0	0	0	0	0	0	1	0	0	0	0	1	0	0	0	0.998	0	0	0	0	0	0	0	0	0	0	1	1	0	0	1	0	0	1	0	0	0	0	0	0	0	0	0	0	0	0	0	0	0	1	0	3	0	0	0	0	0	0	0	0
C1_00020C_A	C1_00020C_A	2	4	1	2	2	0	1	0	0	0	0	0	1	2	0	2	1	1	0	0	2	3	3	5	0	1	1	0	0	0	0	0	0	0	0	0	5	5	4	2	0	0	0	0	1	2	0	3	0	0	0	0	1	2	0	0	0	0	0	0
C1_00030C_A	C1_00030C_A	0	0	0	0	0	0	0	0	0	0	0	0	0	0	0	0	0	0	0	0	0	0	0	0	0	0	0	0	0	0	0	0	0	0	0.924	0	0	0	0	0	0	0	0	0	0	0	0	0	0	0	0	0	0	0	0	0	0	0	0	0
C1_00040W_A	CTA2	0	0	0	0	0	0	0	0	0	1.087	1.103	0	0	0	0	0	0	0	0	0	0	0	0	0	0	0	0	0	0	0	0	0	0	0	0	0	0	0	0	0	0	0	0	0	0	0	0	0	0	0	0	0	0	0	0	0	0	0	0	0
C1_00050C_A	C1_00050C_A	0	0	0	0	0	0	0.913	0	0	0	0	0	0	0	0	0	0	0	0	0	0	0	0	0	0	0	0	0	1	0	0	0	0	0	0	0	0	0	0	0	0	0	0	0	0	0	0	0	0	1	0	0	0	0	0	0	0	0	0	0
C1_00060W_A	TUP1	0	1	0	0	1	0	0	0	0	0	0	0	0.999	0	0	2	0	0	0	0	0	0	0	0	3	2	4	4	0	0	0	1	0	0	0	0	0	0	0	0	0	0	0	0	0	0	1	0	0	0	0	1.762	0	0	0	0	0	0	0	0
C1_00070W_A	MVD	0	0	0	0	1	0	0	0	0	0	0	0	0	0	0	0	1	5	2	1	0	0	0	0	0	0	0	0	0	0	0	0	1	0	1	0	0	0	1	0	0	0	0	0	0	0	0	0	0	0	0	0	0	0	0	0	0	0	0	0
C1_00080C_A	RCA1	2	3	1	1	0	0	0	0	0	0	0	0	0	1	0	0	0	0	0	0	0	0	0	0	0	0	0	0	1	0	0	0	0	1	0	0	0	1	0	0	0	0	0	0	0	0	0	0	0	0	0.716	0	0	0	0	0	0	0	0	0
C1_00090W_A	C1_00090W_A	0	0	0	0	1	0	1	0	0	0	0	0	0.886	0	0	0	0	0	1	1	0	0	0	0	0	1	2	0	0	1	1	1	0	1	0	0	0	0	0	0	0	0	0	0	1	0	0	1	1	1	1	0	0	1	0	0	0	4	0	2
C1_00100C_A	C1_00100C_A	0	0	0	0	1	0	0	0	1	1	0	1	1	1	0	0	1	2.001	1	1	0	0	0	0	1.006	0	2	0	2	2	1	0	0	1	0.998	0	0	0	0	0	0	0	0	0	0	0	0	0	1.939	0	0	0	1	0	0	1	0	1	0	0
C1_00110W_A	CCT8	0	0	0	0	0	0	0	0	0	0	0	0	0	0	0	0	0	0	0	0	0	0	0	0	0	0	0	0	0	0	0	1	0	0	0	0	0	0	0	0	0	0	0	0	1	1	0	0	0	0	0	0	0	0	2	0	0	1	0	0
C1_00120C_A	TRP1	1	5	4	2	0	0	0	0	0	0	1	0	0	0	0	0	0	0	1.366	0	0	0	0	0	0	0	0	1	0	0	0	0	0	0	0	0	0	0	0	0	0	0	0	0	0	0	0	0	0	0	0	0	0	0	0	0	0	1	0	0
C1_00130C_A	VPS53	0	0	0	0	0	0	1	0	0	0	1	2	1	0	0	0	0	1	0	1	0	0	2	0	1	1	0	1.353	0	0	0	0	0	0	1	0	2	2	5	2	0	0	0	0	1	1	1	2	0	0	0	1	1	0	0	0	0	0	1	0
C1_00140W_A	KEL1	0	0	0	0	2	0	2	1	0	0	2	2	2	0	1	0	4	10	4	6	0	0	0	0	0	1	2	1	2	0	1.285	4.731	1	0.99	1	0	0	0	0	0	1	0	1	0	1	2	1	0	3	2.377	0	1	2.999	1	0	1	1	0	0	1
C1_00150C_A	RIM8	0	0	0	0	1.047	0	2	0	0	0	0	0	0	1	1	0	0	0	0	0	1.083	0	0	0	1	0	2	1	0	0	1	1	0	1.083	5	4	0	0	0	0	0	0	0	0	1	0	0	2	0	1.155	0	0	1	0	0	1	0	2	0	0
C1_00160C_A	C1_00160C_A	0	0	0	0	0	0	0	0	1	1	3	2	0	0	0	0	3	6	2	7	0	0	0	0	0	0	0	0	0	0	0	0	0	0	1	0	0	0	0	0	0	0	0	1	0	1	0	0	0	1	0	0	0	1	0	1	1	0	0	0
C1_00170W_A	LEU4	0	1	0	0	0	0	0	0	0	0	0	0	0	0	0	0	0	0	0	0	2.069	0	0	1	1	0	1	1	0	0	0	0	0	1	0	0	0	0	0	0	1	0	0	0	0	0	0	0	1	0	0	1	2	1	1	0	1	0	0	0
C1_00180W_A	RPL16A	0	0	0	0	1	0	0	0	0	0	0	0	0	0	0	0	0	0	0	1	0	0	0	3	0	0	0	1	0	0	0	0	0	0	0	0	0	0	0	0	0	0	0	0	0	0	0	1	0	0	0	0	0	0	0	0	0	0	1	0
C1_00190C_A	C1_00190C_A	0	0	0	0	1	0	0	0	0	0	0	0	0	0	0	0	1	0	0	0	0	1	0	0	1	1	0	0	0	0	0	0	0	0	0	0	0	0	0	0	0	0	0	0	0	0	0	0	0	0	0	0	0	1	0	0	0	0	0	0
C1_00200C_A	C1_00200C_A	0	0	0	0	0	0	0	0	0	0	1	0	0	0	0	0	0	0	0	0	0	0	0	0	0	0	0	0	0	0	0	0	0	0	0	0	0	0	0	0	0	0	0	0	0	0	0	0	1	0	0	0	0	0	0	0	0	0	1	0
C1_00210C_A	C1_00210C_A	2	0	0	2	0	0	0	0.997	4	2	4	4	0	0	0	0	2	2	2	2	1	0	0	0	5	2	1.319	2	1.001	0	0	0	0	0	0	0	0	0	0	0	0	0	0	0	0	0	0	0	0	0	0	0	0	0	0	0	4	2	1	3
C1_00220W_A	PHR2	3	0	2	2.861	0	0	0	0	0	0	1	0	1	0	0	0	0	0	0	0	0	1	0	0	3	3	1	1	0	0	0	0	2	12.768	10	4	0	0	0	0	0	0	0	0	3	3	1	0	0	0	0	0	0	1	0	0	0	0	0	0
C1_00230C_A	BFA1	0	0	0	0	0	0	0	0	0	0	0	0	0	0	0	0	0	0	0	0	0	0	0	1	0	0	0	0	0	0	0	0	1	1	0	0.999	0	0	0	0	1	0	1	0	1	0	0	1	1	0	0	0	0	0	0	0	0	0	2	0
C1_00240C_A	tT(AGU)6	0	0	0	0	0	0	0	0	0	0	0	0	0	0	0	0	0	0	0	0	0	0	0	0	0	0	0	0	0	0	0	0	0	0	0	0	0	0	0	0	0	0	0	0	0	0	0	0	0	0	0	0	0	0	0	0	0	0	0	0
C1_00270W_A	C1_00270W_A	0	0	0	0	0	1	0	0	0	0	0	0	0	1	0	0	0	0	0	0	0	0	0	0	0	0.999	0	0	0	0	0	0	0	0	0	0	0	0	0	0	0	0	0	0	0	0	0	0	0	0	0	0	1	0	0	0	0	0	0	0
C1_00280C_A	RFC52	0	0	0	0	0	0	0	0	0	0	0	0	0	0	0	0	0	0	0	0	0	0	0	0	0	0	0	0	0	0	0	0	0	0	0	0	0	0	0	0	0	0	0	0	0	0	0	0	0	0	0	0	0	0	0	0	0	0	0	0
C1_00290W_A	POL93	0	0	0	2	0	0	0	0	0	0	0.998	0	0	0	0	0	0	0	0	0	1	0	0	0	0	0	0.996	0	1	0	0	0	0	0	0	0	0	0	0	0	0	0	0	0	3	2	2	1	0	1	1	0	0	0	0	1	1	1.577	0	0
C1_00310W_A	PNS1	1	0	0	1	3	0	0	1	0	0	0	0	0	0	0	0	0	0	0	0	0	0	0	1	0	0	1	0	3	3.979	1	2	1	0	2.963	0	0	0	0	0	0	0	0	0	1	0	0	0	0	0	0	1	1	0	3	0	0	1	0	0
C1_00320W_A	C1_00320W_A	0	0	0	0	0	0	0	0	0	0	0	0	0	0	0	0	0	0	0	0	0	0	0	0	0	0	0	0	0	1	0	0	0	0	0	0	0	0	0	0	0	0	0	0	2	2	4	3	0	0	0	0	0	0	1	0	0	0	0	0
C1_00330C_A	C1_00330C_A	0	0	1	0	0	0	0	0	0	0	0	0	0	0	0	0	0	0	0	0	3	2	0	1	4	2	0	0	0	0	0	0	0	0	0	0	0	0	0	0	0	0	0	0	0	0	0	0	0	0	0	0	0	0	0	0	0	0	0	0
C1_00340W_A	HBR1	0	0	0	0	0	0	0	0	0	1	0	0	2	3	5	6	0	0	0	0	0	0	0	0	0.999	0	0	0	0	0	0	1	0	0	0	0	0	0	0	0	1	0	0	0	1	0	0	0	0	0	0	0	0	0	0	0	1	0	0	0
C1_00350C_A	HMX1	0	0	0	0	0	0	0	0	0	0	0	0	0	0	0	0	3	4	4	2	1	0	1	1	0	0	0	1	1	0	0	0	0	1	0	0	3	6	6	1	0	0	0	0	1	2	2	1	1	0	1	1	2	1	3	5	0	0	0	0
C1_00360W_A	CDC13	1.002	1	1	0	4	3.272	2	1	0	0	1	0	1	0	1	2	0	2	1	0	0	2.19	0	1	0	1	2	0	1	1.862	0	2	0	0	1	5	2	2	2	1	0	1	0	1	1	2	0	1	1	2	1	0	3	2	3	3	1	0	1	1
C1_00370W_A	C1_00370W_A	0	0	0	0	0	0	0	0	0	0	0	0	0	0	0	0	0	0	0	0	0	0	0	0	0	0	0	0	1	0	0	0	0	0	0	0	0	0	0	0	0	0	0	0	1	0	1	0	0	0	0	0	0	0	0	0	0	0	0	1
C1_00380C_A	C1_00380C_A	3	3	0	0	0	0	0	0	1	1	0	0	0	0	0	0	0.986	0	0	0	0	0	0	0	0	1	4	1.34	1	1	1	0	0	0.659	0	0	0	1	0	0	0	0	0	0	0	0	0	0	0	0	0	0	1	0	2	0	2	1.094	0	1.441
C1_00390W_A	ENA2	0	0	0	1	0	1.009	1	1.005	0	0	0	1	0	0	2	0	2.915	1	0	0	0	0	1	0	0	0	0	1	1	0	1	1	0	0	0	0	1	0	0	1	0	0	0	0	0	0	1	0	0	1	0	0	1	0	0	0	0	1	0	0
C1_00400W_A	SVF1	0	0	0	0	0	0	2	0	0	0	0	0	1	0	0	0	0	0	0	0	0	0	0	0	0	0.998	2	0	0	0	0	1	0	0	1	0	1	0	0	0	0	0	1	0	0	0	0	0	0	0	0	0	1	1	0	2	0	0	1	1
C1_00410C_A	C1_00410C_A	0	0	0	0	1.871	0	0	0	0	0	0	0	0	0	0	0	0	0	0	0	0	0	0	0	0	1	0	0	0	1	0	0	0	0	0	1	0	0	0	0	0	0	0	0	0	0	0	0	0	0	0	0	1	0	0	0	0	0	2	0
C1_00420W_A	C1_00420W_A	0	0	0	0	0	0	0	1	1	0	0	0	0	0	0	0	0	0	0	0	0	0	0	0	0	0	0	0	0	0	0	1	0	0	0	0	0	0	0	0	0	0	0	0	0	0	0	0	0	0	0	0	0	0	0	0	0	1.039	0	0
C1_00430W_A	ATG18	0	0	0	0	3	1.379	1	2	0	0	0	0	0	0	0	0	1	0	1	0	0	2.953	1	6	4	1.148	3	4	2	3	3	1	0	0	0	1	2	0	0	0	0	0	0	0	3	0	0	4	0	2.221	1	2	1.07	1	1	1	0	1.376	1.669	1
C1_00440W_A	UBP6	1	1	1	0	0	0	1.681	0	0	0	1	0	0	0	0	0	0	0	0	0	0	2	0	0	2	2	2	0	1	0	1	1	0	0	0	0	0	0	0	0	0	0	0	0	1	0	0	0	0	1	2	2	0	0	0	0	0	0	0	0
C1_00450C_A	C1_00450C_A	0	0	0	0	0	0	0	0	0	0	0	0	3	1	2	3.002	0	0	0	0	0	0	0	0	0	0	0	0	0	0	0	0	0	0	0	0	0	0	0	0	0	0	0	0	0	0	0	0	0	0	0	0	1	3	3	1	0	0	1	0
C1_00460W_A	C1_00460W_A	0	0	0	0	0	1	0	0	0	1	0	1	0	0	0	0	0	0	1	0	0	0	0	0	0	0	0	0	0	1	0	0	0	0	0	0	0	0	0	0	0	0	0	0	0	0	0	0	0	0	0	0	0	0	0	0	0	0	0	0
C1_00470C_A	C1_00470C_A	1	0	0	0	0	0	0	1	0	0	0	0	0	0	0	1	0	0	1	0	0	1	0	1	0	2	0	0	0	0	0	0	0	0	0	2	0	0	0	0	0	0	0	0	0	0	1	2	0	1	0	1	0	0	0	0	2.155	0	0	0
C1_00480C_A	GCN20	0	0	0	0	0	1	4	1	0	1	0	0	0	0	1	0	0	0	0	0	1	0	0	0	0	0	0	0	1.156	0	0	2.002	0	2	0	0	0	0	0	0	0	0	0	0	1	0	0	1	0	0	0	0	0	2.139	0	1.779	0	2	0	1
C1_00490C_A	TTR1	2	3	0	1	0	0	0	0	0	0	0	0	0	0	0	0	4	5	3	6	2	0	2	1	0	1	0	0.932	0	0	0	0	0	0	0	0	0	0	1	1	0	0	0	0	0	0	0	0	1	0	0	0	0	0	0	0	0	0	0	0
C1_00500C_A	GLO1	0	0	0	0	0	0	0	0	0	0	0	0	0	0	0	0	0	0	0	0	0	0	0	0	0	0	0	0	0	0	0	0	0	0	0	0	0	0	0	0	0	0	0	0	1	1	1	3	1	1.656	1	0	0	0	0	0	0	0	0	0
C1_00510W_A	C1_00510W_A	0	0	0	0	0	0	0	0	0	0	0	0	0	0	0	0	0	0	0	0	0	0	1	1	0	0	0	0	1	1	0	2	0	0	1	0	0	0	0	0	0	0	0	0	0	0	0	0	1	0	0	0	0	1	1	0	0	0	2	1
C1_00520W_A	C1_00520W_A	0	0	0	0	1	0	1	0	0	0	0	0	0	0	0	0	0	0	0	1	0	0	0	0	0	0	0	0	1	0	0	0	0	0	0	0	0	0	0	0	0	0	0	0	0	0	0	0	0	0	0	0	0	0	1	0	0	0	0	0
C1_00530C_A	C1_00530C_A	0	0	0	0	0	0	1	0	0	0	0	0	0	1.996	0	0	0	0	0	0	0	1	0	0	1	0	0	0	2	1.015	0	1	1	0	1	0	0	0	0	0	0	0	0	1	0	0	0	1	0	2.062	2.298	0	1.161	0	0	1	0	1	0	0
C1_00540C_A	C1_00540C_A	0	0	0	0	0	0	0	1	1	0	1	1	0	1	0	1	0	0	0	0	0	0	0	0	0	3.402	0	2	0	0	0	1	0	0	1	0	0	0	0	0	0	0	0	0	0	0	0	0	0	0	1	1	1	2	1	0	0	0	0	2
C1_00550W_A	CIS2	0	0	1	1	0	0	0	0	0	0	0	0	0	0	0	1	1	0	2	0	0	0	1	1	3	3	1	0	1	1	3	2	0	0	1	0	0	0	0	0	0	0	1	0	1	0	0	0	1	0	2.47	0	1	0	0	0	1	0	0	0
C1_00560W_A	CNS1	1	0	0	0	0	0	0	0	4	2.995	1	2	0	0	1	0	0	0	0	0	0	0	0	1	0	0	1.002	0	0	0	0	0	0	1.001	0	1	0.998	0	0	0	0	0	0	0	0	0	0	1	0	0	0	1	0	1	0	0	0	1	0	2
C1_00570C_A	C1_00570C_A	0	0	0	0	0	1	1.037	0	2	0	0	3	1	0	0	0	0	1	0	0	0	0	2	0	0	2	0	1	0	1	0	1	0	0	0	2	1	1	2	0	0	0	0	0	0	0	0	1	1	1.488	0	4	0	1	1	0	2	0	2	2
C1_00580W_A	C1_00580W_A	0	0	0	1	0	0	0	0	0	0	0	0	0	0	0	0	0	0	0	0	0	1	0	0	0	0	0	0	0	0	0	0	0	0	0	0	0	0	0	0	0	0	0	0	0	0	0	0	0	0	0	0	0	0	1	0	1	0	0	2
C1_00590W_A	TUF1	0	0	0	0	0	0	0	0	0	0	0	0	0	1	0	0	0	0	0	0	1	0	0	0	0	0	0	0	0	0	0	0	5	2	2	2	3	1	0	3	0	0	0	0	1	0	1	0	0	0	0	1.244	1	0	0	0	0	0	1	0
C1_00600W_A	APC1	1	1	0	1	2	1	1	0	1	0	1.02	0	3	2	1	3	0	0	1	0	3	0.986	4	0	0	2	2.999	1	2	1	1	2	1	1	0	1	1	0	0	0	0	0	0	0	1	1	0	0	2	0	0	0	2.78	3.982	1.994	2.832	2.005	1.036	1.279	1
C1_00610W_A	PSD1	0	0	0	0	0	0	0	0	0	0	0	0	0	0	0	0	0	1	0	0	2.184	1	3	6	0	0	0	3	0	0	0	1	0	0	0	0	0	4	4	3	0	0	0	1	0	4	1	0	1	0	0	0	0	1	1	0	0	2.513	0	0
C1_00620W_A	MOB2	0	0	0	0	0	0	0	0	2	1	0	0	1	0	0	0	1	1	1	0	1	1	0	0	0	0	0	0	0	1	0	0	2	0	0	0	0	0	0	0	0	1	0	0	2	0	1	1	1	0	1	0	0	0	1	0	0	0	1.406	1
C1_00630W_A	C1_00630W_A	0	1	0	0	0	0	0	1	0	1	1	1	0	0	0	0.985	0	0	0	1	1	1	0	0	0	0	1	0	3	2	3	1.266	0	0	0	2	1.964	0	0	0	0	0	0	0	0	2	3	0	0	0	2	1	0	0	0	0	1.337	0	1.139	1
C1_00640C_A	RPO41	0	1	0	1	2.568	0	0	1.115	0	1	0	0	1	1	2	0	1	2.016	0	1	1	2	2	0	1.001	0	0	1	1	1	0	0	0	1.971	0	1	1	1	1	0	0	0	1	0	0	1.001	2	0	1.044	1	2	1.175	0	1.004	2	2	4.975	0	1	0
C1_00650C_A	SNF7	0	0	0	0	0	0	1	1	0	0	0	0	0	0	0	0	0	0	0	0	0	0	1	0	0	1	0	1	1	0	0	0	0	0	0	0	1	0	0	0	0	0	1	0	1	0	1	2	1.721	0	1	0	2.002	0	2	1	0	0	1	0
C1_00660C_A	C1_00660C_A	0	0	0	0	0	0	1	0	0	0	0	0	0	0	0	0	0	0	0	0	1	0	0	0	0	1	1	0	0	0	0	1	0	0	0	0	0	0	0	0	0	0	0	0	0	0	1	0	0	0	0	0	2	1	0	1	1	0	1	0
C1_00670C_A	UGA32	0	2	0	0	1	1	0	1	0	1	0	1	0	0	0	0	1	0	0	3	0	0	0	0	1.137	1	0	3	0	2	1	0	0	1	0	0	1	0	0	1	0	0	0	0	0	1	0	0	0	2	1	0	0	0	1	1	1	0	0	3
C1_00680W_A	ASM3	0	1	0	0	1	0	0	0	0	0	0	0	0	0	0	0	0	0	0	1	0	1	0	0	1	0	2.824	0	0	0	1	0	1	1.212	1	0	0	0	0	0	1	2	0	1	0	0	0	0	0	1	0	0	0	1	0	2	3.931	0	1	0
C1_00690W_A	RIC1	0	1	0	0	0	0	0	0	2	0	1	0	2	0	0	0	0	0	0	0	0	0	0	1	0.847	1	0	1.003	0	1	1	0	0	1	0	0	0	0	0	0	0	0	0	0	0	0	0	0	0	0	1	0	0	0	0	0	0	2	0	0
C1_00700W_A	C1_00700W_A	0	0	0	0	0	1	1	0	0	0	0	0	0	0	0	0	0	0	0	0	0	0	0	0	0	0	0	0	0	0	0	0	0	0	0	0	0	0	0	0	0	0	0	0	1	0	0	0	0	0	0	0	0	0	0	0	0	0	0	0
C1_00710C_A	TUB2	0	0	0	0	1	0	0	0	0	1	0	0	0	0	0	0	0	0	0	0	0	0	0	0	0	0	0	0	0	0	0	0	0	0	0	0	0	0	0	0	0	0	0	0	0	0	0	0	0	0	0	0	0	0	0	0	0	0	0	0
C1_00720W_A	tP(UGG)3	0	0	0	0	0	0	0	0	0	0	0	0	0	0	0	0	0	0	0	0	0	0	0	0	0	0	0	0	0	0	0	0	0	0	0	0	0	0	0	0	0	0	0	0	0	0	0	0	0	0	0	0	0	0	0	0	0	0	0	0
C1_00730C_A	CMP1	1	0	0	1	0	0	1	0	0	0	0	0	1	0	0	0	1	0	0	0	0	0	0	0	1	0	0	0	0	1	0	0	0	0	0	0	0	0	0	0	0	0	0	1	0	1	0	0	0	2	0	3	0	0	0	0	0	2	0	0
C1_00740C_A	SPE1	0	0	0	0	0	0	1	0	0	0	0	0	0	1	0	0	0	0	0	0	1	0	0	0	0	0	0	0	0	1	0	0	1	0	2	0	1	0	0	0	0	0	0	0	0	0	3	0	0	0	0	0	1.878	0	1	0	0	0	0	0
C1_00750C_A	VPS27	0	0	0	1	1.137	1.325	2	2	0	0	0	0	0	0	2	2	1	1	0	1	0	0	0	1	3.001	1	2	1.007	2	0	3.544	0	1	1	0	0	2	0	3	1.001	1	1	0	0	1	2	0	0	0	2	4.794	0	1	1	2	0	0	1	2.667	0
C1_00760W_A	C1_00760W_A	0	0	0	0	0	0	0	0	0	0	0	0	0	0	0	0	0	0	0	0	3	1	1	0	0	0	0	0	0	0	0	0	0	0	0	0	1	1	1	0	0	0	0	0	0	0	0	0	0	0	0	1.24	0	0	1	0	0	0	0	1
C1_00770C_A	ROT1	0	0	0	0	0	0	1	0	0	0	0	1	0	0	0	0	0	0	0	0	0	0	0	0	0	0	0	1	0	0	0	0	0	0	1	0	0	0	0	0	0	0	0	0	0	0	0	1	0	0	0	0	0	0	1	0	0	0	1	3
C1_00780C_A	HGC1	0	1	1	1	1	2	0	0	1	0	1.995	0	1	5	5	2	0	0	0	0	0	1	1	0	0	1	1	0	4.002	5	6.456	8	1.02	2	0	1	0	0	0	2	0	0	0	0	1	0	0	0	1	3	0	0	0	0	0	0	0	0	2	0
C1_00790W_A	C1_00790W_A	0	0	0	0	0	0	0	1	0	0	0	0	3	2	5	1	0	0	0	0	0	0	0	0	0	0.98	0	0	0	0	0	0	0	0	1	0	0	0	0	0	0	1	0	0	0	0	1	1	1	0	1	0	0	0	1	0	0	0	1	0
C1_00800C_A	ERG2	0	0	0	0	0	0	0	0	0	0	0	0	0	0	0	0	1	0	0	0	0	0	0	1	0	0	1	0	0	1	2	1	0	0	0	0	0	0	0	0	0	0	0	0	1	0	0	0	0.936	0	0	0	0	0	1	0	1.454	1	1	0
C1_00810W_A	ALG13	20	32	28	21	60	40	42	25	30	32	38.003	29	24	21	11	19	47	8	39	22	50	37	31	29	32	33	54	56	34	44	27	32	41	25	25.143	22	28	26	26	17	17	8	15	9	18	21	33	26	78.004	29	52	29	40.92	88	59	59	50	68	39	35
C1_00820W_A	C1_00820W_A	0	0	0	0	0	0	0	0	0	0	0	0	1	1.015	0	0	0	0	1	0	0	0	0	1	0	0	0	0	0	0	0	0	0	0	0	0	0	0	0	0	0	0	0	0	0	0	0	1	0	0	0	0	0	0	1	1	0	0	0	0
C1_00830W_A	C1_00830W_A	0	0	0	0	0	0	0	0	0	0	0	0	0	0	0	0	1.772	0	0	0	1	0	0	1.002	0	1	1	0	0	0	0	0	0	1	0	1	0	0	0	0	0	0	0	0	0	0	0	0	1	1	0	1	2	0	0.985	0	0	0	0	4.601
C1_00840C_A	NRM1	0	0	1	0	1	0	1	2	0	0	1	0	0	0	0	0	0	0	0	0	1	2	0	0	1	2	0	2	1	0	0	1	0	0	0	0	0	0	0	0	0	0	1	0	0	0	0	0	1	0	1	1.306	0	2	0	0	2	1	0	1
C1_00850W_A	IHD2	0	0	0	0	0	0	0	0	1	0	0	0	0	0	0	0	0	0	0	1	1	0	0	0	0	1	0	2	0	0	0	0	0	0	0	0	0	1	0	0	0	0	0	0	0	0	0	0	1	0	0	1	0	0	2	0	0	0	1	0
C1_00860W_A	ATG3	0	0	0	0	0	0	1.001	0	0	1	1	0	0	0	0	0	0	1	0	0	0	0	0	0	0	0	0	1	0	0	0	0	0	0	0	0	0	0	0	0	1	0	0	0	0	0	1	0	0	0	0	0	0	1	1	1.054	0	0	0	0
C1_00870W_A	LRO1	0	1	0	0	0	0	0	1	0	0	0	0	2	4	1	1.552	1	1	0	0	0	0	0	1.857	1	0	1	1	0	0.939	0	0	0	0	0.998	0	0	0	0	0	1	1	0	0	0	0	0	0	0	0	0	0	0	1	1	0	0	0	1.573	0
C1_00880W_A	C1_00880W_A	0	0	0	0	0	1	1	0	0	0	1	0	0	0	0	0	0	0	0	0	0	0	0	0	0	0	1	0	0	0	0	1	0	0	0	0	0	0	0	0	0	0	0	0	0	0	0	0	0	0	0	0	0	0	0	0	0	0	0	0.669
C1_00890W_A	GEM1	3	0	0	0	0	2	3.606	1	1	0	0	0	0	0	0	1	0.873	0	0	4	0	0	0	1	5	0	1	1	1	0	3.327	0	1	2	2	2	0	0	1	0	0	0	0	0	0	0	2	0	3	1.279	1.497	0	4.001	2	0	1.014	2	2	0	0
C1_00900W_A	RRS1	2	1	0	0	0	0	0	0	0	0	0	0	0	0	0	0	0	0	0	0	0	1	0	0	0	0	0	0	0	1	0	0	0	0	0	0	0	0	0	0	0	0	0	0	0	0	0	0	0	0	0	0	0	0	0	0	0	0	0	0
C1_00910W_A	C1_00910W_A	0	0	0	1	1	1	0	0	0	1	0	1	0	0	1	0	1	0	0	0	0	1	0	1	0	0	0	0	3.352	1	0	0	1	0	0	0	0	1	2.001	0	0	0	0	0	2	0	1	0	1	0	2	0	1	2	1	0.925	0	1	0	1
C1_00920W_A	C1_00920W_A	0	0	0	0	1.127	1	1	0	0	0	0	0	1.086	1	0	1	1.002	2	0	0.874	0	0	0	0	0	3	3	1.002	0	0	0	0	4	3	2.002	5	0	0	0	0	0	0	0	1	0	1	1	1	0	0	2	0	1	1	0	0	4	0	1	7
C1_00930C_A	SIN3	0	1	0	0	4.314	1	0	2	0	0	0	0	1	1	1	0	5	1	5	4.352	1	2	1	5	0	0	0	0	0	0	0	1	1	0	1.118	0	0	0	0	0	0	0	0	0	1	1	2.137	1	2.227	0	1	1	0	0	0	1	2	0	1.123	1
C1_00940W_A	RPB11	0	0	0	0	0	0	0	0	0	1	3	0	1	1	0	1	0	0	0	0	0	1	0	0	0	0	0	0	2	0	0	0	1	0	0	0	1	0	0	0	0	0	0	0	0	0	0	0	0	0	0	0	0	0	0	0	0	0	0	0
C1_00950C_A	CDC5	0	0	0	0	0	1	1	1	0.93	0	0	0	0	0	0	0	1	0	1	0	0	0	1	0	1	3	6	5	4	0	5.034	1	0	2	0	1	0	1	2	0	0	1	1	0	5	2	5.007	4	1.215	2	0	0	1.002	0	1	1	2	1	0	0
C1_00960C_A	SET1	0	0	2	1	0	1	0	0	2	0	0	0	1	2	4	2	0	0	0	1	0	1	0	1	11	6	3	4.052	7.613	2.441	0	1	0	0	0	0	1.004	0	0	0	0	0	0	0	1	4	1	2	1.451	0	1	0	0	4	0.968	1.001	4	1.695	0	2.404
C1_00970W_A	C1_00970W_A	0	0	0	0	0	0	0	0	0	0	0	0	0	1	0	0	0	0	0	0	0	0	0	0	0	0	0	0	0	0	0	0	0	0	0	0	0	0	0	0	0	0	0	0	0	0	0	0	0	0	0	0	0	0	0	0	0	0	0	0
C1_00980W_A	C1_00980W_A	0	0	0	0	0	0	0	0	0	0	0	0	0	0	0	0	0	0	0	0	0	0	0	0	0	0	0	0	0	0	0	0	0	0	0	0	0	0	0	0	0	0	0	0	0	0	0	0	0	0	0	0	0	0	0	0	0	0	0	0.916
C1_00990C_A	NMA111	2	0	0	0	1	1	1	1	0	0	0	1	0	0	0	1	0	0	0	0	1	0	1	0	0	2	1	0	3	0	0	2	0	0	0	0	0	0	0	0	0	0	0	0	1	0	0	0	1.064	0	0	2	1	2.941	0	2	0	0	0	1.275
C1_01000C_A	C1_01000C_A	0	1	0	0	0	0	0	1	1	0	0	0	0	0	0	0	0	0	0	0	0	0	0	0	0	0	0	0	0	0	1	0	0	0	0	0	0	0	0	0	0	0	0	0	0	0	0	0	0	0	0	0	0	0	0	0	0	0	0	0
C1_01010W_A	C1_01010W_A	0	0	0	0	0	0	0	0	1.001	0	0	0	0	0	0	0	1	0	0	0	0	0	0	0	0	0	0	0	0	0	0	0	0	0	0	0	0	0	0	1	0	0	0	0	1	3	2	0	0	0	0	0	0	1	0	2	0	0	0	0
C1_01020W_A	tA(AGC)4	0	0	0	0	0	0	0	0	0	0	0	0	0	0	0	0	0	0	0	0	0	0	0	0	0	0	0	0	0	0	0	0	0	0	0	0	0	0	0	0	0	0	0	0	0	0	0	0	0	0	0	0	0	0	0	0	0	0	0	0
C1_01030W_A	HMT1	1	0	0	0	0	0	0	0	0	0	0	0	1	0	0	0	0	0	0	0	1	0	0	1	1.411	0	0	0	0	0	0	0	0	0	0	0	0	0	0	0	0	0	0	0	0	0	0	0	0	0	0	0	0	0	0	0	2.471	0	0	0
C1_01040W_A	C1_01040W_A	0	0	0	0	0	0	0	0	0	0	0	0	0	0	0	1	4	3	4	3	0	0	0	0	0	0	0	1	0	0	0	0	1	0	0	0	0	1	0	0	0	0	0	0	0	0	0	0	0	0	0	0	0	0	0	0	0	0	0	0
C1_01050C_A	C1_01050C_A	1	0	0	0	0	0	0	0	0	0	0	0	0	0	0	0	0	0	0	0	0	0	0	0	1	1.002	1	0	0	0	0	0	0	0	0	0	0	0	1	0	0	0	0	1	0	0	1	0	0	0	0	0	0	0	1	1	0	0	0	0
C1_01060W_A	MBF1	0	0	0	0	3	0	1	2	0	0	0	1	0	0	0	0	4	7	10	3	0	0	0	0	0	1	0	0	0	0	0	0	0	0	0	0	0	0	0	0	0	0	0	0	3	0	0	0	0	0	0	0	0	1	0	0	0	0	0	0
C1_01070C_A	C1_01070C_A	0	0	0	0	0	1	0	1	2	6	4.103	5	0	0	0	1	1	1	2.003	0	0	0	0	0	0	0	1	1.013	0	0	2	0	3	1	0	0	1.711	0	0	0	0	0	0	1	0	3	1	1	1.692	1	0	3	0	0	0	0	1	1	0	0
C1_01080W_A	C1_01080W_A	0	0	1	1	1	0	0	0	1	0.988	0	0	0	0	0	0	0	0	1	0	0	2	1	1	0	0	0	1	1.058	1	1	0	0	0	0	0	1	0	0	0	1	0	0	0	1	0	0	0	1	1.11	1.519	3	0	1	1.999	0	1	1.621	1.151	0
C1_01090C_A	C1_01090C_A	0	0	1	0	1	0	0	0	0	0	0	0	0.826	0	0	1	0	0	0	0	0	2	0	0	0	0	0	1	1	0	0	0	0	0	0	0	0	0	0	0	0	0	0	0	0	0	0	0	0	0	0	0	0	0	0	0	1	0	0	0
C1_01100W_A	CCH1	0	0	0	0	3.001	1.002	2.008	1.063	1	4.2	3.634	4	3.174	1	0	0	1	0	1.126	1	3	5	4	2	2	0	3	2	4.645	6.747	3.004	2	2	5	3	3	0	0	0	0	0	0	0	1	2	1.05	2.255	4	3.589	3.972	3	0	5	5	3	6	5.526	1.028	4.553	1.065
C1_01110C_A	ZPR1	0	0	0	0	0	0	0	0	1.566	0	0	0	0	2	0	1	0	0	0	1.998	2	4	5.926	1	0	0	0	0	0	1	0	0	0	0	0	0	0	0	0	0	1	0	0	0	0	0	0	0	0	0	0	0	2	0	0.999	1	1	2	0	0
C1_01130W_A	C1_01130W_A	0	0	2.005	0	1	1	0	0	0	0	0	0	0	0	1	0	0	0	0	0	0	0	1	1.992	1	0	1	0	0	0	0	1	0	0.996	1	0	0	0	0	0	0	1	0	0	0	0	0	0	1.315	1	0	0	1	0	0	0	0	0	2	0
C1_01140C_A	C1_01140C_A	0	0	0	0	0	0	0	2	1	0	0	0	0	0	0	0	1	0	0	1	1	1.028	1	0	0	0	0	0	1	0	1	0	0	0	0	0	2	2	1	0	0	0	0	0	0	0	1	2.708	0	0	0	0	2	1	0	1	1	3.347	0	0
C1_01150C_A	PPM2	0	0	0	0	2	0	1	0	0	0	1.933	0	0	0	0	1	1	1	0	0	0	0	2	0	2	0.976	0	0	0	0	1.503	0	1	0	0	0	0	0	0	0	0	0	0	0	0	1	0	3	1.009	0	0	2.118	1.98	1	0	1	0	0	0	0
C1_01160C_A	C1_01160C_A	0	0	0	0	0	0	0	0	0	0	0	0	0	1	0	1	0	0	0	0	0	0	0	0	0	0	0	0	0	0	0	0	0	0	0	0	0	1	0	0	0	0	0	0	0	0	0	0	0	0	1.231	0	0.956	0	0	0	0	0	1	0
C1_01170C_A	ZCF17	1	0	0	0	0	1	1	0	0	0	0	0	0	0	0	0	0	0	0	0	0	0	0	1	2	2.003	1	1	0	0	1	0	0	1	3	0	0	0	0	0	1	0	0	0	0	2	3	0	1.494	0	0	0	1	1	1.816	0	2	0	0	0
C1_01180C_A	C1_01180C_A	1	0	0	0	0	0	0	0	1	0	0	1	0	1	0	0	0	0	0	2	0	0	2	0	0	1	0	0	0	0	0	0	0	0	0	2	0	0	0	0	0	0	0	0	0	0	0	0	1	0	1.328	1	0	0	0	0.958	0	1	0	0
C1_01190C_A	C1_01190C_A	0	0	0	0	0	0	0	0	1	0	0	0	0	0	0	0	0	0	1	0	0	0	0	0	1	1.118	0	0	0	0	0	1	0	0	0	0	1	3	0	2	0	0	0	0	1	0	0	0	0	0	1	0	0	0	0	0	0	1.789	0	1
C1_01200W_A	STB5	0	0	0	0	0	0	1	1	0	0	0	1	0	0	1	0	0	0	0	0	0	0	0	1	2	0	2	1	1	0	1.715	0	0	0	0	0	1	0	0	0	0	0	0	0	0	0	0	0	0	1	2	1	3	2	3	4	0	0	1.107	0
C1_01210W_A	C1_01210W_A	0	1	0	1	0	0	0	1	0	0	0	4	0	0	0	0	1	0	0	0	0	0	0	0	0	0	0	1.091	0	0	0	0	0	0	0	0	0	0	0	0	0	0	0	0	0	0	0	0	2	0	0	0	1	0	0	0	0	0	0	0
C1_01220C_A	C1_01220C_A	3	0	3	1	0	0	0	0	0	0	0	0	0	0	0	0	0	0	0	0	0	0	0	0	0	0	0	0	0	0	0	0	0	0	0	0	0	1	0	0	0	0	0	0	0	0	0	1	0	0	0	0	0	0	0	0	0	0	0	0
C1_01240W_A	IFD3	0	0	0	0	0	0	0	0	4	3	4	3	0	0	0	0	3	2	0	3	1	0	0	0	1	0	0	0	0	0	0	0	0	0	0	0	0	0	0	0	0	0	0	0	0	0	1.156	0	0	0	0	1	0	1	0	0	1	0.989	0	0
C1_01250W_A	AIM9	0	0	0	0	2	0	0	0	1	2	0	0	0	1	0	0	0	0	0	0	0	0	0	0	0	0	0	0	4	5	3	2	0	1	0	0	0	0	0	0	0	0	0	0	0	0	2	0	0	0	1	0	0	1	1	1	0	0	1	2
C1_01260C_A	TRS20	0	0	0	0	0	0	0	0	0	0	0	0	0	0	0	0	0	0	0	0	1	0	0.976	0	1.007	0	0	0	0	0	0	0	0	0	0	0	0	0	0	0	0	0	0	0	0	0	0	0	0	0	0	1	0	0	0	0	0	0	0	0
C1_01270W_A	CTA9	0	1	0	1	2	0	0	1	0	0	1	0	0	0	0	1	0	0	1.222	0	0	1	0	0	1	0	0	0	1	1	1	1	0	0	0	1	0	0	0	0	0	0	0	0	0	0	1	0	1	0	0	1	1	0	0	0	0	1.405	0	0
C1_01280C_A	MED22	0.999	0	0	0	0	0	0	0	0	0	0	0	0	0	0	0	0	0	0	0	0	0	0	0	0	0	0	0	0	1	0	0	0	0	0	0	0	0	0	0	0	0	0	0	0	0	0	0	0	0	0	0	0	0	0	0	0	0	0	0
C1_01290C_A	C1_01290C_A	0	0	0	0	0	0	0	0	0	1	0	0	1	0	1	0	0	0	0	0	0	0	0	0	1	0	1.914	0	1	0	1	0	0	0	1	2	0	0	0	0	1.145	0	0	0	0	0	0	0	0	1	2	0	1.18	3	0	0.998	0	0	2	2
C1_01300W_A	C1_01300W_A	0	0	0	0	0	0	1	0	1	0	0	1	0	0	0	0	0	0	0	0.994	0	1	1	0	1	1	0	1	0	0	0	0.998	0	0	0	0	0	0	0	0	0	0	0	0	0	0	0	0	0	0	0	0	1	0	1	0	0	0	1	0
C1_01310W_A	C1_01310W_A	0	0	0	0	0	0	0	1	0	0.994	0	0	0	0	0	0	0	0	0	0	1.001	0	0	0	0	0	0	1	0	0	0	2	0	0	0	1	0	0	1	0	0	0	0	0	0	1	0	0	0	0	0	0	0	0	0	1	0	0	1	0
C1_01320W_A	MRS7	0	0	0	1	0	0	0	1.9	0	0	0	0	1	0	0	0	3	1	2	4	0	1	0	0	0	0	0	0	0	0	0	0	0	0	1	0	0	0	0	0	0	0	0	0	1	0	1	0	1	0	0	0	0	2	0	0	0	1.357	0	1
C1_01330C_A	DUT1	0	0	0	0	0	0	0	0	1.991	0	0	0	0	0	0	0	0	0	0	0	0	0	0	0	0	1	1	0	0	1	1	0	0	0	0	0	0	0	0	0	0	0	0	0	0	0	0	0	0	0	0	0	0	0	0	0	0	0	0	0
C1_01340C_A	C1_01340C_A	0	0	0	0	0	0	0	0	0	0	0	0	0	0	0	0	0	0	0	0	0	0	0	0	0	0	0	0	0	0	0	0	0	0	0	0	0	0	0	0	0	0	0	0	0	0	0	0	0	0	0	0	0	0	0	0	0	0	0	0
C1_01350C_A	TIF	2	4	4	3	0	1	0	0	0	0	0	0	0	0	0	0	0	0	0	1	0	0	0	0	0.998	0	0	0	0	0	0	0	0	0	0	0	1	1	0	1	0	0	0	0	0	0	0	0	0	0	0	0	0	0	1	0	0	1.294	0	0
C1_01360C_A	C1_01360C_A	1	0	0	0	0	0	0	1	1	0	0	1	1	2	0	0	2	1	2	0	1	0	0	0	0	1.143	1	1	0	0	0	2	0	0	0	2	1	0	0	0	0	0	1	0	0	0	0	2	0	1	2	0	0	0	0	1	0	1	0	0
C1_01370C_A	RPS21B	6	4	4	5	5	5	2	5	1	1	2	0	1	0	0	0	0	1	1	0	1	1	0	2	0	0	0	0	0	0	0	0	0	0	0	0	0	0	0	0	0	0	0	0	0	1	0	0	0	1	0	0	0	0	0.923	0	0	0	1	1
C1_01380C_A	TRM2	0	0	0	0	0	0	0	0	0	0	1	0	0	0	1	0	0	0	0	0	1.014	0.759	0	0	1.813	2	0	3	0	0	1	1.788	0	0	0	2	2	0	0	0	0	0	0	0	0	0	0	0	2.791	0	0	0	2	2	0	0	1	0	3	1
C1_01390C_A	HOT1	0	0	1	0	1	0	0	1	0	0	0	0	0	4	2	3	0	0	0	0	0	0	0	1	5	1	5	1	0	2	0	0	0	0	0	0	0	0	0	0	0	0	0	0	0	0	0	0	0	1.001	1	0	0	1	0	1	2	1	2	2.002
C1_01400C_A	C1_01400C_A	2	1	0	0.98	0	0	0	0	1	0	0	0	1	0	0	0	0	0	0	0	0	0	1	0	1	1	0	0	0	0	0	1	0	0	0	1	0	0	0	0	0	0	0	0	0	0	0	0	1	0	0	0	3	4	1	3	0	1	0	0
C1_01420C_A	CRL1	0	0	0	0	0	0	1	0	0	1	0	2	0	0	0	0	3	3	4	2	0	0	0	0	0	0	0	0	1	4	3	6	0	0	0	0	0	0	0	0	0	0	0	0	6	1	2	3	0	0	0	0	1	0	0	2	0	0	0	1
C1_01440C_A	POX18	0	0	0	0	0	0	0	0	0	0	0	0	0	0	0	0	0	0	0	0	0	0	0	0	0	0	0	0	0	0	0	0	0	0	0	0	0	0	0	0	0	0	0	0	0	0	0	0	0	0	0	0	0	0	0	0	0	0	0	0
C1_01450W_A	ABC1	0	0	0	0	0	1	0	0	0	0	0	0	0	0	0	0	0	0	0	0	0	0	0	0	0	0	0	0	0	0	0	0	0	0	0	1.939	0	0	0	1	0	0	0	0	0	0	0	0	1	0	1	0	0	0	0	0	0	0	0	0
C1_01460W_A	C1_01460W_A	0	0	0	0	0	0	0	0	2	1	0	1	0	0	0	1	0	1	3	0	1	0	1	1	0	1.005	0	3	0	1	1	3	0	0	0	0	0.999	1	2	0	0	1	0	0	0	0	2	1	0	0	0	1	1	0	1	2	4	1	4.88	2
C1_01470W_A	C1_01470W_A	1	0	0	0	0	0	1	0	0	0	1	0	0	0	0	0	0	0	1	0	0	0	0	0	0	0	0	0	0	0	0	0	0	0	1	0	0	0	0	0	0	0	0	0	0	0	0	1	1	0	0	1	0	0	0	0	1	0	0	0
C1_01480C_A	RPS21	2	1	0	4	0	0	0	0	0	1	0	0	0	0	0	0	1	0	0	0	0	1	0	0	0	2	2	1	0	0	0	0	0	0	0	0	0	0	0	0	0	0	0	0	0	1	1	1	0	0	1	0	1	1	1	0	0	0	0	0
C1_01490W_A	C1_01490W_A	0	0	0	0	1	2	0	3	0	1	0	0	1	0	0	0	0	0	0	0	0	0	0	0	4	2	3	4	0	1	0	0	0	0	0	0	1	0	0	1	0	0	0	0	1	1	0	2	0	0	0	0	0	0	0	0	0	2	1	0
C1_01500W_A	C1_01500W_A	0	0	0	0	0	0	0	0	0	0	0	0	0	0	0	0	0	0	1	0	0	0	0	1	0	1	2	0	0	0	0	0	0	0	0	0	0	0	0	0	2	0	0	0	0	0	0	0	0	0	0	0	0	0	0	0	0	0	0	0
C1_01510W_A	C1_01510W_A	0	1	1	0	0	0	1	1	5	5	5	3	0	0	0	0	0	0	0	0	1	1	1	0	2	2	1	1.178	0	0	0	1	0	0	1	0	1	2	1	0	0	0	0	0	0	0	1	0	0	1	0	0	7	4	0	2.994	0	4	0	3
C1_01520C_A	SOD2	0	0	0	0	0	1	0	0	0	0	0	0	0	0	0	0	0	0	0	0	0	0	0	0	0	0	0	0	0	0	0	0	0	0	1	0	0	0	0	0	0	0	0	0	0	0	0	0	0	0	0	0	1	0	0	0	0	0	0	0
C1_01530C_A	C1_01530C_A	0	0	1	1	1	0	0	0	0	0	1	0	0	0	0	1	0	0	0	0	2	0	0	3	0	0.971	0	0	0	0	1	0	0	0	0	1	0	0	0	1	0	0	0	0	1	1	0	1	3	1	1	0	1	1.001	1.641	0	0	1.854	0	1
C1_01540W_A	C1_01540W_A	0	0	1	1	2	1	0	0	1	3	0	1	0	0	0	1	0	1	0	0	0	0	0	0	0	0	2	0	0	0	0	1.993	0	0	2	1	1	0	0	0	0	1	0	1	1	0	1.98	0	0	1	0	1	0	2	0	0	2	0	5	0
C1_01550W_A	VPS17	0	0	0	0	1	1.025	0	1	1	0	1	1	1	0	0	0	0	0	0	0	0	1	1	1	1	0	1.997	3	1	2	0	0	0	0	2.254	0	0	0	0	0	0	0	0	0	1	1	2	3	1.784	0	2	0	1	1	0	1	0	0	1	0
C1_01560W_A	SIZ1	0	0	0	0	2	2	3	1.097	4	2	1	4.28	0	0	2	1	2	3	1.094	2	2	0	2.37	2	0	0	0	2.001	2	3	3	2.182	3	0	0	1	2	0	1	0	0	0	1	0	1	3	2	0	3.421	0	0	1	1	0	1	1	2	2.514	2.306	7.625
C1_01570C_A	RPB7	0	0	0	0	0	0	0	0	0	0	0	0	0	0	0	1	0	0	0	0	0	0	0	1	0	2	2	0	0	0	0	0	0	1	0	0	0	0	0	0	0	0	0	0	0	0	0	0	0	0	0	0	0	0	0	0	0	0	1	0
C1_01580W_A	C1_01580W_A	0	0	0	0	0	0	0	0	0	0	0	0	0	0	0	0	0	0	0	0	2	0	2	2	0	0	0	0	0	0	0	0	0	0	0	0	0	0	0	0	0	0	0	0	0	0	0	0	0	0	0	0	0	1	0	0	0	0	0	0
C1_01590C_A	C1_01590C_A	1	0	0	0	1	3	2	0	0	0	0	3	0	1	2	0	1	0	0	0	0	0	1	0	2	2.997	1	2	1.031	0	1.001	0	0	1	2	0	0	0	1	0	0	0	0	0	1	1.02	0	0	0	4	0	0	0	1	0	0.999	1	0	1	0
C1_01600W_A	MRP20	0	0	0	1	0	1.297	0	0	0	0	0	0	0	0	0	0	0	0	0	1.15	0	0	0	0	0	1	0	0	0	0	0	0	0	0	0	0	0	0	0	0	1	0	0	0	1	0	0	0	0	0	0	0	0	0	0	0	0	0	1	0
C1_01610C_A	C1_01610C_A	0	0	0	0	0	0	0	0	0	0	0	0	0	0	0	0	0	0	0	0	0	0	0	0	1	0	0	0	0	0	0	1	1	1	0	0	1	0	0	0	0	0	0	0	0	0	0	0	1	0	0	0	0	0	0	0	0	1	0	2
C1_01620C_A	C1_01620C_A	0	0	0	0	1	0	0	0	0	0	0	0	3	5	3	2	0	0	0	0	1	0	0	0	0	1	2.843	0	0	0	0	1	0	0	0	1	2	1	1	4	0	0	0	0	0	0	1	0	0	0	1	0	0	0	0	0	1	1.551	0	0
C1_01630W_A	C1_01630W_A	0	0	0	0	0	0	0	0	0	0	0	0	0	0	0	0	0	0	0	0	0	0	0	0	0	0	0	0	0	0	0	0	0	0	0	0	0	0	0	0	0	1	0	0	0	0	0	0	0	0	1	0	0	0	0	0	0	0	0	0
C1_01640W_A	RPS42	0	0	0	0	0	0	0.5	1	0	0	0	0	0	0	0	0	0	0	0	0	0	0	0	0	0	0	0	0	1	0	0	0	0	0	0	0	0	0	0	0	0	0	0	0.5	0	0	0	3	0	0	0	0	0	0	0	0	0	0	0	0
C1_01650W_A	ISN1	1	0	0	0	1	0	1	0	0	2	1	1	0	0	0	0	0	0	1.065	0	2	2	4	1	1	0	0	1.012	0	0	0	0	1	0	0	0	0	1.999	0	2	0	0	0	0	0	0	1	0	1.936	1	0	2	1	1	7.003	2	0	1.053	1.053	1
C1_01660C_A	tS(UGA)1	0	0	0	0	0	0	0	0	0	0	0	0	0	0	0	0	0	0	0	0	0	0	0	0	0	0	0	0	0	0	0	0	0	0	0	0	0	0	0	0	0	0	0	0	0	0	0	0	0	0	0	0	0	0	0	0	0	0	0	0
C1_01670C_A	ESP1	3	0	0	1	2	0.895	1	1	1	0	0	1.019	0	1	2	0	1.025	0	2	0	5	4	6.126	3	2.605	0	3.152	2.417	0	0	2	1	0	0	0	0	2	1	1	1	0	0	0	0	2	0	1.001	1.028	1.314	1	1.117	1	2	3	5	0	4.415	3.156	2.128	1.471
C1_01680C_A	FYV4	0	0	0	0	0	0	0	0	0	0	1	0	0	0	0	0	0	0	0	0	0	0	0	0	0	3	0	0	0	0	0	0	0	0	0	0	0	0	0	0	1	0	0	0	1	0	0	1	0	0	2	1	0	0	0	1	0	0	0	0
C1_01690C_A	LSC1	0	0	0	0	0	0	0	0	0	0	0	0	0	1	0	0	0	0	0	0	0	0	0	0	0	0	0	0	1	0	0	1	0	0	0	0	0	0	0	0	0	0	2	0	0	0	0	0	0	0	1	1	0	0	0	0	0	0	0	2
C1_01700W_A	ARP8	0	1	1	0	0	1	0	2.539	1	3	3	2	0	2	0	2.661	0	0	2	0	4.051	1	2	3	0	1.12	0	0	1	0	0	2	3	0	2	3.343	2	1	2	1	0	1	0	0	0.999	2.819	0	1	0	1.121	2.321	0	0	0	2.093	1	2.213	0	4	0
C1_01710W_A	C1_01710W_A	0	0	0	1	0	0	0	0	0	0	0	1	0	0	0	0	0	0	0.997	0	2.999	0	0	0	2	0	1	3.002	0	0	1.194	0	1	0	0	1	0	0	0	0	0	0	0	0	3	1	3	3.768	1.622	0	0	1	2.419	3	1	2	0	0	2.339	1
C1_01720C_A	C1_01720C_A	0	0	0	0	0	0	0	0	0	0	0	0	0	0	0	0	4	2	0	1	0	0	0	0	1	3	1	0	0	0	0	0	0	0	0	0	0	0	0	0	0	0	0	0	1	0	0	0	0	0	0	0	0	0	0	0	0	0	0	0
C1_01730W_A	tA(AGC)3	0	0	0	0	0	0	0	0	0	0	0	0	0	0	0	0	0	0	0	0	0	0	0	0	0	0	0	0	0	0	0	0	0	0	0	0	0	0	0	0	0	0	0	0	0	0	0	0	0	0	0	0	0	0	0	0	0	0	0	0
C1_01740W_A	CTN1	0	1.968	0	0	0.997	2.026	2	1	4	2	2	0	0	1	1	0	0	0	0	0	0	0	2	0	9	10	9	10.261	0	2	2	4	0	1	0	1	0	0	0	1	0	0	0	0	2	2	0	0	1	1	0	2.692	0	1	0	1	0	0	3	2
C1_01750W_A	C1_01750W_A	1	1	1	1	2	2	0	2	2	0	1.005	1	0	0	1	0	0	0	0	0	1	0	1	1	2	4	0	0	0	2	2.993	3	0	0	2	0	0	0	0	0	0	2	1	0	0	0	2	0	3	0	0	0	1	0	2	2.001	2.534	1.183	1	3.962
C1_01760W_A	FGR38	0	0	0	0	0	0	1	0	0	0	0	0	0	0	0	0	0.961	0	0	1	0	0	3	1	1	1	0	1	0	0	1	0	1	0	0	0	0	0	0	0	0	0	0	0	0	1.258	0	0	0	0	1.855	1	0	0	1	0	0	0	0	0
C1_01770W_A	MAK32	0	1	1	2	0	1	0	0	1	1	0	0	0	0	0	0	0	0	0	0	0	0	0	0	1	0	0	1	0	0	0	0	0	0	2	0	0	0	0	0	0	0	0	0	0	0	1	1	0	0	0	0	0	0	2	0	0	1	0	0
C1_01780C_A	HOL4	0	0	0	0	1	0	0	1.004	0	1	0	0	1	0	1.24	0	1	0	0	0	2	0	0	0	2.001	0	0	0	1	1	2	1	0	4	0	0	0	0	0	0	0	2	0	1	1	0	0	0	1.399	0	2.742	0	3	5.001	6	2	2	1	0	1
C1_01790W_A	SWI4	0	0	0	0	1	0	2	1.936	0	0	0	1	0	0	0	0	0	0	0	0	1.009	1	1.049	0	0	0	0	1.115	3.001	1.16	0	3	0	0	2	0	1	0	0	1	0	0	1	0	0	0	0	0	1	1	0	0	0	1	0	2	0	1.219	0	0
C1_01800W_A	C1_01800W_A	0	0	0	0	1	0	0	0	0	1	0	0	0	0	0	0	0	0	0	0	0	0	0	0	0	2	1	0	0	0	0	0	0	0	0	0	0	0	0	0	0	0	0	0	0	0	0	0	0	0	0	0	0	0	0	0	1	0	0	0
C1_01810C_A	UGA2	0	0	0	0	0	1	0	0	0	0	0	0	0	1	0	0	0	0	0	0	0	0	1	0	2	0	0	0	0	0	0	0	0	0	0	0	0	0	0	0	0	0	0	0	0	0	0	0	0	0	0	0	0	0	0	1	1.753	0	0	0
C1_01820C_A	C1_01820C_A	0	0	0	1	0	0	0	0	0	1	1	0	0	0	0	0	4	2	2	4	0	0	0	0	1	0	0	0	0	0	0	0	0	0	0	0	0	0	0	1	0	0	0	0	0	0	0	0	0	0	0	0	2	1	0	0	0	0	0	1
C1_01830C_A	UBC8	0	0	0	0	0	0	0	0	0	0	0	0	0	0	1	0	0	0	0	0	0	0	0	0	1	0	0	0	0	0	0	0	0	0	0	0	0	0	0	0	0	0	0	0	0	1	0	3	0	0	0	0	1	0	0	0	0	0	0	0
C1_01840C_A	C1_01840C_A	2	0	1	0	0	0	1	0	4	1	1	0	1	0	0	0	0	0	0	0	0	1	1	1	0	0	0	0	0	2	1	1	0	0	0	0	0	0	0	0	0	0	0	0	0	0	0	0	0	0	0	1	0	0	0	0	0	1	0	0
C1_01850C_A	C1_01850C_A	0	0	0	0	0	0	0	0	0	0	2	0	0	1	0	0	1	0	0	0	0	0	0	0	0	0	0	1	0	0	0	0	0	0	0	0	0	0	0	0	1	0	1	0	0	0	0	0	0	0	1	0	0	0	1	2	0	0	1.621	0
C1_01860W_A	C1_01860W_A	0	0	0	0	1.008	0	0	0	0	0	0	0	0	0	0	0	0	0	0	1	0	0	1	0	0	0	0	0	0	0	0	0	0	1	0	0	0	0	1	0	0	0	0	1	0	0	0	1	1	0	1	1	0	0	0	0	0	0	0	0
C1_01870C_A	CYS4	1	0	0	0	0	1	0	0	2	0	0	0	1	0	0	0	0	0	0	0	0	0	0	0	0	0	0	1	1.972	0	0	0	0	0	0	0	0	0	0	0	0	0	0	0	0	0	0	0	1.849	0	0	0	0	0	1.823	0	1	1.265	0	0
C1_01880C_A	PTR3	1.956	0	1	1	0	0	2	0	0	0	2	0	0	1	0	1.015	1	0	0	0	1	0	0	1	0	0	1	1	2	0	0	1	0	0	2	0	1.994	0	0	0	0	0	0	0	0	0	0	1	0	0	0	0	1	1.827	0	1	1.816	1	3.373	0
C1_01890C_A	C1_01890C_A	0	0	0	0	0	0	1	0	1	0	0	0	0	1	1	0	0	0	0	0	0	0	1	0.997	0	0	2	0	0	0	0	0	0	0	1	0	7	3	7	4	1	0	0	0	0	3	2	1	2	0	2	0	0	3	1	1	0	0	0	1.352
C1_01900C_A	C1_01900C_A	1	0	0	0	1	0	0	0	1	0	0	0	1	0	0	0	0	0	0	0	0	0	0	0	0	1.214	0	1	0	0	2	0	0	0	0	0	0	0	0	1	0	0	0	0	1	1	0	0	0	1	0	0	0	0	0	0	0	0	0	0
C1_01910W_A	C1_01910W_A	0	0	0	0	0	0	0	0	0	1	1	0	0	0	0	0	0	0	0	0	0	0	0	0	0	0	0	0	0	0	0	0	0	0	0	1	0	0	0	0	0	0	0	0	0	0	0.998	0	0	0	0	0	2	1	1	0	0	1	0	0
C1_01920W_A	ROA1	0	0	0	5	3	1.003	3.568	2	1	0	0	1	8	6	5	10	0	0	0	2	0	0	0	3.005	0	2.144	2.396	0.876	2	0	2.999	0	2.758	0	0	0	0	0	0	0	0	0	2	0	0	0	1	2	1.151	2.183	3.357	1	1	4.885	2.002	1.938	5	3	2	1.816
C1_01930W_A	C1_01930W_A	0	0	0	0	1	1	1	0	0	0	0	0	1	0	0	1	1	0	0	0	0	0	0	0	0	0	0	0	0	1	0	1	0	0	0	0	0	0	0	0	0	0	0	0	0	0	0	0	1	0	0	0	0	0	0	0	0	0	0	1
C1_01940C_A	C1_01940C_A	0	0	0	0	0	0	0	0	0	0	0	1	0	0	0	0	0	0	0	0	0	0	0	0	0	0	0	0	0	0	0	0	1	1	0	0	0	0	0	0	0	0	0	0	0	0	1	1	0	0	0	0	0	0	0	0	0	0	1	0
C1_01950C_A	C1_01950C_A	0	0	0	0	0	0	0	1	0	0	1	0	0	0	0	0	0	1	0	0	0	0	0	0	0	0	0	0	0	0	0	0	0	0	0	0	0	0	0	0.763	0	0	0	0	0	0	1	1	0	1	1	1	0	0	2	1	0	1	0	0
C1_01970W_A	C1_01970W_A	0	1	0	0	1	0	0	0	0	0	1	0	0	0	0	0	1	0	0	0	0	1	0	0	0	0	0	0	0	0	0	0	0	0	0	0	1	0	0	0	0	0	0	0	0	0	0	0	0	0	0	0	0	1	0	0	1	0	0	0
C1_01980W_A	HGT1	0	0	0	0	0	2.03	2	0	5	0	1	3	1	1	0	1	0	0	0	0	2	3	2	2	0	0	0	1	1	0	2	0	0	0	0	0	0	1.999	2	3.004	0	0.5	0	0	1.053	3	1	3	0	0	0	1	2	0	3	0	0	0	0	0
C1_01990W_A	HSP30	0	0	0	0	0	0	0	0	0	1	0	0	0	0	0	0	0	1	0	0	0	0	0	0	0	0	0	0	0	0	0	0	0	0	0	0	0	0	0	0	0	0	0	0	0	0	0	0	0	0	0	0	0	0	0	0	0	0	0	0
C1_02000W_A	C1_02000W_A	0	0	1	0	2	1	1	2	0	0	0.998	0	0	0	0	0	0	0	0	0	0	0	1	2	0	2	1	0	0	1	0	0	1	0	0	0	0	1	0	0	1	0	1	0	1	0	0	1	1	1	0	1	0	0	0	0	2	1	2	2.66
C1_02010C_A	ZCF24	0	0	0	0	0	0	0	0	0	0	0	0	0	0	1	0	0	0	0	1	0	0	1	1	2	1	1	0	0	0	1	0	0	0	1	0	0	0	0	0	0	0	0	0	0	0	0	0.835	0	1.228	0	1.638	2	1	0	1.135	2.102	1	0.999	1
C1_02020W_A	C1_02020W_A	0	0	1	0	0	0	0	0	0	0	0	0	0	0	0	0	0	0	0	0	0	0	0	0	0	0	0	0	1	0	0	0	0.797	0	0	0	0	0	0	0	0	0	0	0	1	1	0	0	0	0	0	0	0	0	0	0	0	0	0	1
C1_02030C_A	C1_02030C_A	0	0	0	0	0	0	0	0	1	0	0	0	0	0	0	0	0	0	0	0	0	0	0	0	3	3	1	0	0	0	0	0	0	0	0	0	0	0	0	0	0	0	0	0	0	0	0	0	0	0	1	0	0	0	0	0	0	0	0	0
C1_02040C_A	C1_02040C_A	0	1	0	0	0.992	0	1	1.433	1	0	0	1	0	0	0	0	0	0	0	0	0	0	0	1	0	0	1	2	1	0	0	0	1	0	0	0	0	0	0	0	0	0	0	0	1	0	0	2	0	0	0	1.447	1	0	0	0	3.095	1	3	1
C1_02050C_A	PHO91	1	2	0	1	0	1.004	0	0	1	0	1	0	1	1	0	1	0	0	1	0	2	3	4	2	1	2	0	0	2	0	0	0	0	0	0	0	0	0	0	0	0	0	0	0	0	0	0	0	0	0	0	2	0	1	0	0	0	1	0	2.515
C1_02060W_A	C1_02060W_A	0	0	1	0	0	0	0	0	0	0	0	0	0	0	0	1	0	0	0	0	0	0	0	0	1	0	0	0	0	0	0	1	0	0	0	1	0	1	0	0	0	0	1	0	0	0	0	1	0	0	1	1	0	0	0	0	0	1	0	0
C1_02070W_A	HSP31	0	0	0	0	0	0	0	0	0	0	0	0	0	2	0	0	0	0	0	0	0	0	0	0	0	0	0	0	0	0	0	1	0	0	0	0	0	0	0	0	0	0	0	0	0	0	0	0	0	0	0	0	0	0	0	0	1	1.654	0	0
C1_02080W_A	SET6	0	0	0	0	0	1.212	0	0	1.134	1	0	0	0	0	0	1	0	1	2	0	0	0	1	0	1	0	0	0	0	2	2	0	2	1	1	0	0	0	0	0	0	0	0	0	0	1	0	0	0	0	1	1	1	1	1	0	3	2	1	0
C1_02090C_A	C1_02090C_A	0	1	0	0	0	0	0	0	0	1	0	1	1	1	1	0	0	1	1	1.097	0	0	0	0	1	1	0	0	2	1	1	2	0	0	0	0	0	0	0	0	0	0	0	0	0	0	1	0	1	0	0	0	0	1	0	1	0	1	1	0
C1_02100W_A	C1_02100W_A	0	0	0	0	0	0	0	0	1	1	0	1	0	0	1	0	1	0	0	1	1	0	0	2	1.88	1.984	1.281	0	2	2	0	2	0	1	0	1	1	0	0	0	0	0	0	0	1	1	0	1	0	1	0	0	0	0	1	0	2	2.133	0	1
C1_02110C_A	HGT2	0	5	0	2	1	0	0	0	0	0	0	0	1	0	0	0	0	0	0	1	0	0	0	0	1	1.182	0	0	0	0	0	0	0	0	1	0	0	0	0	0	0	0.5	0	0	0	0	0	0	0	0	0	0	1	0	0	0	0	0	0	1
C1_02120C_A	SHA3	0	0	0	0	1	4	4	1.001	0	0	0	0	0	0	0	0	4	1	2	5	0	0	0	0	0	1	2	0	0	0	2	0	0	0	0	0	0	1	0	0	0	0	0	0	3	2	1	4	0	2.464	1.257	0	5	1	0	2	0	1	1	1
C1_02130C_A	GAL1	0	0	0	0	0	1	0	0	0	0	0	0	0	1	1	0	0	0	0	0	1	1.012	0	1	0	0	0	2	2	0.994	1	0	0	0	2	0	1	0	0	0	0	0	0	0	0	1	0	0	0	1	0	0	0	1	0	0	1	0	0	2
C1_02140C_A	C1_02140C_A	0	0	0	0	1	0	1	0	0	0	0	0	0	0	0	0	0	0	0	1	0	0	1	1	0	0	0	1	0	0	0	0	0	1.275	0	0	0	0	0	0	0	0	0	0	0	1	0	0	0	0	0	0	0	0	0	0	0	1	0	0
C1_02150W_A	GAL10	0	0	0	0	0	0	0	0	1	0	1	0	0	0	0	0.872	0	0	0	0	0	0	0	0	0	0	0	0	0	1	2	2	0.959	0	0	1	0	0	1	1.003	0	0	0	0	1	1	3	0	0	0	0	0	5	5.001	3	2	0	0	1	0
C1_02160W_A	C1_02160W_A	0	0	0	0	0	0	0	0	0	0	1	0	0	0	0	0	0	0	0	0	1	0	1	0	0	0	0	0	1	0	0	1	0	0	0	0	0	0	0	0	0	0	1	0	0	0	0	0	0	1	0	0	0	0	0	1	0	0	1	0
C1_02170C_A	GAL102	0	1	0	0	1.001	1	2	0	0	0	0	0	0	1	0	0	0	0	1	2	0	1	0	0	0	0	1.891	0	1	0	0	1	0	0	0	0	0	0	0	0	0	0	0	0	0	0	0	0	2.813	0	1	0	0	0	1	0	0	1.768	2	0
C1_02180W_A	GAL7	1	0	0	2	0	0	0	2.877	0	0	0	0	2	3	7	3	1	0	1	1	0	1	0	1	2.896	1	0	0	0	0	0	0	0	0	0	1	1	0	0	0	0	0	0	0	0	0	1.655	0	0	0	0	0	4.927	2	5	3.601	0	0	0	0
C1_02190W_A	ABP140	0	1	0	0	1	0	0	0	0	0	0	0	0	0	1	0	0	0	0	0	0	0	0	1	0	0	0	0	0	0	0	1	0	0	0	0	0	0	0	0	0	0	0	2	0	0	0	0	0	1.879	0	0	1	0	0	0	0	0	0	0
C1_02200C_A	ATG5	0	0	0.995	0	0	0	0	0	0	1	0	0	0	1	0	0	0	0	0	0	1	1	0	0	1	0	0	1	0	0	0	0	0	0	0	0	0	0	0	0	0	0	0	0	0	1	0	0	0	0	0	0	0	0	0	0	0	1	0	1
C1_02210W_A	C1_02210W_A	1	0	1	0	0	1.989	0	0	0	0	2	0	4	2	3	4	0	0	0	0	3	5	2.83	0	0	0	0	0	3	4.075	3	8	1	0	0	1	3	1	7	6	0	0	0	0	2	4	2	2	0	0	0	0	1.224	3	1.003	1	1.474	1.186	0	1
C1_02220C_A	C1_02220C_A	1	0	0	0	0	0	0	1	0	0	0	0	0	1	0	0	0	0	0	0	1	1.707	0	1	1.936	0	0	0	0	0	0	0	1	0	0	1	0	0	0	0	0	0	0	0	0	0	1	1	0	0	3	0	0	0	0	0	1	0	0	0
C1_02230W_A	SEP7	0	1	0	0	2	1	3	2	0	0	0	0	0	0	1	1	0	0	0	0	0	2	1	5	2	3	6	4	1	0	0	0	1	1	0	1	0	0	0	0	0	0	0	0	0	0	0	0	0	0	0	0	0	0	0	1	0	1.272	0	0
C1_02240W_A	C1_02240W_A	0	1	0	0	0	1	1	0	0	0	0	0	6	1	1	1	0	0.963	0	0	0	0	0	0	0	0	0	1	0	0	0	0	0	0	0	0	1	0	0	1	0	0	0	0	0	0	0	1	1	0	0	2	0	0	2.192	0	0	1.103	1	1
C1_02250W_A	CWH8	0	0	1	1	0	0	2.641	0	0	2	0	0	0	0	0	0	0	0	0	0	1	1	0	1	0	0	1	0	0	0	0	1	0	0	0	1	0	0	0	0	0	0	1	0	0	1	1	0	1.93	0	1	1	0	2	1.001	0	1.157	0	0	1
C1_02260C_A	AGE3	0	0	0	0	0	0	0	1	1	1	0	0	0	0	0	0	2	0	0	0	1	1	0	0	2.404	1	1	1	0	0	1	0	0	0	0	0	0	0	0	1	1	0	0	0	0	0	0	0	0	0	0	0	0	0	0	0	0	0	0	0
C1_02270C_A	C1_02270C_A	0	0	0	0	0	0	0	0	0	0	0	0	0	0	0	0	0	0	0	0	0	0	0.995	0	1	2	2	3	0	0	0	0	1	0	0	1	0	1	0	1	0	0	0	0	0	1	0	2	0	1	1	1	0	0	0	0	1	0	1	0
C1_02280C_A	PSY2	1	0	0	0	0	0	0	1	4	1	3	1	0	0	0	0	0	1.01	0	0	0	0	0	0	1	2	0	1	1.1	1.027	0	2	0	0	1	0	0	2	0	0	1	1	1	0	0	0	2	3	0	0	0	0	1	1	1.091	4	1	0	0	1.869
C1_02290C_A	C1_02290C_A	1	0	0	0	0	2	1	1.004	1	0	0	1	2	6	3	7	2	1	1	3	0	3	2	2	4	2	1	3	1	1	0	1	0	2	0	1	1	0	1	0	0	0	0	0	0	0	1	0	1	2	1	1.579	1	1	3	1.001	2	3	1.359	3
C1_02300W_A	C1_02300W_A	2	0	0	0	1	0	0	0	0	2	1	0	0	0	1	1	0	0	0	1	3	2	2	0	1	0	2	0	2	1	0	0	2	1	1	2	0	0	0	0	1	0	2	0	0	0	0	1	1	1	0	1	3.332	1	0	2	0	0	0	3
C1_02310C_A	GON7	0	0	0	0	0	0	0	0	0	0	0	0	0	0	0	0	0	0	0	0	1	0	0	0	0	0	0	1	0	0	0	0	0	0	0	0	0	0	0	0	0	0	0	0	0	0	0	0	0	0	0	0	0	0	0	0	0	0.994	1	0
C1_02320C_A	C1_02320C_A	0	0	0	0	0	0	0	0	1	0	0	0	1	0	0	0.977	0	0	0	0	0	0	0	0	1	1	0	0.974	0	1	0	0	1	0	0	0	0	1	0	0	0	0	0	1	0	0	0	0.999	0	1	0	0	2.93	0	0	0	2.206	1.078	1.19	1.564
C1_02330C_A	C1_02330C_A	0	0	0	0	0	0	1	0	0	0	0	0	0	0	0	0	0	0	0	0	0	2	1	1	0	0	0	0	0	0	0	0	1	1	2	5	0	0	0	0	0	0	0	0	1	4	1	1	0	0	0	0	0	0	0	0	2	0	0	0
C1_02340C_A	tR(CCG)1	0	0	0	0	0	0	0	0	0	0	0	0	0	0	0	0	0	0	0	0	0	0	0	0	0	0	0	0	0	0	0	0	0	0	0	0	0	0	0	0	0	0	0	0	0	0	0	0	0	0	0	0	0	0	0	0	0	0	0	0
C1_02350W_A	TIM21	0	1	0	0	0	0	0	0	0	1	0	0	0	0	0	0	0	1	0	0	0	1	0	1	0	0	3	0	0	0	0	0	0	1	0	0	0	0	0	0	0	0	0	0	0	0	0	0	0	0	2	1	0	0	0	0	0	0	0	0
C1_02360C_A	PGA5	0	0	0	0	3.997	1.131	0	0	0	0	3	0	0	1	1	0	1	0	0	1	2.637	1	1	0	1.807	1	1	0	2	1	3.001	0	0	0	0	0	0	0	0	0	0	0	0	0	0	0	1	0	0	2.45	1.258	1	0	0	0	0	2.452	3.707	4.24	1
C1_02370C_A	C1_02370C_A	1	1.997	0	1.128	4.999	0	3	1.425	1.118	0	0	1	0	2	0	0	1	1	1	0	0	4	4	2	0	1.223	1	2	2.817	2.323	1.267	1	1	1	0.997	1.11	1.076	0	1	1	0	0	0	0	0	0	1.997	2.044	0	1	1.43	3	2	1	0	1	2.384	0	3	0
C1_02380C_A	C1_02380C_A	0	0	0	0	0	0	1	0	0	0	0	0	1	0	0	1	0	1	0	0	0	1	0	0	0	0	0	0	0	0	2	0	0	0	0	1	0	0	0	1.079	1	0	0	0	0	0	0	0	0	0	0	0	1	3.001	1	1	0	0	0	0
C1_02390W_A	C1_02390W_A	0	2.034	2	2	1	3	4	3.151	1	2	1.088	0	3	2	0	1	5	3	2	3	1	1	1	0	2.497	3	2.015	0	3	0	2	2	2	0	3	4	1	0	0	1	0	1	1	0	1	0	2	1	5.568	4.659	6	3	3	0	2	1	3.754	2.273	1	5.129
C1_02400C_A	MNN11	0	0	0	1	1	2	1	0	1.463	1	0	1	1	1	0	0	1	0	1	1	0	1	0	1	0	1	0	1	1	0	0	1	7	4.682	9.003	3	1	1	2.148	1	1	1	1	0	0	0	1	1	1.682	0	0	1.758	1	0	1	2	1.093	0	0	0
C1_02410C_A	C1_02410C_A	0	0	0	0	0.99	0	2	0	0	0	0	0	0	0	0	0	0	0	0	0.998	0	0	0	0	0	0	0	0	0	1	0	1	1	0	1	0	0	0	0	0	0	0	0	1	0	0	0	0	0	0	0	0	0	0	0	0	0	0	0	0
C1_02420C_A	GSC1	0	3	0	0	0	0	1.093	1	0	0	0	1	0	1.999	0	0	0	1	0	3	1	4	1	1	1.95	2	0	0	1.004	0	1	1.029	0	0	0	0	0	0	1	2	0	0	1	0	0	2.158	2	1	0	0	0	0	2.229	2	2	1	1	3	1	2.745
C1_02430C_A	C1_02430C_A	0	0	0	0	0	2	2.032	0	1	0	0	0	0	0	1	1	2	1	1	0	0	1	3	1.492	3	1	0	2	4.031	0	1	1.253	2	0	1	1	0	0	2	2	1	1	0	0	1	0	1	2	1.2	1	1	2	0	1.018	0	0	3.37	1	0	2.176
C1_02440C_A	C1_02440C_A	0	0	0	0	0	0	0	1	0	0	0	0	0	0	1	0	0	0	0	2	1	0	0	0	1	0	0	0	0	0	0	0	0	0	0	0	0	0	0	1	0	0	0	0	1	0	0	0	1	0	0	0	0	0	0.755	0	1	0	0	0
C1_02450C_A	C1_02450C_A	0	0	0	0	0	0	0	0	0	0	0	0	0	1	0	0	0	0	0	1	0	0	0	0	1	0	0	0	0	0	0	1.06	0	0	0	0	0	0	0	0	1	0	0	1	0	0	0	0	0	0	1	0	0	0	0	0	0	1	1	1
C1_02460W_A	RPL10	1	2	2	0	2	2	3	2	0	1	0	0	0	0	1	1	0	0	0	0	2	1	0	1	0	0	0	0	0	0	0	0	0	0	0	0	0	0	0	0	0	0	0	0	0	0	0	1	0	0	0	0	0	1	0	0	0	1	0	0
C1_02470W_A	C1_02470W_A	0	0	0	0	0	0	1	0	0	0	0	0	0	0	0	0	0	0	0	0	0	0	0	0	0	0	0	0	0	0	0	0	0	0	0	0	0	0	0	0	0	0	0	0	0	0	0	0	0	0	0	1	0	1	0	1	0	0	0	0
C1_02480W_A	PMM1	0	0	0	0	1	0	2	0	0	0	0	0	0	0	0	0	1	0	1	1	0	0	0	0	0	0	0	0	0	0	0	0	0	0	0	0	0	0	0	0	0	0	0	0	0	0	0	0	0	0	0	0	1	0	0	0	0	0	0	0
C1_02490C_A	C1_02490C_A	0	0	0	1	0	0	0	1.001	0	0	0	0	0	0	1	0	0	2	0	0	0	0	1	0	0	0	0	1.1	1	1	2	2	0	0	0	1	0	0	1	0	0	0	1	0	0	1	1	0	1	0	0	0	0	2	0	0	0	1	2.365	0
C1_02500W_A	C1_02500W_A	0	0	0	0	1	0	0	0	0	0	0	0	0	0	0	0	1	0	0	0	0	1	0	0	0	0	1	0	0	0	1	0	0	0	0	0	0	0	0	0	0	0	0	0	0	0	0	0	0	0	1	0	0	1	0	0	0.794	1	0	0
C1_02510W_A	C1_02510W_A	0	0	0	0	0	0.91	0	0	1	0	0	0	0	0	0	0	0	0	1	0	0	0	0	0	0	1	0	1	6	5	5	2	0	1.318	0.997	0	0	0	0	0	0	0	0	0	0	0	0	0	0	0	0	0.905	0	0	1	1	2.591	0	1.252	1
C1_02520W_A	SCW4	0	1	0	0	0	0	0	0	1	0	0	0	0	0	0	0	0	0	0	0	0	0	0	0	0	0	1	1	0	0	0	0	1	0	1	0	0	0	0	0	0	0	0	0	0	0	0.997	0	0	0	0	1	1	0	1	0	0	0	0	0
C1_02530C_A	DIP5	0	1	0	0	3	5	4	10	3	2	5	0	3	8	8	1	3	1	3	2	1	1	1	1	2	4	4	5	6	2	5	5	4	2	4	4	1	6	2	2	0	0	0	0	1.413	2	1	3	0	0	0	0	3	1	1	4	0	0	2	0
C1_02540C_A	tR(UCU)4	0	0	0	0	0	0	0	0	0	0	0	0	0	0	0	0	0	0	0	0	0	0	0	0	0	0	0	0	0	0	0	0	0	0	0	0	0	0	0	0	0	0	0	0	0	0	0	0	0	0	0	0	0	0	0	0	0	0	0	0
C1_02560W_A	C1_02560W_A	0	0	0	0	0	0	0	0	0	0	0	0	0	0	0	0	0	0	0	0	0	0	0	1	0	0	0	0	0	0	0	0	0	0	0	0	0	0	0	0	0	0	0	0	0	1	0	0	0	0	0	0	0	0	0	0	2	0	0	0
C1_02570C_A	PUT4	0	0	0	0	0	1	0	0	0	0	3	0	0	0	0	0	0	1	0	0	0	0	0	0	0	0	0	1	0	0	1	0	1	1	0	0	0	0	0	0	0	0	1	0	1	0	0	0	0	1.746	0	0	2.01	0	1	1	0	1	0	1.642
C1_02580W_A	HNM4	0	0	0	0	0	0	1	0	0	1	0	0	2	0	0	0	0	0	0	0	0	0	3	0	1	0	0	0	0	1.999	1	0	0	0	0	0	0	1	0	0	0	0	0	0	0	0	0	1	1.726	0	0	0	2.001	1.416	2	1	2	0	1	1
C1_02590C_A	SNZ1	0	0	0	0	0	0	0	0	3	2	0	1	0	0	0	0	0	0	0	0	2	4.02	3	3	0	0	0	0	0	1	0	0	0	0	0	0	3	3	3	0	0	0	0	0	0	0	0	0	1	0	0	0	0.997	0	0	0	1	0	1.635	0
C1_02600W_A	SNO1	0	0	0	0	0	0	0	0	1	0	0	0	0	0	0	0	0	0	0	0	0	0	0	0	0	0	0	0	0	0	0	0	0	0	0	0	0	0	0	0	0	0	0	0	0	0	0	0	0	0	0	1	0	0	0	0	1.029	0	0	0.807
C1_02610W_A	IML1	4	2	2	2	0	1.004	0	0	1	4	4	1	1	1	1	0	0	2.001	0	2	0	0	0	0	1	4	3	0	1.097	1.076	2	3.452	2	1	2	0	0	1	3	2.008	0	0	0	2	1	0	1	0	1	2.471	3	3.421	1	1.291	1.006	1	1.319	1	0	1
C1_02620C_A	HOM6	0	0	0	0	0	0	0	0	0	0	0	1	0	0	0	0	0	0	0	0	0	0	0	0	0	0	0	0	0	0	0	0	0	0	0	0	0	0	0	0	0	0	0	0	0	0	0	0	0	1.882	0	0	0	0	0	0	1	0	1	0
C1_02630C_A	EXG2	0	1	0	0	0	0	0	0	0	0	0	0	1	0	1	1	0	0	0	0	2	0	0	0	2	0	0	1	0	0	0	0	0	0	0	0	0	0	0	1	0	0	0	0	1	2	0	0	0	0	1	0	1	0	0	1	2.228	0	2.769	0
C1_02640C_A	TOM20	0	0	0	0	0	0	0	0	0	0	0	0	0	0	0	0	0	0	0	0	0	0	0	0	0	0	1	0	0	0	0	0	0	0	0	0	0	0	0	0	0	0	0	0	0	0	0	0	0	0	1	0	0	0	0	1	0	0	0	0.875
C1_02650W_A	C1_02650W_A	0	0	0	0	0	0	1	0	0	1	0	0	0	0	0	0	0	0	0	0	0	0	0	0	0	0	1	0	0	0	0	0	0	0	0	0	0	0	0	0	0	0	0	0	0	0	0	0	0	0	1	0	0	0	0	0	1	0	0	1
C1_02660C_A	MGM101	0	0	0	0	0	0	0	0	0	0	0	0	0	0	0	0	0	0	0	0	0	0	0	0	0	0	1	0	0	1	0	0	0	0	0	0	0	0	0	1	0	0	0	0	0	0	0	0	0	0	0	0	0	0	0	0	1	1	0	0
C1_02670C_A	MNN43	0	1	1	0	2	1	1	0	0	0	0	0	0	0	0.988	0	0	0	0	0	0	0	0	0	1	2	1	0	0.999	0	1	0	0	0	0	2	0	0	0	0	0	1	0	0	1	0	1	0	1.306	1	0	0	0	2	3	1	1	1	0	0
C1_02680C_A	MNN44	0	1	0	0	0	0	0	0	0	1	0	2	1.899	0	1	0	0	1.068	0	0	0	0	0	1.765	1.101	0	2	0	0	0	0	0	0	0	1	0	0	1	1	0	0	0	0	0	0	1	0	0	0	1.188	1.426	0	1.002	0	0	1	2	1	0	0
C1_02690C_A	C1_02690C_A	0	0	0	0	0	0	0	0	0	1	1	0	0	0	0	0	0	1	1	1	1.009	0	1	2	1	0	0	0	1.006	2	3	0	0	1	0	0	1	0	0	0	0	0	0	0	0	0	0	2	1	1	2	0	0	0	0	0	1	0	2	1
C1_02700C_A	C1_02700C_A	0	0	0	0	0	2	0	1	0	0	0	0	0	0	0	0	0	1	0	1	1	0	2	2	0	0	0	0	0	0	0	0	0	0	0	0	0	0	0	0	0	0	0	0	4	2	2	1	0	0	0	0	1	0	0	0	0	0	0	0
C1_02710W_A	FRS2	2	2	3	0	0	2	1	1	2	0	1	1	0	0	0	0	0	0	0	0	0	0	0	0	0	0	0	0	0	0	1	0	0	0	0	0	0	0	0	0	0	0	0	0	2	1	0	3	0	0	1	0	2	1	1	2	0	0	1	0
C1_02720W_A	C1_02720W_A	0	0	0	0	0	0	0	0	0	0	1	0	0	0	1	0	0	0	0	0	1	0	0	0	0	1	0	0	0	0	0	1	0	0	0	0	1	0	0	0	0	0	0	1.015	0	0	0	0	0	1.231	1	0	0	0	0	0	1	0	1	0
C1_02730W_A	C1_02730W_A	1	0	0	0	0	0	0	0	0	0	0	0	0	0	0	0	0	0	0	0	0	0	0	0	0	1	0	0	0	0	0	0	0	0	0	0	0	0	0	0	0	0.741	1	0	1	0	0	0	1	0	1	0	0	0	0.979	0	0	0	0	0
C1_02740C_A	C1_02740C_A	1	0	0	0	0	0	0	0	0	0	1	0	0	0	0	0	0	0	0	0	0	0	0	0	0	0	0	0	0	1	0	0	0	0	0	0	0	0	0	0	0	0	0	1	0	0	0	0	0	0	1	1	0	0	0	0	0	0	1	0
C1_02750C_A	C1_02750C_A	0	0	0	1	0	0	1	1.999	0	0	0	1	1	0	1	1	1	0	0	0	0	0	0	2	0	3	1	3	0	1	3	0	1	5	1	0	0	0	0	0	0	0	0	0	0	2	0	0	1	0	1	0	0	0.917	1	1	2.25	1	0	2.473
C1_02760W_A	GET3	0	0	0	0	0	1	0	0	1	0	0	0	1	0	0	0	0	0	0	0	0	0	0	0	0	1	0	0	0	0	0	0	0	0	0	1	0	0	0	0	0	0	0	0	0	0	0	0	0	1	0	0	0	0	0	0	0	1	1	0
C1_02770W_A	C1_02770W_A	0	0	0	0	1	1	1	0	1	0	1	0	0	0	0	0	0	0	0	0	0	0	1	0	1	0	0	0	1	0	1	1.006	0	0	0	0	0	0	0	0	0	0	0	0	0	0	0	0	0	1	0	0	0	0	1	0	1.973	0	0	1
C1_02780W_A	C1_02780W_A	0	0	0	0	0	0	2	0	0	0	0	0	0	0	0	0	0	0	0	0	0	0	0	0	0	0	0	0	0	1	1	0	0	0	0	0	2	0	0	0	0	0	0	0	1	0	0	0	0	0	0	1	2	1	2	1.996	0	0	0	0
C1_02790W_A	TIF34	0	0	0	0	0	0	0	0	1	0	0	0	1	0	0	0	0	0	0	0	0	0	0	1	0	0	0	0	0	0	0	0	0	0	0	0	0	0	0	0	0	0	0	0	0	1	0	0	1	0	0	0	0	0	0	0	0	0	1	0
C1_02800W_A	C1_02800W_A	0	0	0	0	0	0	0	0	0	0	0	0	0	0	0	0	0	0	0	0	0	0	0	0	0	0	0	0	3	0	2	4	0	0	0	1	0	0	0	0	0	0	0	0	0	0	0	0	1.663	0	1	0	0	0	0	0	0	1	0	0
C1_02810W_A	RAD16	0	0	0	0	0	0	0	0	2	4	0	3	0	1	1	0	0	1	0	0	0	0	0	0	2	0	0	1	0	0	0	0	1	0	0	0	0	0	0	0	0	0	0	0	0	0	0	0	0	0	0	0	4	2.711	1	1	0	0	0	0
C1_02820W_A	LYS2	1	1	0	0	0	1	1	1	1	1	1	0	0	0	0	0	0	0	0	0	0	0	0	0	0	2	2.996	1	0	0	0	0	0	0	0	2	0	3	0	1	0	0	0	0	1.91	0	1	1	1	0	0	0	0	0	0	1	1.12	3.272	0	0
C1_02830W_A	C1_02830W_A	3.606	0	0	0.639	1	0	2	0	1	2	1	0	1	0	2	0	1	0	0	2	1	1	0	0	1	3.881	1.985	0	2	0	2	1	0	0	0	0	0	0	1	0	1	1	0	0	1	1	0	0	1	0	3	2	2	2	1	2	2	0	3	2
C1_02840W_A	PDE2	0	1	0	1	0	0	0	0	0	0	0	1	0	0	0	1	0	0	0	0	0	1	0	0	0	1	1	0	0	1	1	0	0	0	0	0	0	0	0	1	0	0	0	0	0	0	0	0	0	1.169	0	0	0	1	1	0	0	0	0	1
C1_02850W_A	VTS1	0	0	0	0	0	0	0	0	0	0	0	0	0	0	0	0	0	0	0	0	0	0	0	1	0	0	0	0	0	0	0	0	0	0	0	0	0	0	0	0	0	0	0	0	0	1	0	0	0	0	0	0	1	0	1	0	0	0	0	2
C1_02860C_A	YKT6	0	0	0	0	1	0	1	1	0	0	0	0	0	0	0	0	0	0	0	0	0	1	0	0	0	0	2	1	0	0	0	0	0	0	0	0	0	0	0	0	0	0	0	0	0	0	0	0	0	0	0	0	1	1	0	0	0	0	0	0
C1_02870W_A	YPT7	0	0	0	0	1	1	0	0	0	0	0	0	0	0	0	0	0	0	0	0	0	0	0	0	0	0	0	0	1	0	0	1	0	0	1	0	0	0	0	0	0	0	0	0	0	0	0	0	0	1	0	0	0	0	0	0	0	1	0	0
C1_02880C_A	MIA40	0	0	0	0	0	0	0	0	0	0	0	0	1	0	0	0	6	3	2	5	0	0	0	0	0	0	0	0	0	0	0	0	0	1	0	0	0	0	0	0	0	0	0	0	0	2	0	0	0	0	1	0	0	0	0	0	0	0	0.892	0
C1_02890C_A	C1_02890C_A	0	0	0	0	0	0	0	0	0	0	0	0	1	0	0	0	0	0	0	0	0	0	0	0	0	0	0	0	0	0	0	1	0	0	0	0	0	0	0	0.967	0	0	0	1	0	0	0	0	0	0	0	0	0	0	0	0	0	0	0	0
C1_02900C_A	C1_02900C_A	0	0	0	0	1	1	0	0	1	0	0	4	1	1	1	0	1	1	0	1	0	0	0	0	5	0.995	1.999	0	1.763	0	0	0	1	0	0	0	1	0	1	0	0	0	0	0	0	0	0	0	0	2.805	0	0	0	1.776	0	0	3	1	0	0
C1_02910C_A	ATG17	0	0	0	0	0	2	0	0	0	0	0	0	0	0	0	0	0	0	0	0	0	0	0	0	0	0	0	0	0	0	1	0	0	0	0	0	0	0	0	0	0	0	0	0	0	0	0	0	2.155	0	0	2	1	0	1	2	0	0	0	3
C1_02920W_A	CDC73	0	0	0	0	0	0	1	0	1	0	0	0	0	0	0	0	0	0	0	0	0	0	0	0	0	1	0	0	0	0	0	0	0	0	0	0	1	0	0	1	0	0	1	0	0	0	0	0	0	0	0	0	0	0	0	1	0	0	0	0
C1_02930C_A	MST1	0	0	0	0	0	0	0	1	0	1	0	1	0	0	0	0	1.999	0	0	0	0	0	0	1	0	1	1	1	0	0	0	0	0	0	0	1	0	0	0	0	0	0	0	0	0	0	0	0	0	2.66	1.62	0	0	1	0	0	1	3	0	1.254
C1_02940C_A	C1_02940C_A	0	0	0	0	0	1	0	0	0	0	0	0	0	0	0	0	0	0	0	0	0	1	0	0	0	0	0	0	0	0	0	0	0	0	0	0	0	0	0	0	0	1	0	0	0	0	0	0	0	0	1	0	0	0	1	0	0	0	0	0
C1_02950W_A	C1_02950W_A	0	0	0	0	0	0	0	0	0	0	0	0	0	0	0	0	1	0	1	0	0	0	0	0	0	0	0	0	0	0	0	1	0	0	0	0.845	0	0	0	0	0	0	0	0	0	0	0	0	0	0	0	1	0	0	0	0	0	0.977	0.977	0
C1_02960C_A	C1_02960C_A	1	0	0	0	0	2	0	2	0	2	0.98	0	0	0	0	0	1.594	0	0	0	1	0	0	0	1.933	0	1	2	1.993	1	4	1	0	0	0	0	1	0	0	0	0	1	0	0	1	0	0	0	1.451	0	0	0	2	2.355	0	1	1	0	0	0
C1_02970W_A	C1_02970W_A	0	0	0	0	0	1	0	0	2	0	0	0	0	0	0	0	0	0	0	0	3	2	1	0	2	1	0	0	0	0	1.015	0	0	0	0	0	1	0	1	0	0	0	0	0	0	0	0	0	0	0	0	0	0	0	0	0	0	0	0	0
C1_02980W_A	GOR1	1	0	0	0	0	1	1	0	0	0	0	0	0	0	0	0	0	0	0	1	0	0	0	1	4	2	0	0	0	0	0	0	0	0	0	0	0	0	0	0	0	0	0	0	0	0	0	0	0	0	1	0	0	0	0	0	0	0	0	0
C1_02990C_A	XOG1	0	0	0	0	0	0	0	0	0	0	0	0	0	0	1	0	0	0	0	0	0	0	0	0	0	0	0	0	0	0	0	0	0	0	1	0	0	0	0	0	0	0	0	0	1	0	0	0	0	0	0	0	1	0	0	0	2	0	0	0
C1_03000W_A	HOL1	0	1	1	1	2	0	2.999	2	0	0	0	1	0	1	1.005	1	0	0	0	1	1	0	1	1	2.004	0	0	2	1	0	1.159	0	1.02	0	0	1	0	0	0	0	2	0	0	0	0	1	0	0	0	0	1.073	0	0	0	0	0	2.712	0	2	2.986
C1_03010W_A	RPP1A	0	0	0	0	0	0	0	0	0	0	0	0	0	0	0	0	0	0	0	1	0	0	0	1	0	0	0	0	0	0	0	0	0	0	0	0	0	0	0	0	0	0	0	0	0	0	0	0	0	0	0	0	0	0	0	2	0	0	0	0
C1_03020C_A	RPL13	0	0	0	0	0	0	0	0	0	0	0	0	0	0	0	0	0	0	0	0	0	0	0	0	0	0	0	0	1	0	0	0	0	0	0	0	0	0	0	0	0	0	0	0	1	1	0	0	0	0	0	0	0	0	0	0	0	1	0	0
C1_03030W_A	RPS16A	0	0	0	0	0	0	1	1	0	0	0	0	0	0	0	0	0	0	0	0	0	0	0	0	0	0	0	0	0	0	0	0	0	0	0	0	0	0	0	0	0	0	0	0	0	0	0	0	0	0	0	0	0	0	0	0	0	0	0	0
C1_03040W_A	C1_03040W_A	0	0	0	0	0	0	0	0	0	0	0	0	2	0	0	0	0	0	0	1	0	0	0	0	0	0	0	0	1	0	0	0	0	0	0	0	0	0	0	0	0	0	0	0	0	0	0	0	0	0	0	0	0	1	2	0	0	1	0	0
C1_03050W_A	C1_03050W_A	1	0	0	0	4	0	0	0	2.006	2.289	4	2	0.982	1.01	0	0	0	1	2.998	0	1	0	0	0	2.479	2	1	0	1.144	3	0	0	0	0	1.449	0	1	0	0	1	0	0	0	0	1	0	0	2	0	0	1	3.373	0	0	1	0	1	1.108	1.172	2.515
C1_03060C_A	TSR2	0	0	0	0	1	0	0	0	0	0	0	0	0	0	0	0	0	0	1	0	0	1	0	0	0	0	0	1	1	0	0	0	0	0	0	0	0	0	0	0	0	0	0	0	0	0	0	0	0	0	0	0	0	1	0	0	0	0	0	0
C1_03070C_A	ORC1	1	3	2.001	2	2	6	4	5.78	0.999	2	3	1.145	0	0	1	0	2	2	2	0	4	0	0	0	0	2	0	2	2	1	4	0	0	1	1.001	0	2	2	3	3	0	1	0	0	1	3	0	2	3	2	2	0	4	5	6	3	5.428	0	0	0
C1_03080C_A	TEM1	0	0	0	1	0	0	0	0	0	0	0	0	0	0	0	0	0	0	0	0	0	0	1	0	0	0	0.983	0	0	0	0	0	0	0	1	0	0	0	0	0	0	0	0	0	0	0	0	0	0	0	0	0	0	0.718	0	0	2	0	0	1
C1_03090W_A	RPS1	0	0	0	1	2	2	1	1	0	0	1	0	0	0	1	1	0	0	0	0	1	3	3	2	1	0	0	1	0	0	0	0	0	0	0	0	0	0	0	0	0	0	0	1	0	0	0	0	1	0	0	0	1	0	0	0	1	0	1	0
C1_03100W_A	C1_03100W_A	0	0	0	0	1.03	0	0	1	1.312	1	0	0	0	0	0	0	1	0	1	0	2	2	0	2	1	1	3	1.032	1	0	1.386	0.984	0	0	0	0	0	3	1	2	0	0	0	1	0	2	1	1	0	0	1.061	0	7.912	2.924	4	4.001	1.269	0	0	0
C1_03110W_A	RPL6	0	0	0	0	0	1	1	0	0	0	0	0	0	0	0	0	0	0	0	0	0	0	0	0	0	0	0	0	0	0	0	0	0	0	0	0	0	0	0	0	0	0	0	0	0	0	0	0	1	0	2	0	0	0	0	0	0	0	0	0
C1_03120W_A	C1_03120W_A	3	2	0	2	0	1	0	0	0	1	0	0	0	0	0	0	0	0	0	0	0	0	0	0	1	1	0	0	0	0	0	0	0	0	0	0	0	0	0	0	0	0	0	0	0	0	1	0	0	1	0	0	1	2	3	4	2.683	0	0	0
C1_03130C_A	GGA2	0	0	0	0	5	6	7	2	0	0	0	0	0	0	0	0	0	0	1	0	0.999	1	0	0	1	4	7	2	0	1	0	0	0	0	0	0	0	0	0	0	0	1	0	0	1	0	2	0	1	1	0	1	0	0	0	0	0	0	1	0
C1_03140W_A	C1_03140W_A	0	0	0	0	0	0	0	0	0	0	0	0	0	0	0	0	0	0	1	0	0	0	0	0	0	0	1	0	0	0	0	0	0	0	0	0	0	0	0	0	0	0	0	0	0	0	0	0	0	2	0	0	0	0	0	0	0	0	0	0.726
C1_03150C_A	C1_03150C_A	0	0	0	0	0	0	0	0	0	0	0	0	0	0	0	0	0	0	0	0	0	1	0	0	1	0	1	2	1	0	0	0	0	0	0	0	0	0	0	0	0	0	0	0	0	1	0	0	0	0	0	0	1	0	0	1	0	2	0	0
C1_03160C_A	COQ4	0	0	0	0	0	0	1	0	0	0	0	1	1	0	0	0	0	0	0	0	0	0	0	0	0	0	0	0	0	0	0	1	0	0	1	0	0	0	0	0	0	0	0	0	0	0	0	1	0	2.938	0	0	0	1.002	0.94	0	0	0	1	0
C1_03170C_A	C1_03170C_A	1	1	1	1	0	0	0	2	3.001	0	1	0	0	0	0	1	1	1	0	0	1	0	1	0	0	3.015	1.466	0	1	0	1	2	0	0	0	1	0	0	0	0	0	1	0	0	1	0	2	1	2.474	2.342	1	1	1	1	3	2	1.434	0	0	0
C1_03180W_A	C1_03180W_A	0	1	0	0	0	0	0	0	0	0	0	0	1	0	2	1	0	0	0	0	0	0	0	0	0	0	0	0	0	0	0	1	0	0	1	1	0	0	0	0	0	0	0	0	0	0	0	1	0	0	1	0	0	1	0	0	2	0	0	1
C1_03190C_A	ECM33	0	0	0	0	0	0	0	0	0	0	0	0	0	1	0	0	4	14	5	4	0	0	0	0	1	1	0	0	0	0	3	0	0	0	0	0	2	0	2	1	0	0	0	0	1	1	1	2	0	0	0	0	12	6	8	3	0	0	0	0
C1_03200C_A	ARO80	0	0	0	0	0	0	2	1	0.965	0	0	0	0	0	0	0	0	0	0	0	1	0	1	0	1.054	1	0	0.997	1.003	0	1	3.001	0	0	0	1	0	1	0	0	0	0	0	0	0	1.996	0	0	1.686	0	0	0	3.99	1	0	2	2	2	0	1
C1_03210C_A	CDC12	0	0	0	0	1	4	1	4	0	1	0	0	0	0	0	0	0	0	0	0	0	0	0	0	4	4	2	3	3	0	2.788	0	0	0	0	0	0	1	1.229	0	0	0	0	0	0	0	1	0	0	0	2	0	0	1	0	0	0	0	0	0
C1_03220C_A	BMH1	2	2	2	2	0	0	0	0	5	4	2	3	0	1	1	1	0	0	0	0	3	3	3	1	1	0	0	0	9	8	4	11	0	0	0	0	0	0	0	0	0	0	0	0	1	1	0	0	0	0	0	0	1	1	2	3	0	0	0	0
C1_03230C_A	ARX1	0	0	0	0	0	0	0	0	0	0	0	0	0	0	0	2	5	4	3	8	0	0	0	0	0	0	0	0	1	0	1	0	1	0	0	0	0	0	0	0	0	0	1	0	4	0	3	1	0	1	0	1	0	0	0	0	0	1	0	0
C1_03240W_A	C1_03240W_A	0	0	0	0	0	0	0	0	0	0	0	0	0	0	0	0	0	1	0	0	0	0	0	0	2	1	1	0	0	0	0	0	0	0	0	0	0	0	0	1	0	0	0	0	1	0	0	2	0	0	0	0	0	0	0	0	0	0	0	0
C1_03250C_A	SPP1	0	0	0	0	0	2	0	4.619	1	0	0	0	0	0	0	2	0	0	0	0	1	0	0	0	2	2.812	3	0	0	2.001	0	0	0	2	0	0	0	0	0	0	0	0	0	0	0	0	0	0	0	2.7	0	0	1	2	0	1	0	0	0	1
C1_03260W_A	C1_03260W_A	0	0	0	0	2	1	0	2	0	0	0	0	6	1	9	8	1	0	0	0	0	0	0	0	0	0	0	2	1	0.999	0	0	1	0	0	0	0	2	1.103	0	0	0	0	0	0	0	0	0	0	0	0	0	2	0	0	1	5	2	0	0
C1_03270W_A	C1_03270W_A	0	0	0	0	0	0	0	0	0	0	1	0	0	0	0	1	1	0	0	1	0	0	0	0	0	2	0	0	0	0	0	0	0	0	0	0	0	1	1	0	0	0	1.908	0	0	0	0	0	0	0	1	0	0	0	0	0	0	0	0	0
C1_03280W_A	C1_03280W_A	0	0	0	0	0	1	0	0	0	0	1	0	2	0	0	0	0	0	0	0	0	0	0	0	0	0	0	0	0	0	0	0	0	0	0	0	0	0	0	0	0	0	0	0	1	0	0	0	0	0	0	0	1	0	0	0	0	0	0	0
C1_03290W_A	NGG1	0	0	0	0	0	1	0	0	0	0	1	1	0	0	0	3	0	1	0	0	0	2	0	2.001	1	0	1	0	3	1	0	2	0	1	0	1	1	0	0	1	1	0	0	0	1	0	0	0	0	0	1	1	0	1	1	0	0	0	0	3.003
C1_03300C_A	MAS1	1	1	1	0	1	0	0	1	0	0	0	0	1	0	1	0	1	0	1	0	1	0	1	1	2.84	0	3	1	0	0	0	1	0	0	0	2	0	0	2	1	0	0	0	1	1	0	0	0	0	0	1	1.07	0	0	0	2	1	1	2	0
C1_03310W_A	C1_03310W_A	0	0	0	0	0	0	0	0	0	0	0	0	0	0	0	0	0	0	0	0	0	0	0	0	0	0	1	0	0	0	0	0	0.969	0	0	0	0	0	1	0	0	0	0	0	0	0	0	0	0	1	0	0	1	1	0	0	0	0	0	1.657
C1_03320C_A	EHD3	0	0	0	0	0	0	0	0	0	0	0	0	0	0	0	0	0	0	0	0	0	0	0	0	2	1.001	1	3	2	0	0	0	0	1	0	1	0	0	0	0	0	0	0	0	0	0	0	0	0	0	1	1	0	0	1	0	1	0	0	0
C1_03330C_A	ATG21	0	0	0	0	0	1	0	0	1	0	0	0	0	0	0	0	0	0	0	0	0	0	1	0	1	0	1	0	0	0	0	0	0	0	0	0	0	0	0	0	0	0	0	0	0	1	1	0	0	0	1	1	0	0	0	1	0	0	0	0
C1_03340C_A	SEC62	0	0	0	0	0	0	1.01	0	1	0	0	0	0	0	0	0	0	0	0	0	0	0	0	0	2.002	0	0	0	0	0	0	0	0	0	0	0	0	0	0	0	0	0	0	0	0	0	1	0	0	0	0	1	0	0	0	1	0	0	0	0
C1_03350C_A	RLI1	0	1	0	0	2	0	0	0	0	1	1	0	0	0	0	1	0	1	0	0	0	0	0	0	1	0	0	0	1	0	0	0	0	0	0	1	0	0	0	1	0	0	0	0	0	0	0	0	0	0	0	0	1	1	0	0	1	1	0	0
C1_03360W_A	C1_03360W_A	0	1	1	0	0	0	1.001	0	0	0	0	1.998	2.133	0	1	0	3	4	3.328	1	0	1	1	0	2	1.002	1	0	1	0	1	1	0	1	0	0	1.269	4	2	5	0	1	0	0	2	1	1.07	2	1	0	1.18	0	1	2	1	1	1.778	1	3.259	1
C1_03370W_A	PAB1	0	0	0	0	0	0	0	1	0	0	0	0	1	0	0	0	1.003	1.035	0	3	0	0	1	0	0	0	0	0	1	1	0	3	0	0	0	0	0	1	0	0	0	0	0	0	1	0	1	1	1	0	0	2	0	0	0	0	0	0	0	0
C1_03380W_A	TPS2	0	0	1	0	1	0	1	1	0	0	0	0	8	11	4	9	6	3	4	1	1	0	1	0	1.002	1	0	1	1	2	2	2	0.999	0	1	0	0	0	1	0	2.489	0	0	2	3	2	4	5	2	1.891	0	0	2	1	0	0	1.243	0	1	0
C1_03390W_A	EHT1	0	0	0	0	1	0	0	1	0	0	0	0	0	0	0	0	0	0	0	0	2	0	1	0	1	0	0	0	0	0	0	0	0	1	1	1	0	0	0	0	0	0	0	0	0	0	0	0	0	0	0	0	0	0	1.997	0	0	0	0	0
C1_03400W_A	C1_03400W_A	0	0	0	0	0	2	0	0	0	0	1	0	0	0	0	0	0	0	0	0	2	0	0	1	1.047	0	0	1	0	1.177	0	0	0	2	0	2	0	0	0	0	0	0	0	0	0	0	0	0	2.773	0	0	1	0	1.131	0	1	0	0	0	2
C1_03410W_A	C1_03410W_A	0	1	0	0	2	1	3	2	0	0	0	2.999	0	0	1	0	1	0	0	0	1	0	0	0	0	2	0	0	0	0	0	0	0	0	0	0	0	0	0	0	0	0	0	0	0	1	0	0	1	0	1	0	0	0	0	1	0	0	0	0
C1_03420W_A	tN(GUU)3	0	0	0	0	0	0	0	0	0	0	0	0	0	0	0	0	0	0	0	0	0	0	0	0	0	0	0	0	0	0	0	0	0	0	0	0	0	0	0	0	0	0	0	0	0	0	0	0	0	0	0	0	0	0	0	0	0	0	0	0
C1_03430W_A	C1_03430W_A	0	0	0	0	0	0	0	0	0	0	0	0	0	0	0	0	0	0	0	0.816	0	0	0	0	0	0	0	0	0	0	0	0	0	0	0	0	0	0	0	0	0	0	0	0	0	0	0	0	1.394	0	1	0	0	0	2	0	0	0	0	0
C1_03440C_A	C1_03440C_A	0	0	0	0	0	1	0	0	0	0	0	1	0	0	1	0	1	0	0	0	0	1	0	0	0	0	0	0	0	0	0	1	1	0	0	0	0	0	0	0	0	0	0	0	0	0	0	0	1	0	1	0	0	1	0	0	1	0	1	0
C1_03450C_A	C1_03450C_A	0	1	1	2	0	1	0	1	5.111	4.172	5	4	1	0	0.971	2.282	4	6	3.072	4	2	1.997	2	3	2.2	2.015	3	3	1	1	4.007	0	2	2	0	1	2	1	2	2	0	2	0	0	1	0	0	2	3.43	0	0	3.14	1	0	2	3.939	1	1.186	2	2
C1_03460C_A	C1_03460C_A	0	1	0	2	2	0	0	0	0	0	1.829	0	0	0	0	0	1	2	0	0	0	2	0	0	0	0	1	0	2	0	0	0	0	0	0	0	0	0	0	0	0	0	0	0	0	0	0	0	0	0	1	1	0	1	0	0	1.999	0	2	0
C1_03470C_A	C1_03470C_A	0	0	0	0	0	0	0	0	0	1	0	0	0	0	0	0	1	0	0	0	0	1	0	0	0	0	0	2	0	0	2	0	1	0	0	0	1	0	0	0	0	0	0	0	0	0	1.004	0	0	1	0	0	1	1	0	1	0	1	2	0
C1_03480C_A	AGE1	2	1	0	1	1	2	4.96	1	1.956	2	1	1	0	0	0	0	1	0	0	2	2	0	0	0	0	1	3.108	1	2	1	2	1	6	6	3	4	0	0	1	0	0	0	0	1	0	1	2	0	2	1	0	2	0	4	1	0	1.159	2	3	2.303
C1_03490W_A	C1_03490W_A	1	0	0	0	0	1	2	2	2.019	0	0	0	1	0	0	0	0	1	0	0	3	3	2	3	2	0	1	1	2	0	3	1	0	1	0	0	1	0	0	0	0	1	1	0	0	0	0	0	0	0	0	0	2.001	2	1	3.003	1	0	0	0
C1_03500W_A	YPT1	0	0	0	0	0	0	0	0	0	0	0	1	0	0	0	0	0	1	0	0	6	5	4	2	0	0	0	0	2	2	2	1.817	1	0	0	0	0	0	0	0	0	0	0	0	1	0	0	1	1	0	0	0	0	0	0	1	0	1	1	1
C1_03510C_A	C1_03510C_A	0	3	2	0	0	0	0	0	0	0	0	0	0	1	0	0	0	0	0	0	0	0	0	0	0	0	1	0	0	0	0	0	0	0	0	0	0	0	0	0	0	0	0	0	0	0	0	0	0	0	0	0	0	0	0	0	1	0	0	0
C1_03520W_A	RPN3	1	0	0	0	0	0	0	2	0	0	1	0	1.047	0	2	2	7.8	3.621	5	3	0	0	0	0	0	0	1	0	3	1	3	3	0	0	0	0	1	0	3	0	1	0	1	0	0	0	1	1	0	0	0	0	0	1	0	1	1	0	0	0
C1_03530W_A	MED17	0	0	0	0	0	0	0	0	0	0	0	0	0	0	0	0	0	0	0	0	1	7	1	1	1	0	0	0	0	0	0	0	0	1	0	0	0	0	0	0	0	0	0	0	0	0	0	0	0	0	0	0	0	1	0	0	0	0	1	1.585
C1_03540C_A	C1_03540C_A	0	0	0	0	0	0	0	0	0	0	0	0	0	0	0	0	0	0	0	0	1	0	0	0	0	0	0	0	1	0	0	0	0	0	0	0	0	0	0	1	0	0	0	0	0	0	0	0	0	0	0	0	0	0	0	0	0	0	0	0
C1_03550C_A	COQ6	1	0	0	0	0	0	0	0	1	1	0	1	0	0	0	0	0	0.999	0	0	0	0	0	0	1	0	0	1	0	0	0	0	0	0	0	1	0	0	0	0	0	0	0	0	1.985	0	0	0	2	1	0	0	0	0	0	0	1.614	0	0	1
C1_03560C_A	SUA71	0	0	0	0	1	0	2	0	0	0	0	0	0	1	0	0	0	0	0	1	0	0	0	0	0	0	0	1	0	1	0	0	0	0	0	1	0	0	0	0	0	0	0	0	0	0	0	0	0	0	0	0	0	0	0	0	0	0	0	0
C1_03570C_A	tL(UAA)3	0	0	0	0	0	0	0	0	0	0	0	0	0	0	0	0	0	0	0	0	0	0	0	0	0	0	0	0	0	0	0	0	0	0	0	0	0	0	0	0	0	0	0	0	0	0	0	0	0	0	0	0	0	0	0	0	0	0	0	0
C1_03580W_A	C1_03580W_A	0	0	0	0	0	0	0	0	0	0	0	0	0	0	0	0	0	0	0	0	0	0	0	0	0	0	0	0	0	0	0	0	0	0	0	0	0	0	0	0	0	0	0	0	0	0	0	0	0	0	0	0	0	0	0	1	0	0	0	0
C1_03600W_A	C1_03600W_A	1	0	0	0	0	0	0	0	0	0	0	0	0	0	0	0	0	1	0	0	0	0	0	0	0	0	0	0	0	0	0	1	0	0	0	0	0	0	0	0	1	0	0	0	0	0	0	0	0	1	0	0.753	0	0	1	0	0	0	0	0
C1_03610C_A	IMP1	0	0	0	0	0	0	0	0	0	0	0	0	0	0	0	0	0	0	0	0	0	1	0	0	0	0	0	0	0	0	0	0	0	0	0	0	0	0	0	0	0	0	0	0	0	0	0	0	0	0	0	0	0	0	0	0	1	0	0	0
C1_03620C_A	RPS22B	0	0	0	0	0	0	0	0	0	0	0	0	0	0	0	0	1	0	0	0	0	0	0	0	0	0	0	0	1	0	1	0	0	0	0	0	0	0	0	0	0	0	0	0	0	0	0	0	0.969	0	0.845	0	1	1	0	1	0	0	0	0
C1_03630W_A	C1_03630W_A	0	1	0	0	1.187	2.704	2	3	0	2	1	0	0	0	1	0	1	1	0	0	0	0	0	0	3.926	0	1	0	3	1	0	2	0	0	1	0	0	0	0	0	0	0	3	0	0	1	1	0	0	0	0	0	2.979	1	2	0	0	0	2	0
C1_03640C_A	HFL1	0	0	0	0	0	0	0	0	0	0	0	1	0	0	0	0	0	1	0	0	0	0	0	0	0	0	0	0	0	0	0	0	0	0	0	0	0	0	0	0	0	0	0	1	0	0	0	0	0	0	0	0	0	0	0	0	0	0	0	0
C1_03650C_A	MRPL27	0	0	0	0	0	2	4	0	0	0	0	0	0	0	0	0	0	0	0	0	0	0	0	0	0	0	0	0	0	0	0	0	0	0	0	0	5	7	3	3	0	0	0	1	0	0	1	3	0	0	0	0	0	0	0	1	1	0	0	0
C1_03660W_A	C1_03660W_A	0	0	0	0	2	0	0	0	0	0	0	0	0	0	0	0	0	0	0	0	0	0	0	0	0	0	0	0	0	0	0	0	0	0	0	0	0	0	0	0	0	0	0	0	0	0	0	0	0	0	0	0	1	0	0	0	0	0	0	0
C1_03670C_A	DAO1	0	0	0	0	4.959	0	2	2	0	0	0	0	0	0	0	1	0	0	2	0	0	4	2	3	1	1	1	1	0	0	0	0	0	0	0	0	0	0	0	0	0	0	0	0	0	0	0	0	1	0	1	1	0	0	0	0	0	2	1.507	2
C1_03680W_A	ENG1	2	0	0	0	3	0	0	0	0	0	1	0	0	0	0	0	1	1	0	0	1	0	0	0	0.874	0	3	1	1	0	1.48	0	0	0	0	0	0	0	0	0	0	1	0	0	0	0	0	0	1	0	3.338	1	0	2	0	0	0	0	0	1.168
C1_03690W_A	C1_03690W_A	0	0	0	0	1	1	0	0	0	0	0	0	0	0	0	0	0	0	0	0	0	1	0	1	0	0	0	0	0	0	0	0	0	1	0	0	0	0	0	2	0	0	0	0	0	0	2	0	0	0	0	0	1	0	0	2	0	1	0	0
C1_03700C_A	tT(CGU)1	0	0	0	0	0	0	0	0	0	0	0	0	0	0	0	0	0	0	0	0	0	0	0	0	0	0	0	0	0	0	0	0	0	0	0	0	0	0	0	0	0	0	0	0	0	0	0	0	0	0	0	0	0	0	0	0	0	0	0	0
C1_03710C_A	MSB1	0	0	0	0	1	5	3	2	3	2	0	6	1	1	0	0	3	0	2	0	0	0	0	0	0	1	4	2	1	1	2	0	0	0	0	0	6	6	5	2	1	0	0	0	0	0	0	0	1.112	2	2.801	1.195	1.138	0	1.06	1.016	1	0	3.228	0
C1_03720C_A	C1_03720C_A	0	0	0	0	0	0	0	0	0	0	0	0	0	0	0	0	0	0	0	0	0	0	0	0	0	0	1.286	0	1	0	0	0	0	0	0	0	0	0	0	0	0	0	0	1	0	0	0	0	1	0	0	0	0	0	0	0	0	0	0	0
C1_03730C_A	MNS1	0	0	0	0	0	0	0	0	0	0	0	0	1	0	0	0	0	0	0	0	0	0	0	0	0	0	0	0	0	0	0	0	0	0	0	0	0	0	1	0	0	0	0	0	1	1	0	0	0	1	1.182	0	2	0	0	0	0	0	0	1.098
C1_03740W_A	WAR1	0	0	0	0	1	0	0	2	0	0	0	1	0	0	0	0	1	0	1	2	0	0	2	0	0	0	0	1.981	0	0	0	1	0	1	0	0	2	1	2	5	0	0	0	2	0	0	0	0	2	0	0	2	2.208	0	0	0	0	0	2	0
C1_03750W_A	C1_03750W_A	0	0.965	0	1	0	0	0	0	0	1	0	0	0	0	0	0	0	0	0	0	0	0	1	0	0	0	2	0	0	0	0	0	0	0	0	0	0	0	1	0	0	0	0	0	0	1	1	0	3	3.82	0	0	2	0	0	1	1.458	0	0	0
C1_03760C_A	STR2	0	0	0	0	0	0	1.999	1	0	1	0	1	0	0	1	1	0	0	0	2	0	0	1	0	3	0	2	2	6.452	4	4	1.561	0.967	0	0.999	0	0	0	1	0	0	1	0	0	0	0	1	0	0	1	1	0	1.133	1	1	0	0	1	0	0
C1_03770W_A	SKO1	0	0	0	0	0	0	0	0	0	0	0	0	0	0	1	0	0	0	0	0	0	0	0	0	1	0	0	0	1	1	1	0	0	0	0	0	0	0	0	0	0	0	0	0	1	0	0	0	0	0	1	0	0	0	0	0	1	0	0	0
C1_03780C_A	HMG1	0	0	0	0	0	0	3.444	2	2	0.933	1.109	0	1	0	0	1	0	1	0	0	0	0	1	0	0	0	0	0	1.127	1.006	0	0	0	0	0	0	0	0	1	1	0	0	0	0	0	2	1	1	1.268	1.118	1.113	0	1	3	0	0.889	3	0	0	1
C1_03790C_A	FPR3	0	0	0	1	1.031	3.86	1	0	0	0	2	1	0	0	0	0	2	0	0	1.893	0	0	0	0	0	1	0	1	2	0	2.001	0	0	0	0	0	0	0	0	0	0	0	1	0	1	1	0	0	0	0	0	0	2.988	0	1	0	2	0	0	3
C1_03800W_A	RPP1	0	0	0	0	1	0	0	0	0.999	0	0	0	0	0	0	0	0	0	0	1	4	2	5	0	0	0	0	0	0	0	0	1	0	0	0	1	0	0	0	0	0	0	0	0	1	0	0	0	2	0	0	0	1	0	0	0	1	2.369	0	0
C1_03810C_A	ELA1	0	0	0	0	0	0	0	1	0	1	0	0	1	0	0	0	0	0	0	0	3	0	0.662	0	1	0	1	0	1	0	0	0	0	0	0	0	0	0	0	0	0	0	0	0	0	0	0	0	0	0	0	1	1	0	0	1	1.577	1	0	0
C1_03820W_A	PDR16	0	0	0	0	2.555	0	0	0	0	0	1	0	1	0	0	2	1	0	0	2	1	0	0	0	1	0	0	0	0	0	0	1	1	0	0	0	0	0	0	0	0	0	0	0	0	0	0	0	2	0	1	1	0	0	0	0	0	0	1	1
C1_03830C_A	C1_03830C_A	0	1	0	0	0	1	0	0	0	0	0	0	0	0	0	1	0	0	0	0	0	0	0	1	0	1	1	0	0	1	0	0	0	1	0	0	1	1	0	0	0	0	0	0	1	0	0	0	0	0	0	1	0	2	0	0	1	0	0	0
C1_03840W_A	C1_03840W_A	0	0	0	0	0	0	0	0	0	0	0	0	0	0	0	0	1	0	0	0	0	0	0	0	0	0	0	0	0	0	0	0	0	0	0	0	0	0	0	0	0	0	0	1	0	0	0	0	0	0	0	0	0	0	0	0	0	0	0	0
C1_03860C_A	BNI4	1	0	0	2	2.466	2	1	2	0	0	1	0	0	0	1	0	0	0	0	1	0	0	0	2	2	2	2	2	4.033	6.884	3	4	2	2	1	1	0	0	0	0	0	1	0	0	1.078	3	4	4	1.215	2	1.195	3.665	3	4	3.188	5	1.032	1	0	2
C1_03870C_A	C1_03870C_A	0	0	0	0	0	0	0	0	0	0	0	1	0	0	0	0	0	0	0	0	0	0	0	0	0	0	1	0	1	0	0	1	0	0	0	0	4	5	5	1.001	0	0	0	0	1	0	0	0	0	0	0	1.825	0	0	0	1	1.058	0	0	0
C1_03880C_A	C1_03880C_A	0	0	0	0	0	0	0	0	0	0	0	0	0	0	0	0	0	0	0	0	0	0	0	0	0	0	0	0	0	0	0	0	0	0	0	0	0	0	0	0	0	0	0	0	0	0	0	0	0	0.831	1	0	0	0	0	0.972	0	0	0	0
C1_03890W_A	C1_03890W_A	4.001	3	4	0	4	8	5	2	4	3	2	5	2	2	7	0	1	6	3	3	2	2	1	2	2	4	7	5	5	7	1	4	4	5	4	5	1	0	1	0	0	2	0	1.001	3	5	1	2	4.995	5	3	7	1	6	3	6	4	8.755	6	4.842
C1_03900W_A	SEN15	0	0	0	0	0	0	0	0	1	0	0	1	0	0	0	0	0	0	0	0	0	0	0	0	0	0	0	0	0	0	0	0	0	0	0	0	0	0	0	0	0	0.691	0	0	0	0	0	0	0	0	0	0	0	0	0	0	0	0	0	0
C1_03910C_A	C1_03910C_A	0	0	0	1	0	1	0	0	0	0	0	0	0	0	1	0	0	0	1	0	0	0	0	0	0	0	0	1	2	2.007	0	0	0	0	0	1	1	0	0	0	1	0	0	0	2	2	0	1	0	0	0	0	0	1	0	1	2.474	0	2.732	2.393
C1_03920C_A	ERF2	0	0	1	1	0	0	1	0	1.002	1	0	0	0	0	0	0	1	1	0	0	0	0	0.89	0	0	1	1	1	2	0	0	0	0	1	0	0	0	1	0	0	1	0	0	0	0	0	0	0	3	3	0	1	0	1	0	1	2.711	0	0	1
C1_03930W_A	C1_03930W_A	0	0	0	0	0	0	0	2	0	0	0	1	1	1	1	0	0	2	0	0	0	0	1	0	1	1	1	0	0	0	1	0	1	0	1	0	1	0	0	0	0	0	0	0	1	3	0	1	0	0	1	3.823	3	0	0	1	0	1	0	1
C1_03940W_A	C1_03940W_A	0	0	0	0	0	1	2	0	1	0	1	2	0	0	0	0	0	0	0	0	0	0	0	0	0	0	0	0	0	0	0	0	0	0	0	0	0	0	0	0	0	0	0	0	0	0	0	0	0	0	0	0	0	0	0	0	0	0	0	0
C1_03950C_A	C1_03950C_A	1	0	0	0	0	0	0	0	0	0	1	0	0	0	0	0	1	0	1	0	0	0	0	0	0	0	0	0	0	0	0	0	1	0	0	0	0	0	0	0	0	0	0	0	0	0	0	0	0	0	0	0	0	1	0	0	0	0	0	0
C1_03960C_A	C1_03960C_A	0	0	0	0	0	0	0	2	0	0	0	0	0	0	0	0	0	0	0	0	0	0	0	0	2	2.625	1.151	1	2.001	1	0	1	0	0	0	1	0	0	1	0	1	0	0	0	0	0	0	0	2	1.836	5.415	0	2	0	0	1	2	0	0	1
C1_03970W_A	C1_03970W_A	0	0	0	0	0	0	1	0	0	1	0	0	0	0	0	0	0	0	0	0	1	0	0	0	0	0	0	0	0	0	0	0	0	0	0	0	0	0	0	0	0	0	0	0	0	0	0	0	0	0	0	1	0	0	0	0	1	0.821	0	0
C1_03980W_A	SPC19	0	0	0	0	0	0	0	0	0	0	0	0	0	0	0	0	0	0	1	0	1	0	0	0	1	0	2	1.98	0	0	0	1	0	0	0	0	0	1	0	0	0	0	0	0	0	0	0	0	0	0	1	0	0	0	0	0	1	0	0	0
C1_03990W_A	C1_03990W_A	1	1	1	1	0	0	0	0	0	0	1	0	0	0	0	0	0	1	0	0	0	0	0	2	0	0	0	0	1	0	1	0	1	0	0	0	1	1	1	0	0	0	0	0	0	0	0	0	1	1	0	0	1	0	0	1	0	2	0	0
C1_04000C_A	KTR4	3	0	0	1	1	3	2	1.326	0	1	2	0	0	0	0	0	0	0	0	0	0	2	2	0	4.871	0	0	2.919	1	1.001	0	5	1	0	1.759	0	1	0	0	0	1.478	0	0	0	0	1	0	0	3.913	1.232	2.239	1.277	1.026	1	0	0	0	0	2.672	1
C1_04010C_A	C1_04010C_A	0	0	0	0	0	0	1	0	0	0	0	1	0	0	0	0	0	0	0	0	0	0	0	0	0	0	0	1	0	0	0	0	0	0	0	0	0	0	0	0	0	0	0	0	0	0	0	0	0	0	0	0	0	0	0	1	0	0	0	0
C1_04020C_A	CSH1	0	0	0	0	0	0	0	0	0	0	0	0	0	0	0	0	0	0	0	0	0	0	1	0	0	0	0	0	0	0	0	1	0	0	0	0	0	0	0	0	0	0	0	0	0	1.055	0	0	0	0	1	1	0	1	1	0	0	0	0	0
C1_04030W_A	C1_04030W_A	0	0	0	0	0	0	2	1.001	0	1.044	0	0	0	1.88	1	0	3	4	4	3	3	0	0	0	2	1	3.55	0	4	1.003	3	3	1	1	1.091	2	1	0	1.21	3.027	2	0	0	0	0	0	0	1	4.935	1	0	0	1	1	0	0	1.743	4.6	1.379	2
C1_04040C_A	NOP9	0	0	0	1	1.998	2	1	0	1	0	0	0	0	0	0	1	0	0	0	0	3	2	3	3.449	2.055	0	1	0	0	0	1	1.821	0	1	0	0	0	2	0	0	0	0	0	0	0	0	0	0	0	1	1	0	0	0	1	0	1	0	2	0
C1_04050C_A	MFALPHA	0	0	0	0	0	0	0	0	0	0	0	0	0	0	0	0	0	0	0	0	0	0	0	0	0	0	0	0	0	0	0	0	0	0	0	0	0	0	0	0	0	0	0	0	0	0	0	0	0	0	1	0	0	0	0	0	0	0	0	0
C1_04060W_A	IFI3	1	1	0	1	0	0	0	1	0	0	1	0	0	0	0	0	0	0	0	0	0	0	0	2	0	0	0	0	0	2	1	1	0	0	0	0	0	0	0	0	0	0	0	0	0	0	0	1	0	1	0	0	0.957	0	0	1	0	0	0	0
C1_04070C_A	BET4	0	0	1	0	1	0	0	0	0	0	0	1	0	0	0	0	0	1	0	0	0	0	0	0	1	0	0	0	1	1	1	0	1	0	0	0	0	0	0	0	0	0	0	0	0	0	0	0	0	0	1	0	0	0	1	1	0	0	0	0
C1_04080W_A	MAD2	0	0	0	0	1	0	0	0	0	0	0	0	0	0	0	0	7	7	7	7	5.878	5	1	5	0	0	1.118	0	0	0	0	0	0	0	0	0	0	0	0	0	0	0	0	0	0	0	0	2	0	0	0	0	0	0	0	0	0	0	0	1
C1_04090C_A	C1_04090C_A	1	6	0	3	1	6.003	6	4	10	6	9	13	2	2	1	1.093	2	3	1	2	1	1	1	1	3	1	3	2.284	1	6	2	2	3	1	2	0	3	3	3	0	1	0	0	2	2	4	1	2	2.25	0	1	5	5.858	3.001	4.004	4.935	5	10	8.859	4
C1_04100C_A	POR1	0	0	0	0	0	0	0	1	0	0	0	0	0	0	0	0	0	0	0	0	0	0	0	0	0	0	0	0	0	0	0	1	0	0	0	0	0	0	0	0	0	0	0	0	0	0	0	0	1	0	0	0	0	0	0	0	0	0	0	0
C1_04110W_A	C1_04110W_A	2	1	0	0	0	0	0	0	0	0	1	0	0	0	0	0	0	1	1	2	1	0	1	0	2.837	0	0	0	0	0	0	1	0	0	1	0	0	0	1	0	0	1	0	0	0	0	1	0	1	2.066	1	2	0	2	0	3.883	0	0	1	0
C1_04120C_A	C1_04120C_A	1	0	1	0	1	0	0	0	8	4	0	6	0	1	0	1	0	0	0	0	0	2	2	0	1	3	2	3	0	1	0	0	1	1.236	0	2.901	0	0	0	0	1	0	2	0	1	1	2	2	0	3	0	1	1	1	1	2	0	1	1	2
C1_04130W_A	ERB1	3	2	2	2	3	1	0	1	0	1	0	2	0	0	2	0	2	2	0	0	0	1	0	0	1	1	1	0	3	0	2.564	0	0	0	0	0	0	0	1	0	0	0	0	0	1	0	1	0	5	1	0	3.275	1.01	1	0	1	1.12	0	1	1.125
C1_04140W_A	IFD6	0	0	0	0	0	0	0	0	1	0	0	0	0	0	0	0	0	0	0	0	0	0	0	0	1	1	0	0	0	0	0	0	0	0	0	0	0	0	1	0	0	0	0	0	0	0	0	0	0	0	0	0	1	1	0	0	1	0	1	0
C1_04150C_A	C1_04150C_A	1.861	0	0	0	0	0	1	1	0	0	0	0	1	0	0	0	0	0	0	0	0	0	0	0	2	0	0	0	0	1	1	0	0	0	1	0	0	0	0	1	0	0	0	0	0	1	0	0	0	0	0	0	1	0	0	0	0	0	0	0
C1_04160C_A	C1_04160C_A	0	1.022	1.885	0	0	0	0	0	0	1	0	0	0	0	0	0	0	0	0	0	0	0	1.997	0	0	1	2.517	1	0	0	0	0	0	0	0	0	0	0	0	0	1	0	0	1	0	0	0	0	2	0	1	0	0	0	0	0	0	0	1	0
C1_04170C_A	HTA2	1	0	0	0	0	1	2	2	0	0	0	0	1	0	0	0	0	2	3	2	0	0	0	1	0	0	0	0	0	0	0	0	0	0	0	0	1	0	0	0	0	0	0	0	0	0	0	0	0	0	0	0	0	0	0	0	2	1	0	0
C1_04180W_A	HTB2	0	0	0	1	2	2	4	3	0	0	0.962	0	0	0	0	0	1	1	0	1	0	0	0	0	1	1	0	0	2	1.612	1	1	0	1	1	1	0	0	0	0	0	0	0	0	0	1	0	0	0	0	0	1	4	1	2.098	3	0	2	0	1
C1_04190C_A	BST1	0	0	0	0	1	1	1	2.561	0	1	0	0	0	0	0	1	0	0	0	0	0	0	1	2	1	1	0	0	0	0	2	1	0	0	0	0	0	0	0	0	0	0	0	0	0	0	0	1	0	0	0	1	0	0	1	1	0	1.744	1.849	0
C1_04200C_A	C1_04200C_A	0	1	0	0	0	0	0	2	2	1	1	0	1.999	2	0	2	1	0	0	0	3	1.001	1	3	0	0	0	0	0	1	1	2	0	0	0	0	0	0	0	0	0	1	0	0	0	1	1	1	0	1	0	0	0	0	1	1	2.52	0	0	1
C1_04210C_A	CDC3	0	0	0	0	0	0	0	0	4	4	2	1	0	0	0	0	4	5	12	7	0	2	0	1	1	0	0	0	1	3	2	3	1	0	0	1	0	0	0	0	0	0	0	0	9	0	3	2	0	0	0	1	14	6	6	3	0	1	1	0
C1_04220C_A	C1_04220C_A	0	0	0	0	0	0	0	0	2	0	0	0	0.908	0	0	0.988	0	0	0	0	0	0	0	0	0	0	0	0	0	0	0	0	1	0	0	0	0	0	0	0	0	0	0	0	0	0	0	1	1	0	0	0	0	1	4	0	0.723	0	0	0
C1_04230W_A	C1_04230W_A	0	0	0	0	0	0	0	0	3	0	1	2	0	1	0	0	0	0	0	0	0	0	0	0	0	1	1	1	0	0	0	0	0	0	1	1	4	4	2	1	1	0	0	0	3	1	2	1	0	0	0	0	4	2	1	1	0	0	1	0
C1_04240C_A	HHF1	5	6	3	2	3	1	4	5	12	5	11	7	1	1	1	1	10.415	8.542	8.948	4.394	6	6	2	4.296	4	6	1	3	1	1	5	4	0	0	1	0	0	0	0	0	0	0	0	0	1.272	2.377	0	5.465	0	0	0	0	0	6	0	0	0	0	0	0
C1_04250C_A	C1_04250C_A	0	0	0	0	0	0	0	0	0	0	1	1	0	0	1.268	0	0	0	0	1	0	0	0	1.535	1	0	1	0	0	1	0	0	0	0	0	0	0	0	0	0	0	0	0	0	0	0	0	0	0	1	0	0	0	1	0	2	0	1	0	0
C1_04260W_A	HHT21	0	0	0	0	0	0	1	0	1	3	0	0	0	0	0	0	0	2	0	0	0	0	0	0	0	0	0	0	0	0	0	0	0	0	0	0	0	0	0	0	0	0	0	0	0	1	0	0	0	0	0	0	0	0	0	0	0	0	0	0
C1_04270C_A	C1_04270C_A	0	0	0	0	0	0	0	0	0	0	0	0	0	0	0	0	0	1	0	0	0	0	0	0	0	1	1	1	0	0	0	0	0	0	1	0	0	0	0	0	1	1	0	1	0	0	1	0	1	0	0	1.684	0	0	0	1	0	0	1.651	0
C1_04280C_A	GPI18	0	1	0	0	0	1	1	1	1	0	0	0	0	0	1	0	1	1	0	0	1	1	0	0	1	0.997	0	0	0	1	2	0	0	0	1.862	0	0	1	0	0	0	0	0	0	0	0	0	0	1	0	1	0	1	0	1	1	0	1	0	1
C1_04290C_A	ACS2	0	0	1	0	2	0	0	0	4.889	6	3	7.006	0	0	0	1	0	0	0	0	0	0	0	0	0	1	0	0	0	0	0	0	0	0	0	0	1	1	0	0	0	1	0	1	3	2	0	0	0	1	0	1.76	0	0	0	0	0	0	0	2
C1_04300C_A	SSA2	0	0	0	0	2	0	1	0	0	0	0	0	0	0	0	0	0	0	0	0	0	0	2	5	0	1	0	0	0	0	0	0	0	2	0	0	0	0	0	0	0	0	0	1	5	0	0	0	0	0	1	0	0	0	0	0	1	0	0	1
C1_04310C_A	GIG1	0	0	0.932	0	1	1.868	0	0	1	2	0	0	0	0	0	0	0	0	0	0	0	1	0	1	0	0	0	0	2	3	3	0	0	0	0	0	6	1	2	4	0	0	0	1	3	5	3.001	6	0	0	0	0	9	8	11	10	0	0	1	0
C1_04320W_A	GPM2	0	0	0	0	0	0	0	0	0	1	0	0	0	0	0	0	0	0	0	0	0	1	0	0	0	1	0	0	0	0	0	0	0	0	0	0	1	1	0	0	0	0	0	0	0	0	0	0	0	0	0	0	0	0	0	0	0	0	1	0
C1_04330W_A	RPN4	1	0	1	0	0	0.958	1	0	1	0	0	0	0	0	0	0	1	0	0	1	0	1	0	0	0	0	0	0	0	0	0	0	0	0	1	0	0	0	0	0	0	0	0	1	0	0	0	0	1	0	0	0	0	1	0	0	0	0	0	0
C1_04340C_A	C1_04340C_A	0	0	0	0	0	0	0	1	1	0	0	0	0	0	1	0	0	0	0	0	0	0	0	0	1	0	0	0	0	0	0	0	0	0	0	0	0	0	0	0	0	0	0	0	0	0	0	0	0	0	1	0	0	0	0.995	0	0	0	1	0
C1_04350C_A	C1_04350C_A	1	0	2	0	1.163	1	1.077	0	0	1	0	0	0	0	0	0	3	1	1	1	2	0	0	1	0	2	1	1	1	0	1	0	0	0	0	1	0	0	0	1	0	0	0	0	0	0	0	0	1	3	0	0	4.381	0	1.089	1.027	1.055	0	0	0
C1_04360C_A	C1_04360C_A	0	0	0	0	0	0	0	0	8	5	2	7	1	2	1	2	0	0	0	0	3	2	1	1	2	0	1	2	0	2	0	2	0	0	0	0	3	4	2	2	0	0	0	0	0	3	2	1	0	0	0	0	0	0	0	0	0	0	0	0
C1_04370C_A	C1_04370C_A	0	0	0	0	0	0	0	0	0	0	0	0	0	0	0	0	0	0	0	0	0	0	1	0	0	0	0	0	0	0	0	0	0	0	0	0	0	0	0	0	0	0	0	0	0	0	0	0	0	0	0	0	0	2.001	0	0	0	1	0	0
C1_04380W_A	SIT4	0	0	0	0	0	0	0	0	0	0	1	0	0	0	0	0	0	0	0	0	0	0	1	0	0	0	0	1	0	0	0	0	0	0	0	1	0	0	0	0	0	0	0	0	0	0	0	0	0	0	0	0	0	0	0	0	0	1	1	0
C1_04390C_A	NOP4	0	1	0	1	0.992	1	0	3	3	1	3	2	0	0	0	0	1	0	0	1	0	0	0	0	2	0	1	0	0	0	0	0	0	0	0	0	1	2	0	0	0	0	0	0	0	0	1	0	0	2	0	1	0	2	1	1	1	0	2.392	0
C1_04400C_A	APE2	1	0	0	0	0	0	2	0	0	1	0	1	1	1	0	0	1	0	0	0	0	0	0	0	2	0	1	0	0	2	0	0	0	0	2	0	1	3	5	3	0	0	0	0	0	0	0	0	0	0	1	0	2	0	2	1.479	1	0	1	2.525
C1_04410C_A	ESS1	0	0	0	0	0	0	0	0	0	0	0	0	0	0	0	0	0	0	0	0	0	0	0	0	0	0	0	0	0	0	0	0	0	0	0	0	0	0	0	0	0	0	0	0	0	0	0	0	0	0	0	0	0	0	0	1	1	0	0	0
C1_04420C_A	URA6	1	0	0	0	0	0	0	0	0	0	0	0	0	0	0	0	0	0	0	0	0	0	0	0	0	0	0	0	0	0	0	0	0	0	0	0	0	0	0	0	0	0	0	0	0	3	2	2	0	0	0	1	0	0	0	0	1	0	0	0
C1_04430C_A	C1_04430C_A	0	0	0	0	0	0	0	0	0	0	0	0	0	0	0	0	0	0	0	0	0	0	0	0	1	0	0	0	0	0	0	0	0	0	0	0	0	0	0	0	0	0	1	0	0	0	0	0	1	0	0	0	0	0	0	0	0	0	0	0
C1_04440W_A	C1_04440W_A	0	0	0	0	0	0	0	0	0	0	0	0	0	0	0	0	0	0	0	0	0	0	0	0	0	0	0	0	0	0	0	0	0	0	0	0	0	0	0	0	0	0	0	0	0	0	0	0	0	0	0	0	0	0	0	0	0	0	0	0
C1_04450C_A	FMA1	0	0	0	0	1	0	0	2	0	0	1	0	0	0	0	0	0	0	0	0	1	0	0	0	0	0	0	0	0	0	0	0	0	0	0	0	0	0	0	0	0	0	0	0	0	0	0	0	0	0	0	0	0	0	0	0	0	0	0	0
C1_04460C_A	C1_04460C_A	0	0	0	0	0	0	0	0	0	0	0	0	1	0	0	0	0	0	0	0	0	0	0	0	0	1	0	0	0	0	0	0	0	0	0	0	0	0	0	0	0	0	0	0	0	0	0	0	0	0	0	1	1	1	0	0	0	0	0	0
C1_04470C_A	C1_04470C_A	0	0	0	0	0	0	0	0	0	0	0	0	1	0	0	0	0	0	0	0	1	0	0	0	0	0	0	0	0	0	0	0	0	0	0	0	0	0	0	0	2	0	0	0	0	0	0	0	0	0	0	0	0	0	0	0	1	0	0	1
C1_04480C_A	TUS1	0	0	1	0	4.224	4	3.613	6	2.205	4	1	2.001	0	0	0	2	3	0	7	1.027	0	0	0	0	0	0	1	0	1	0	0	2.966	0	0	0	0	2	3	0	2	0	1	0	0	5	6	5	1	0	0	2.406	1	0	0	0	1	3	0	1	0
C1_04490W_A	C1_04490W_A	1	2	1	0	0	0	0	0	3	0	2	3	0	0	0	0	0	0	0	0	1	0	1.994	0	2	2	0	0	2	0	0	0	0	0	0	1	3	1	2	2	0	0	0	0	1	0	5	0	1	1.001	2	0	3	3	2	4.441	0	0	0	0
C1_04500W_A	ICL1	0	1	1	1	0	0	0	0	21	18	18	17	3	1	2	1	4	2	5	4	5	2	2	7	6	4	6	7	8	5	15	8	2	4	1	2	4	1	5	2	3	0	0	0	9	4	3	1	0	0	0	0	6	14	7	10	0	0	0	0
C1_04510W_A	C1_04510W_A	0	1	0	0	0	0	1	0	0	1	0	0	0	0.995	0	1	0	0	0	0	1	0	1	1	0	0	1	0	1.002	0	0	0	0	1	1	0.87	0	0	0	0	0	0	1	0	3	0	0	0	1	2	0	0	0	1	0	2.98	0	0	0	0
C1_04520C_A	PHO85	0	1	0	0	0	0	0	0	0	0	0	0	0	0	0	0	0	0	0	0	0	0	0	0	0	0	0	0	0	0	0	0	0	0	0	0	0	0	0	0	1	0	0	0	0	0	0	0	0	0	0	1	1	0	2	0	0	0	0	0
C1_04530C_A	C1_04530C_A	0	0	0	0	0	0	1	0	0	0	0	0	1	0	0	0	1	1	0	0	0	0	0	0	2	0	0	0	1	0	0	1.005	0	0	0	0	2	0	0	0	0	0	0	0	0	0	3	0	1	0	1	0	0	0	0	0	0	3.789	0	0
C1_04540C_A	VPS16	3	0	0	1.993	3	2	1	0	4	3	2	1	1	0	1	0	2	2.422	1	1	4	1	1	2	6	3	1	1.001	3	5.856	1	1	0	1	1	1	1	2	3	3	2	1	2	0	3	0	2.983	1.056	1	1.125	2.417	2	5.009	7.002	4.177	7	2.289	5	5	6.868
C1_04550W_A	ELC1	0	0	0	0	0	0	0	0	0	0	0	0	0	0	0	0	0	0	0	0	0	0	0	0	0	0	0	0	0	0	0	0	0	0	0	0	0	0	0	0	0	0	0	0	0	0	0	0	0	0	0	0	0	0	0	0	0	0	0	0
C1_04560W_A	C1_04560W_A	0	0	0	0	1	0	0	0	0	0	0	0	1	1.12	0	0	0	1	1	0	0	0	0	0	1	0	0	0	2	2	3	0	0	0	0	1	0	0	0	1	0	0	0	0	1	0	0	0	0	0	0	0	3	0	0	1.055	0	1	1	0
C1_04570C_A	CHL4	0	1	0	0	0	0	0.93	0	0	0	0	0	0	0	0	0	0	1	0	0	0	0	0	0	0	0	0	0	0	0	1.48	1	1	0	1	0	0	0	0	0	0	0	0	0	0	0	0	0	0	0	1	0	0	1	0	0	0	0	0	1.001
C1_04580C_A	C1_04580C_A	0	2	0	0	2	1	0	0	0	0	3	2	0	1	0	2	2	2	0	0	0	0	0	0	1	0	1	0	1	0	3	0	1	0	0	0	0	0	0	0	0	0	1	0	0	0	1	0	0	1	0	0	3	0	0	0	0	0	3	1.601
C1_04590W_A	C1_04590W_A	0	0	0	0	0	0	0	0	0	0	0	0	0	0	0	0	0	0	0	0	0	0	0	0	0	0	0	0	0	0	0	0	0	0	0	0	0	0	0	1	0	0	0	0	0	0	0	1	0	0	0	0	0	0	0	0	0	0	0	0
C1_04600C_A	C1_04600C_A	1	0	0	0	0	0	0	0	0	0	0	0	0	0	0	0	0	1	0	0	0	0	0	0	0	1	1	0	1	0	0	0	0	0	0	0	0	0	0	0	0	0	0	0	0	0	0	0	0	0	0	0	0	0	0	0	1	0	0	1
C1_04610W_A	ATP1	0	0	0	0	0	0	0	0	0	0	0	0	0	0	0	0	1	0	0	0	1	0	1	4	0	0	0	0	0	0	0	0	0	0	0	1	0	0	0	0	0	0	0	0	2	1	1	1	0	1.384	1	0	5	1	2.001	0	1	0	1	0
C1_04620W_A	C1_04620W_A	3	4	2	4	0	1.169	3	1	6	1	1	3.003	0	0	1	0	2	4	5	3	1	1	1	1	4	4	3	4	2	1	0	1.23	5	4	1.013	5	1	0	3	1	1	0	0	0	2.001	1	2.068	1	6	2.874	1	2.395	2	4	2.032	4	0	1	1	1
C1_04630C_A	C1_04630C_A	0	1	0	0	2.165	2	2	2	2	1.847	0	0	0	0	3	0	0	1	1	0	1	0	0	2	2.015	0	2	0	0	0	5	2	0	0	0	1	0	0	0	1	0	1	0	0	0	0	1	1	0	2	1	2.278	0	1	2	2	0	2.183	1.07	0
C1_04640W_A	C1_04640W_A	2	0	1	0	0	2	0	1	0	0	0	0	3	6	3	5	0	0	0	0	0	0	2	0	0	1	0	0	2	1	0	0	0	0	1.003	2	1	0	0	0	0	0	0	0	0	0	2.01	0	1	0	0	0	3	1	1	0	0	0	0	2.893
C1_04650W_A	DUR3	0	0	0	0	0	1	0	0	1	0	0	1	0	0	0	0	0	0	0	0	0	0	0	1	1	0	0	0	0	2	0	1	1	1	0	0	0	0	0	1	0	0	0	0	0	3	0	0	1	0	0	3	0	0	1	0	1.075	0	0	0
C1_04660W_A	DUR1	0	0	0	0	3	6	9	2	1	0	0	3	1	0	1	0	1	0	0	1	1	3	3	0.998	0	2	2.996	1	0	0	1.001	0	0	2	0	2	0	0	0	0	2	0	0	0	1	1	2	1	4	1.243	1	1.117	2	5.043	0	3.39	0	0	0	2
C1_04670W_A	HAT1	0	0	0	0	0	0	0	0	1	0	1.998	1.999	0	0	0	2	0	1	0	1	1	0	0	0	0	0	0	1	3	2	2.356	4	0	0	0	0	0	0	0	0	2	0	0	1	1	0	0	0	0	0.906	2	0	0	0	1	3	1.269	0	1	0
C1_04680W_A	PIL1	0	0	0	0	0	0	0	0	1	0	0	0	0	0	0	0	0	0	0	0	0	0	0	0	0	0	0	0	0	0	0	0	0	0	0	0	0	0	0	0	0	0	0	0	1	0	0	0	0	0	0	1	0	0	0	0	2	0	0	0
C1_04690C_A	C1_04690C_A	0	0	1	0	0	0	0	0	1.991	0	0	0	0	0	0	0	2	0	2	2	0	0	0	0	0	0	0	2.001	0	3	0	1	1	0	0	0	0	0	0	0	0	0	1	0	0	0	0	0	1	1	0	0	1	0	0	3	0	1	0	0
C1_04700C_A	C1_04700C_A	1	0	2	1	1	0	0	0	0	0	1.363	0	1	0	0	0	0	0	0	0	1	0	1	0	0	0	0	0	0	0	0	2	0	0	1	0	0	0	0	2	0	0	0	0	0	0	0	1	0	0	2.555	0	0	0	0	0	0	0	2	0
C1_04710C_A	RSA3	0	0	0	0	0	0	0	0	0	1	0	1	0	0	1	0	0	0	0	0	0	0	0	0	0	0	0	0	0	0	0	0	0	0	0	0	0	0	0	0	0	0	0	0	0	0	0	1	0	0	1	0	1	0	0.983	0	0	0	0	0
C1_04720W_A	C1_04720W_A	0	0	0	0	0	0	0	0	0	0	0	0	0	0	0	0	0	0	0	0	0	0	0	0	0	0	0	0	1	0	0	0	0	0	0	0	0	0	0	0	0	0	0	0	0	0	0	0	0	0	0	0	0	0	0	0	0	0	0	0
C1_04730C_A	LYS21	0	0	0	0	0	0	0	0	0	1	0	0	0	0	0	0	0	0	0	0	0	0	0	1	0	1	2	1	0	0	0	0	0	0	0	0	0	0	0	0	0	0	0	0	0	0	0	0	0	0	0	0	3	5	1	4	1	1	0	0
C1_04740W_A	LPG20	0	0	0	0	1.762	0	0	0	0	0	0	0	0	0	0	0	0	0	1	0	0	0	0	0	2	0	0	0	0	0	1.057	0	0	0	0	0	0	0	0	0	0	0	0	0	0	0	0	0	0	0	0	0	0	1	0	2	0	0	0	0
C1_04750W_A	IFE1	0	0	0	0	1	1.185	0	0	1	0	0	1	0	0	0	0	1	0	0	0	1	0	0	0	0	0	0	0	2	0	0	1	0	0	0	0	0	0	1	0	0	0	0	0	0	0	0	0	0	1	0	0	0	1	1	1	1.842	0	1	0
C1_04760C_A	SYG1	0	0	0	0	2	1.51	1	0	0	0	0	0	0	1	3	0	3.046	0	0	1	1.206	0	2.023	1	2	0	0	1.022	1	0	1.384	1.342	0	0	0	0	0	1	0	0	0	0	0	0	1	1	0	3	2	0	1	1	4	5	2	5	5	1.094	7.58	5.218
C1_04770C_A	ERG3	0	0	0	0	1	2	2	4	1	2.836	6	1.012	0	0	0	0	0	0	0	0	0	0	0	0	0	0	0	0	0	0	0	0	0	0	0	0	0	1	0	0	0	1	0	0	0	0.961	0	0	0	0	0	0	0	1	0	0	0	1	0	1
C1_04780C_A	C1_04780C_A	0	0	0	1	1.954	0	0	0	0	0	0	1	0	1.947	1	0	1	1	0	1	0	0	0	0	0.997	1.01	0	1.359	1.989	1	0	0	0	0	0	0	0	0	0	0.999	2	1	0	0	0	0	0	0	0	0	0	0	0	0	2	0	0	1.241	1	0
C1_04790W_A	C1_04790W_A	0	0	0	0	0	0	0	0	0	0	0	0	0	0	0	0	0	0	0	0	2	2	2	4	0	0	1	0	0	0	0	0	0	0	0	0	0	0	0	0	0	0	0	0	2	2	1	0	1	1	0	0	1	0	0	0	0	0	1	0
C1_04800C_A	C1_04800C_A	1	0	0	0	0	0	0	0.999	0	1	1	0	0	0	0	1	0	0	0	0	1	0	0	1	1	0	0	1	0	0	1	0	0	0	0	0	1	2	0	0	0	0	0	0	0	1	0	0	2	0	0	0	0	0	0	0	0	1	1	0
C1_04810W_A	TCO89	1	0	0	0	0	0	0	0	0	0	0	0	1	0	0	0	0	0	0	0	1	0	0	0	0	0	0	0	0	0	0	0	0	0	0	0	0	0	0	0	0	0	0	0	0	0	1	0	1	0	0	0	1	0	0	0	0	1.597	0	0
C1_04820C_A	C1_04820C_A	0	0	0	1	0	0	0	1	0	0	1	0	1	0	0	1	0	0	0	1	0	1	0	1	0	1	1	2	0	0	0	0	0	0	0	2	0	0	0	0	0	0	0	0	1	1	2	0	0	4	0	1	2	1	0	1	1	2	1	0
C1_04830W_A	SEC21	0	0	0	0	0	0	0	1.506	0	0	0	0	0	0	0	0	0	1	0	0	0	0	0	1	0	0	0	0	0	0	0	1	0	0	0	0	0	0	0	0	0	0	0	0	0	0	0	0	1	1	0	2.015	0	0	1.075	0	0	0	1	0
C1_04840C_A	C1_04840C_A	0	0	0	0	0	0	0	1	0	0	0	0	0	1	0	1	0	0	0	0	0	0	2	2	0	0	0	0	0	0	0	0	0	0	1	1	0	0	0	0	0	0	0	0	0	0	1	0	0	0	0	0	1	1	1	0	3	2	1	1
C1_04850C_A	C1_04850C_A	0	0	0	0	0	0	0	0	2	0	0	0	1	1	0	0	0	0	0	0	0	0	0	0	0	0	1	0	0	0	0	0	0	0	0	1	0	0	0	0	0	0	0	0	0	1	0	1	0.854	0	0	0	0	0	1	0	0	0	0	0
C1_04860W_A	C1_04860W_A	0	1	0	1	1	3	0	0	0	1	0	1.786	0	0	0	0	1	0	0	0	0	0	1	0	1.948	2	2	0	1.197	1.204	0	1	0	2.555	1	0	1	0	0	0	0	0	0	1	3	0	0	0	0	0	2.51	1	4	4	2	5	0	0	0	0
C1_04870W_A	SAP7	0	0	0	1	0	0	0	0	1.998	0	0	0	0	0	0	0	0	0	1	0	0	0	0	0	1.018	0	0	0	0	0	0	0	1	0	0	0	0	1	0.988	0	0	0	0	0	0	0	0	0	0	0	0	0	0	0	0	0	0	0	0	0
C1_04880C_A	MRPL37	0	0	0	0	0	0	0	0	0	0	0	0	0	0	0	0	0	0	0	0	0	0	0	0	0	0	0	0	0	0	1	0	0	0	0	0	0	0	0	0	0	0	0	0	0	0	0	0	0	0	0	0	0	0	0.971	0	0	0	1	0
C1_04890W_A	YBN5	0	0	0	0	0	0	0	0	0	0	0	0	0	0	1	0	0	1	0	0	1	1	0	2	0	0	0	0	0	0	0	0	0	0	1	0	1	1	1	1	0	0	0	0	1	1	1	2	0	1	0	0	0	0	0	1	0	0	0	1
C1_04900W_A	MNN15	0	0	0	0	1	1	0	1	0	0	0	1	0	0	0	2	0	1	0	0	1.366	0	0	3	2	1	0	2	1	1.997	0	1	1	0	0	0	0	1	0	0	1	0	0	0	0	1	1	0	0	1.673	1.304	0	0	0	0	0	2.601	1	1	0
C1_04910C_A	C1_04910C_A	0	0	0	0	0	1	1	0	0	0	0	0	0	0	1	0	0	0	0	0	2	1	1	1	0	1	1	0	0	0	0	0	0	0	1	0	0	0	0	0	0	0	0	0	0	1	0	0	1	0	0	0	0	0	1.999	2	0	0	0	0
C1_04930C_A	C1_04930C_A	0	1	1	0	0	0	0	0	0	0	0	0	0	0	0	0	0	0	0	0	0	0	0	0	0	0	0	2	0	0	0	0	0	0	0	0	0	0	0	0	0	0	0	0	0	0	0	0	0	0	0	0	0	0	1	0	0	0	1	0
C1_04940C_A	C1_04940C_A	0	0	0	0	0	0	0	0	0	0	0	0	0	0	0	0	0	0	0	0	0	0	0	0	0	1	0	0	0	0	0	0	0	0	0	0	0	0	0	0	0	0	0	0	0	0	0	0	0	0	0	0	0	0	0	0	0	0	0	1
C1_04950C_A	RPM2	0	0	2	1	1	1.929	3.107	1	2	1	1	1.317	0	0	1	1	0	0	0	1	3.008	2.7	0	1	1.146	0.811	2	0	3	4	1	1	2	1.237	0	2	1	0	0	0.993	0	0	2	0	0	1	0	1	1	0	2.652	2.072	1	2.866	2	1.15	0	3.296	0	4
C1_04960C_A	C1_04960C_A	0	1	0	0	0	2	1	0	1	0	0.986	0	0	1	0	1	1	0	1	0	0	0	0	0	0.967	1.293	2	0	2	4	0	0	1	1.197	1.852	0	0	2	0	0	0	0	0	0	0	0	0	0	0	1.226	1	0	0	1	0	4	0	0	0	1
C1_04970W_A	CLU1	0	0	0	0	3.002	0	1	0	0	0	0	2	3	3	2	4	0	2	0	3	4	3	2.137	3.005	5	5.225	3.875	3.001	6.001	8	15	7	0	0	0	2.155	6.001	9	7	5	0	1	1	0	3	3	2	0	1.304	0	0	0	1.194	3	4	1	2.092	0	1	1.413
C1_04980C_A	C1_04980C_A	4	6	2	3	0	0	0	0.791	2	0	0	0	0	0	1	0	0	0	1.997	0	0	0	0	0	0	0	2	1	0	0	0	0	2	1	0	0	0	0	1	0	0	0	1	0	0	0	0	1	0	0	0	2	0	2	0	1	0	0	0	0
C1_04990C_A	C1_04990C_A	0	0	0	0	0	0	0	0	1	1	0	3	0	0	0	0	0	0	0	0	0	0	1	0	0	1	2	1	1	0	0	0	0	0	0	0	0	0	0	0	0	0	0	0	0	1	0	0.975	0	0	0	0	0	0	0	0	2	3	0	0
C1_05000W_A	RHD1	1	1	1	0	2	0	3	1	0	0	0	0	0	0	0	0	0	0	0	0	0	2	0	1	0	0	2	1	2	0	0	2	1	1.154	0	1	1	0	0	0	0	0	0	0	1	0	0	0	0	0	2	0	0.993	2	1	0	0	1.749	0	0
C1_05010C_A	C1_05010C_A	0	0	0	0	0	0	2	2	0	0	0	0	0	0	0	0	1	0	0	0	0	0	0	0	0	0	1	0	2	0	0	0	0	0	0	0	0	0	0	2	0	0	0	0	0	1	0	0	0	1	0	0	0	0	1.01	2	1	0	0	0
C1_05020C_A	ARG2	0	1	0	0	0	0	2	0	0	0	0	0	1	0	0	1	0	0	0	0	0	0	0	0	2	0	1	2	0	0	1	0	0	0	0	0	0	0	1.473	0	0	0	0	0	0	0	2	0	0	0	1	0	1	1	0	0	1	0	2	2.579
C1_05030C_A	PSF2	0	0	0	0	0	0	0	0	0	0	0	0	0	0	0	1	0	0	0	0	1	0	0	0	0	0	0	0	0	0	0	1	5	2	2	5	0	0	0	0	0	0	0	0	1	0	1	0	0	0	0	0	0	0	0	0	0	0	0	0
C1_05050C_A	RRP6	0	0	1	0	3	2	1	0	2	1	0	1.002	2.287	1	1	0	1	1	0	0	3.697	1	0	0	2	2	1.003	5	1.094	0	1	1	2	1	2	0	1	1	0	1	0	0	0	1	1	0	0	0	1	2.332	2	2	0	2	2	0.949	3	4.309	4.351	3.892
C1_05060W_A	REI1	1	0	1	0	0	0	1	0	0	1	0	1	0	0	0	0	2	2	4.362	3	1	2	3	2	0	0	1.002	3	0	0	0	0	0	1	0	0	1	0	0	0	0	0	0	0	0	0	0	0	0	0	0	3.332	0	0	0	1	0	1	0	1
C1_05070C_A	GPI7	1	1	1	0	0	1	0	0	0	2	1.465	1	1	1	1	0	0	2	0	1	4	2	1	1	1	0	0	1.668	0	0	1	1	2.001	0	0	0	5	5	1	6	0	0	1	0	0	0	1	0	0	3	4	0	0	0	1	2	0	2	0	0
C1_05080W_A	GPT1	0	0	1	0	0	0	1	1	1	0	0	1	0	0	1	1	0	0	0	0	3	1	2	0	0	1	1	0	0	0	0	2	0	0	0	0	0	1	0	0	0	0	0	0	0	0	1	1	0	0	0	0	1.001	2	1.133	0	0	0	1.093	0
C1_05090W_A	TRY2	0	1	0	0	0	1	0	1	0	1	0	0	0	0	0	0	0	0	1	1	0	0	0	0	0	0	0	1.011	2.999	0	0	0	0	0	0	0	0	0	1	0	0	0	0	0	1	0	0	1	0	3.907	0	0	0	0	0	1	1	0	0	0
C1_05100W_A	C1_05100W_A	0	0	0	0	0	0	0	0	0	0	0	0	0	0	0	0	0	0	0	0	0	0	0	0	0	0	0	0	0	0	0	0	0	0	0	1	0	0	0	0	0	0	0	0	0	0	0	0	0	0	0	1	1	0	1	0	0	0	0	1
C1_05110C_A	ARO4	0	0	0	0	0	0	0	1	0	0	0	0	0	0	0	0	0	0	0	0	0	1	0	0	1	0	0	0	0	0	0	2	1.029	0	0	0	0	0	0	0	0	0	0	0	1	0	0	0	0	0	0	0	0	0	0	0	0	0	0	0
C1_05120W_A	BTN1	0	0	0	0	0	1	0	1	0	0	0	0	0	2	0	2	0	1.928	0	1	0	0	1	0	1	0	1	0	1.57	0	0	0	0	0	0	0	0	0	0	0	0	0	0	0	0	1	0	0	0	0	0	0	0.959	0	1	0	0	0	0	0
C1_05130W_A	C1_05130W_A	0	0	0	0	0	0	0	0	0	0	0	0	0	0	0	0	0	0	0	1	0	0	0	0	0	0	0	0	1	1	0	1	0	0	0	0	0	0	0	0	0	0	0	0	2	0	0	0	0	0	0	0	0	0	1	0	0	1	0	0
C1_05140W_A	BRG1	0	1	0	1	0	0	0	0	1	0	2	1	0	0	0	0	0	0	0	1	1	0	0	0	6	4	8	7	7	3	5	7	3	2.029	4	6	10	9	11	8	0	0	0	0	5	5	3	1	0	0	0	0	4	2	3	1	0	0	0	1.15
C1_05150C_A	C1_05150C_A	5	0	0	1	2	0	2	0	1	1	1	0	3	0	1	1	2	0	0	5	1	2	1	0	1	7	2.089	1	3	1	1	1	3	2	1	1	2	1	0	2	1	0	0	0	1	0	0	1	3	4	1	5	2	2	5	2	0	4	4	0
C1_05160C_A	C1_05160C_A	4	2	3	1	4	6	3	4	1	1	1	1	0	0	0	1	0	1	0	1	0	0	0	0	0	2.005	1	1	3	4	1	1	0	0	0	0	0	0	0	1	0	0	0	0	1	1	2	0	0	0	0	0	1	0	1	1	0	2	0	0
C1_05170C_A	CUE5	0	0	0	0	1	0	0	0	1	0	0	1	0	0	0	0	0	0	0	0	3	3	2	2	0	0	0	2	2	2	5	3	1	0	0	0	0	0	0	0	0	0	0	0	0	1	0	0	0	0	3	0	4	8	6	6	0	0	1	0
C1_05180C_A	C1_05180C_A	0	0	0	0	0	0	0	0	0	0	0	0	0	0	0	0	0	0	0	0	0	0	0	0	0	0	0	0	0	0	0	0	7	6	9	8	0	0	0	0	0	0	0	0	0	0	0	0	0	0	0	0	0	0	0	0	0	0	1	0
C1_05190C_A	C1_05190C_A	0	0	0	0	0	0	0	0	0	0	0	0	0	0	0	0	0	0	0	0	0	0	0	0	0	0	0	0	0	0	0	0	0	0	0	0	0	0	0	0	0	0	0	0	0	0	0	0	0	0	0	0	0	0	0	0	0	0	0	0
C1_05200C_A	C1_05200C_A	0	0	0	0	0	0	0	0	0	0	0	0	0	0	0	0	0	0	0	0	0	0	0	0	1	0	0	0	0	0	2.579	0	0	0	0	0	0	0	0	0	0	0	0	0	0	0	0	0	0	0	0	1	0	0	0	0	0	2.099	0	0
C1_05210C_A	C1_05210C_A	1	1	0	0	1	0	0	1	3	0	0	1	1	1	0.996	2	0	0	0	0	0	2	0	0	1	0	1.999	1	0	0	0	0	0	1	1	0	0	0	0	1	0	1	1	0	1	1	1	0	1	3	3	1	2	2	3.999	0	1	6	1	0
C1_05220C_A	C1_05220C_A	0	0	0	0	0	0	0	0	0	0	0	0	0	0	0	0	0	0	0	0	1	0	0	0	0	0	0	0	0	0	1	0	0	0	0	0	0	0	0	0	0	1	0	0	0	0	0	0	0	0	0	0	1	0	0	0	0	0	0	0
C1_05230W_A	C1_05230W_A	0	0	0	0	0	0	1	0	0	0	0	0	0	0	0	0	0	0	0	0	1	1	0	0	0	0	0	0	0	0	0	0	0	0	0	1	0	0	0	0	0	0	0	0	0	0	0	0	1	0	0	0	0	0	0	1	0	0	0	1
C1_05240C_A	RPT1	0	0	0	0	0	0	0	0	0	0	0	0	1	0	0	0	0	0	0	0	0	0	0	0	0	0	0	0	0	0	0	1	0	1	0	1	0	0	0	0	0	0	0	0	0	0	0	0	0	0	0	0	1	0	0	1	0	0	0	0
C1_05250W_A	C1_05250W_A	0	0	0	0	0	0	0	0	0	0	0	0	0	0	0	1	0	0	0	0	0	0	0	0	0	0	0	0	0	0	0	0	0	0	0	0	0	0	0	0	0	0	0	0	1	0	0	0	0	0	1	1	1	0	0	0	0	0	0	0
C1_05260C_A	SDH1	0	0	0	0	0	1	0	1	0	2	0	0	0	0	0	0	0	1	0	0	0	0	0	0	0.978	1	0	0	1.439	1	1.599	2	0	1	0	0	0	0	0	0	0	0	0	0	0	0	0	0	0	1	1.427	0	0	0	0	0	0	0	1.076	0
C1_05270C_A	MHR1	0	0	0	0	1	0	0	0	0	0	0	0	0	0	0	0	0	0	0	0	0	0	0	0	0	0	0.899	0	0	0	0	1	0	0	0	0	0	0	0	0	0	0	0	0	0	0	0	0	0	1	0	0	0	0	0	0	1	0	0	1
C1_05280W_A	C1_05280W_A	0	0	0	0	2	0	0	0	0	0	0	1	1	0	0	0	0	1	1	1	0	0	0	2	1	1	0	0	2.001	3	1	1	0	0	0	1	0	0	0	0	1	0	0	0	0	0	0	0	2	0	0	1	1	0	1	0	0	2.899	2.853	0
C1_05290W_A	GRS1	1	1	0	0	1.003	0.995	0	0	0	1	0	2	0	0	2	2	0	0	0	0	0	0	0	0	1	0	0	0	0	0	0	0	0	0	0	1	0	0	0	0	0	0	1	0	0	1	1	1	1	0	0	0	1	0	1	1	0	1	0	0
C1_05300C_A	PRD1	1	0	0	1	0	0	0	0	0	1	0	0	2	0	0	1	0	0	1	0	3	0	1	0	0	0	0	0	0	1	1	1	0	3	2	1	0	0	0	0	0	0	0	0	0	0	0	0	0	0	0	0	5.837	0	3	1	0	0	0	1
C1_05310W_A	tP(UGG)1	0	0	0	0	0	0	0	0	0	0	0	0	0	0	0	0	0	0	0	0	0	0	0	0	0	0	0	0	0	0	0	0	0	0	0	0	0	0	0	0	0	0	0	0	0	0	0	0	0	0	0	0	0	0	0	0	0	0	0	0
C1_05320C_A	C1_05320C_A	0	0	1	1	1	1	1	0	0	0	0	0	0	0	0	0	0	0	0	0	0	0	0	2	0	1.999	0.969	0	2	0	1	1.308	0	0	0	0	0	0	1	1.073	0	0	0	0	0	1	0	2	0	0	0	0	0	0	0	0	2	1	1.037	2
C1_05330C_A	C1_05330C_A	0	0	0	0	1.001	0	0	0	1	0	0	0	1	0.822	0	1	0	0	0	0	0	0	0	1.671	0	0	0	0	0	0	0	0	0	0	0	0	0	0	0	0	0	1	0	0	1	0	0	1	0	1	1	0	0	1	0	0	0	1.185	1.379	1.558
C1_05340C_A	ZCF2	1	0	0	0	2	0	3	0	4	9	8	9	0	0	0	0	0	0	1	0	1	1	0	2	0	1.077	0	3	4.631	5	3.992	2	0	0	0	1	0	0	0	0	0	0	0	1	2	0	0	2	1	0	0	0	1.999	1	0	0	2.326	0	1	0
C1_05350W_A	YPT53	0	1	0	0	0	0	0	0	0	0	0	0	0	0	0	0	0	0	0	0	0	2	4	0	0	0	0	0	0	0	2	0	0	1	1	0	0	0	0	0	0	0	0	0	0	1.001	0	0	0	0	0	0	1	0	0	0	0	0	0	0
C1_05360C_A	C1_05360C_A	0	0	1.055	0	2.03	0	0	1	0	1	0	1.064	0	0	0	0	0	1	0	0	1	0	0	1	2.001	0	1	1	1.723	0	0	0	0	0	0	0	0	0	0	0	0	0	0	0	0	0	0	0	2	0	2.318	0	1	0	1	0	2.658	1.206	3.486	2.259
C1_05370C_A	C1_05370C_A	0	0	0	0	0	0	0	0	0	0	0	0	0	0	1	0	0	0	0	1	1	0	0	0	3	2	5.132	3.579	0	1	0	0.987	1	0	0	0	0	0	0	0	0	0	0	0	1	1	0	0	0	0	0	2	1	0	1	0	3	0	0	2
C1_05380C_A	C1_05380C_A	4.427	0	2	3	5.018	0	7.002	2.002	0	0	0	2	0	2	1	0	1	0	2	1	2.003	1	1	2	2	1.184	2	2.823	3	4.018	1	3	0	2	2.552	0	0	3	1	0	0	0	0	0	2	0	1	2	0	3.9	5	1.067	10	2.025	3.498	6	7.021	4.521	8.541	7
C1_05390C_A	C1_05390C_A	1	0	1	1	2.874	1	2.003	4.001	1	0.998	0	0	0	2	2	0	0	2	1	1	0	2	0	2	2.024	1	0	1.252	0	1.731	0	0	1	1.383	0	0	0	1	0	1	0	0	2	0	3	1.959	1	3	1	2.259	1.054	2	0	2.398	0	2	0	0	0	0
C1_05400C_A	C1_05400C_A	1	1	0	0	0	0	1	1	0	1	0	0	4	3	4	3	0	0	0	1	0	1	0	0	0	1	1	2	0	1	2	2	0	1	0	0	0	0	0	0	0	0	0	1	0	0	0	0	0.815	2	1	0	2	1	1	1	0	2	1	0
C1_05410C_A	TRP99	0	0	0	0	0	0	1	0	0	0	0	1	0	0	0	0	0	0	0	0	0	0	0	0	0	0	1	0	0	1	0	0	0	0	1	0	0	0	0	0	0	0	0	0	0	1	0	2	1	0	0	0	0	0	0	0	0	1	0	0
C1_05420W_A	C1_05420W_A	0	0	0	0	0	0	0	0	0	0	0	0	0	0	0	0	0	0	0	0	1	1	2	2	0	0	0	0	0	0	1	0	0	0	0	0	2	1	1	0	0	0	0	0	0	0	0	0	0	0	0	0	0	0	0	0	1	0	0	0
C1_05430W_A	SPT20	0	0	0	1	1	0	0	1	0	0	1	0	0	0	1	0	0	0	0	0	0	0	0	2	0	0	0	0	0	0	0	1	1	0	0	0	0	1	0	0	0	0	0	0	0	0	0	0	0	1	0	0	0	0	1	0	0	2	1	1
C1_05440C_A	C1_05440C_A	0	1	0	0	0	1	0	0	0	0	0	0	0	0	0	0	0	0	0	0	0	0	0	1	1	0	0	0	1	2	0	0	0	0	0	0	0	1	0	0	0	0	0	0	0	0	1	0	0	0	0	0	0	0	0	0	1.156	0	0	0
C1_05450W_A	C1_05450W_A	0	0	0	0	0	0	0	0	0	0	0	0	0	0	0	0	0	0	0	0	0	0	0	0	0	0	0	0	0	0	0	0	0	0	0	0	0	0	0	0	0	0	0	0	0	0	0	0	0	0	1	0	0	0	0	0	0	1.538	0	0
C1_05460W_A	KOG1	0	0	1	2	0	0	0	0	1.068	1	0	0	3	0	0	1	0	0	0	0	0	1	1	0	2	2	0	0	4.584	1	4.022	1	0	0	0	1.001	1	0	0	1	0	0	0	0	1	1.12	1	2	0	2.411	0	1	0	0	0	1	0	0	1	0
C1_05470W_A	MTM1	0	0	0	0	0	0	0	1	0	0	0	0	1	1	0	0	0	0	0	0	0	0	0	0	0	2	1	0	0	0	0	1	0	0	0.999	1	0	0	0	0	0	0	0	0	0	0	1	0	0	0	0	0	0	1.943	0	2	1	0	0	1
C1_05480C_A	C1_05480C_A	0	0	0	0	0	0	1	0	0	0	0	0	0	1	0	0	0	0	0	0	0	0	0	0	1	0	0	0	1	0	0	1	0	0	0	0	0	0	0	0	0	0	0	0	1	0	1	0	0	0	0	0	0	2	0	0	0	0	0	0
C1_05490C_A	C1_05490C_A	0	0	0	0	0	0	0	0	1	0	0	0	0	1	0	1	0	0	0	0	0	0	0	0	0	0	0	0	0	0	1	0	0	0	0	1	0	0	1	0	0	0	0	1	0	0	0	3	0	0	0	1	2	2	1	2	0	0	0	0
C1_05500W_A	RSM22	0	0	0	0	0	0	0	0	1	0	0	0	1	1	1	0	0	1	0	0	2	1	0	1	0	2	2	0	1	0	1	2	0	0	1	3	0	1	0	2	0	0	1	0	1	0.972	0	2	0	2.578	1	0	3	3	4	1	1.179	0	1	2.193
C1_05510C_A	RPS27A	1	0	0	0	1	0	2.981	0	1	0	0	0	2	1	0	0	1	0	0	1	1	0	0	0	0	0	0	0	0	0	0	0	0	0	0	0	0	0	0	0	0	0	0	1	0	0	0	0	1	0	0	1	2	1	0	0	0	0	1	1.686
C1_05520W_A	C1_05520W_A	0	0	1	0	2	0	0	0	1.165	0	1	1	0	0	0	0	0	1	0	0	0	0	0	0	0.996	0	0	0	1	1.066	0	0	0	1	1	0	0	0	0	0	0	0	0	0	0	1	1	0	1.284	0	0	0	0	2	0	0	0	1	2	0
C1_05530C_A	SSH1	0	0	0	0	0	1	1	0.999	0	1	1	0	0	0	0	0	0	0	0	0	0	1	0	0	1	0	1	1.299	0	1	1	0	0	0	0	3	1	0	0	0	0	0	0	0	0	1	1	0	0	0	0	0	0	0	0	0	0	0	0	0
C1_05540C_A	C1_05540C_A	0	0	0	0	1	1	0	1	0	0	0	0	0	0	1	0	0	0	0	0	0	0	1	0	2	0	0	0	0	0	0	0	0	0	0	0	0	0	0	0	0	0	0	0	1	0	0	0	0	0	0	0	0	0	0	0	1	0	0	0
C1_05550C_A	C1_05550C_A	0	0	0	0	0	0	0	0	1	3	1	8	0	0	0	0	5	5	10	8	1	0	0	0	0	0	0	0	2	2	4	6	0	0	0	0	0	0	0	0	0	0	0	0	0	0	0	0	0	0	0	0	0	0	0	0	0	0	0	0
C1_05560W_A	RIB4	0	0	0	1	0	0	0	1.04	0	0	0	0	0	0	0	0	0	0	0	0	0	0	0	0	0	0	0	0	0	0	0	0	0	0	0	0	0	0	0	0	0	0	0	0	0	1	0	0	0	0	0	0	0	0	0	0	2	0	0	0
C1_05570W_A	tN(GUU)2	0	0	0	0	0	0	0	0	0	0	0	0	0	0	0	0	0	0	0	0	0	0	0	0	0	0	0	0	0	0	0	0	0	0	0	0	0	0	0	0	0	0	0	0	0	0	0	0	0	0	0	0	0	0	0	0	0	0	0	0
C1_05580W_A	tN(GUU)1	0	0	0	0	0	0	0	0	0	0	0	0	0	0	0	0	0	0	0	0	0	0	0	0	0	0	0	0	0	0	0	0	0	0	0	0	0	0	0	0	0	0	0	0	0	0	0	0	0	0	0	0	0	0	0	0	0	0	0	0
C1_05590W_A	tT(AGU)1	0	0	0	0	0	0	0	0	0	0	0	0	0	0	0	0	0	0	0	0	0	0	0	0	0	0	0	0	0	0	0	0	0	0	0	0	0	0	0	0	0	0	0	0	0	0	0	0	0	0	0	0	0	0	0	0	0	0	0	0
C1_05600W_A	GSL1	0	0	0	0	3.118	0.831	0	2	2	1.247	1	1	2	1	0	0	0	0	0	0	1	2.219	0	0	2	2.996	2.955	1	1	0	3.999	1	0	1.99	0	1	0	0	1	0	0	0	0	0	0	0.986	0	1	0	1	0	0	2.99	0	0	0	2	0	2	2.524
C1_05610W_A	PET112	0	0	0	0	0	1	0	0	0	0	0	1	0	1	0	0	1	0	1	0	0	0	0	0	0	0	0	0	0	0	1	0	2	1	0	0	0	0	0	0	0	0	0	0	0	0	0	0	0	0	0	0	0	0	1	0	0	0	0	0
C1_05620C_A	STE3	0	0	0	0	0	0	1	1	0	0	0	1	0	1	0	0	0	0	1	0	0	0	1	0	0	0	0	2	0	0	0	1	0	0	0	0	0	0	0	0	0	0	0	0	0	0	0	1	0	0	0	0	0	0	0	2	0	0	0	1
C1_05630C_A	C1_05630C_A	0	0	0	0	0.983	0	0	0	0	0	0	0	0	0	0	0	0	0	0	0	3	3	2	3	1	1	0	0	0	1	1.987	1	0	0	1	1.25	1	0	0	0	0	0	0	1	0	0	0	0	0	0	0	0	0	1	2.276	1	0	1	1	0
C1_05640C_A	FAL1	0	0	0	0	1	0	1	0	0	0	0	0	0	0	0	0	0	1	0	0	0	0	0	0	0	1	1	0	2	0	0	0	0	0	0	0	0	0	0	0	0	0	0	0	0	0	0	0	1.494	0	0	0	0	2	1	0	0	0	0	0
C1_05650W_A	C1_05650W_A	0	0	0	1	1	0	2	0	0	1	1	0	0	0	0	0	0	0	1	0	0	0	0	0	0	0	0	0	2	0	0	0	0	1	0	1	0	1	0	1	0	0	0	0	0	0	0	1	0	0	0	0	0	0	1	0	0	0	0	0
C1_05660C_A	C1_05660C_A	0	0	0	0	3	2	3	1.151	0	0	1	0	0	0	1	0	0	0	0	1.107	2	1.291	0	0	2	3.049	1	1	1	2	1	5.973	0	1	1.983	0	0	0.989	0	0	0	1	3	0	2	1	0	0	0	1.729	3.498	6.483	2.994	2	0	3	0	2.087	3.747	5.475
C1_05670W_A	C1_05670W_A	0	0	0	0	0	0	1	1	0	0	0	0	0	0	0	0	0	0	0	0	2.998	3	3	2	0	3	0	1.051	0	1	0	1	0	0	0	0	0	0	0	0	0	0	0	0	0	0	0	0	0	0	0	0	0	0	0	1	2	0	0	1
C1_05680C_A	RIM1	0	0	0	0	0	1.46	0	0	0	0	0	0	1	0	0	0	0	0	0	0	0	0	2	1	0	0	0	0	0	0	0	0	0	0	1	0	0	0	0	0	0	0	0	0	0	0	0	0	0	1	1	0	0	0	0	0	0	0	0	0
C1_05690C_A	C1_05690C_A	0	0	0	0	0	0	0	0	0	0	0	0	0	0	0	0	0	0	0	0	1	0	0	0	0	0	1	0	0	0	0	0	0	0	0	0	0	0	0	0	0	0	0	0	0	1	0	0	0	0	0	0	0	0	0	0	1.803	0	2	0
C1_05700W_A	AUT7	0	0	1	0	0	0	0	0	0	0	0	0	0	0	0	0	0	0	0	0	0	0	0	0	0	0	1	1	0	0	0	0	0	0	0	0	0	0	0	0	0	0	0	0	0	0	0	0	0	0	1	0	0	0	0	0	0	0	0	0
C1_05710C_A	UGA4	0	0	0	0	0	0	1	0	0	1	0	2	0	1	0	0	0	0	0	0	0	0	0	0	0	1	0	0	0	0	0	0	0	0	0	0	0	0	0	0	0	0	0	0	0	0	0	0	0	0	0	0	1	0	0	0	0	0	2	1
C1_05720W_A	C1_05720W_A	0	0	0	0	0	0	0	0	1	1	4	2	0	0	0	0	0	0	0	0	0	0	0	0	0	1	0	0	0	0	0	1	0	0	0	0	0	0	0	0	0	0	0	0	0	1	1	0	0	0	0	0	0	0	0	0	0	0	0	1
C1_05730W_A	C1_05730W_A	0	0	0	0	0	0	0	0	0	0	0	0	0	0	0	0	0	0	0	0	0	0	0	0	0	0	0	0	0	0	0	0	0	0	0	0	0	0	0	0	0	0	0	0	0	0	0	0	0	0	0	0	0	0	0	0	0	0	0	0
C1_05740C_A	C1_05740C_A	1	0	0	0	0	0	0	0	2	0	1	0	1	1	0	0	0	0	0	0	1	0.999	0	0	1	0	0	1	1	1	0	0	0	2	1	0	0	1	0	0	0	0	1	1	1	0	1	0	1	0	0	1	0	0	1	0	2.849	3	1	0
C1_05750C_A	C1_05750C_A	1	1.003	0	0	1.166	3	1.326	0	0	0	2	0	0	1	0	1	3	4	3.003	4	1	3	1.032	0	5.994	2	3.218	9	0	2	0	3.84	1.195	0	0	2	2	2.001	1	1	0	0	0	0	0	0	1	1	1.599	7.513	3.294	0	0	0	5	2.192	2.089	3.812	2.289	1
C1_05760C_A	PGA26	0	0	0	0	0	0	0	1	0	0	0	0	0	0	1	0	0	0	0	0	0	0	0	0	1	0	0	0	0	0	0	0	0	0	0	0	0	0	0	0	0	0	0	0	0	0	0	0	0	0	0	0	0	0	0	0	0	0	0	0
C1_05770C_A	PRC3	0	0	0	0	1	0	0	0	0	2	4	4	0	0	0	0	2	0	1	0	0	0	0	1	0	1	1	1	0	0	0	0	0	0	0	0	0	0	0	0	0	0	0	1	0	0	0	0	0	0	0	0	0	0	0	0	0	1	0	1
C1_05780W_A	C1_05780W_A	0	0	0	0	0	0	1	0	1.002	0	0	0	0	0	0	0	1	0	2	0	0	0	2.001	0	0	0	1	0	0	1	0	0	0	0	1	1	0	0	0	0	0	0	0	0	0	0	0	0	4	0	1	1	0	0	0	0	0	0	1	0
C1_05790W_A	C1_05790W_A	0	0	0	0	3	4	2	1	0	1	3	1	0	0	0	0	0	0	0	0	0	0	0	0	0	0	0	0	0	0	0	0	1	0	0	0	0	0	0	0	0	0	0	0	0	0	0	0	0	0	0	0	0	0	0	0	0	0	0	0
C1_05800C_A	C1_05800C_A	0	0	0	1	0	0	0	0	0	0	1	0	0	0	0	0	0	0	0	0	0	0	0	0	0	0	0	1	0	0	0	0	1	0	0	1	0	1	0	1	0	0	0	0	0	0	0	0	0	0	1	0	0	0	0	0	1	0	1.216	0
C1_05810W_A	GIM5	1	0	1	0	0	0	0	0	0	0	0	0	0	0	0	0	0	0	0	0	0	0	0	0	0	0	0	0	0	0	0	0	0	0	0	0	0	0	0	0	0	0	0	0	0	1	1	1	0	0	0	0	0	0	0	0	0	1	1	0
C1_05820C_A	RAD10	0	0	0	1	0	0	0	0	0	0	0	0	0	0	1	0	0	1	0	0	0	0	0	0	0	0	0	0	0	2	0	0	0	0	0	0	0	1	0	0	0	0	0	0	0	0	0	0	0	0	1	0	0	0	0	1	1.681	0	1	1
C1_05830W_A	C1_05830W_A	0	0	0	0	1	1	2	1.002	0	0	0	0	0	1	0	0	0	0	1	0	0	1	0	1	1	0	0	0	0	1	0	0	0	2	0	0	0	0	0	0	0	1.359	0	0	0	1	0	0	0	0	0	0	1	2	2.133	0	0	1	0	0
C1_05840W_A	PRN1	0	0	0	0	0	0	1	0	0	0	0	0	0	0	0	0	0	0	0	0	0	0	0	0	1	1	0	0	0	0	1	0	0	0	0	0	0	0	0	0	0	0	0	0	0	0	0	0	0	0	0	0	0	0	0	0.995	0	0	1	0
C1_05850W_A	POL32	0	0	0	2	1	1.625	1	1	1	0	0	0	0	0	0	0	0	1	0	1	1	0	1	0	1.001	0	1	1	0	2	1	1	0	1	0	1	2	1	1	1	0	2	0	0	0	0	1	0	1	0	1	0	0	0	1	0	2.8	0	2	2
C1_05860W_A	PRN2	0	0	0	0	0	0	1	0	0	0	0	1	0	0	0	0	1	1	0	0	0	0	2	0	0	1	0	0	1	0	0	0	0	0	0	0	0	0	0	0	0	0	0	0	0	0	0	0	0	0	0	0	0	0	0	1	0	0	2	1
C1_05870W_A	PRN3	0	0	0	0	0	0	0	0	1	1	0	1	0	0	0	0	0	0	0	0	0	0	1	0	2	1	0	0	0	0	0	1	0	0	1	0	0	0	0	0	0	0	0	0	0	1	0	1	0	0	0	0	2.999	0	0	0	0	0	0	2
C1_05880W_A	PRN4	0	0	0	0	0	0	0	0	0	0	0	0	0	0	0	0	1	0	0	0	0	0	0	0	0	0	0	0	2	0	0	0	0	0	0	0	0	0	0	0	0	0	0	0	0	1	0	0	0	0	0	0	0	1	0	0	0	0	0	0
C1_05890W_A	C1_05890W_A	0	0	0	0	0	0	0	0	1	1	0	1.006	0	0	0	0	0	0	0	0	0	0	0	0	0	1	0	0	0	0	0	0	0	0	0	1	1	0	0	0	0	0	0	0	0	0	0	0	1	0	0	0	0	0	1	1	0	0	0	0
C1_05900W_A	C1_05900W_A	0	0	0	0	3	1	1	0	0	1	2	0	1	0	0	0	0	0	0	1	0	0	0	1	0	0	1	0	0	2	0	0	0	0	0	0	1.207	0	0	0	2	0	0	0	0	0	0	0	3.025	0	0	0	0	0	0	1	1	2	0	0
C1_05910W_A	SIP5	2	2	0	1	5	4	4.979	2	5	5	4	6	1	0	1	1	0	1	1	2	4	2	7	7	3.001	2.854	0	6	1	4	1	1.29	3.79	0	0	4	1.777	0	1	1	1	1	0	0	1	2	3	0	2	0	2	2.812	1.951	1	3.91	2	2	3	3	5
C1_05920W_A	C1_05920W_A	0	3	4	2	0	0	0	0	1	0	0	0	0	0	1	1	1	0	3	0	0	0	1	1	3.988	1	2.865	1.142	1	1.021	1	0	1	1	2	1	0	1	1	1	1	0	2	1	1	2.738	1	0	0	0	1	2	0	0	3	1	2	0	1	0
C1_05930C_A	C1_05930C_A	1	0	0	0	1.99	2	1	0	0	1	0	1	0	1.99	0	2	0	2	1	0	0	1	1	0	2.762	0	1	1	0	1	1.393	0	0	0	0	0	2	1	1	0	0	0	0	0	0	0	0	1	0	2	1	0	3	2	0	3	2.267	1	1	0
C1_05940W_A	PHO87	1	0	0	0	0	0	0	1	0	0	0	0	2	0	0	0	1	0	0	1	0	0	0	0	1	3	0	2.081	0	0	0	0	0	0	0	1	0	0	0	0	1	0	0	1	1	0	0	1	0	1	2.519	4.727	1	0	0	1.208	1.151	0	0	0
C1_05950C_A	C1_05950C_A	0	0	0	0	2	0	1	0	0	1.005	0	0	0	0	0	0	1.001	1	0	1	0	0	0	1	0	0	1	0	0	0	0	1.439	0	0	1	1	0	0	0	0	0	0	0	0	0	0	0	0	0	0	0	0	0	0	0	0	0	2	0	0
C1_05960W_A	PGA45	0	0	0	0	0	1	0	1	0	0	1	0	0	0	0	0	1	0	0	0	0	0	0	0	1	1	1	1	0	0	0	0	0	0	0	0	0	0	0	0	0	0	0	0	0	0	0	0	0	0	0	0	0	1	0	0	0	0	1.679	0
C1_05970W_A	C1_05970W_A	1	2	0.998	0	0	0	0	0	0	0.92	1.277	0	0	0	0	1	0	1	0	0	1	0	0	1	1	1.009	0	0	0	0	0	0	0	0	0	0	0	0	1	0	0	0	0	0	0	0	0	0	1.151	0	1	0	0	0	0	0	0	1	0	1
C1_05980W_A	C1_05980W_A	1	0	1	0	1	1	1.046	1.96	2.011	1	2.964	0	1	0	0	0	0	0	0	0	0	1	1	2	3	1	0	0	1	2	1.062	0	1	1	2.005	0	0	0	0	0	0	0	0	0	1	2	0	1	0	0	0	0	2	1.057	1	1	1.454	3	2.467	2
C1_05990C_A	C1_05990C_A	0	1	2	1	0	0	0	0	1	0	0	0	0	0	0	1	0	0	1	0	0	0	0	0	1	0	2	0	0	2.319	0	0	0	0	0	0	1	0	1	2	0	0	0	1	1.998	0	0	0	1	0	0	0	2	0	0	0	3.257	0	2	2
C1_06000W_A	C1_06000W_A	1	0	1	1	0	0	2	3	2	0	2	1.001	0	0	0	1	0	0	1	0	0	1	0	2	2.998	0	2	3	0	1	0	1	2	1	0	3	1	0	0	0	1	0	0	0	0	0	1	0	2	0	0	1	0	0	2	4.666	1	2	0	0
C1_06010W_A	CHS7	0	0	0	0	3	0	2	2	0	0	0	0	1	0	0	0	7	3	3	2	0	0	0	0	0	0	2	3	0	0	0	0	1	2	0	0	0	0	0	0	1	0	0	0	1	2	1	0	0	1	2	0	1	0	0	0	1	0	0	0
C1_06020W_A	RGD1	0	0	0	0	0	0	1.001	2	1	0.999	0	1	0	0	1	1	0	0	0	0	0	0	0	0	0	2	1	0	0	0	0	1	0	0	0	0	0	0	0	0	0	0	0	0	0	2.004	1	2	1	0	0	1	0.998	1.256	0	3.504	2.173	2.455	2	2.015
C1_06030C_A	C1_06030C_A	0	0	0	0	0.99	0	1	0	0	0	2	0	1	1	1	0	0	1	0	0	0	0	0	0	1	0	1	2.797	0	0	0	0	0	0	1	1	0	0	0	0	1	0	0	0	0	0	0	0	0	0	1	0	0	0	0	2	1	0	0	0
C1_06040W_A	RTT101	0	1	0	1	0	0	0	0	0	0	1	0	1	0	0	1	3	0	0	0	0	0	0	0	1	0	0	0	1.001	1.105	0	0	0	0	0	0	0	1	0	0	0	0	0	0	1	0	0	0	1.183	0	2.356	0	0	0	0	2	0	4	1	0
C1_06050C_A	C1_06050C_A	0	0	0	0	0	0	0	0	0	1	0	0	0	1	0	0	0	0	1	0	0	0	0	0	0	0	0	0	0	0	0	0	0	0	0	0	0	0	0	0	0	0	0	0	0	0	0	0	0	0	0	0	0	0	0	0	0	0	0	0
C1_06060C_A	ACP1	0	0	0	0	0	0	0	0	1	0	2	1	0	0	0	0	0	0	0	0	0	0	0	0	0	0	0	0	0	0	0	0	0	0	0	0	0	1	0	0	0	0	0	0	0	0	0	0	0	0	0	1	0	0	0	0	1	0	0	0
C1_06070W_A	C1_06070W_A	0	0	0	0	0	0	1	2	1.017	0	0	1	0	0	0	1	0	0	0	0	0	0	0	0	1	0	0	0	3	0	0	0	0	0	0	0	0	0	0	0	0	0	0	0	0	0	1.901	0	0	0	0	0	0	0	0	0	0	1	0	0
C1_06080C_A	ARC35	1	0	0	0	0	0	0	0	1	0	0	0	0	0	1	1.016	0	0	0	0	0	0	0	0	0	0	0	0	0	1	0	0	1	0	0	0	0	0	0	0	0	0	0	0	0	0	0	1	0	0	0	0	0	0	1.002	0	0	1.351	1	0
C1_06090C_A	C1_06090C_A	0	0	0	0	0	0	0	0	0	0	0	0	0	0	0	0	2	0	0	0	0	1	0	0	1	2	1	2	2	0	2	3.001	0	0	1	1	0	0	0	0	0	1	0	0	0	0	2	0	1	0	1	3	3.001	4	3.01	2	2	0	0	0
C1_06100C_A	MSI3	1	0	0	0	1	2	6.946	0	2	1	0.999	0	15	11	21.173	15	0	0	0	0	6	3.821	2.638	1	1.115	0	1	1	0	1.982	0	0	6.028	7	10	7	1	1	3.44	2	0	0	0	0	0	0	0	1.061	0	0	1	0	4	3	2	3	1.29	0	3	0
C1_06110C_A	NPL4	0	0	0	0	3	1	2	4	2	0	0	0	0	1	0	0	0	1	0	0	0	0	0	0	0	1.158	0	1	0	0	0	0	0	0	0	0	0	1	0	0	1	0	1	0	0	1	0	1	0	0	1	0	0	0	0	0	1	1	2	1.31
C1_06120C_A	C1_06120C_A	0	0	1	0	3	0	3	0	0	0	0	0	0	0	1	0	0	0	0	0	0	0	0	0	1	0	0	0	0	0	0	0	1	0	0	0	1	0	0	0	0	0	0	0	0	0	0	0	1	0	0	0	1	0	0	1	0	1.67	0	1
C1_06130C_A	HAC1	5	4	1	3	0	0	0	0	7	11	4	5	0	0	0	0	0	1.663	0	0	7	2	1	4	4.011	4	8	4	0.999	0	0	2	5	6	6	7	2	0	0	1	0	0	0	0	0	0	0	3	0	0	1	0	3	7	6	5	1	3	0	2
C1_06140C_A	C1_06140C_A	0	1	0	0	0	2	0	0	0	0	0	0	0	1	0	0.907	0	0	1	1	0	0	1	1	0	0	0	0	0	0	3	1	0	2	0	0	0	0	0	1	0	1	0	0	0	0	0	0	2	1	0	0	1	1.135	1	0	0	0	0	0
C1_06150W_A	C1_06150W_A	0	0	0	0	0	0	0	0	0	1	1	0	0	0	0	0	0	0	0	0	0	0	1	1	2	0	0	0	1	0	0	1	0	0	0	0	0	0	0	0	0	0	0	0	0	0	0	0	0	0	0	0	1	0	0	0	0	0	3.823	1
C1_06160W_A	C1_06160W_A	0	0	0	1	3	0	0	0	0	0	0	0	0	0	0	0	0	0	1	0	0	0	1	1	0	0	0	0	0	0	0	1	0	0	0	0	0	1	0	0	0	0	0	0	1	0	0	1	0	0	0	0	0	0	1.624	0	0	0	0	0
C1_06180W_A	TLO34	0	0	0	4	0	0	0	0	0	0	0	0	0	1.201	0	1.108	0	0	0	0	0.976	0.99	1.911	1	0	0	0	0	3.554	1.187	0	1.581	0	0	0	0	4	0	0	0	0	0	0	0	0	0	0	0	0	0	0	1	0	0	0	0	0	0	0	2
C1_06190C_A	C1_06190C_A	1	1.579	1	0	0	0	0	0	0	0	0	0	0	0	0	0	0	0	0	1.001	2.024	1.01	1.027	1	0	0	0	0	0	0	0	0	0	0	0	0	0	0	0	0	0	0	0	0	0	1.144	0	0	0	0	1	0	0	0	0	0	0	0	0	0
C1_06200W_A	C1_06200W_A	0	0	0	0	1	0	0	1	0	0	0	0	0	0	0	0	0	0	1	0	0	0	0	0	0	0	1	0	0	0	0	0	0	0	0	0	0	0	0	0	0	0	0	0	0	0	0	0	0	0	0	0	0	0	0	0	1	2	0	0
C1_06210W_A	BUD16	0	0	0	0	1	2	0	0	1	2	1	0	0	0	0	0	0	0	1	0	0	0	0	1	0	0	0	0	1	0	2	1.871	0	0	0	0	0	0	0	0	0	0	0	0	0	0	0	0	0	0	0	0	0	0	0	0	0	1	1.511	0
C1_06220C_A	C1_06220C_A	0	0	0	0	0	1	0	0	1	0	0	0	0	0	0	0	0	0	0	0	0	0	1	0	1	1	1	0	0	1	1	0	1	0	1	0	0	0	0	1	0	1	0	0	0	1	0	0	4	0	2	0	0	0	0	0	0	0	1	0
C1_06230C_A	MDM34	0	1	3	5	0	0	0	0	0	0	0	0	0	0	0	0	0	0	1.882	0	1	0	2	0.997	0	1	2	0	6	3	2	3	0	0	1	0	1	0	1	2	1	0	0	0	0	1.041	0	0	1	0	1	0	2.005	2	5	1	0	1	0	0
C1_06250W_A	C1_06250W_A	0	1	3	1	0	0	0	1	0	0.996	0	2	0	0	1	0	0	0	0	1	0	0	1.039	0	0	0	0	0	0	2.044	1.058	2.719	0	0	0	0	0	0	0	0	0	0	0	0	1	0	1	0	2.39	1.804	0	0	0	0	2.354	0	0	0	4.215	2
C1_06260W_A	PGA50	1	0	0	0	0	0	0	0	0	0	0	0	0	0	0	1	1	0	0	2	0	0	0	0	0	1	0	0	0	0	0	0	1	0	1	0	0	0	1	0	0	0	0	0	0	0	0	0	0	0	0	1	0	0	0	0	0	1	0	0
C1_06270W_A	C1_06270W_A	0	0	0	0	0	1	2	1	0	1	0	1.96	1	0	0	1	2	0	3.997	1.09	1	0	0	2	1	1	0.983	2	0	0	0	0	0	0	0	0	0	0	0	0	0	0	0	0	0	0	2	0	2.509	0	2	1	0	2.317	2	1	2	1.101	1.926	0
C1_06280C_A	UME6	1.002	1	1	0	0	2.983	2	0	1.937	1	2	0	0	0	0	3	2	0	0	0	0	0	1.205	2	0	0	1.084	0	0	0	0.998	1.637	1	0	0	2	0	0	0	0	0	0	0	0	2	2	0	0	0	0	2.834	0	2	1	3.013	1.995	1.165	3	0	0
C1_06290C_A	C1_06290C_A	0	0	1	0	0	0	0	0	0	0	0	0	0	0	0	0	0	0	0	0	0	0	1	0	0	0	0	0	0	0	0	0	0	0	0	0	0	0	1	0	0	0	0	0	0	0	0	0	0	0	0	0	0	0	0	0	0	0	0	0
C1_06300W_A	C1_06300W_A	0	0	0	0	0	0	0	0	0	0	0	0	0	0	0	0	0	0	0	0	0	0	0	0	0	0	0	0	0	0	0	0	0	0	0	0	0	0	0	0	0	0	0	0	0	0	0	0	0	0	0	0	0	0	0	0	0	0	0	0
C1_06310W_A	C1_06310W_A	0	0	0	0	0	0	0	0	0	0	0	0	0	0	0	0	0	0	0	0	0	0	0	0	0	0	0	0	0	0	0	0	0	0	0	0	0	0	0	0	0	0	0	0	0	0	0	0	0	0	0	0	0	0	0	0	0	0	0	0
C1_06320W_A	C1_06320W_A	0	0	1	0	0	0	1	0	0	1	0	1	0	0	0	0	0	1	1	0	0	0	0	2	1	1.016	0	0	0	0	0	1	1	0	1	0	1	0	0	0	0	1	0	0	1	1	0	2	0	0	0	0	0.992	0	0	3	0	2.733	0	1
C1_06330W_A	C1_06330W_A	0	0	1	0	2	0	0	0	1	1	2	2	1	0	1	0	1	1	0	0	1	0	2	0	0	2	0	1	2	2	1	0	3	1	0	0	1	0	0	0	0	1	2	0	0	0	1	0	6	3	2	3	2	1	3.907	1	4.971	2	2.946	2
C1_06340W_A	C1_06340W_A	0	1	0	1	0	1	2.087	0.999	1	1	1.912	0	0	0	0	0	1.975	2	0	0	0	0	0	0	0	1	0.999	1	0	0	1	2	1	1	2.769	0	0	0	0	0	0	0	0	0	0	0	2	1	0	0	0	0	0	2	2	1.074	1	0	1.293	1.594
C1_06350W_A	C1_06350W_A	1	0	0	0	1	0	0	2.997	0	0	0	1	0	0	1	0	0	0	1	0	0	0	0	0	0	1	1	0	0	0	0.938	0	0	0	0	1	0	0	0	0	1.078	0	0	0	0	0	0	1	0	1	1.478	0	1	0	0	1	1	0	1	2.241
C1_06360W_A	C1_06360W_A	0	0	2	0	1	1	1	2.674	1	1.037	0	0	0	1	0	0	0	0	2	2	0	0	0	0	0	2	3	2	0	1	0	0	1	0	0	1	0	1	1	1	0	1	0	0	0	0	0	0	2	1	0	0	0	2	0	1	2.548	1.15	2.204	2
C1_06370C_A	PBR1	0	0	0	0	2	0	0	0	0	0	0	0	0	0	0	0	0	0	0	0	0	0	0	0	1	0	0	0	0	0	0	0	0	0	0	0	0	0	0	0	0	0	0	0	0	0	0	0	0	0	0	0	1	0	0	1	0	1	1	0
C1_06380C_A	C1_06380C_A	0	0	0	0	0	0	0	0	0	0	0	0	0	0	0	0	0	0	0	0	0	0	0	0	0	0	0	0	0	0	1	0	0	0	0	0	0	0	0	0	0	0	0	0	0	0	0	0	0	0.912	0	0	0	0	0	0	0	0	0	0
C1_06390W_A	C1_06390W_A	0	0	0	0	0	0	0	0	0	0	0	0	0	0	0	0	0	0	0	0	0	0	0	0	0.997	0	0	0	1	0	0	0	0	0	0	0	1	0	0	0	0	0	2	0	0	0	0	0	0	0	1	0	0	0	0	0	0	0	0	1
C1_06400C_A	C1_06400C_A	0	1	0	0	1	1	0	0	3	0	0	1	0	0	2	0	1	0	0	0	0	0	3	1	1	4.882	0	0	2	0	1.996	1	1	0	2.882	0	0	2	1	0	0	1.655	1	0	1	0	0	0	0	0	1	1	1.007	2.001	1.992	0	1	0	1.272	0
C1_06410W_A	C1_06410W_A	1.017	0	0	1	5	4	1	6	0	1	4	0	1	0	0	0	0.997	1	1	1	0	1	1.161	3	4	2.248	3	1	2	0	1	2	2	0	2	1.384	1	1	1.171	0	0	0	0	1	1	0	0	1	2.613	2.571	7.771	2	3	2.999	1	4.48	7.593	4.344	3.604	2.176
C1_06420C_A	C1_06420C_A	0	1	2	0	2	0	1	0	2	0	2	1	0	0	1	0	0	0	0	0	1.182	0	2	2	0	0	2	0	2	1.264	0	1	1	2	0	0	0	0	0	0	0	1	0	0	0	0	0	0	0	1	0	0	1	0	0	0	1.856	0	4.404	2
C1_06430C_A	C1_06430C_A	1	0	0	0	0	0	1	0	0	0	0	1.997	0	0	0	1	0	0	0	1	0	0	0	0	0	0	0	0	0	0	0	0	0	0	0	0	0	0	0	0	1	0	0	0	0	0	0	0	0	0	0	0	0	0	0	1	2	0	0	1.416
C1_06440C_A	C1_06440C_A	0	0	0	0	6	2.9	0	0	0	2	1	0	0	0	0	0	0	0	0	1	0	0.976	0	0	3	1	2	0	4	1	0	0	0	0	1	1	0	0	1	0	0	0	0	0	1	0	1	2	1	1	1	1	1	0	1	1	4	3	3.548	3.081
C1_06450C_A	RPS14B	0	1	0	1	3	4	3	3	4	0	2	2	0	0	0	0	2	2	0	1	2	2	1	3	0	0	0	0	0	0	0	0	0	0	0	0	0	0	0	0	0	0	0	0	0	0	0	0	0	0	0	0	0	0	0	0	0	0	0	0
C1_06460C_A	RPS22A	0	0	0	0	0	0	0	0	0	0	0	0	0	0	1	0	0.991	0	0	0	3	1	1	3	0	0	0	0	0	0	0	0	0	0	0	0	0	0	0	0	0	0	0	0	0	0	0	0	0	0	0	0	0	0	0	0	0	0	0	0
C1_06470W_A	C1_06470W_A	0	0	0	0	0	0	0	0	0	0	0	0	0	0	0	0	1	1	1	2	0	0	0	0	0	0	0	0	0	0	1	0	0	0	0	0	0	0	0	0	0	0	0	0	0	0	1	0	0	0	0	0	0	1	1	1	0	0	0	0
C1_06480C_A	C1_06480C_A	0	0	0	0	0	0	0	0	0	0	0	0	0	0	0	0	0	1	1	1	5	3	5	2	0	0	0	0	0	0	0	0	0	0	0	0	0	0	0	0	0	0	0	0	1	0	0	0	0	0	1	0	0	0	0	0	0	0	0	0
C1_06490C_A	C1_06490C_A	0	0	0	0	0	0	0	0	0	0	0	0	0	0	0	0	0	1	0	0	0	0	0	0	0	0	0	0	0	0	0	0	0	0	0	0	0	0	0	0	0	0	0	0	0	0	0	0	0	0	0	0	0	0	0	0	0	0	0	0
C1_06500W_A	C1_06500W_A	0	0	0	1	0	0	0	0	0	0	0	0	0	0	1	0	0	0	0	0	1	0	0	0	0	0	0	0	1	0	0	0	0	0	1	0	0	0	0	0	0	0	0	0	0	0	0	0	0	0	0	0	2	0	1	1	0	0	1	1
C1_06510C_A	C1_06510C_A	0	0	0	0	1	0	1	0.994	2	0	1	0	1	0	0	0	3	1	3	4	1	0	0	2	1	0	2	4	1	0	0	0	0	0	0	0	0	0	0	0	0	0	0	0	1	0	0	1	0	2	0	0	0	0	0	1	1	1.01	0	0
C1_06520C_A	BPH1	2	6.002	3	1	1.198	2.001	4	0	4.001	1	2	0	1.054	2.224	1.001	1	1	0	1	1	1	0	2	1	0	0	2	1	2.001	0	1.084	0	4.001	0	0	1	0	1	0	0	0	0	0	1.1	1.03	0	1.99	2	5	1	2.052	0	1.012	1.771	2	1	0	4.724	4.971	4.315
C1_06530C_A	C1_06530C_A	2.725	0	2	0	3	2	5	0	1	1	1	0	0	0	2.412	1	2	0	1	1	2.195	2	1	0	1.126	4	1	3.983	1.117	3.001	2	2	2	1	2	0	1	1.221	1	1	2	0	0	0	2	1	0	2	0	1	3.123	5	3	2	4.001	3	0	0	5.404	1.139
C1_06540C_A	C1_06540C_A	1	0	2	3	0	0	0	1	0	1	0	0	0	0	0	0	0	0	0	0	0	0	0	0	1	0	1	2	1	0	0	0	0	1	0	0	0	0	0	0	0	0	0	0	0	0	1	0	1	0	0	0.999	2	0	1.002	3	0	0	0	0
C1_06550W_A	GLT1	0	1	0	2	0	0	1.085	1	2	0	1	1	8	2	5.158	3	2	5	5.689	5	2	0	1	0	1	1	1	1.167	6	8	8.157	5	0	0	0	0	4	2	1	5	1.18	0	1	0	2	2.241	2	5	3.694	0	0	2	3.123	4	5.297	6	0	1.341	3	0
C1_06560W_A	C1_06560W_A	0	0	0	0	1	0	0	0	1.011	0	0	0	0	0	0	0	0	0	0	0	0	1	0	0	0	0	0	1	0	2	1	0	0	0	1	0	0	0	1	0	0	1	0	0	0	0	0	0	0	0	0	0	0	0	0	1	0	0	0	0
C1_06570W_A	ANT1	0	0	0	1	1	0	0	0	1	0	0	0	0	0	0	0	0	0	0	0	0	0	0	0	3	0	2	1	1.001	0	1	0	0	0	0	0	0	0	0	0	0	0	0	0	3	0	0	0	1	0	0	1	0	0	0	0	0.904	1.759	0	1
C1_06580W_A	RPS23A	0	0	0	0	1	0	0	1	1	1	2	0	3	1	2	3	0	0	0	0	0	0	0	0	0	0	0	0	1	0	0	0	0	0	0	0	0	0	0	0	0	0	0	0	4	0	2	0	0	0	0.907	0	1	1	0	6	0	0	0	0
C1_06590C_A	IWS1	0	0	0	0	0	0	0	0	4	7	5	4	2	2	1	2	0	0	1	0	0	0	0	0	0	2	2	0	0	1	1	2	0	0	0	0	0	0	0	0	1	0	0	0	0	0	1	1	1.785	0	0	1	1	1	1	1	0	2	0	0
C1_06600W_A	C1_06600W_A	0	0	0	0	0	0	0	0	0	0	0	0	1	3	2	3	0	0	1	0	0	1	0	0	2.598	0	5	0	0.995	0	0	0	1	1	4	3	0	0	0	0	0	0	0	1	0	1	0	0	0	0	1	0	1	1	3	1	1.957	0	1	1
C1_06610C_A	HAK1	0	1	1	0	0	0	0	1.284	1	0	0	0	0	0.967	0	1	2	0	1.01	0	0.904	4	0	0	0	0	0	0	0	1	0	0	1	2	0	1	0	0	0	0	0	0	0	0	0	1	1	0	0	0	0	1	1	1	0	0	0	0	0	0
C1_06620C_A	C1_06620C_A	0	0	0	1	0	1	0	0	1	0	0	0	0	0	0	0	0	0	0	0	0	2	0	0	1	2	0	0	0	0	0	0	0	0	0	0	2	0	1	0	0	0	0	1	0	0	0	0	1	0	1	0	0	1	1	2	0	3	0	0
C1_06630W_A	C1_06630W_A	1	0	0	0	1	0	0	0	2	0	0	0	0	0	0	0	0	1	0	1	0	0	0	0	0	1	0	1	3	1	0	0	1	0	0	0	1	2	2	4.092	0	0	0	0	0	0	2	0	1.045	0	1	2	2	0	3	0	2	0	2	1
C1_06640C_A	C1_06640C_A	0	0	0	0	0	0	0	0	0	0	0	0	0	0	0	0	0	0	0	0	0	0	0	0	0	0	0	0	0	0	0	0	0	0	0	0	0	0	0	0	0	0	0	0	0	0	0	0	0	0	0	0	0	0	0	0	0	0	0	0
C1_06650W_A	C1_06650W_A	0	0	0	0	0	0	0	0	8	10	3	6	0	0	0.999	0	0	0	0	0	0	0	0	0	0	0	0	0	0	2	0	1	0	0	0	0	3	0	1	1	0	0	0	0	0	0	0	0	0	0	0	1	0	1	2	1	0	0	1	2
C1_06660W_A	C1_06660W_A	0	0	0	0	0.918	0	1	0	0	0	0	0	1	0	0	0	0	0	0	0	0	0	0	1.384	1.405	0	1	1	1	0	0	0	1	1	0	1.001	1	0	0	0	0	0	0	0	2	3	1	2	0	0	0	0	3.137	0	0	1	0	0	0	0
C1_06670W_A	C1_06670W_A	0	0	0	0	1.999	0	0	1	0	0	0	0	0	0	1	0	0	0	1	0	1	0	0.999	0	1	0	0	0	1	0	1	0	0	0	1	0	1	0	0	1	0	0	0	0	0	0	0	2	0	0	0	0	2	1.281	0	3.413	0	0	0	0
C1_06680W_A	VPS34	0	0	0	1	0	0	1	0	0	1.016	0	0	1	0	1	0	2	1	1	1	2	0	1.045	1	1	1	0	1.145	1	2.118	0	0.951	1	0	0	1.163	0	1	1	0	1	1	0	0	0	0	1	2	2	0	0	1	3	2	0	0	5.156	1	5	2
C1_06690W_A	CYK3	0	0	0	0	0	0	0	0	0	0	0	0	0	0	0	0	0	0	0	0	0	0	0	0	0	2	0	1	0	0	0	0	0	0	0	0	0	0	0	0	0	0	0	0	0	0	0	0	0	0	1	0	1	0	0	0	1	0	0	1
C1_06700W_A	C1_06700W_A	0	0	1	0	1	2.885	0	0	0	1	2.033	1	0	0	0	1	0	0	0	0	0	1	0	0	1	1	1	2.825	2	0	1	0	0	0	0	0	0	0	0	1	0	0	0	0	0	0	3.036	2	0	1	0	1	0	0	0	0	0	1	2.607	0
C1_06710W_A	KIN28	0	0	0	0	0	0	0	1	0	0	0	0	0	0	0	0	0	0	2	0	0	0	0	0	1	0	0	0	0	0	0	0	0	0	0	0	0	0	0	0	0	0	0	0	0	0	0	0	0	0	0	0	0	0	0	0	0	0	1	1
C1_06720C_A	C1_06720C_A	1	0	0	0	0	0	1	0	0	0	0	0	0	0	1	0	0	0	0	1	0	0	0	0	1	0	0	0	0	1.001	0.993	0	1	0	1	1	0	0	0	0	0	0	0	0	0	0	0	1	1	0	0	0	0	3	0	0	1	0	0	0
C1_06730W_A	RAC1	0	0	0	0	0	0	0	0	0	1	0	1	0	0	0	0	1	0	0	0	0	0	0	0	0	0	0	0	1	1	0	0	0	0	0	0	0	0	1	0	0	0	0	0	1	0	1	0	2	0	1	1	4	5	6	4	0	0	0	0
C1_06740C_A	NOP6	0	0	0	0	0	0	0	0	0	0	0	0	0	0	0	0	0	0	0	1	1	2	3	1	0	0	0	0	0	0	1	0	0	0	0	0	0	0	0	0	0	0	0	0	1	0	3	1	0	0	0	0	0	0	0	0	0	0	0	0
C1_06750W_A	C1_06750W_A	0	0	0	0	0	0	0	0	0	0	0	0	0	0	0	0	0	0	0	0	0	1	0	1	0	1	0	0	0	0	1	0	0	0	1	0	0.999	0	0	0	0	0	0	0	0	0	0	0	0	0	0	0	0	0	0	0	0	0	0	0
C1_06760C_A	C1_06760C_A	0	0	0	2	1.366	2	2	1	2	0	1	1	0	1	0	1	0	0	0	2	0	1	1	0	0	0	0	2	1	1	1	2	0	2	0	3	0	0	0	0	1	0	1	0	0	1	1	0	1	2	0	2	1	0	0	0	0	1	1	0
C1_06770W_A	C1_06770W_A	0	0	0	0	2.116	0	1	0	0	3	0	0	0	0	1	1	1	0	0	0	1	0	0	1	1	2	0	0	0	1	0	0	1	1	2.003	1.821	0	0	0	0	1.14	0	0	0	0	0	1	0	0	0	0	1	0	0	2.99	0	0	1.052	2.355	2
C1_06780W_A	NPR1	0	0	0	1	0	2	0	0	1	0	0	0	0	0	0	0	0	0	0	0	0	0	0	0	0	0	1	0	0	0	0	0	1	1	1	0	0	0	0	0	1	0	0	0	1	0	2	0	0	0	0	0	0	0	0	0	0	0	1	0
C1_06790C_A	MRPL19	0	0	0	0	0	0	0	0	0	2	6	5	0	0	0	0	0	0	0	0	0	0	0	0	0	0	0	0	0	0	1	0	0	0	0	0	0	0	0	0	0	0	0	0	1	0	0	0	0	0	0	0	0	0	0	0	0	0	0	0
C1_06800W_A	RAI1	0	0	0	0	0	0	0	1	0	0	0	0	0	0	0	0	1.005	0	0	0	0	0	0	0	0	1	0	1	1	0	0	0	0	0	0	0	0	0	0	0	0	0	0	0	0	0	0	0	0	1.828	0	1	0	0	0	0	1.334	0	0	1.334
C1_06810W_A	CAT1	0	0	0	0	0	0	0	1.332	0	1	0	0	0	0	0	0	0	0	0	0	2	1	1	1	2	0	0	2	0	0	0	0	0	0	1	0	0	0	0	0	0	0	0	0	0	0	0	0	0	1	0	0	1	0	0	0	0	0	0	0
C1_06820W_A	C1_06820W_A	1	0	0	0	1	0	0	0	2	4	3	3	0	0	0	1	0	1	0	0	0	0	0	0	1	0	0	0	1	0	0	0	0	1	0	0	0	0	0	0	0	1	0	0	0	0	0	0	0	0	0	0	1	1	0	2.915	0	1	0	0
C1_06830W_A	C1_06830W_A	0	0	0	0	0	0	0	0	0	0	0	0	0	0	0	0	0	0	0	0	0	0	0	0	0	0	0	0	0	0	0	0	0	0	0	0	0	0	0	0	0	0	0	0	0	0	0	0	0	0	0	0	0	0	0	0	0	0	0	0
C1_06840C_A	C1_06840C_A	0	0	0	0	0	0	0	0	0	0	0	0	0	0	0	0	0	0	0	0	0	0	0	0	0	1	0	0	0	0	0	0	0	0	0	0	0	0	0	0	0	0	0	0	0	0	0	0	0	0	0	0	0	0	0	0	0	0	0	0
C1_06850W_A	PCL7	0	0	0	0	2	0	1.319	1	1	0	0	0	0	1	0	1	1	0	0	0	0	0	0	1	0	0	0	0	1	0	0	0	0	0	0	0	0	0	0	2	0	0	0	0	0	1	0	0	0	0	0	1	0	1	2	0	0	0	2.586	1
C1_06860W_A	C1_06860W_A	0	0	1	0	0	1	0	0	0	0	0	0	1	0	0	0	1	0	0	0	0	0	0	0	0	1	0	0	1	0	0	1	1	0	0	0	0	0	0	0	1	0	0	0	1	0	0	1	0	0	0	0	0	0	1	1	0	0	1	0
C1_06870C_A	C1_06870C_A	0	0	0	0	0	0	0	0	0	0	0	0	0	0	0	0	0	0	0	0	0	0	0	0	0	0	0	0	0	0	0	0	0	0	0	0	0	0	0	0	0	0	0	0	0	0	0	0	0	0	0	0	0	0	0	1	0	0	0	0
C1_06880C_A	SPO22	0	3	0	0	0	0	0	0	0	0	0	0	1	0	0	0	0	2.001	2	2	0	1	1	0	0	0	1	0	0	1	2.415	0	0	2	2	0	0	0	0	0	0	1	1	0	1	0	0	0	0	1.381	3.495	1	0	2	1	0	1	2.141	0	2.239
C1_06890C_A	C1_06890C_A	0	0	0	0	5	5	1	0	0	0	0	0	0	0	0	0	2	0	0	0	0	0	1	1	0	1	0	0	0	0	0	0	0	0	0	0	0	0	0	0	0	0	0	0	0	1	0	0	0	0	0	0	0	0	0	0	0	0	0	0
C1_06900C_A	MMD1	0	0	1	0	0	0	0	0	0	0	0	0	0	0	0	0	0	0	0	0	0	0	0	0	0	0	0	0	0	0	0	0	0	0	0	0	0	0	0	0	0	0	0	0	1	0	1	2	0	1	0	0	1	1	1	1	0	0	0	0
C1_06910C_A	C1_06910C_A	0	0	0	0	1	0	0	0	2	0	1.065	0	1	0	0	0	3	2	4	5	0	0	1	0	0	2	0.988	1.399	0	0	0	2.781	2	0	0	1	1	0	0	0	1	1	1	0	0	0	0	0	0	0	0	0	2	0	1	2.004	1	0	1.617	1
C1_06920C_A	C1_06920C_A	1	0	0	0	0	0	0	0	0	0	1	0	0	0	1	0	0	0	0	0	1	0	0	0	0	0	1	1	0	0	0.995	0	0	0	1	0	0	0	0	0	1	0	0	0	0	0	0	0	0	0	0	0	0	0	0	1	2	0	0	0
C1_06930W_A	PGA63	0	0	0	0	0	0	0	0	0	0	0	0	0	0	0	1.002	0	1	0	0	0	0	0	0	0	2	2	0	1	0	0	2	1	0	0	2	0	1	0	0	0	0	0	0	2	0	2	0	0	0	0	2	0.999	1	2	2	2.404	0	0	0
C1_06940C_A	ATC1	0	0	0	0	0	0	1	2	1	0	0	1	0	0	0	0	0	0	0	1	0	0	0	0	1	0	2.256	0	2	1.831	3.829	1	1	0	1	0	0	0	0	1	0	0	0	0	2	0	1	0	3	1	1.261	1.069	2	0	0	1	0	0	0	1.133
C1_06950C_A	tP(AGG)1	0	0	0	0	0	0	0	0	0	0	0	0	0	0	0	0	0	0	0	0	0	0	0	0	0	0	0	0	0	0	0	0	0	0	0	0	0	0	0	0	0	0	0	0	0	0	0	0	1	0	0	0	0	0	0	0	0	0	0	0
C1_06960W_A	SUI2	0	0	0	0	0	0	0	0	0	0	0	0	1	0	0	0	0	0	1	0	0	0	0	0	0	0	0	0	0	0	0	0	0	0	1	0	0	0	0	0	0	0	0	0	0	0	0	1	0	1	1	0	3	1	0	1	2	0	0	1.296
C1_06970C_A	C1_06970C_A	0	0	0	0	1	0	0	0	0	0	0	0	0	0	0	0	0	0	0	0	0	1	0	0	1	0	0	0	1	1	0	0	0	0	0	0	0	1	0	1	0	0	0	0	0	0	0	0	0	0	1	0	0	0.999	2	1	0	1	0	2
C1_06980C_A	C1_06980C_A	0	0	0	0	0	0	0	1	3	0	1	0	2	0	0	2	1	0	0	0	0	0	1.006	0	2	0	1	1	0	1.557	0	1	0.988	2	2	1	0	1	0	0	0	1	0	0	1	1	1	1	0	3.769	1	1	1.1	0	0	0	2	2	2	1.409
C1_06990C_A	tL(UAA)4	0	0	0	0	0	0	0	0	0	0	0	0	0	0	0	0	0	0	0	0	0	0	0	0	0	0	0	0	0	0	0	0	0	0	0	0	0	0	0	0	0	0	0	0	0	0	0	0	0	0	0	0	0	0	0	0	0	0	0	0
C1_07000W_A	MEF2	1	0	1	0	0	0	0	1	0	1	0	0	0	0	0	0	0	0	1	0	0	0	1	1	0	0	1	1	0	1	0	0	0	0	0	0	1	0	0	0	0	0	0	0	0	0	0	0	0	1	1.033	0	0	0.996	1	0	1.052	2	1	0
C1_07010W_A	C1_07010W_A	0	0	0	0	0	0	1	0	1	0	0	0	0	0	0	0	0	0	0	0	0	0	0	1	1	0	1	1	0	0	0	0	0	0	0	0	0	0	0	0	0	0	0	0	0	0	0	0	0	1.56	0	0	1	0	0	0	0	0	0	0
C1_07020C_A	PUT3	0	0	0	1.96	2	0	1.165	0	1	0	1	0	0	1	1	2	0	0	0	0	1	0	0	0	3.999	2.004	0	1	4	0	0	0	0	1	1	1	1	0	0	0	0	0	0	0	1	2	0	1	0	0	2.408	0	2.998	0	0	2.047	0	0	0	0
C1_07030C_A	RBT4	1	0	0	0	1	0	1	0	0	0	0	0	0	0	0	0	0	0	0	0	0	0	0	0	0	1.997	2	1	0	0	0	1.006	0	0	0	0	1	0	0	0	0	0	0	0	0	0	0	0	0	0	0	0	0	0	0	0	1	1	0	0
C1_07040C_A	C1_07040C_A	0	0	0	0	0	0	0	0	1	0	0	0	0	0	0	0	1	0	0	0	0	1	0	0	0	2	0	0	0	0	0	0	0	0	0	0	0	0	0	0	1	0	0	0	0	0	0	0	0	0	0	0	0	0	0	1	1	0	0	0
C1_07050C_A	C1_07050C_A	0	3	1	0	1	2.006	1	0	1	3	1	2	1	0	0	2	0	1.001	0	0	0	0	0	0	2	1	0	0	2	0	2.778	1	1	1	0	0	0	0	2	0	0	0	0	0	1	0	0	0	0	2	0	1	1	0	0.999	0	0	0	0	1.347
C1_07060C_A	C1_07060C_A	0	0	0	0	0	0	0	0	0	0	0	0	0	1	0	0	2	1	0.996	0	0	0	2	1	1	0	1	0	0	0	0	1	0	0	0	0	0	0	0	0	0	0	0	0	0	0	0	0	0	0	0	1	1	0	0	0	0	1	0	0
C1_07070C_A	DHH1	0	0	0	0	1	0	0	0	0	0	0	0	0	0	0	0	1	0	1	0	0	0	0	0	0	0	0	0	1	0	1	1	0	0	0	0	0	1	0	0	0	0	0	0	0	0	0	0	1	0	1.209	0	1	0	0	0	0	0	0	1
C1_07080W_A	C1_07080W_A	0	0	0	0	0	0	0	0	0	0	0	0	0	0	0	0	0	0	0	0	0	0	0	0	1	0	0	0	0	1	0	1	0	0	0	0	2	1	0	2	0	0	0	0	0	0	0	0	1.038	0	0	0	0	0	0	0	0	0	0	0
C1_07090C_A	C1_07090C_A	0	0	0	0	0.906	0	0	2.616	0	1	1.487	1	0	1	0	1	1	1	0	0	0	0	0	0	0	3	1	2	1	0	2	1	0	0	0	0	0	1	0	0	0	0	0	0	1	0	0	0	0	0	0	0	0	1	1	0.992	1.107	0	1.171	0
C1_07100C_A	C1_07100C_A	0	0	0	0	0	0	0	0	0	0	0	0	0	0	0	0	0	0	0	0	1	0	0	0	1	0	1	0	0	0	0	0	0	0	1	0	1	0	0	0	1	0	0	0	0	0	0	0	0	0	0	0	0	0	0	0	0	0	1	0
C1_07110W_A	TAF145	0	0	0	0	2	4	2	0	3	2	0	2	0	0	0	3	0	0	0	2.005	0	0	0	2	4	3.476	4.999	3	0	1	0	0	0	0	0	0	1	0	1	0	3	0	0	0	4	2	2	4	1	0	1.166	2.421	0	1.132	0	0	0	1.513	0	1.114
C1_07120W_A	GAP4	0	0	0	0	0	0	0	0	0	2	0	0	0	0	0	0	0	0	1	0	0	0	1	0	0	0	0	1	2	0	0	0	0	0	0	0	0	0	0	0	0	0	0	0	1	2	0	2	0	0	0	0	0	0	1	0	0	0	0	2
C1_07130C_A	C1_07130C_A	0	0	0	0	0	0	0	1	0	0	0	1	0	0	1	0	1	0	1	0	0	0	1	1	0	3	0	1	0	1	1	0	1	0	0	0	1	0	0	0	0	0	0	0	0	0	0	1	0	2.001	0	0	1	0	0	0	2.475	2.302	0	1
C1_07140C_A	RIA1	1	0	0	0	1	1	0	1	1	2	0	0	0	1	1	0	1	0	0	1	1	3.358	0	0	0	0	2.006	0	3	0	5	4	0	0	1	1	0	1	0	1	1	1.154	0	0	3	1	2.787	0	0	0	2	0	2.218	2	0	0	0	0	1	0
C1_07150W_A	C1_07150W_A	0	0	0	0	0	0	0	0	0	0	0	0	0	0	0	0	0	0	0	0	0	0	0	0	0	0	0	0	2	3	1	2	0	0	0	0	4	7	0	2	0	0	0	0	0	0	1	0	0	0	0	0	0	0	0	0	0	1	0	0
C1_07160C_A	C1_07160C_A	4	7	7	4	6	8	3	10	17	13	18	25	5	4	3	3	14	13	17	19	5	4	6	4	8	9	11	5	14	17	15	13	1	0	0	0	4	8	4	6	0	0	0	0	6	6	16	11	0	0	0	0	11	3	15	7	0	0	0	0
C1_07170C_A	ZCF23	0	0	0	0	0	0	0	2	0	0	0	0	0	0	0	0	0	0	0	0	0	0	0	0	0.999	0	0	0	0	1	0	0	0	0	0	0	1	0	1	2	0	0	0	0	1	3.838	1	3	3	1	0	0	2	1	0	0	0	0	0	2.07
C1_07180W_A	CCS1	0	0	0	0	0	0	0	0	0	0	0	0	0	0	0	0	0	0	0	0	0	0	0	0	0	0	0	0	0	0	0	0	1	0	0	0	0	0	0	0	0	0	0	0	0	0	0	0	0	1	0	0	0	0	0	0	1	0	0	0
C1_07190W_A	SOG2	0	1	1	0	0	0	0	2	0	0	0	0	0	0	0	1	0	1	0	0	0	0	0	0	2	2	0	2	3	3	1	1	0	0	0	0	0	0	1	0	1	0	0	1	2	4	1	1	1	1.183	1.089	0	2	0	1	0	0	0	1.829	1
C1_07200W_A	YMC1	0	1	0	1	0	0	0	0	0	1.026	0	0	0	0	1	0	4	2	5	4	1.999	0	1	0	0	0	0	0.833	0	0	1	1	0	0	1	0	0	1	0	0	0	0	1	1.112	0	0	0	0	1.92	0	0	0	1	1.989	1.001	1	1	0	0	1
C1_07210C_A	C1_07210C_A	0	0	0	0	0	2.788	0	0	0	0	1	1	0	0	0	1	0	0	0	0	0	0	0	0	3	2	1	1	0	1	0	2	1	0	0	0	0	0	0	0.921	0	0	0	0	0	0	2	0	0	0	0	0	0	0	0	1	0	0	1	1
C1_07220W_A	C1_07220W_A	0	0	1	0	0	0	0	1.155	0	0	0	1	0	0	0	0	0	0	0	1	0	0	0	0	0	0	0	0	0	0	0	0	0	0	0	0	0	0	0	0	0	0	0	0	0	0	0	0	2	0	0	1	0	1.001	0	0	1.117	0	0	0
C1_07230W_A	PHO15	0	0	0	0	0	0	0	0	0	0	1	0	0	0	0	0	0	0	0	0	0	0	0	0	0	0	0	0	0	0	0	0	0	0	0	0	0	0	0	0	0	0	0	0	0	0	0	0	1	0	0	0	1	0	0	0	2	1.008	0	0
C1_07240W_A	YPD1	0	0	0	0	0	0	0	0	1	0	0	0	0	0	0	0	0	0	1	0	0	2	1	2	2	5.001	2	1	1	0	0	0	0	1	0	0	0	0	0	0	0	0	0	0	3	0	2	0	0	0	0	0	2	0	3	0	0	0	0	1
C1_07250C_A	ALG9	2.983	0	1	0	0	1	1	1.123	0	0	0	0	0	0	0	0	0	0	0	1	1	0	2.58	0	0	0	0	0	1	0	1	1	0	0	0	0	0	0	1	0	0	0	0	0	0	0	0	0	0	0	0	0	1	0	0	0	0	0	0	0
C1_07260C_A	C1_07260C_A	1	0	2	1	1	0	1	1	0	0	0	2	0	0	1	2	0	0	0	2	0	0	0	0	1	1	2	0	1	1	0	0	0	0	0	0	0	0	0	0	0	0	0	0	0	0	0	0	1.627	2	1	1	1	0	0	0	2	0	4	2
C1_07270W_A	SEC34	0	0	0	2	0	0	2	0	0	0.994	0	1	1	0	1	0	0	1.001	3	0	0	0	0	0	1	2.972	0	0	1	2	0	0	1	1	2	1	0	2.002	0	0	0	0	1	0	2	0	0	0	0	1.409	0	0	1.007	1	0	0	2	0	1	0
C1_07280C_A	TFB5	0	0	0	0	0	0	0	0	1	0	0	0	0	0	0	0	0	0	0	0	0	0	0	0	0	0	0	0	0	0	0	0	1	0	0	0	0	0	0	0	0	0	0	0	0	0	0	0	0	0	0	0	0	0	0	0	0	0	0	0
C1_07290W_A	C1_07290W_A	1	0	2	4	2	0	4	2.838	1	0	4	0	2	1.009	3	0	0	0	1	2	2	2	0	0	2	2	5	3	3.919	3.924	2	3	2	0	3	1	3	2	1	1	2	0	1	1	1	0	1	2	4.328	1.546	7	2.438	2	1	3	1	7.902	5	1	5
C1_07310C_A	tL(AAG)2	0	0	0	0	0	0	0	0	0	0	0	0	0	0	0	0	0	0	0	0	0	0	0	0	0	0	0	0	0	0	0	0	0	0	0	0	0	0	0	0	0	0	0	0	0	0	0	0	0	0	0	0	0	0	0	0	0	0	0	0
C1_07320W_A	C1_07320W_A	0	0	0	0	0	0	0	0	0	0	0	0	0	0	0	0	0	0	0	0	0	0	0	0	0	0	0	0	0	0	0	0	0	0	0	0	0	0	0	0	0	0	0	0	0	0	0	0	0	0	0	0	0	0	0	0	0	0	0	0
C1_07330W_A	RME1	0	0	0	0	0	0	1	2	0	1	0	0	0	0	0	0	0	0	0	0	0	0	0	0	0	0	0	0	0	0	0	1	0	0	0.999	0	0	0	0	0	0	0	0	0	1	0	0	0	0	0	1	2	0	0	0	1	0	0	0	0
C1_07340W_A	C1_07340W_A	1	0	0	0	0	1	1	0	0	0	0	0	0	0	0	0	2.002	2	0	1	0	0	0	2	2	0	0	0	0	0	0	0	0	0	1	0	0	1	1	0	0	0	1	0	0	0	0	0	1.206	0	1.001	0	2.002	3	2	3.29	0	0	1.328	0
C1_07350C_A	GPX3	0	0	0	0	0	1	0	0	0	0	0	0	0	0	0	0	0	0	0	0	1	0	0	0	0	0	0	0	0	0	0	0	1	0	0	0	0	0	0	0	0	0	0	0	0	0	0	1	0	0	0	0	0	0	0	0	0	0	1	0
C1_07360W_A	STU1	1	0	0	0	2	0	0	0	0	1	0	0	2	0	0	0	1	1	2	1.001	0	1	2	0	1	1	1	0	0	3.692	2.007	0	3	0	1	4	0	1	1	0	0	0	0	0	0	0	0	0	2	1	1	0	3	0	0	2.148	2	3	4.51	0
C1_07370C_A	CPH1	0	0	0	0	0	1	1	0	1	0	0	0	0	0	0	0	0	0	0	0	0	0	2	1	1	0	1	0	0	0	0	1	0	0	1	2	0	0	0	0	0	0	0	0	0	0	1	0	0	2	0	0	0	0	0	1	1	0	0	0
C1_07380C_A	KSP1	0	0	1	0	0	0	0	1	4	1	2	3	4	4	2	7	0	2	0	1	0	0	1	1	0	0	0	1	0	0	0	1	7	3	7	6	0	0	1	0	0	0	0	1	0.978	0	1	0	0	0	0	1	2	3	2	1.107	1.396	0	0	0
C1_07390W_A	C1_07390W_A	0	0	0	0	0	2	0	0	1	0.98	0	1	0	0	0	0	2	2	4	4	1	1	0	0	1	0	0	0	0	0	0	0	0	0	0	1	0	0	0	0	0	0	0	0	2	0	0	0	0	0	1	0	0	0	0	0.911	1	0	1	1
C1_07400C_A	C1_07400C_A	0	0	0	0	0	1	0	0	1	0	0	0	0	0	0	0	0	0	0	1	0	0	1	0	0	0	1.268	0	0	0	0	1	1	1	0	1.001	0	0	0	0	0	0	1	0	0	0	0	0	0	0	0	0	0	0	0	0	0	0	2.843	0
C1_07410C_A	SKP1	0	0	0	0	0	0	0	0	0	0	2	0	0	0	0	0	0	0	0	0	0	0	0	0	0	0	0	0	1	0	0	0	0	0	0	0	0	0	0	0	0	0	0	1	0	0	0	0	0	0	0	0	0	0	1	0	0	0	0	0
C1_07420C_A	PEX3	0	0	1	0	0	0	1	0	0	0	0	0	0	0	0	0	0	1	0	1	0	1	2	1	0	1	0	0	1	1	1	0	0	1	1	0	1	1	0	0	0	1	0	0	0	1	0	1	1	1	0	0	0	0	2	0	1.197	1.612	4	2
C1_07430W_A	PHO100	0	0	0	0	0	0	0	0	0	0	0	0	0	0	0	0	0	0	0	0	0	0	0	1	0	0	0	0	0	0	0	0	0	0	0	1	0	0	0	0	0	0	0	0	0	0	0	0	0	1	0	0	0	0	0	0	0	1	1	0
C1_07440W_A	C1_07440W_A	0	0	2.016	1	0	1	2.073	0	0	0	1	0	0	0	1	0	1	5	3	2	1.991	0	1	0	4	2	3	3	0	0	1	0	0	0	0	1	0	0	1.515	0	0	0	1	0	1	4	1	0	0	0	2.163	1.502	3	0	1	0	1	0	1	0
C1_07450W_A	C1_07450W_A	1	1	2	3	0	0	0	0	0	1	0	0	0	1	0	0	0	2	3	0	6	1	2	4	0	0	0	0	0	0	0	0	0	0	0	0	0	0	0	0	0	0	0	0	1	1	3	1	0	0	0	0	0	0	0	0	0	0	0	0
C1_07460C_A	GPI8	0	0	0	0	0	2	0	0	0	1	0	0	0	0	1	0	1	0	0	0	1	0	0	0	0	1	0	0	0	0	1	0	0	0	0	0	0	0	0	1	0	0	0	0	0	0	0	1	0	0.958	0	1	1	0	0	0	1	0	1	2
C1_07470C_A	C1_07470C_A	0	0	0	0	1	0	0	0	0	0	0	0	0	0	0	0	0	0	1	0	0	0	0	0	0	0	0	0	2	0	1	0	0	0	1	0	0	0	2	1	0	0	0	0	0	0	0	0	0	1.099	0	1	4	3	3	4	0	1	0	0
C1_07480C_A	C1_07480C_A	0	0	0	0	1	1	0	0	1	0	0	0	0	0	0	0	0	0	0	0	0	1	0	0	1	0.877	0	0	0	0	0	0	1	0	0	0	1	1	0	0	0	0	0	0	0	0	0	0	0	2	0	0	0	1	0	0	1	1	1.678	0
C1_07490C_A	C1_07490C_A	0	1	0	0	2	0	0	0	0	2	1	0	0	0	0	0	0	0	0	0	0	0	0	0	1	0	0	0	0	1	0	0	0	1	0	1	0	0	0	0	0	0	0	0	0	0	0	0	1	1.438	3	2.388	0	1	0	0	3.368	0	0	0
C1_07500C_A	LHP1	0	0	0	0	0	0	1	1	0	0	0	0	0	0	0	0	0	0	0	0	0	0	0	0	0	0	0	0.994	0	0	0	0	0	0	2	0	0	0	0	0	0	1	0	0	0	0	0	0	0	0	0	0	0	1	0	1	0	0	0	0
C1_07510W_A	C1_07510W_A	0	0	0	0	0	0	0	1	0	0	0.985	0	0	0	0	0	0	0	0	0	0	0	0	0	0	1	0	0	0	0	0	0	0	0	0	0	0	0	1	0	0	0	0	1.003	0	1	1	0	1	0	1	0	0	0	0	0.998	1	0	0	0
C1_07520C_A	IST2	0	0	1	0	0	0	0.998	0	1	0	0	0	0	0	0	0	2	0	0	0	1	0	0	0	0	0	1	0	4	1	2	2	0	0	0	0	0	0	0	1	0	0	1	1	0.981	1.061	2	1	3	1	2.457	1	0	0	0	1	0	1	1	1
C1_07530W_A	C1_07530W_A	0	0	0	0	0	0	0	0	0	0	0	0	0	0	0	0	0	0	0	0	0	1	0	0	0	0	0	0	0	0	0	0	0	0	0	0	3	4	5	2	0	0	0	0	0	0	0	0	0	0	0	0	0	0	0	0	0	0	0	0
C1_07540C_A	BBC1	0	0	0	0	3.544	3.255	6	3	0	2	1	2	0	0	0	0	0	0	0	1	0	0	0	0	1	0	0	1.978	1	3	2	2	0	1	0	1	4	3	4	5	0	0	0	0	0	1	1.006	0	0	1.175	1	0	0	1	0	2.267	2	1	0	2.497
C1_07550W_A	SWD2	2	0	0	0	3	1	1	2	0	0	0	0	0	0	0	0	1	0	0	0	0	0	0	0	0	0	0	0	0	0	2	0	0	0	1	1	0	0	0	0	0	0	0	0	0	0	0	0	0	0	0	0	0	0	0	0	2	0	0	1
C1_07560W_A	C1_07560W_A	0	0	0	0	0	0	1	1	1	0	0	0	0	0	1	0	0	0	0	0	0	0	0	0	0	0	0	0	0	0	0	0	0	0	0	0	0	0	0	0	0	0	0	0	0	0	1	0	0	0	0	0	0	1	0	0	0	1	0	0
C1_07570C_A	C1_07570C_A	0	0	0	0	0	0	0	2	0	0	0	0	0	0	0	0	0	0	0	0	0	1	0	0	1	0	0	0	0	0	0	1	6	6	3.023	3	0	0	0	0	0	0	0	0	0	0	1	0	0	0	0	0	1	0	0	0	0	0	0	1
C1_07580C_A	PRY1	0	0	0	0	0	0	0	0	0	0	0	0	1	0	0	0	0	2	0	1	0	0	0	0	1	1	0	0	0	0	0	0	1	0	0	0	1	0	0	0	0	0	0	0	0	0	0	0	0	0	0	0	0	0	0	1.967	0	0	0	1
C1_07590C_A	C1_07590C_A	2.275	0	0	1	1.802	0	3	2	1	0	1	0	6.001	1	3	1	1	0	1	0	0	0	3	2	0	1	0	0	2	1.985	4	2.225	1.203	0	1	1	0	0	0	1	0	0	0	0	0	0	0	0	0	7	2.169	1.141	1.012	0	2.994	0	1.034	1	1	0
C1_07600W_A	ATP7	0	0	0	0	0	0	0	0	0	0	0	0	0	0	0	0	0	0	0	0	0	0	1	0	0	0	0	0	0	0	0	0	1	0	0	0	0	0	0	0	0	0	0	0	0	0	0	0	0	0	0	0	0	0	0	0	0	1.861	1	0
C1_07610C_A	C1_07610C_A	0	0	0	0	0	0	0	0	0	0	0	0	0	1	0	0	0	0	0	0	0	0	1	1	0	0	0	0	0	0	0	1	0	0	0	1	0	0	0	0	0	0	0	0	0	0	1	0	1	2	0	0	0	0	0	1	2.482	0	0	0
C1_07620C_A	PIR32	0	0	0	0	0	0	0	0	0	0	0	0	0	0	0	0	0	0	0	0	1	0	0	0	0	0	0	0	0	0	0	1	0	0	0	0	0	0	0	0	0	0	0	0	0	0	0	0	0	1	1	0	1	0	1	1	0	0	0	0
C1_07630W_A	C1_07630W_A	0	0	0	0	0	0	0	0	0	0	0	0	0	0	0	0	0	0	0	0	0	0	0	0	0	1	0	0	0	0	0	0	0	0	0	0	0	0	0	0	0	0	0	0	0	0	0	0	0	0	0	0	0	0	0	0	0	0	0	0
C1_07640C_A	C1_07640C_A	0	0	0	0	0	1	2	0	0.99	0	1	0	0	0	0	0	1	0	2	1	0	0.999	0	1	1	2	1	1	0	0	0	1.039	0	0	1	0	1	0	1	0	0	0	0	0	1	5.792	0	1	0	1	2	0	0	3	1	0	2.588	1.161	2	1
C1_07650W_A	C1_07650W_A	0	0	0	0	0	0	0	0	0	0	0	0	0	0	0	0	0	0	0	0	0	0	0	0	0	0	0	0	0	0	0	0	0	0	0	0	0	0	0	0	0	0	0	0	0	0	0	0	0	0	0	0	0	1	0	0	0	1	0	0
C1_07660W_A	C1_07660W_A	2	1.014	0.999	3	2.983	4.884	2.668	1	4.705	1	1	3	0	0	3.025	1	0	0	0	0	1	0	2.077	0	6.737	2	1.999	0	7	2.115	2	1.88	1	2.987	2.992	2	0	2.181	1	3	1	2.509	0	2	1.004	3	3	2	0	3	2.786	2	5.439	2.127	1.317	4.826	0	0	3.169	1
C1_07670W_A	ZCF4	0	0	0	0	1	0	0	0	0	0	0	0	0	0	0	0	0	1	0	0	0	0	0	0	0	0	1	0	0	0	0	2	0	0	0	0	0	0	0	0	1	0	0	0	0	0	0	0	0	0	0	0	0	0	0	0	0	1	0	0
C1_07680W_A	HAP2	0	0	0	0	0	0	0	0	0	0	0	0	0	0	0	0	0	0	0	0	0	0	0	0	0	0	0	0	0	0	0	0	0	0	0	0	0	0	0	0	0	0	0	0	0	0	0	0	1	0	1	0	0	0	0	0	0	0	0	0
C1_07690C_A	C1_07690C_A	0	0	0	0	0	1.115	2	0	0	0	0	0	0	0	0	0	1	0	0	0	2.531	0	1	0	0	0	1	0	1	0	0	0	1	0	1	0	2	0	0	0	0	0	0	0	0	0	0	0	0	0	0	1	1	0	0.996	0	0	2.471	0	0
C1_07700C_A	VRG4	0	0	0	0	0	0	0	0	1.625	0	0	0	0	0	1	1	0	0	0	0	0	0	0	1	1	0	0	0	1	0	0	0	0	0	0	0	0	0	0	0	0	0	0	2	0	0	0	0	0	1	0	0	0	0	0	0	2	0	0	0
C1_07710C_A	ADE4	1	0	0	0	1	0	0	0	2	0	0	1	0	0	0	0	1	1	3	3.925	0	1	0	0	0	0	0	0	0	0	0	1	0	0	0	0	0	0	0	1	0	0	0	0	1	0	1	0	1	1	0	0	2	0	0	0	0	0	0.981	1
C1_07770W_A	FGR6-3	0	0	0	0	0	0	0	0	0	0	0	0	0	0	0	0	0	0	0	0	0	0	0	0	0	0	0	0	0	0	0	0	0	0	0	0	0	0	0	0	0	0	0	0	0	1	0	0	0	1	1.307	0	0	0	0	1	0	0	0	0
C1_07780W_A	C1_07780W_A	0	0	0	1	0	0	0	1	0	0	1	1	3	3	1	1	0	0	3	0	0	1	0	0	1	0	0	1.055	2	1.004	0	1	0.853	0	0	0	0	1	0	1	0	0	0	0	0	0	0	0	0	0	1	0	2.142	0	0	2	0	0	2.61	1.029
C1_07790C_A	C1_07790C_A	0	0	0	0	1	1	3	0	0	0	0	0	0	0	1	0	0	0	1	0	0	0	0	0	1	0	0	0	0	2	0	0	0	0	0	0	0	0	0	0	0	0	0	0	1	0	0	0	0	0	0	0	0	0	1.003	1	2	1	0	0
C1_07800W_A	MTO1	0	0	0	0	0	2	0	0	0	0	0	1	0	0	1	0	0	0	0	1	0	1.391	1	0	1	0	3	1	0	0	0	0	0	1	0	1	0	0	1	0	0	0	0	0	0	0	1	0	2	3	0	1	3.992	4.569	0	4	2	0	0	1.312
C1_07810C_A	C1_07810C_A	0	0	0	1	0	0	0	3	0	1	0	0	1	0	0	1	0	0	0.996	1	0	0	0	0	0	0	0	1	0	0	0	0	1	0	1	0	0	0	0	1	0	0	0	0	1	0	0	0	1	1	0	0	0	0	0	0	0	0	0	0
C1_07820W_A	C1_07820W_A	0	0	0	0	0	0	1	0	0	0	1	0	0	0	0	0	0	0	0	0	1	0	0	0	0	1	0	0	0	0	0	0	0	0	0	0	0	0	0	0	0	0	0	0	0	0	0	0	0	1	0	0	0.992	1	2	1	0	0	0	0
C1_07830C_A	C1_07830C_A	0	0	0	0	0	0	0	0	0	0	0	0	0	0	0	0	0	0	0	0	0	0	0	0.922	0	0	2	0	1.008	0	0	0	0	0	0	0	1	0	0	0	0	0	0	0	0	0	1	0	0	0	0	0	0	0	1	0	0	0	0	0
C1_07840W_A	C1_07840W_A	0	0	0	0.831	3	0	0	4.974	0	0	1	0	0	1	0	1	0.995	0	2	1	3	3	1	1	3.733	0	0	0	0	1	4	0	0	0	0	0	0	0	0	0	1	0	0	1	1	2	2	0	1.778	2	1	2	4	0	2	6	3.836	0	2	3
C1_07850C_A	C1_07850C_A	0	0	0	0	0	0	0	0	0	0	0	0	0	0	1	0	0	1	0	0	0	0	0	0	1	0	0	0	0	0	0	0	1	0	0	0	0	0	0	0	0	0	0	0	0	0	1	0	1.27	1	0	0	0	0	0	0	1	0	0	2
C1_07860W_A	C1_07860W_A	0	0	0	0	0	0	1.835	1	0	0	0	0	0	0	0	0	0	1	0	1	0	1	0	1	0	0	1	0	0	0	1	0	0	2	2	0	1	0	2	0	0	0	0	0	0	1	1	0	2	1	0	1	1	0	0	1	0	0	0	1.27
C1_07870C_A	SMI1	0	0	0	0	4	5	2	2	14	9	8	11	1	0	1	0	0	1	1	0	7	6	4	2	2.673	2	2	1	1	0	1	0	8	7	2	8	3	3	1	3.996	0	0	0	0	5	1	4	5	0	0	1	0	2	0	4.365	1	0	1.18	0	1
C1_07880C_A	GCS1	0	0	1	0	0	0	0	1	0	0	0	2	0	1.56	0	0	0	0	0	0	1	1	0	0	0	0	0	0	1	0	0	0	0	0	0	0	2	0	0	0	0	0	0	0	1	0	0	1	0	1	0	0	2.56	0	2.142	1	1.604	0	0	0
C1_07890C_A	ADE5	0	0	0	0	1.102	0	0	0.986	0	0	0	0	0	0	0	0	0	1	0	1	1	1	0	0	1.293	0	0	0	0	0	2	0	0	0	0	0	0	0	0	0	0	0	0	0	0	1	0	0	0	0	0	0	1	1	1.069	0	0	0	0	0
C1_07900W_A	COI1	0	0	1	0	0	0	0	0	0	0	0	0	1	0	0	0	0	0	0	0	0	0	0	1.338	0	0	0	0	0	0	0	0	0	0	1	0	0	0	0	0	0	0	0	0	1	1	0	0	0	1	1.91	1	0	0	1	0	0	0	0	0
C1_07910C_A	MRPL3	0	1	0	0	0	0	0	0	0	1	0	0	0	0	0	0	0	0	0	0	0	0	0	0	1	0	0	0	1	0	0	0	0	0	0	0	0	0	0	0	0	0	0	0	0	0	1	0	2	0	0	0	1	1	0	0	0	0	0	0
C1_07920W_A	C1_07920W_A	0	0	0	0	0	0	1	0	1	0	0	1	0	0	0	0	0	0	0	0	1	0	0	0	0	1	0	0	0	0	0	0	0	1	0	0	0	0	0	0	0	0	0	0	0	0	0	0	0	0	0	0	0	0	0	0	0	0	0	0
C1_07930C_A	ERD1	1	0	0	0	1	2	0	0	1	0	1	0	0	0	0	0	0	0	0	0	0	0	0	0	0	0	0.999	0	1	0	1	0	0	0	0	0	0	0	1	0	0	0	0	0	1	2	0	0	1	0	0	0	0	0	0	0	1	2.664	0	3.198
C1_07940W_A	C1_07940W_A	0	0	0	0	0	0	0	0	0	1	1	0	0	0	0	0	3	6	3	2	0	0	0	0	6	7	5	4	0	0	0	0	0	0	0	0	6	3	3	2	0	0	0	0	1	2	0	1	0	0	0	0	0	1	0	2	0	0	0	0
C1_07950C_A	C1_07950C_A	0	0	1	0	0	0	0	1	0	0	0	0	0	0	0	0	0	0	0	0	0	0	1	0	1	0	0	1	1	0	1	0	0	0	0	0	0	1	0	0	0	0	0	0	0	0	0	0	0	1	1	0	1	0	0	0	0	0	0	1
C1_07960W_A	C1_07960W_A	0	0	0	0	1	0	0	0	0	0	1	0	0	0	0	0	0	0	0	1	0	1	0	0	0.797	0	0	0	0	0	0	1	0	0	0	0	0	0	1	0	0	0	0	0	0	0	0	0	0	0	0	0	0	0	0	0	0	2.822	1.877	0
C1_07970C_A	IRE1	0	0	2	1	1	1.065	1	0	8.787	1	1	0	0	1	2	0	2	0	1	0	0	1	0	0	1.24	1	5.047	1	5	0	2.008	0	0	0	1	0	0	0	0	3	0	0	1	0	0	1	3.998	0	0	1.121	5	1.235	4.601	3	2.055	1	0	3.532	2.672	2
C1_07980C_A	C1_07980C_A	0	0	0	0	7	5	6	8	0	0	2	1	0	1	0	0	4	1.974	4	0	0	2	6	4	0	0	0	0	2	2	0	0	0	0	0	1	1	2	2	0	0	0	1	0	0	2	2	1	0	0	0	0	0	0	0	1	0	0	0	0
C1_07990C_A	C1_07990C_A	0	0	0	0	0	0	0	0	0.987	1	0	0	0	0	0	0	0	0	0	0	1	1	0	0	1.192	0	0	0	0	0	0	0	0	0	0	0	0	0	0	0	0	0	0	0	0	0	0	1	0	0	0	0	1	0	0	0	0	0	0	0
C1_08000W_A	NRP1	0	0	0	0	0	1	1	1	0	0	0	0	0	0	0	1	0	0	0	0	0	0	0	0	0	0	0	0	0	0	0	0	0	1	0	0	0	0	0	0	0	0	0	0	0	0	0	0	0	0	1	0	0	0	1.007	0	1.071	1	0	2.441
C1_08010W_A	DPM1	0	0	0	0	0	0	0	0	0	0	0	1	0	0	0	0	0	0	0	0	1	2	1	2	0	0	0	1	0	0	0	0	0	0	0	0	0	0	0	0	0	0	0	0	0	0	0	0	0	0	0	0	0	0	1	2	0	0	0	0
C1_08020W_A	UBA2	0	0	0	0	0	0	2	0	0	0	1.036	0	0	0	0	0	0	1	0	0	0	0	0	0	0	0	1	2	1	0	1	0.998	0	0	1	1	0	0	0	0	0	0	1	0	0	0	1	0	0	0	0	1	0	0	0	0	0	0	0	0
C1_08030W_A	PFY1	0	0	0	0	0	1	0	0	1	2	0	4	0	0	0	0	0	0	0	0	0	0	0	0	0	0	1	0	0	0	0	0	0	0	0	0	1	1	1	1	0	0	0	0	0	1	0	1	0	0	0	0	0	0	0	0	0	0	0	0
C1_08040W_A	C1_08040W_A	0	0	0	0	1	0	0	0	0	0	0	0	0	0	0	0	0	0	0	0	0	0	0	0	0	0	0	0	0	0	0	0	0	0	0	0	0	0	0	0	0	0	0	0	0	0	0	0	0	0	0	0	0	0	0	0	0	0	0	1
C1_08050W_A	C1_08050W_A	0	0	0	1	0	1	0	0	0	2	1	3	0	0	0	0	2	2	1.929	2	0	0	0	0	0	0	0	0	0	1	0	0	2	4	6	3	0	1	0	0	0	0	0	0	1	1	1	1	0	0	0	0	0	0	0	0	0	0	0	0
C1_08060W_A	OFR1	0	0	0	0	0	0	0	0	0	0	0	0	0	0	0	0	0	0	0	0	0	0	0	0	0	0	0	0	0	0	0	0	0	0	0	0	0	0	0	0	0	0	0	0	0	0	0	0	0	0	0	0	0	0	0	0	0	0	0	0
C1_08070W_A	CDR4	1	0	1	0	0	2.191	1.974	0	2	1	1	0	0	0	1	0	1	1	1	1	1	0	0	0	0	2	2	2	0	1.163	1	3	3.076	2	0	1	0	0	0	1	0	0	0	0	0	0	0	2	2	0	1.037	0	0	3	2	0	3	0	1	0
C1_08080C_A	C1_08080C_A	0	0	0	0	0	0	0	0	1	1	2	0	0	0	0	0	0	0	0	0	0	0	0	0	0	0	0	0	0	0	3	0	0	0	0	0	0	0	0	1	0	0	1	1	0	0	0	0	0	0.901	0	0	0	0	0	0	1	0	0	0
C1_08090C_A	FUN12	0	1	0	0	0	0	0	0	1	0	0	0	0	0	0	0	1	0	0	0	0	0	0	0	0	0	0	1	0	2	0	2	0	0	0	2	0	0	0	0	0	0	0	0	6	3	3	2	1	1	1	0	1.997	2	2	0	0	1.059	0	1.153
C1_08100W_A	DRG1	0	0	1	1	0	0	0	0	0	0	0	0	0	0	1	0	0	0	0	0	0	0	0	0	0	0	0	0	0	0	0	0	0	0	0	0	0	0	0	0	0	0	0	0	0	0	0	0	0	0	1	0	0	0	0	0	1	3	0	0
C1_08110W_A	C1_08110W_A	0.868	0	0	0	0	1	0	0	1	0	0	0	0	0	0	0	0	2	0	0	0	0	0	0	0	1	0	0	0	0	0	0	0	0	0	0	0	0	0	0	0	0	0	0	2.202	0	0	0	0	1	0	0	0	0	0	0	0	0	0	0
C1_08120W_A	BUD6	0	0	0	0	2.796	0	0	0	1	0	1.002	2	0	0	0	0	0	1	0	0	0	0	0	0	1.009	1	1	0	0	0	0	0	0	0	0	0	0	0	0	0	0	0	0	0	0	0	0	0	0	0	0	0	0	0	0	0	0	1	0	0
C1_08130C_A	TERT	0	1	1	1	1	0	0	1	2	0	0	0	0	0	0	1	3	6	3.679	1	0	0	0	1	0	1	0	0	4	0	0	0	0	0	1	0	0	1	0	0	0	0	1	0	1	0	0	1	4	0	1.044	0	0	1	2	0	1.146	0	0	0
C1_08140W_A	C1_08140W_A	2	3	0	1	0	0	1	0	0	0	0	0	0	0	0	0	2.621	1	1	0	0	0	1	0	1	0	0	0	0	0	0	0	0	0	0	1	0	0	1	0	1	0	1	0	0	0	0	1	0	0	0	0	1	1	0	0	0	0	0	0
C1_08150C_A	C1_08150C_A	0	0	1	1	0	0	1	1	0	1	1	2	0	0	0	1.002	0	0	0	2	1	0	0	0	1	0	2	0	2	1	0	1.057	0	0	1	0	1	0	0	1	0	0	0	0	0	0	1	0	0	1	0	1	1	0	1	0	1	1	1	1
C1_08160W_A	C1_08160W_A	0	0	0	0	0	0	0	0	0	3	1	0	0	0	0	0	0	0	0	0	1	0	0	0	0	0	0	0	4	4	5	1	0	1	0	0	0	0	0	0	0	0	0	0	0	0	0	0	0	0	0	0	0	0	0	0.991	1	0	0	0
C1_08170C_A	BUL1	0	0	0	1	0	0	0	0	0	0	0	0	0	0	0	0	0	0	0	1	0	0	3	0	1	0	1	1	1	4	3.003	2	0	0	0	0	0	0	1	0	0	2	0	0	0	0	2	0	0	0	0.932	0	1	1.98	2	1	0	1.34	0	0
C1_08180C_A	C1_08180C_A	1	0	0	1.037	0	0	1.118	0	0	0	2.01	0	0	1	0	0	0	1	0	1	0	2	1	0	0	1	0	0	4	4	4	6.535	1	2	1	1	0	0	0	1	0	0	0	1.102	3	3	4	1	1	0	3	1.02	0	2	1	0	0	0	0	1
C1_08190C_A	CAT8	0	0	1	0	1	0	2	3.626	1	0	0	0	0	0	0	0	1	0.999	1	2	0	1.709	1	0	0	1	0	0	0	0.973	0	0	0	0	1	0	0	0	0	0	0	0	0	0	0	0	1	0	1	0	3	1.079	0	0	0	0	3	0	0	1
C1_08200W_A	NTG1	0	0	0	0	0	0	0	0	0	1	0	2	1	0	0	0	0	0	1	0	0	0	0	0	0	0	0	3	0	0	0	0	0	0	0	0	0	0	0	0	0	0	0	0	0	0	0	0	0	0	0	0	0	0	0	0	1	1	0	1
C1_08210C_A	MLT1	0	0	0	1	1	1.242	1	1	1	0	0	0	1	2	0	0	2.002	0	0	0	2	0	0	2	2	1	1	0	0	1	1	1	0	0	0	1	0	0	1	1	0	0	0	0	2	0	1	2	0	3	2	0	2	1	2	0	3.092	1.364	4	1.311
C1_08220W_A	CCR4	0	0	0	0	0	0	1	1	1	0	0	0	0	0	0	0	0	1	0	0	0	0	0	0	1	1	1	1	1	0	1	0	0	0	0	0	0	0	0	0	0	0	0	0	0	1	0	2	1	0	0	0	0	1	0	0	0	0	1	0
C1_08230C_A	PLB5	0	1	0	0	4.368	2	5	3	0	0	0	1	0	0	0	0	0	0	0	0	0	1	0	1	0	1.001	1	2	7	6	3.171	6.92	1	1	1	1	0	3	1	1	1	0	0	0	0	1	0	0	1	0	1.121	3	0	1	1.996	1.508	1	1	0	0
C1_08240C_A	C1_08240C_A	0	0	0	1	0	0	0	0	0	0	0	0	0	1	0	1	1	0	0	0	1	0	0	0	0	1	2	0	0	0	0	0	1	1	0	1	0	1	0	0	0	0	0	0	0	0	0	0	0	3	0	3	0	0	0	0	0	0	0	0
C1_08260C_A	LTP1	0	0	0	0	3	4	2	3	0	0	0	0	0	0	0	0	0	0	0	0	0	1	0	0	0	0	0	0	0	0	0	0	0	0	0	1	0	1	0	0	0	0	0	0	0	0	0	0	0	0	0	0	0	0	0	0	0	0	2	0
C1_08270C_A	MED15	0	0	0	0	2	0	0	0	2	1	0	0	0	0	1	1	1	1	1	2.065	0	0	1.092	2.859	0	0	1	1.997	1	3	0	0	0	0	0	0	0	1	0	0	0	0	0	0	1	0	0	0	0	0	0	0	0	0	0	1.808	0	0	0	0
C1_08290C_A	DIP2	0	1	0	1.981	1	0	2	0	1	0	0	0	0	1	0	0	0	0	1	1	0	0	0	0	0	0	2	0	0	0	0	1.096	0	0	1	1	0	0	1	1	0	1	0	0	2	0	1	1	0	0	0	0	1.779	2	0	0	2	1	1.127	0
C1_08300W_A	NOT5	0	0	0	0	1	0	0	0	0	0	0	0	1	0	0	0	0	0	0	0	2	2	3	2	0	0	0	1	0	1	0	0	0	0	0	0	0	0	0	0	0	0	0	0	0	0	1	1	0	0	0	2	1	0	0	0	0	0	1.423	0
C1_08310W_A	OPY2	0	1	0	0	0	0	0	0	0	0	0	0	0	0	0	1	1	1	0	0	0	1	0	0	0	0	1	1	1	1	3	2	0	1	1	1	0	0	0	1	0	0	0	0	0	1	0	0	0	0	0	0	1	0	1	0	0	0	1	1
C1_08320W_A	TKL1	0	0	0	0	1	0	0	0	1	0	0	0	0	0	0	1	2	3	1	4	0	0	0	0	0	1	1	0	0	0	1	0	0	1	0	0	0	0	0	1	0	0	0	0	1	0	1	0	0	0	0	0	2	0	2	2	1	3	2	1
C1_08330C_A	ADH2	0	0	0	0	0	0	0	0	0	0	0	0	0	0	0	0	0	0	0	0	0	0	1	0	0	0	0	0	0	0	1	0	0	1	1	1	0	0	0	0	0	0	0	0	1	0	0	0	0	1.637	0	0	0	0	0	0	0	0	0	0
C1_08340C_A	SNX3	0	1	0	0	0	1	0	0	0	0	0	0	0	0	0	0	1	0	0	0	0	0	0.992	0	0	1	0	0	0	0	0	0	0	0	0	0	0	0	0	0	0	0	0	1	0	0	0	0	0	0	0	0	1	0	0	0	0	0	0	0
C1_08350C_A	C1_08350C_A	0	0	0	0	4	1	1	1	0	0	0	0	0	0	0	0	1.003	0	0	0	0	0	0	0	0	0	1	0	1	1	0	1	0	0	0	1	1	0	1	2	0	0	0	0	0	0	0	0	0	0	0	0	0	0	0	0	0	0	0	0
C1_08360C_A	OLE1	0	0	0	0	4	4	6	7	0	0	0	0	0	1	0	0	3	0	0	1	0	0	1	0	3	6	5	0	0	0	2	0	1	0	0	1	0	1	2	1	0	1	0	0	9	3	5	8	0	0	0	0	0	3	1	7	0	0	0	0
C1_08370W_A	SDS24	0	0	0	0	2	0	0	0	0	0	0	1	0	0	0	0	0	2	0	0	0	0	0	1.608	1	0	0	0	0	0	1	1	0	0	0	0	0	0	0	0	0	0	0	0	1	0	1	0	0	0	0	0	1	2	0	0	0	2	0	1
C1_08380W_A	TEF2	0	0	0	0	7	0	3	5	1	0	0	0	0	4	0	2	0	0	0	2	0	0	0	0	0	0	0	0	0	0	0	0	0	0	0	0	0	0	0	1	0	0	0	0	0	2	0	1	0	0	0	0	0	3	3.866	0	0	0.5	0	0
C1_08390C_A	C1_08390C_A	0	0	0	0	0.994	0	0	0	0	1	0	1	0	0	0	0	0	0	0	0.804	0	0	0	0	1	0	0	0	0	0	0	1	0	0	0	1.005	0	0	0	0	0	0	0	0	0	0	0	1	2	1	0	0	1	0	0	1	0	0	1.454	0
C1_08400C_A	GCV2	0	0	0	0	0	0	0	1	2	0	1.003	0	2	1	1	3	1	1	0	0	1	0	0	0	2.022	2	2	1	0	0	0	0	3	3	2	1.033	0	1	0	0	0	0	0	1	2	0	0	0	2.789	0	0	0	0	0	0	1	3.87	0	0	0
C1_08410C_A	SAM4	0	0	0	0	1	0	0	0	0	0	0	0	0	0	1	0	0	0	0	0	0	0	0	0	0	0	0.81	0	0	0	1	0	0	0	0	0	0	0	0	0	1	0	0	0	0	0	0	0	0	1.722	0	0	0	1	1	1	0	0	1.171	0
C1_08420W_A	GCR3	0	0	1	0	0	1	0	1	1	0	0	2	0	0	2	0	1	0	0	0	0	1	1	0	0	0	0	0	0	0	2	0	0	0	0	0	0	0	0	0	0	0	1	0	2	2	1	1	3	0	1	0	6	3	4	0	0	1	1	0
C1_08430W_A	CAF16	0	0	0	0	0	0	0	0	0	0	0	0	0	0	0	0	0	0	0	0	0	0	0	0	0	1.001	0	0	0	0	1	0	0	0	0	0	0	0	1	0	0	0	0	0	0	1	0	0	0	0	1	0	0	0	1	0	0	0	0	0
C1_08440C_A	C1_08440C_A	0	0	0	0	0	0	0	0	0	0	0	0	0	0	0	0	0	0	0	0	0	0	0	0	0	0	0	0	0	0	0	0	0	0	0	0	0	0	0	0	0	0	0	0	0	1	0	0	0	0	1	0	0	0	0	0	0	1.496	0	0
C1_08450C_A	CDC42	0	0	0	0	0	0	0	0	0	0	0	0	0	0	0	0	0	0	0	0	0	2	0	0	0	0	0	0	0	0	1	0	0	0	0	0	0	0	0	0	0	0	0	0	0	0	0	0	0	0	0	0	0	0	0	0	0	0	0	1
C1_08460C_A	UPC2	0	0	0	0	0	0	0	1	0	0	0	0	1	0	0	0	0	0	0	1	1	1	0	0	4	1	2	3	0	1	1	0	0	0	0	0	0	0	1.996	1	0	0	0	0	0	0	0	0	1.278	0	0	0	1	0	0	0	0	0	0	0
C1_08470W_A	CBP4	0	0	0	0	0	0	0	0	2	1	2	0	0	0	0	0	0	0	0	0	2	1	0	0	0	0	0	0	0	0	0	0	0	0	0	0	0	0	0	0	0	0	1	0	1	1	0	0	0	1	0	0	0	0	0	0	0	0	0	1
C1_08480C_A	APS3	0	0	0	0	0	0	1	0	0	0	0	0	0	0	0	0	0	0	0	0	0	0	0	1	0	0	0	0	0	0	0	0	0	0	0	0	0	0	0	0	0	0	0	0	0	0	0	0	0	0	0	1	0	0	0	0	0	0	0	0
C1_08490W_A	BNA5	0	0	0	0	1	0	0	0	0	0	0	1	0	0	0	1	4	0	6	4	0	1	0	0	0	0	0	0	0	1	0	0	0	0	0	0	1	3	2	2	0	0	0	0	0	0	0	0	1	0	0	0	0	0	0	0	0	0	0	0
C1_08500C_A	ENO1	0	0	0	0	1.343	0	2	0	0	0	1	0	1	0	0	1	0	0	0	0	0	0	0	0	0	1	0	0	1	0	0	0	1	0	0	0	0	0	0	0	0	0	0	0	1	0	0	0	0	0	0	0	0	0	1	0	0	0	0	1
C1_08510W_A	EAF6	1	0	0	0	0	1	0	0	0	0	0	0	0	0	1	0	2	0	0	2	0	0	0	0	0	0	0	0	2	1	1	3	0	0	1.001	0	0	0	0	0	0	0	0	0	0	0	0	0	0	1	0	0	0	0	0	0	0	0	1	0
C1_08520C_A	C1_08520C_A	1	0	1	0	0	0	0	0	0	0	0	0	0	0	0	0	0	0	0	0	0	0	0	0	0	0	0	0	0	0	0	0	0	0	0	0	0	0	1	0	0	0	0	0	0	0	0	0	1	0	0	0	2	0	0	0	0	0	0	0
C1_08530W_A	C1_08530W_A	0	0	0	0	0	0	0	0	0	0	0	0	0	0	0	0	0	0	0	0	0	0	1	0	0	0	0	0	0	0	0	0	0	0	0	0	0	0	0	0	0	0	0	0	0	0	0	0	0	0	0	0	0	0	0	0	0	0	0	0
C1_08540C_A	C1_08540C_A	0	0	0	1	0	0	1	2.361	0	0	0	0	0	0	0	0	0	1	1	0	1	0	1	0	0	1	0	1	1	0	0	0	0	0	0	1	0	0	1	0	0	0	0	0	0	0	0	0.687	0	0	0	0	0	0	1	1	0	1	2	0
C1_08550C_A	GCF1	0	0	0	0	0	0	0	0	0	0	0	0	0	0	0	0	0	0	1	0	3	2	3	0	0	0	0	0	2	1	1	0	0	0	0	0	1	0	0	0	0	0	0	0	0	1	0	0	0	0	0	0	0	0	0	0	0	1	0	1
C1_08560W_A	TCP1	1.977	0	0	1	0	1.004	0	0	0	0	1	0	0	0	0	0	0	0	0	0	1	0	0	1	0	0	0	0	2	1	1	0	1	1	0	1	1	0	0	2	0	0	0	0	0	1	1	0	0	1	0	0	0	0	1	1	0	1.148	0	0
C1_08570C_A	PCL2	0	0	0	0	0	0	0	0	3	0	0	0	0	0	0	0	1	0	0	0	0	0	0	0	0	0	0	0	2	0	0	0	1	0	2	0	0	0	0	0	0	0	0	0	0	0	0	0	0	1	0	1.158	0	0	0	0	1	0	1	0
C1_08580C_A	VCX1	0	0	0	0	0	0	0	0	0	0	0	0	0	1	0	1	0	0	0	0	1	0	0	0	1	0	0	0	0	0	0	1	0	0	0	0	0	0	0	0	0	0	0	0	0	0	0	0	0	0	0	0	0	0	0	0	0	0	0	1
C1_08590C_A	ERG1	0	1	0	1	0	0	0	0	3	3	4.005	3	2	0	1	0	0	0	0	0	0	0	0	0	0	1	0	0	1	0	0	0	0	0	0	0	0	0	0	1	0	1	0	1	1.196	0	2	1	0	0	3	0	1.285	0	1	1	2	0	0	0
C1_08600C_A	GCD6	0	0	1	0	1	1.054	2	0	1	0	0	1	0	1	2	0	0	0	0	0	0	1	1	1	0	0	0	0	0	0	0	0	0	0	0	2	0	0	1	0	0	0	0	0	0	0	0	0	0	0	0	2	2	1	1	0	2	0	1	2
C1_08610C_A	C1_08610C_A	0	0	1	0	0	0	0	0	0	0	1	0	0	0	0	0	0	0	0	0	0	0	2	0	0	1	1	1	1	1	1.514	0	0	0	0	0	3	2	1	4	0	0	0	0	3	3	1	0	0	0	0	0	3	5	2	1	0	0	0	1
C1_08620W_A	CTR2	0	2	2	2	0	0	0	0	0	0	0	1	0	0	0	0	0	0	0	0	0	1	0	1	1	1	1	3	0	0	0	0	0	0	1	0	0	0	0	0	0	0	0	0	1	1	1	0	0	0	0	0	0	0	0	1	0	0	0	0
C1_08630W_A	C1_08630W_A	0	0	0	0	1	0	0	0	0	0	0	0	0	0	0	0	0	0	0	0	0	0	0	0	0	0	0	1	2	0	0	1	0	0.999	0	0	0	0	0	0	0	0	0	0	0	0	0.999	0	0	0	0	0	0	0	0	0	1	0	1.008	0
C1_08640W_A	RTG1	1	0	0	0	0	0	0	1	0	0	1	0	0	0	0	0	0	1	0	0	0	0	0	0	0	0	0	0	1	0	0	1	1	0	0	1	0	0	1	0	0	0	0	0	0	0	0	0	1	1.845	0	0	0	0	0	0	0	1.301	1	1
C1_08650C_A	FAD1	0	0	0	0	0	0	0	0	0	0	0	0	0	0	0	0	0	1	1	0	0	0	0	0	0.993	1	1	0	1	1	0	2.576	0	0	0	0	0	1	0	0	0	1	0	0	0	0	0	0	0	1	0	0	0	0	0	1	0	0	1	0
C1_08660C_A	C1_08660C_A	0	0	0	0	0	0	0	0	0	0	0	1	0	0	0	0	0	0	0	0	0	0	0	0	0	0	1	0	0	0	1.999	0	1	0	0	0	0	0	0	0	0	0	0	0	0	0	0	0	0	0	0	0	0	0	0	0	1	0	0	0
C1_08670W_A	SWI6	0	0	0	1	1	0	2	0	1	0	0	0	0	0	0	0	0	0	0	0	1.03	0	2.874	0	2.773	0	1	0	6.008	4	0	2	2	1	0	0	2.999	2	6	5	0	0	0	0	2	0	1	1	0	4.78	3.823	0	1	1	1	0	0	1.501	1.539	2
C1_08680C_A	C1_08680C_A	1	0	0	0	1.002	4	0	0	1	0	0	1	0	0	0	0	0	0	0	0	0	0	0	0	0	0	0	0	0	0	0	0	0	0	0	0	0	0	1	0	0	0	0	0	0	0	0	0	0	0	0	0	0	0	0	1	1	0	0	0
C1_08690W_A	C1_08690W_A	0	0	0	0	0	0	0	0	0	0	0	0	0	0	0	0	0	0	0	0	0	0	0	0	1	0	0	0	0	0	0	1	0	1	0	0	0	0	0	0	0	0	0	0	0	0	0	0	0	0	0	0	0	0	0	0	0	0	0	1
C1_08700W_A	C1_08700W_A	0	1	0	0	1.145	1.982	1	0	2	1.035	3	3	0	0	1.1	1	1	0	0	0	6	3	3	2	1	1.011	2.153	0	0	0	0	0	1	0	0	0	0	1	0	1	0	0	0	0	1	4.686	6	4	0	0	4.571	1	5.793	5	4.996	4	4.405	3.459	0	0
C1_08710W_A	C1_08710W_A	0	0	0	0	0	0	0	1	0	0	0	0	0	1	0	0	3	5	2	6	1	0	0	0	0	1	0	0	1	0	0	0	0	0	0	0	0	0	0	0	0	0	0	0	0	0	0	0	0	0	0	0	2	1	2	2	1.547	0	0	1
C1_08730W_A	C1_08730W_A	1	1	0	1	0	0	0	0	1.532	1	0	0	1	0	0	0	0.997	0	0	0	1	0	0	0	1.026	0	1	0	1	1	0	0	0	0	0	1	0	0	0	0	0	0	0	0	0	0	0	0	0	0	0	0	0	0	0	1	0	0	0	1
C1_08740C_A	SEC24	0	0	0	0	0	0	1	0	0	0	2	0	1	0	0	0	0	0	0	0	0	0	0	0	0	0	0	0	1	2	0	0	0	0	0	0	1	0	0	0	0	0	0	0	0	0	0	1	0	0	4	0	0	0	1	0	1	1	0	0
C1_08750W_A	YMC2	1	0	0	0	0	1	0	1	0	0	0	0	0	0	0	0	0	0	0	0	0	0	0	1	0	0	0	0	0	0	0	2	0	0	0	0	0	0	0	0	0	0	0	0	0	0	1	0	0	0	0	0	0	0	1	0	0	1	0	1
C1_08760W_A	C1_08760W_A	1	0	0	0	0	0.809	0	0	0	0	0	0	0	0	0	0	0	0	1	0	2	2	0	0	1	2	0	0	1.996	0	0	1	0	1	1	1	0	0	0	0	0	0	0	0	1	0	0	0	0	0	0	0	2	0	0	0	0	0	0	0
C1_08770W_A	C1_08770W_A	0	0	0	0	0	0	0	0	0	0	0	0	0	0	0	0	0	0	0	0	0	0	0	0	0	0	0	0	0	0	0	0	0	0	0	0	0	0	0	0	0	0	0	0	0	0	0	0	0	0	0	0	0	0	0	0	1	0	0	1
C1_08780W_A	C1_08780W_A	0	0	0	0	0	0	0	0	1	0	0	0	0	0	0	0	0	0	2	0	0	0	0	0	0	0	0	1	0	0	0	1	0	0	0	0	3	2	2	0	0	0	0	0	0	0	0	1	0	0	0	0	0	0	1.02	0	0	0	0	0
C1_08790W_A	TPO3	0	0	0	0	1	0	0	1	0	0	0	0	0	0	0	1	1	0	0	0	1	0	0	1	0	1	0	1	1	0	0	1	1	0	1	0	0	0.911	0	0	1	0	0	0	0	0	1	0	1	0	2	1	0	1	0	2	1.151	1	0	0
C1_08800W_A	C1_08800W_A	0	0	0	0	0	0	4	1	2	2	1	0	0	0	0	0	0	0	0	0	0	0	0	0	0	2	4.42	2	0	0	0	0	1	1	0	1	0	0	0	1	0	0	0	0	0	0	0	0	0	0	0	2	0	1	1	1	0	0	0	0
C1_08810C_A	MSS116	0	0	0	0	0	0	0	0	0.989	0	0	0	0	1	1	0	1	1	0	1	4	1	2	4	0	1	0	0	0	0	0	0	5	2	5	4	1	0	1	0	1.691	0	0	0	3	0	0	0	2	0	0	0	1	2	1	3	0	0	0	0
C1_08820C_A	C1_08820C_A	0	0	0	0	0	0	1	0	0	0	0	0	1	0	0	0	0	0	0	0	0	0	0	0	0	0	1	1	0	0	0	0	0	0	0	0	0	0	0	0	0	0	0	0	0	0	0	0	1	1	0	0	0	0	0	0	0	0	0	0
C1_08830C_A	C1_08830C_A	0	0	0	0	0	0	0	0	0	0	1	0	0	0	0	0	0	0	0	0	0	0	0	0	0	0	0	0	0	0	0	1	0	0	0	0	0	0	0	0	0	0	0	0	0	0	0	0	0	0	0	0	0	0	0	0	0	1	0	0
C1_08840W_A	C1_08840W_A	0	0	0	3.006	2	1	2	0	0	1	0	1	0	1	0	0	1	1	2	0	0	0	1.003	0	0	0	1	1	1	2	0	0	0	1	0	0	0	0	0	2	0	0	1	0	0	1	0	1	3	0	1	0	0	1	1	1	0	0	0	0
C1_08850C_A	AFG1	0	0	0	1	1	2	0	1	0	0	1	0	0	0	0.978	0	0	0	0	0	0	0	0	1	2	0.842	0	0	0	0	1	0	1	0	0	1	0	0	1	1	0	0	0	0	0	3	0	0	1	0	0	0	1	0	2	2	0	0	0	1.502
C1_08860C_A	C1_08860C_A	0	0	0	1.005	0	0	2	0	1	1	0	0	1	0	1	1	2	0	0	0	0	0	0	0	2	1	1.079	2	1.062	0	0	0	0	0	1	0	1	0	0	0	0	0	0	0	0	0	1	0	0	0	2	3.227	0	0	2	0	0	1.415	2	0
C1_08870C_A	JIP5	0	0	0	0	0	0	0	1	0	0	1	0.991	0	0	0	0	0	0	1	0	0	0	0	0	1	0	0	0	0	0	0	0	0	2	0	0	0	0	0	0	0	0	0	0	3	0	0	0	0	0	0	0	0	0	0	0	4	1	0	1
C1_08880W_A	HEM14	0	0	0	0	2	0	0	0	1	1	1	0	2	0	0	0	0	0	0	0	0	0	0	0	0	1	0	0	0	0	0	1	0	0	0	0	1	0	1	0	0	1	0	0	0	0	0	0	0	0	0	0	1	0	4	0	2.827	0	1	0
C1_08890C_A	C1_08890C_A	0	0	0	0	0	0	0	0	0	0	0	0	0	0	1	0	0	0	0	0	0	0.999	0	0	0	1	0	0	0	0	0	0	0	0	0	0	0	0	0	0	0	0	0	0	0	0	0	0	0	0	0	0.756	0	1	0	1	0	0	0	0
C1_08900W_A	C1_08900W_A	0	0	0	0	0	0	0	1	0	0	0	0	1	0	0	1	1	0	0	0	1	0	0	1	0	1	0	1	1	0	0	1	0	0	0	1	0	0	1	0	0	0	0	0	4	0	1	0	3.694	0	0	2	0	1	0	1	1	0	0	1
C1_08910C_A	C1_08910C_A	0	0	1	1.996	1	0	0	0	0	1	0	0	1.962	0	0	0	1	1	1	0	0	0	0	0	0	0	1	0	0	0	1	0	0	0	0	1	0	0	1	0	0	0	0	0	0	1	0	1	0	0	0	3	1	0	0	0	0	1	1	1
C1_08920W_A	RSM25	0	0	0	0	1	0	0	1	0	0	0	0	0	0	0	0	0	0	0	0	0	0	1	0	0	1	1	0	0	0	0	0	0	0	0	0	0	0	0	0	0	0	0	0	0	0	0	0	0	0	2	0	0	1	0	0	0	0	1	0
C1_08930C_A	C1_08930C_A	0	0	0	0	0	0	0	0	0	0	1	0	0	0	0	0	0	0	0	0	0	1	0	0	0	1	0	0	0	0	0	0	0	0	0	0	0	0	0	0	0	0	0	0	0	0	0	0	0	0	0	0	1	0	1	0	0	0	0	0
C1_08940C_A	MSN4	0	0	0	0	1	1	1.141	0	0	0	0	1.809	1	0	0	0	0	0	0	0	0	0	0	0	0	1	0	0	1.832	1	0	1	0	0	2	0	0	0	1	0	0	0	0	0	0	3	3	1	0	0	1	0	2	0	0	3.003	0	1	0	1
C1_08950W_A	PFK26	0	0	0	3	0	3	1	3	2	1	0	3	0	0	0	0	1	0	1.001	0	2	0	0	0	5.002	0	0	0	2	0	3	1	0	3	1	0	3	0	0	0	1	1	0	0	0	1	0	4	2.548	0	5	2	0	0	2	1.584	7.7	4.573	0	1
C1_08960W_A	C1_08960W_A	0	0	0	0	0	0	1	0	5	2	3	1	0	0	0	0	0	0	0	0	0	0	0	0	5	1	2	3	0	0	2	0	1	0	0	2	0	0	0	0	0	0	0	0	0	0	1	2	0	0	0	2	2	0	1	3	1	0	3	0
C1_08970W_A	C1_08970W_A	0	0	0	0	0	0	0	0	1	0	0	3	0	0	0	0	0	0	0	0	0	0	0	0	2	1	3	1	2	1	0	1	0	0	0	0	0	0	0	0	0	0	0	0	2	1	1	1	0	0	0	0	0	0	0	0	0	0	0	0
C1_08980C_A	ZWF1	0	0	1	0	1	0.999	0	0	0	1	0	0	0	0	1	0	0	0	0	0	0	0	0	0	1	2	3	0	0	0	0	0	2	0	0	1	1	0	0	0	0	0	0	0	1	0	1	0	1	0	2	0	3.001	2	5	5	4.661	0	2	1.996
C1_08990C_A	KEX2	1	3	1	1	1	0	0	0	0	1	0	0	1	0	1	0	0	0	0	0	0	0	0	0	0	1.153	1	0	0	1	0	0	0	1	1	1	0	0	0	0	0	0	0	1	6	1	6	5.001	1.046	0	0	0	0	6	3	1	0	1.239	0	4
C1_09000W_A	C1_09000W_A	0	1	0	0	0	0	0	1	0	1	0	1	0	0	0	0	0	0	0	0	0	1	0	0	0	0	0	0	0	0	0	0	0	0	0	0	0	0	0	0	1	0	0	0	1	0	0	0	0	1	1	1	3.542	3.007	0.944	2.866	0	0	0	0
C1_09010W_A	NAR1	1	0	0	0	1	0	1	1	2	0	1	0	0	0	1	0	0	0	0	0	1	0	0	0	0	0	0	0	0	0	1.237	1	0	0	0	0	2	0	0	0	0	0	0	0	1	0	0	0	0	0	0	0	1	0	0	1	1.993	0	1	0.979
C1_09020W_A	C1_09020W_A	0	1	0	0	0	0	0	0	0	0	0	2	0	0	0	0	0	0	0	0	0	0	0	0	0	0	0	0	1	0	0	1	0	1	1	1	0	0	0	1	1.751	0	0	0	0	0	0	0	0	0	0	0	0	0	0	0	1	0	0	0
C1_09030C_A	COX5	0	0	0	0	0	0	0	0	0	0	0	1	0	0	0	0	0	0	1	0	0	0	0	0	0	0	0	0	0	2.388	2	3	0	2	0	0	0	0	0	0	0	0	0	0	1	0	0	0	0	0	0	0	5	0	2.038	4	0	1	0	0
C1_09040C_A	C1_09040C_A	0	0	0	0	3	1	0	0	1	1	0	0	0	0	0	0	0	0	0	0	1	0	1	0	1	2	1	1	0	0	1	3	0	0	0	1	1	1	0	0	0	0	0	0	0	0	0	0	0	1	0	0	0	2.408	0	2.365	1.465	1.002	0	2
C1_09050W_A	HST1	0	0	0	0	0	1.99	1.001	1	2	0	0	1	1	0	0	0	0	0	1	0	0	0	0	0	2	0	0	2	3	1	6	2	1	1	0	2	1	2	1	0	1.448	0	0	0	1	1	0	0	1	0	0	0	2.814	0	1	0	0	1.013	0	0
C1_09060C_A	C1_09060C_A	0	0	0	0	2	0	0	0	0	1	0	0	0	0	0	0	0	0	0	0	0	0	0	0	1	0	0	0	0	0	0	0	0	0	0	0	0	0	0	0	0	0	0	0	1	0	0	0	0	0	0	0	0	0	0	0	1	1.399	0	1
C1_09070W_A	PAN2	0	1	0	2	1.184	3	2	0	0	1.004	0	0	3	0	1	0	0	0	2	2.159	1	2	0	1.001	4.234	1.214	3	1	1.882	2	0	0.998	0	0	0	0	0	1	0	0	2	0	1	2	0	0	1	0	6.112	0	1.425	0	2	1	1	2	1.24	2.638	0	2.674
C1_09080C_A	PGA6	0	0	0	0	0	0	0	0	0	0	0	0	0	0	0	0	2	0	0	0	0	0	0	0	0	0	0	0	0	0	0	0	0	0	0	0	0	0	0	0	0	0	0	0	0	0	0	0	0	0	0	0	0	0	0	0	0	0	0	0
C1_09090C_A	ARG81	1	0	2	0	3.001	2	2.125	4	1	1	0	0	0	1	4.085	0	2	1	0	2	1.289	1	1	3.247	0	2.165	3	4.949	4	4	2	1.187	0	0	3	1	1	3	6	3	1.342	0	0	0	3	2	1	2	2.443	3.559	5.668	5	1	0	2.032	2	1.036	4.528	1.911	4
C1_09100W_A	ZCF28	0	0	0	0	1	0	0	1	0	0	0	0	0	0	0	0	0	0	0	0	0	0	0	0	0	0	0	0	0	1.968	0	0	0	0	0	0	0	0	1	0	0	0	0	0	0	0	0	0	0	0	1.02	0	0	1	0	2	0	0	0	0
C1_09110W_A	C1_09110W_A	0	1.001	0	0	0	0	2.028	2	1	0	1	0	0	0	0	0	0	1	0	0	2	1	0	1	0	0	2	0	0	0	0	2	0	0	0	0	0	0	1	1	0	0	0	1	1	1.036	2	2	0	0	0	0	2	0	0	1	0	0	0	2
C1_09120W_A	IPT1	0	0	0	0	1	0	2.014	1	1	0	0	0.994	0	0	0	0	0	0	0	1	0	1	0	1	1.527	0	0	0	5	0	0	0	1	0	0	0	0	0	0	0	0	0	0	0	0	0	0.994	0	0	0	0	2	0	0	1	1	2	0	0	2.729
C1_09130W_A	MNN47	0	0	0	1	0	1	0	1	0	0	0	0	1	1	1	0	0	0	0	1.998	0	0	0	0	0	0	0	0	0	1	1	0	0	0	0	1	0	0	0	0	0	1	0	0	0	0	1	0	1	0	0	0	1	1	1	0	0	2	3.478	1
C1_09140C_A	SSU81	0	0	0	0	0	0	0	1	0	0	0	0	0	0	0	0	0	0	1	0	0	0	0	0	1	0	1.665	1.022	0	0	0	1	0	1	1	0	0	0	0	0	0	0	0	0	0	0	0	0.99	0	1	2.603	0	0	1	1	0	0	0	0	0
C1_09150W_A	AOX2	0	0	0	0	0	0	0	0	0	0	0	0	0	0	0	0	5	2	2	3	1	1	0	0	0	0	0	0	0	2	0	1	1	0	2	0	0	0	0	0	1	0	0	0	1	0	0	0	1	0	1.845	0	0	0	0	0	0	0	0	1
C1_09160W_A	AOX1	0	0	0	0	0	0	0	0	0	0	0	1	0	0	0	0	0	0	0	0	0	0	1	0	0	0	0	0	0	0	0	1	0	0	0	0	0	0	0	0	0	0	0	0	0	0	0	0	0	0	0	0	0	0	0	0	0	0	0	0
C1_09170W_A	CTA8	0	1	0	0	0	0	0	0	0	1	0	0	0	1	0	0	0	1.047	2	0	0	0	0	1	0	0	1	0	0	0	0	1	0	0	0	0	1	0	0	0	0	0	0	1.004	0	0	0	1	1	1	0	0	0	0	0	0	0	0	0	1
C1_09180W_A	LYS143	0	0	0	0	0	0	1	0	0	1.058	1	0	1	0	0	0	1.039	0	1	0	0	0	0	0	1.054	0	0	0.999	0	1.861	0	1	0	1	0	0	0	0	0	0	0	0	0	0	1	1	1	0	1	0	0	0	0	1	0	0	2	1	0	1
C1_09190C_A	DAK2	0.999	0	2	0	0	0	0	0	0	1	1	1	1	0	0	1	0	0	0	0	1	1	0	0	0	0	0	0	1	1	3.901	1	0	0	0	1	0	0	0	0	0	0	1	0	0	2	0	0	0	0	0	0	3	3	2	4	0	1	0	0
C1_09200W_A	LYS142	0	0	1	1	0	1	1	1	0	0	0	0	0	0	1	0	1	0	0	0	0	1	1	0	0	0	0	0	0	0	0	0	0	0	1	0	0	0	1	0	0	0	0	0	0.997	0	0	0	0	2	0	0	0	0	1	0	0	1.332	0	0
C1_09210C_A	C1_09210C_A	0	0	2	1	0	2	0	0	0	0	2	0	3	1	2	1.989	1	0	0	0	0	0	0	0	1	0	0	0	0	0	0	0	0	1	0	0	3	2	4	3	0	1	0	0	0	0	0	0	1	1.633	0	2	4.93	1	5	2	0	0	0	0
C1_09220W_A	C1_09220W_A	0.999	0	0	0	0	1	0	0	1	1	0	0	0	0	0	0	0	0	0	0	1	3	1	0	0	0	0.997	0	0	1	0	0	0	0	0	1	0	0	0	0	0	0	0	0	2	1	0	1	0	0	0	0	0	0	1	1	0	0	0	0
C1_09230C_A	GRP1	1	0	0	0	0	0	0	0	0	0	1	1	3	2	2	3	0	0	0	0	0	0	0	0	0	0	0	0	0	0	0	0	0	0	0	0	0	0	0	0	0	0	0	0	1	0	0	0	1	0	0	1.654	0	0	0	0	1	0	0	0
C1_09240C_A	C1_09240C_A	0	0	0	0	0	0	1	0	1	0	0	0	0	0	0	0	1	0	0	0	0	1	0	0	1	0	1	0	0	1	0	0	0	0	0	0	0	0	0	0	0	1	0	0	0	0	0	0	0	0	0	0	0	0	0	0	0	0	1	0
C1_09250W_A	CRP1	0	0	0	0	3	1	0	0	0	0	1	1	2	1	0	1.999	3	1	0	0	1	1	0	1	3.005	1	1	1	1	0	1	2.995	6	4	6	6	1	0	0	0	0	1	0	0	0	0	1	0	0	0	0	0	0	0	1	1	0	0	1	0
C1_09260C_A	PTC1	0	0	1	0	0	0	0	0	0	0	1	0	0	0	1	0	0	1	0	1	0.883	0	0	0	1	0	0	0	0	0	0	0	0	0	0	1	0	0	0	0	0	0	0	0	0	0	0	0	0	0	0	0	0	1	0	0	0	1	1	1
C1_09270W_A	FGR43	0	0	0	0	1	0	0	0	0	0	0	0	0	1	0	0	0	0	0	1.523	0	0	0	0	0	0	1	0	0	1	0	2	0	0	0	0	0.946	0	0	0	0	0	0	0	0	0	1.183	0	0	2	2	0	0	0	1	0	2.412	0	0	0
C1_09280W_A	C1_09280W_A	0	0	0	2	1	0	0.98	0	0	0	0	1	0	0	0	0	0	1	1	0	2	0	0	0	2	0	0	0	1	3.999	0	0	0	0	1	0	0	0	0	0	0	0	0	0	0	0	0	0	1.506	1	0	0	1	1.989	1	0	1	0	0	0
C1_09290C_A	ARG5	0	0	0	1	0	1	1	1.001	0	1	0	0	0	1	0	0	1	0	0	0	1	0	0	0	0	0	0	0	0	0	0	0	2	0	0	0	0	0	0	0	0	0	0	0	0	0	0	0	0	0	1	2.463	1.944	1	0	0	2.708	1	2.18	1
C1_09300C_A	C1_09300C_A	0	0	0	0	3	0	0	0	0	0	0	0	0	0	0	0	0	0	1	0	0	0	0	0	0	0	0	0	0	0	1	0	0	1	1	0	0	1	0	0	0	0	0	0	0	0	0	0	0	0	1	0	1	0	0	0	0	0	0	1
C1_09310C_A	C1_09310C_A	1	2	0	0	0	0	0	0	0	1	2	0	1	3	1	2	2	1	1.113	0	0	2	1	2	0	1	0	1.051	1	1	0	0	0	1.159	1	0	0	0	0	0	0	0	0	0	1	0	2	0	1.143	2	2.394	2.227	0	1.242	4	2	2.303	3.393	3	2.228
C1_09320C_A	C1_09320C_A	0	2.435	0	0	0	0	0	0	0	0	0	0	0	0	0	0	0	0	0	0	0	0	0	0	0	1	0	0	0	1	0	0	0	0	0	0	0	0	0	1	0	0	0	0	0	0	0	0	0	0	0	0	0	0	0	0	0	1	0	0
C1_09330W_A	C1_09330W_A	0	0	0	0	0	0	0	0	0	1	0	0	0	0	0	0	0	1	0	0	0	0	0	0	0	0	1	1	1	0	0	0	0	1	1	0	0	0	0	0	0	0	0	0	0	0	0	0	0	0	0	0	0	0	1	0	0	0	1	1
C1_09340C_A	C1_09340C_A	1	0	0	0	1	0	0	0.992	2	3	2	0	0	1	1	0	0	1	1	0	0	0	1	1.038	3.007	0	3.999	0	0	0	1.993	2	0	0	2	0	2	1	1	2	0	0	0	0	0	0	1	0	1.186	0	0	2.349	2	1	0	0.999	0	0	0	0
C1_09350W_A	CAF20	0	0	0	0	0	0	0	0	0	0	0	0	0	0	0	0	0	0	0	0	1	0	0	0	0	0	0	0	0	0	0	0	0	0	0	0	0	0	0	0	0	0	0	0	0	0	0	0	0	0	0	0	0	0	0	0	0	0	0	0
C1_09360C_A	EFR3	0	1	0	0	0.999	0	1	0	0	1	0	0	0	0	0	0	0	1.998	0	0	1	0	1	0	1.049	1	1.834	0.924	0	0	1	0	0	0	0	1	0	0	0	0	1	0	0	0	0	0	0	0	0	0	0	0	1	0	2.009	2.134	2	0	2	0
C1_09370W_A	CEF1	0	0	0	1	3	2	2	3.023	0	1	1	0	0	0	1.588	0	0	0	1	2	0	0	0	1	0	1	0	0	0	0	0	0	0	1	0	0	0	0	0	0	0	0	0	0	1	1	1.012	0	1	0	0	2	2	2	0	3	1	0	1	0
C1_09380W_A	RIM20	0	0	1	1	0	1.001	1.896	1.39	1	0	0	0	0	0	0	0	0	1	0	0	0	0	0	0	1	1	0	0	0	0	0	0	0	0	0	0	0	0	1.17	0	0	0	0	0	0	0	1	0	0	2	0	0	1	0	0	0	1.175	0	0	1
C1_09390W_A	C1_09390W_A	1	0	1	0	2	2	1	0	0	1	0	0	0	0	0	0	0	0	0	0	2	0	0	0	0	0	1	2	0	0	0	0	0	0	0	0	0	0	1	0	1	0	0	0	0	0	0	0	1	3	0	2.671	0.986	2	1	0	2.276	0	1.309	0
C1_09400C_A	FTH1	1	1	0	0	0	2	1	1	1	0	0	0	0	0	0	0	0	0	0	0	0	0	0	0	0	0	0	0	0	1	0	1	0	0	1	0	0	0	0	0	0	1	0	0	0	0	0	1	0	1	0	0	0	0	0	0	0	0	0	0
C1_09410W_A	C1_09410W_A	0	0	0	0	0	0	0	0	1	0	0	0	0	0	0	0	0	0	0	0	0	0	0	0	0	0	0	0	0	0	0	0	0	0	0	1	0	0.999	0	0	0	0	0	0	0	1	0	0	1	0	0	0	0	0	0	0	1	0	0	0
C1_09420W_A	LIP2	0	0	0	0	0	0	0	0	0	0	0	0	0	0	0	0	0	0	0	0	0	0	0	0	0	0	0	1	0	0	0	0	0	0	0	0	0	0	0	0	0	0	0	0	0	0	0	0	0	0	0	0	0	3	0	0	0	0	0	0
C1_09430W_A	C1_09430W_A	0	1	0	2	1	0	3.003	3	1.499	2	0	1	0	1.224	0	1	1	1	3	1	1	1	3	0	3.212	1	2.685	1	3	1	2	1	2	0	2	3	0	1	1.001	0	0	0	0	0	0	2	0	0	3	2	1	1	1	0	0	0.732	1.061	0	2.414	3.358
C1_09440W_A	C1_09440W_A	0	0	0	0	0	0	0	0	0	0	0	0	0	0	0	0	0	0	0	0	0	0	0	0	0	0	0	0	1	0	0	0	0	0	0	0	0	0	0	0	0	0	0	0	0	0	0	0	0	0	0	0	0	0	0	0	1	0	0	0
C1_09450C_A	NUP188	2	0	1	1	0	2	1.01	2	0	2	0	2	2	2.121	0	0	1	2	1	0	0	1	0	1	0	1	1	0	2	1.994	1.978	1	1	2	0	0	0	1	0	0	0	0	0	0	0	1	0	0	0	0	0	1.185	0	1	1.924	0.919	1.174	1.339	0	5.144
C1_09460W_A	ERG12	1	0	0	0	1	0	0	0	0	0	0	1	0	0	0	0	0	0	0	0	0	0	0	0	0	0	0	0	0	0	0	0	0	0	0	0	0	0	0	0	0	0	0	0	0	1	1	0	0	0	0	0.842	0	0	0	0	0	0	0	0
C1_09470C_A	C1_09470C_A	0	2	0	0	0	0	0	0	0	0	0	0	0	0	0	0	0	1	0	0	0	0	0	1	0	0	0	0	0	0	0	1	1	0	0	0	0	0	0	0	0	0	0	0	0	0	0	0	0	0	0	0	0	0	0.995	1	1	0	1	0
C1_09480W_A	PPT2	0	0	0	0	0	0	0	0	0	0	0	0	0	0	0	0	0	0	0	0	0	1	0	0	0	0	0	0	0	0	0	0	0	0	0	0	0	0	0	0	0	0	0	0	0	0	0	0	0	0	0	0	0	0	0	0	0	0	0	0
C1_09490C_A	GUA1	0	1	0	0	0	0	0	0	0	0	1	0	0	0	0	0	0	0	0	0	0	0	1	0	1	0	1	0	0	0	0	2	0	0	0	0	0	0	0	0	0	0	0	0	0	0	0	0	0	0	0	0	1	1	0	1	0	0	0	0
C1_09500W_A	C1_09500W_A	0	0	0	0	0	0	0	0	0	0	0	0	0	0	0	0	0	0	0	0	0	0	0	0	0	0	0	0	0	0	0	0	0	0	0	0	0	0	1	0	0	0	0	0	0	0	1	0	0	0	1	1	0	0	0	0	0	0	0	0
C1_09510W_A	YTM1	1	0	0	0	0	1.002	0	0	1	0	1	0	1	0	1	0	0	0	0	0	1	1	0	0	0	0	0	0	0	1	0	0	1	0	0	0	1	0	0	0	0	0	0	0	1	0	0	0	0	1	0	0	1	0	1	0	0	0	0	0
C1_09520C_A	C1_09520C_A	0	1	0	0	0	0	0	0	0	0	0	0	0	0	0	0	0	0	0	0	0	0	0	0	0	0	0	0	0	1	0	0	0	0	0	0	0	0	0	1	0	0	0	0	0	0	0	0	0	0	1	0	0	0	0	0	0	0	0	0
C1_09530W_A	RAM2	0	1	0	0	0	0	0	0	0	0	0	0	0	0	0	0	0	0	0	0	0	0	0	0	0	0	0	1	0	0	0	0	0	0	1	0	0	0	1	0	0	0	0	0	0	0	0	0	0	0	0	1	0	0	0	1	0	0	0	0
C1_09540W_A	C1_09540W_A	0	0	0	1	0	0	0	0	0	0	0	0	0	0	0	0	0	0	0	0	0	0	0	0	1	0	0	0	0	0	0	1	0	0	0	0	0	0	0	0	0	0	0	0	0	0	0	0	1	0	0	0	0	1	1	0	0	0	0	0
C1_09550W_A	C1_09550W_A	0	2	0	0	1	0	1	0	0	2	0	1	0	0	2.004	0	0	0	0	1	1	0	1.984	0	0	0	1	1	1	0	1	1.746	0	0	1	0	0	0	2	0	0	0	0	0	0	1	1	0	1	2	0	0	0	0	1	1	1	1	0	2
C1_09560C_A	C1_09560C_A	0	0	0	0	0	0	0	0	0	0	0	0	0	0	0	0	0	0	0	0	0	0	0	0	0	0	0	0	0	0	0	0	0	0	0	0	0	0	0	0	0	0	0	0	0	0	0	0	0	0	0	0	0	0	0	0	0	0	0	0
C1_09570W_A	C1_09570W_A	1	0	0	0	0	0	0	1	0	0	1	2	1	0	0	0	0	0	0	0	0	0	0	0	3	3.101	2	0	0	0	0	0	0	0	0	0	1	0	0	0	0	0	0	0	0	0	0	0	0	1.686	0	0	0	0	0	0	0	0	0	0
C1_09580C_A	LIP1	0	0	0	0	0	0	0	0	0	1	0	0	0	1	0	0	1	0	0	0	0	0	0	0	0	1	0	0	0	0	0	0	0	0	0	0	0	0	0	0	0	0	0	0	0	0	0	1	0	0	0	0	0	0	1	0	0	1	1.008	0
C1_09590C_A	LIP10	0	0	0	0	0	0	2	0	1	1	0	0	0	0	1	0	0	0	1	0	0	0	2	0	0	0	2	0	1	0	1	1	0	1	0	0	0	0	0	0	0	0	0	0	0	0	0	1	0	0	0	1	0	0	0	0	1	0	0	0
C1_09600C_A	LIP6	0	0	0	0	0	1	0	0	0	0	0	0	1	1	0	0	0	0	0	0	0	0	0	0	0	0	0	0	0	0	0	0	0	1	0	0	0	0	0	0	0	0	0	0	0	0	1	0	0	0	0	0	1	0	0	0	0	0	0	1
C1_09610W_A	C1_09610W_A	0	0	0	1	0	0	0	1	0	0	0	0	0	0	0	0	0	0	0	0	0	0	0	0	0	0	0	0	0	0	0	0	0	0	0	1	0	0	0	0	0	0	0	0	0	0	0	0	0	0	0	0	1.5	0	0	0	0	0	0	0
C1_09620C_A	C1_09620C_A	0	0	0	0	0	1	0	0	2	1	0	1	1	0	0	0	0	0	0	0	0	0	1	0	0	0	0	0	0	0	0	0	0	0	0	0	0	0	0	0	0	0	0	0	0	0	0	0	0	0	0	0	0	0	0	0	0	2	0	0.899
C1_09630W_A	IDH1	0	0	0	0	0	0	0	0	0	0	0	0	0	0	0	0	0	0	0	0	2	3	0	0	0	0.915	0	0	0	0	0	0	0	0	0	0	0	0	0	0	0	0	0	0	0	0	0	0	0	0	0	0	0	1	0	0	2	0	0	0
C1_09640W_A	ADE12	0	0	0	0	0	1	1	1	0	1	0	1	0	0	0	0	0	0	0	0	0	0	0	1.876	0	0	0	0	0.995	0	0	1	0	0	0	0	0	0	0	0	0	0	0	0	0	0	0	0	1	0	0	0	0	1	1	0	0	0	2	0
C1_09650W_A	C1_09650W_A	0	0	1	0	0	1	0	0	0	0	0	0	0	0	0	0	0	0	1	0	1	0	0	0	0	2	2	0	1.81	0	0	0	0	1	0	0	1	0	0	0	0	0	0	0	3	0	1	1	1	1	1	0	0	1	0	0	2	0	0	1
C1_09660W_A	DOA1	0	0	0	0	0	0	0	1	0	0	0	0	0	0	0	0	0	1.003	1	0	0	0	2	0	2	0.998	0	0	0	0	0	0	0	0	0	0	0	1	0	0	0	0	0	0	0	1	0	1	0	0	0	0	2	1.017	1	0	0	3.457	1.534	1.433
C1_09670C_A	C1_09670C_A	0	0	0	0	0	0	0	0	0	0	0	0	0	0	0	0	0	0	0	0	0	0	1	1	0	0	0	0	0	0	0	0	0	0	0	0	0	0	0	0	0	0	0	0	0	0	0	0	2	0	0	0	0	0	0	0	0	0	0	0
C1_09680W_A	MTS1	1	1	0	0	0	1.993	1	0	0	0	0	0	3	3	3	2	0	0	0	0	0	0	0	0	0	0	0	1	0	0	0	0	0	0	0	0	0	0	0	0	0	0	0	0	0	0	0	0	0	0	0	0	1	0	0	0	0	0	0	0
C1_09690W_A	MLS1	6	8	8	7	3	3	1	3	1	0	0	0	3	3	4	0	0	0	0	0	1	1	0	2	0	4	0	1	6.878	3	6	6	3	0	2	1	3	2	3	4	0	0	0	0	3	4	4	2	0	0	0	1	0	0	0	0	1	0	0	0
C1_09700W_A	C1_09700W_A	0	0	0	0	0	0	0	0	0	1	0	0	1	0	0	0	0	0	0	0	0	0	0	0	0	0	0	0	0	0	1	1	0	0	0	0	0	0	0	0	0	0	0	0	0	0	0	0	0	0	0	0	0	0	0	0	0	0	1	0
C1_09710C_A	C1_09710C_A	0	0	0	0	1	0	0	1	0	0	1	0	1	0	0	0	0	0	2.002	0.92	0	0	0	0	0	0	1	0	1	0	0	0	0	0	0	0	0	0	0	0	0	0	0	0	0	0	0	0	0	1	1	0	0	0	0	1	0	0	1	0
C1_09720W_A	URA1	0	0	0	0	0	1	0	0	0	0	0	1	0	0	0	0	0	0	0	0	0	0	0	0	1	0	0	0	0	0	0	1	0	0	0	0	0	0	0	0	0	0	0	0	0	0.999	0	0	0	0	0	0	2	1.606	0	0.77	1.832	0	1	0
C1_09730W_A	DAM1	0	0	0	0	0	0	1	0	0	0	1	0	0	0	0	0	0	0	0	0	0	0	0	0	0	0	0	0	0	0	0	0	0	0	0	0	0	0	0	0	1	0	0	0	2	1	2	1	0	0	0	0	0	0	0	0	0	0	0	1
C1_09740C_A	C1_09740C_A	0	0	0	0	0	0	0	0	0	0	0	0	0	0	0	0	0	0	0	0	0	0	0	0	0	0	0	0	0	0	0	0	0	0	0	0	0	0	0	0	0	0	0	0	0	0	0	0	0	0	0	0	0	0	0	0	0	0	0	1
C1_09750W_A	GET2	0	0	0	0	1	4	0	6.094	0	0	1	0	0	0	2	0	0	0	0	0	0	0	1	0	0	0	0	0	0	0	0	1	0	0	0	0	0	0	0	0	0	0	0	0	0	0	0	1	0	0	0	0	0	1	1	0	0	0	0	0
C1_09760C_A	SHY1	0	0	0	0	0	1	0	0	3	1	3	0	0	1	0	0	0	0	0	0	1	0	0	0	0	0	0	0	0	1	0	0	0	0	0	0	0	0	0	0	0	0	0	0	0	0	1.361	0	1	0	0	0	0	0	1	0	0	0	0	0
C1_09770W_A	C1_09770W_A	0	0	0	0	2	0	4	1	0	0	0	0	0	0	0	0	0	0	0	0	0	0	0	0	0	0	0	0	1	1	3	0	3	3	3	3	2	6	5	3	0	0	0	0	1	0	0	0	0	0	0	0	0	0	2	0	0	0	0	0
C1_09780C_A	C1_09780C_A	1	0	0	1	1.297	1	1	0	0	0	0	1	0	0.999	1	0	0	1	0	0	0	1	1	2	0	2	0	0	0	0	0	0	0	0	0	0	2	1	0	0	0	0	0	1.293	0	1	0	0	0	1	1	1	0	1	0	0	1	1	3.934	2.651
C1_09790C_A	C1_09790C_A	1	1	0	0	0	0	0	0	0	0	0	0	0	0	0	0	0	0	0	0	0	0	0	0	0	0	0	0	0	0	0	0	0	0	1	2	0	0	0	0	0	1	1	0	0	0	0	1	0	1	0	0	1	0	0	0	0	1.094	0	0
C1_09800C_A	TVP18	0	0	1	1	1	3	1	3	0	0	0	0	0	0	0	0	0	0	0	0	0	0	0	0	0	0	0	0	0	0	0	1	1	1	0	1	1	0	0	1	0	0	0	0	0	0	0	0	0	1	0	0	0	1	0	0	1	0	0	0
C1_09810W_A	C1_09810W_A	0	1	0	0	2	0	1	0	0	0	0	0	0	2	2	1	0	1	0	0	0	0	0	0	0	0	0	0	0	0	0	0	0	0	0	0	0	0	0	0	0	0	1	0	0	0	0	0	0	0	0	0	0	0	0	0	2.992	0	1	0
C1_09820C_A	C1_09820C_A	0	0	0	0	0	0	0	0	0	0	0	0	0	0	0	0	0	0	0	0	0	0	0	0	0	0	0	0	0	0	0	0	0	0	0	0	0	0	0	0	0	0	0	0	0	0	0	0	0	0	0	0	0	0	0	0	0	0	0	0
C1_09830W_A	SKI3	2	1	1	0	0	0	3	3	0	3	1	1	0	0	0	0	0	0	0	0	3	0.996	0	0	2.008	0	0	1	0	3	1	0	0	1	1	0	1.149	1	0	0	0	0	0	0	0	0	0	0	1.057	0	2.587	2	2	0	2	0	3.345	0	0	0
C1_09840C_A	STS1	0	0	0	0	0	0	0	0	0	0	0	0	0	0	0	0.984	0	0	0	0	0	0	0	0	0	0	0	0	0	0	0	0	0	0	0	0	0	0	0	0	0	0	0	0	1	0	0.956	0	0	0	0	1	0	0	2	1	0	1	0	0
C1_09850C_A	C1_09850C_A	0	0	0	0	0	1	0	0	0	1	0	0	0	0	0	2	0	0	0	1	4	6	1	4	0	0	0	0	0	0	0	0	1	0	0	0	4	4	4	5	0	0	0	0	3	1	1	1	0	0	0	0	3.453	10	4	4.17	1	0	0	1
C1_09860C_A	TFA1	0	0	0	0	0	0	0	0	1	0	0	0	0	0	0	0	0	0	0	0	0	0	0	0	0	0	0	0	0	0	1	0	0	0	0	0	0	0	0	1	0	0	0	0	0	0	0	0	0	1	0	0	0	1	0	0	2.839	0	1	0
C1_09870W_A	HCM1	0	0	1.993	0	0	2	1	0	0	0	1	0	1	0	1	0	0	0	0	0	0	0	2	1	1	1	1	0.819	0	1	1	0	0	1	1	0	0	0	1	0	0	0	0	0	3.002	0	0	2.993	0	0	2	0	0	0	0	0	5	0	2	0
C1_09880C_A	BUD31	0	1	0	0	2	1	0	0	0	0	0	0	0	0	0	0.996	0	0	0	0	0	0	0	0	0	0	0	0	0	0	0	0	0	0	0	0	2	1	1	0	0	0	0	0	0	0	1	0	0	0	0	0	0	2	0	0	0	1	0	1
C1_09890C_A	tS(CGA)1	0	0	0	0	0	0	0	0	0	0	0	0	0	0	0	0	0	0	0	0	0	0	0	0	0	0	0	0	0	0	0	0	0	0	0	0	0	0	0	0	0	0	0	0	0	0	0	0	0	0	0	0	0	0	0	0	0	0	0	0
C1_09900W_A	LIP3	0	0	0	0	0	0	0	0	0	0	0	0	0	0	1	1	0	0	0	0	0	0	0	0	0	0	0	0	0	0	0	0	1	0	0	1	0	0	1	0	0	0	0	0	0	0	0	0	0	0	0	0	0	0	0	0	0	0	0	0
C1_09910C_A	C1_09910C_A	0	0	0	0	0	0	0	0	0	0	0	0	1	0	0	0	0	0	0	0	0	0	0	0	0	0	0	0	0	0	0	0	1	0	0	0	0	0	0	0	0	0	0	0	0	0	0	0	0	0	0	0	1.5	2	0	0	0	0	0	0
C1_09920W_A	VPS41	0	0	0	0	0	0	1.012	0	4	1.006	1	1	0	0	0	0	3	0	0	1	1.001	0	0	1	3	0.996	1	1	6.151	2	2	2.612	0	0	2	0	0	0	0	0	1	0	0	0	1	0	0	0	2.401	2	2	2	1	1.877	3.04	0.972	2	2.295	4.492	3
C1_09930W_A	C1_09930W_A	0	0	0	0	1.562	0	0	0	0	0	0	0	0	0	0	0	0	0	0	1	1	0	0	0	0	0	1	0	1	0	0	1	0	0	0	0	0	0	0	0	0	0	0	0	0	1	0	0	0	0	2	0	0	0	0	0	1.348	0	0	0
C1_09940W_A	C1_09940W_A	0	1	1	0	0	0	0	0	0	0	0	0	0	0	0	1	1	1	0	0	1	0	0	0	0	1	0	0	1	0	1	0	0	0	0	0	0	0	0	0	0	0	0	0	0	0	1	0	0	0	0	0	0	0	1	0	0	0	0	0
C1_09950C_A	C1_09950C_A	0	0	1	0	0.748	1.376	0	0	0	0	0	0	0	0	0	0	2	1	2	1	0	0	0	1	0	0	0	0	0	0	0	0	0	0	0	2	0	0	0	0	0	0	0	0	0	0	0	0	0	0	0	0	0	0	0	0	0	0	0	0
C1_09960W_A	PET100	0	0	0	0	0	0	0	0	0	0	0	0	0	0	1	0	0	0	0	0	0	0	0	1	0	0	0	1	0	0	1	0	1	0	0	0	0	0	0	1	0	0	0	0	0	0	0	0	0	0	0	0	0	0	1	0	0	1	0	0
C1_09970C_A	PDC2	1	0	0	0	1	0	0	0	0	1	1	2	0	1	3	0	1	0	1.766	1	0	0	0	0	4	1	0	1	1	1	1	1	0	0	1.154	1	1	0	0	0	0	0	1	0	0	0	1	0	1	0	2	0	2.988	0	1	1	0	1.657	3.458	0
C1_09980C_A	C1_09980C_A	0	0	0	0	0	1	0	0	0	0	0	0	1	0	0	0	0	0	0	0	0	0	0	0	0	0	0	2	0	1	0	0	0	1	0	0	0	0	1	0	0	0	0	0	0	1	0	0	0	0	0	0	0	0	0	0	0	0	0	0
C1_09990W_A	SAC1	1	1	0	1	0	0	0	1	0	0	1	0	0	0	0	0	0	0	0	0	1	1	0	0	0	0	0	0	0	0	0	0	0	0	0	0	0	0	0	0	0	1	0	0	0	0	0	0	1	1	0	0	1	0	0	1.007	3	0	0	1
C1_10000C_A	CPP1	0	0	0	0	0	0	0	0	2	5	0	2	0	0	0	0	0	0	0	1	0	1	1	1	1	0	1.01	0	1	0	0	0	2	1	0	0	0	2	4	3	0	0	0	0	0	0	0	0	0	0	0	0	1	1	1	0	0	1	3.594	0
C1_10010C_A	SWE1	0	0	0	0	1	0	1	1	0	2	0	0	1	3	2	4	0	0	0	0	0	1	2	2.426	6	1	5	5	1	1.139	1	0	0	0	0	1	2.769	0	0	0	0	0	0	0	1	1	1	0	0	2	0	0	0	2	0	3	0	1.071	0	1.13
C1_10020W_A	SFU1	1	0	1	1	0	0	0	0	4.045	1	3	4	0	0	0	0	1	1.001	1	0	1.004	0	3	0	0	0	1	0	3	4	3	3	0	0	0	1	0	0	0	1	0	0	0	0	0	1	1	1	2	0	1	0	0	0	0.973	0	0	2	0	1
C1_10030W_A	DBP3	0	1	1	1	1	6	4	5	3	1.06	2	1	2	1	0	0	0	0	1	1	5.92	1.609	3	2.869	2	1	3	3	3.495	4	3	4	5	0	1	1	1	1	1	2.99	3	1	1	3.778	1	2	2	3	1	7	3	6.769	0	6	0.985	4	3.888	3	9	4
C1_10040W_A	ERO1	0	0	0	0	0	0	1	0	0	0	0	0	0	0	0	0	0	0	0	0	3	3	3	4	2	1	1	0	0	1	1	0	0	2	0	0	1	0	0	0	0	0	0	0	0	0	0	0	0	0	0	2.878	6	5	5	3	0	0	1	0
C1_10050W_A	C1_10050W_A	0	0	0	0	0	0	2.727	1	0	0	0	0	0	0	1	0	0	0	0	0	0	0	0	0	1	0	0	0	0	0	0	0	2	0	0	0	1	0	0	0	0	0	0	0	0	0	0	0	0	1	0	0	0	0	0	0	0	0	0	0
C1_10060C_A	C1_10060C_A	0	0	0	0	0	0	0	0	0	1	2	0	0	0	0	0	0	0	0	0	0	0	0	0	0	1	0	0	0	0	0	0	0	0	0	1	0	0	0	0	0	0	0	0	0	0	0	0	0	0	1	1	0	0	0	2	0	0	0	0
C1_10070C_A	MNN23	0	0	0	0	0	0	0	0	2	0	0	0	0	0	0	0	0	0	0	0	0	0	0	0	0	1	0	1	0	0	1	2.298	0	1	1	0	1	0	0	0	0	0	0	0	1	0	0	0	0	0	0	0	1	0	1	0	0	0	2	0
C1_10080W_A	CWC21	2	0	0	0	0	0	0	0	0	0	0	0	0	0	0	0	0	0	0	0	0	0	0	0	0	0	1	1	0	0	0	0	0	0	2	0	0	0	0	0	0	0	0	0	1	0	0	0	0	0	1	0	0	0	0.998	1	0	0	0	0
C1_10090C_A	AIM21	1	0	0	0	0	1.858	0	0	1	0	0	0	0	0	0	0	0	0	0	0	0	0	0	1	0	0	0	0	0	0	0	0	0	0	0	0	0	0	0	0	0	0	0	1	0	3	1	0	0	0	0	0	5	4	5	3	0	1	0	0
C1_10100C_A	NTF2	0	0	0	0	1	1	1	2	0	0	0	0	0	0	0	0	1	1	1	4	0	0	0	0	0	0	0	0	0	1	0	0	0	0	0	0	0	0	0	0	0	0	0	0	0	1	1	0	0	0	1	0	0	0	0	0	0	0	1	1
C1_10110W_A	C1_10110W_A	0	0	1	0	0	1	1.997	0	0	0	0	0	0	1	0	1	0	1	0	0	0	0	0	0	0	0	1	0	1	0	1	1	1	0	1	0	2	0	2	1	0	0	1	0	1	0	0	0	0	0	0	0	1.035	0	1.004	2	2	0	5.677	2
C1_10120C_A	C1_10120C_A	0	0	0	0	0	0	0	0	2	2	4	2	0	0	0	0	0	0	0	0	0	0	0	0	2	0	1	6.153	1	1	3	2	0	0	0	0	3	1	2	2	1	0	0	0	0	1	0	0	0	0	0	0	1	0	0	0	1	1	0	0
C1_10130W_A	C1_10130W_A	0	0	0	0	0	0	0	0	0	0	0	0	0	0	0	0	0	0	0	0	1	0	0	0	0	0	0	0	0	0	0	1	0	0	0	0	0	0	0	0	0	0	0	0	0	0	0	0	0	0	0	0	0	0	0	0	0	0	0	0
C1_10140C_A	COS111	0	0	0	2	0	0	0	0	0	0	0	1	1	0	0	0	2	0	0	0	0	0	0	0	0	0	1	1	1	0	1	0	1	1.013	1.008	0	1	0	0	0	0	0	0	0	0	1	1	0	0	0	0	0	0	0	0	1	0	0	4.583	2
C1_10150W_A	WOR1	0	0	0	0	0	0	1	0	1	2.876	0	1	0	0	0	0	1.087	0	1	1	0	0	1	0	1	2.154	0	1	1	0	2.003	0	1	0	0	0	0	1	0	0	0	0	0	1	0	0	0	0	0	0	0	0	0	2	1	1	0	1	0	1.125
C1_10160W_A	MIR1	2	0	0	0	0	0	0	0	0	0	0	0	0	0	0	0	0	0	0	1	0	0	0	0	0	1	0	0	0	0	0	1	0	0	0	0	0	0	0	0	0	0	0	0	0	0	0	0	0	0	0	1.954	0	0	0	1	0	1	0	0
C1_10170W_A	C1_10170W_A	0	0	0	0	0	1	0	0	1	0	0	0	0	0	0	1	0	0	0	0	0	0	0	0	0	0	0	0	0	0	0	1	0	0	0	1	0	0	0	0	0	0	0	0	0	0	0	0	0	0	1	0	0	0	1	0	0	0	1	0
C1_10180C_A	ECM21	2	0	2	2	0	0	0	0	0	0	0	0	0	0	0	0	2	0	2.005	0	4.52	2	2	1	0	0	0	1	1	0	0	1	1.033	0	0.988	1	1	1	1	0	2	0	1	0	0	2	0	0	1.991	0	0	0	1	3	3	2	1	0	0	0
C1_10190W_A	C1_10190W_A	0	1	0	0	0.999	0	0	0	1	0	0	0	0	0	0	0	0	0	0	0	0	0	0	0	0	0	0	0	0	0	0	0	0	0	0	0	0	0	0	0	0	0	0	0	0	0	0	0	1	0	0	0	0	0	0	1	1	0	0	0
C1_10200C_A	C1_10200C_A	1	0	0	0	1	1	0	1	2.637	0	1	0	0	0	1.987	0	0	0	0	1.607	3	0	1	2	2	3	1	1	1.844	0	1	0	0	1.397	0	1.113	0	1	0	0	0	0	0	0	0	0	0	0	0	4	1	2	1.001	0	1.001	0	0	3	0	1
C1_10210C_A	CLA4	0	0	0	0	0	0	0	1	0	1	0	0	3	5	5	5	1	0	1	1	1	0	0	0	0	0	2	0	0	0	0	1	0	0	0	1	1	0	1	0	0	0	0	0	1	0	0	1	1.049	4	1	0	0	0	0	0	1	1	1	0
C1_10220C_A	TPK1	0	0	0	0	0	0	0	0	0	0	0	0	0	0	0	0	0	0	0	0	0	0	0	0	0	0	0	0	0.999	1	0	0	0	0	0	0	0	1	0	0	0	0	0	0	0	0	1	0	3	0	1	0	1	0	0	0	2	0	0	1
C1_10230C_A	C1_10230C_A	0.999	1	0	0	3.408	1	3.07	2	0	1	0	2	0	0	0	0	1	2	0	1	2	1	0	1	1	0.994	2	1	1	1	7	9.638	1	1	1	0	0	0	0	0	0	0	0	0	1.329	0	0	0	0	0	1	3	3	0	3.62	0	4.023	0	2.928	3.807
C1_10240C_A	C1_10240C_A	0	0	0	0	0	0	1	0	6.966	2	1	1	0	0	0	0	0	0	0	0	0	1	0	0	0	0	0	0	0	0	0	0	0	0	0	0	0	0	0	1	0	0	0	0	0	0	0	0	0	0	1	1	0	0	1.858	0	0	1	1	0
C1_10250C_A	C1_10250C_A	0	0	0	0	1	1	0	1	0	0	0	0	3	0	0	0	0	1	0	0	1	0	0	1	0	2	0	1.791	0	1	3	0	0	1	0	1	0	0	1	0	0	0	0	0	0	0	0	0	0	1	0	1	0	1	0	0	0	1	0	0
C1_10260C_A	RPA34	1	1	2	1	1	0	0	0	0	0	0	0	0	0	0	0	0	0	0	0	2	0	0	1	0	1.414	0	0	0	0	1	0	1	0	1	0	0	0	0	0	0	1	0	0	1	1	0	2	1	2	1	1	0	0	0	0	0	0	0	1
C1_10270C_A	SFH5	0	0	0	0	0	0	1	0	0	0	0	0	0	1	0	0	0	0	2	0	0	0	0	0	1.997	0	0	0	1	1	0	1.033	0	0	0	0	0	0	0	0	0	0	0	0	1	0	0	0	0	0	0	0	0	0	0	0	0	1	0	1
C1_10280C_A	FMP52	0	0	0	0	3	2	1	4	0	0	1	0	0	0	0	0	0	0	0	0	0	0	0	0	0	0	0	0	0	0	0	0	0	0	0	0	0	0	0	0	0	1	0	0	0	0	0	0	0	0	0	0	5	2	2	2	0	0	0	1
C1_10290W_A	GCA1	0	0	0	0	0	0	0	2.275	1	0	0	0	0	0	0	0	0	0	0	0	0	0	0	0	2	0	1	0	0	0	0	1	0	0	0	0	0	0	1	0	0	0	0	0	0	0	0	0	0	0	0	0.5	1	0	0	0	0	0	0	0
C1_10300W_A	MNN12	0	0	1	0	0	0	1.207	0	0	0	0	0	0	1	0	1	0	0	0	1	2	3	4	0	0	0	0	0	2	0	0	0.989	0	0	0	0	1	0	0	1	0	0	0	0	0	0	1	0	2.093	0	1	0	0	3	1	0	1	0	1	0
C1_10310W_A	C1_10310W_A	0	0	0	0	0	0	0	0	1	0	0	0	0	0	0	1	7	5	3	4.894	0	0	1.003	0	0	1	0	2.972	1	1	0	0	1	2	0	2	0	0	0	0	0	0	0	0	0	0	0	0	0	0	0	0	0	0	0	0	0	1.121	0	1
C1_10320W_A	C1_10320W_A	0	0	0	0	0	1	0	1.488	0	0	0	0	0	0	0	1	0	0	0	1	0	0	0	0	0	0.991	1	0	0	0	1	0	0	0	0	0	0	0	0	0	0	0	0	0	0	1	1	1	0	0	1	0	0	1	0	0	0	1.407	0	0
C1_10330C_A	ARP6	0	0	0	0	0	0	0	0	0	0	0	0	0	1	0	1	0	0	1	0	0	0	0	0	0	1	0	0	0	0	1	0	0	1	0	0	0	1	0	0	0	0	0	0	0	1	0	0	1	1	0	0	0	0.774	0	0	0	1.664	0	0
C1_10340W_A	C1_10340W_A	0	0	0	0	1	0	0	1.152	0	0	0	0	0	0	0	0	1	0	0	0	0	1	0	0	0	0	0	2	0	0	1	0	0	0	0	1	0	0	1	0	0	0	0	0	0	0	0	0	0	1.774	0	0	1	1	1	0	0	1	1	1.631
C1_10350C_A	C1_10350C_A	0	0	1	0	0	1	0	2	0	0	0	0	0	0	1	0	0	0	0	0	0	0	0	0	0	0	0	0	0	2	0	0	0	0	0	0	0	0	0	0	0	0	0	0	1	1	0	0	0	0	0	0	0	0	0	1	0	0	0	0
C1_10360C_A	C1_10360C_A	0	0	0	0	1	0	0	0	0	0	0	0	1	0	0	0	0	0	0	0	0	0	0	0	0	1	0	1	0	0	0	0	0	0	0	0	0	0	0	0	0	0	0	0	1	0	0	0	1	0	1	0	0	0	0	1	1	1	2	0
C1_10370W_A	C1_10370W_A	0	0	0	0	1	0	0	0	0	0	0	0	0	0	0	0	0	0	0	0	0	0	0	0	0	0	0	0	0	0	0	0	0	1	0	0	0	0	0	0	0	0	0	0	0	0	0	0	0	0	0	0	0	0	0	0	0	0	1	0
C1_10380C_A	CBK1	0	0	0	0	0	3	0	0	0	0	0	0	0	0	0	0	0	0	0	0	0	0	0	1	0.999	1.003	0	0	0.996	2	0	3	0	0	0	0	0	0	0	0	0	0	0	0	0	1	0	0	2	0	1	2	0	0	0	1	0	0	0	1
C1_10390C_A	RPL42	0	0	0	0	1	1	0	0	0	0	0	0	0	0	0	0	0	0	0	0	0	0	0	0	0	0	0	0	0	0	0	0	0	0	0	0	0	0	0	0	0	0	0	0	0	0	0	0	0	0	0	0	0	0	1	0	0	0	0	0
C1_10400C_A	FGR41	0	0	0	0	0	0	0	0	0	0	0	0	0	0	0	0	0	0	0	0	0	0	0	0	0	0	0	0	0	0	0	0	1	0	0	0	0	0	0	0	0	0	0	0	0	0	0	0	1	0	0	0	0	1	0	0	0	0	0	0
C1_10410W_A	C1_10410W_A	0	0	0	0	0	0	0	0	0	0	1	0	0	0	0	0	1	0	0	0	2	0	0	0	0	0	0	0	0	0	0	0	0	0	0	0	0	0	0	0	0	0	1	0	0	1	0	0	0	0	1	0	1	0	0	0	0	0	1.776	0
C1_10420C_A	C1_10420C_A	0	0	1	0	0	0	1	0	0	0	0	0	0	0	0	0	0	0	0	0	0	0	0	0	1	0	1	0	0	0	0	1	0	0	0	1	0	0	0	1	0	0	2	0	1	1	0	0	0	0	0	0	1	0	1	0	0	0	0	1
C1_10430W_A	PHO8	0	0	0	1	1	0	0	0	0	0	1	0	0	0	0	0	0	0	0	0	0	0	0	1	0	0	0	0	1	0	0	1	0	0	0	1	0	0	0	1	0	0	0	0	0	0	0	0	0	0	0	0	1	1	0	0	0	0	0	1
C1_10440W_A	C1_10440W_A	1	1	0	0	0	0	0	1	0	0	0	0	0	0	0	1	0	1	0	1	0	1	0	0	1	0	0	1	1	1	0	0	1	1	0	0	1	0	0	0	0	0	0	1	1	1	0	4	1	2	0	0	2.821	1.053	0	0	1	0	0	0
C1_10450W_A	GLY1	0	0	1	0	0	0	0	0	0	0	1	0	1	0	0	0	0	0	0	0	1	2	0	1	0	0	0	1	0	0	1	1	0	0	0	0	0	0	0	0	0	0	0	0	2	4	2	2	0	0	0	1	2	0	0	0	1	0	0	0
C1_10460W_A	C1_10460W_A	0	0	0	0	0	0	2	0	0	0	1	0	0	0	0	0	0	0	0	0	0	0	0	0	0	0	0	1	1	0	0	0	0	0	0	1.972	2	1	0	3	0	1	1	0	0	0	0	0	0	0	0	0	0	1	0	0	0	0	0	0
C1_10470W_A	C1_10470W_A	0	0	0	0	0	0	0	0	0	0	0	0	0	0	1	0	0	0	0	0	1	0	1	1	0	0	0	1	0	0	1	0	1	0	0	0	0	0	0	0	0	0	0	0	1	0	1	0	0	0	1.256	1	0	0	1	0	0	0	0	0
C1_10480W_A	DJP1	0	0	0	0	1	2	0	0	0	5	0	2	0	0	1	0	1	1	0	0	0	0	0	0	6.044	4	5	6	2	1	0	2	3	2	1	4	0	0	0	0	0	0	0	0	0	0	3	2	0	0	0.994	0	5	7	3	0	0	0	0	2
C1_10490W_A	LKH1	0	0	0	0	1	0	0	0	0	0	1	0	0	0	2	0	0	0	0	0	0	0	0	0	0	0.987	0	1	0	1	0	2	0	0	1	1	0	0	0	0	0	0	0	0	0	0	0	1	2	1	0	0	1	0	0	0	0	0	0	0
C1_10500W_A	C1_10500W_A	0	0	0	0	0	0	0	0	0	0	0	0	0	0	0	0	0	0	0	0	0	0	0	0	0	0	0	0	0	0	0	0	0	0	1	0	0	0	0	0	0	0	0	0	0	0	0	0	0	0	0	0	0	0	0	0	0.862	0	0	0
C1_10510W_A	C1_10510W_A	0	0	0	0	0	0	0	0	0	0	0	0	0	0	0	0	0	0	0	0	0	0	0	0	2	0	0	0	0	0	0	0	0	0	0	0	0	0	0	0	0	0	0	0	0	0	0	0	0	0	0	1	0	0	0	0	0	0	0	0
C1_10520W_A	C1_10520W_A	0	0	0	1	0	1	1	1.031	0	0	0	0	0	0	0	0	0	0.976	0	0	0	1	0	1	1	0	0	1	0	0	0	0	0	1	0	0	0	0	0	0	0	0	0	0	0	0	0	0	0	0	0	1	0	0	0	0	1	0	0	0
C1_10530W_A	SNL1	1	0	0	0	0	0	0	0	0	0	0	0	0	0	0	0	0	1	0	0	0	0	0	0	0	0	0	0	0	0	0	1	0	0	1	0	0	0	0	0	0	0	0	1	0	0	0	0	0	0	0	0	0	0	1	0	0	1	0	0
C1_10540C_A	C1_10540C_A	0	0	0	0	1	0	1	0	0	0	0	0	2	2	2	2	0	0	0	1.85	5	4	4	3	0	0	0	0	1	1	1	1	1	0	0	0	1	0	0	0	0	0	0	0	0	0	0	0	0	1	0	0	0	0	0	0	0	0	0	0
C1_10550C_A	GCA2	0	0	0	0	0	0	0	0	0	0	0	0	0	0	0	0	0	0	0	0	0	0	2	1.099	0	0	0	0	0	0	0	0	0	0	0	0	4	1	2	1	0	0	0	0	0	0	0	0	0	0	0	0.5	0	1.988	1.004	0	3.279	0	0	1
C1_10560C_A	C1_10560C_A	1	0	0	0	2.001	0	3	0	0	0	0	0	0	0	0	0	0	1	0	0	2	1	0	0	2	0	0	0	0	0	0	1	0	0	0	0	0	0	0	0	0	0	0	0	1	1	0	0	0	0	0	1	0	0	0	0	1	1	2	1
C1_10570C_A	C1_10570C_A	0	0	0	0	1	0	1	1.107	0	0	0	0	0	0	0	0	0	0	1	0	1.927	1	0	0	0	0	0	0	1	0	0	0	0	0	0.999	1	0	0	0	0	0	0	2	0	0	0	0	1	0	1.078	1	0	0	1.001	0	1	0	4.159	0	1.485
C1_10580C_A	C1_10580C_A	0	0	0	0	0	0	0	0	0	0	0	0	0	0	0	0	0	0	0	0	0	1	0	0	0	0	0	0	0	0	0	0	0	0	0	1	0	0	0	0	0	0	0	0	1	0	0	0	0	0	0	0	0	0	0	0	0	0	0	1
C1_10590W_A	C1_10590W_A	0	0	0	0	0	0	0	0	0	0	0	0	0	0	0	0	0	0	0	0	0	0	0	0	0	0	0	0	0	0	0	0	0	0	0	0	0	0	0	0	0	0	0	0	0	0	0	0	0	1	0	0	0	0	0	0	0	0	0	0
C1_10600C_A	C1_10600C_A	0	0	0.982	0	0	1	0	0	0	0	2	0	0	1	2	1	0	0	1	1	0	0	0	1	0	1	0	1	0	1	0	0	1	1	0	1.499	0	0	0	0	0	0	0	1.888	0	0	1	1	1	2	2	0	0	0	0	0	0	0	1	0
C1_10610W_A	FCY23	0	0	0	1	1	0	1	0	2	0	0	3	1	0	0	0	1	0	1	1	2	0	0	0	2.999	0	0	1.033	1	0	2	0	0	0	0	0	0	0	0	2	0	0	0	0	0	0	0	0	2	0	1	1	1.008	0	0	0	0	0	7.768	0
C1_10620W_A	CBF5	0	0	0	0	1	0	0	0	0	0	0	0	0	0	1	0	2	1	0	1	2	0	0	3	0	0	0	1	0	0	0	0	0	0	1	0	0	0	0	0	0	0	0	0	0	2	2.886	0	0	0	0	1	0	0	0	1	3	2.916	1.62	0
C1_10630C_A	C1_10630C_A	0	0	0	1	0	0	1	2	2.997	0	0	1	0	0	0	0	1.404	2.001	0	1	0	0	0	0	2	0	0	2	1.653	1	1	0	0	0	0	0	0	1	0	1	0	0	0	0	0	0	0	0	1.441	2	1.065	0	2	2	0	0	1	2	1.47	2
C1_10640C_A	PEA2	0	0	0	0	2	0	0	0	0	0	1	0	0	1	2	0	0	0	0	0	0	0	0	1	1.074	0	0	1	1	0	0	0	0	0	0	0	0	0	2	0	0	0	0	0	0	0	0	1	0	0	0	2	0	1.003	0	0	0	2.963	0	1
C1_10650W_A	APN2	5	0	3	0	3	5	6	2	4	4	4.003	2	1	2	2	3.935	6	9	5.823	14	5	1.997	4	1	3	6.8	10.476	6.99	2.992	6	4	1	1.522	4	3	0	1	2.879	1	1	1	0	2.897	2	1	0	1	2.986	2.365	1	4	5.773	4.314	4	2.558	0	2	3	9.608	3
C1_10660W_A	TBP1	0	0	0	0	2	0	1	2.037	0	0	0	1	1	0	0	0	0	0	0	0	1.563	0	1	1	0	0	0	0	0	1	0	1	0	0	1	0	0	0	0	0	0	1	0	0	1	0	0	0	1	2.847	1	1	0	0	0.999	0	1	0	1	1
C1_10670C_A	RPA190	1	1	1	0	0	1	0	0	0	2	1	1	0	0	0	0	0	0	0	0	0	0	1	0	7.08	2	3.203	3	1	1	2	2	1	0	0	0	1	0	0	1	1	0	0	0	1	0	3	3	0	0	0	1	3.523	0	0	3	1.09	3	1	2.518
C1_10680C_A	C1_10680C_A	0	0	0	0	6	0	1	0	3	5.001	5	2	1	1	1	0	5	5	7	9	0	5	1	1	0	0	0	0	0	2	1	1	1	1	1	0	2	5	4	3	0	0	0	0	1	0	0	0	1.028	0	0	0	0	1	1	0	0	0	1.16	0
C1_10690W_A	C1_10690W_A	0	0	0	1	0	0	0	0	0	0	0	1.855	0	0	0	0	1	2	3	3	0	0	0	0	0	0	1	1	1	0	0	0	0	0	0	0	0	1	0	0	0	0	0	0	0	0	0	0	1	0	0	0	1	1	2	0	0	0	0	0
C1_10700C_A	NIT3	0	0	0	0	0	0	0	0	0	0	0	0	0	0	1	0	0	0	1	1	0	0	0	0	1	1	0	0	0	0	0	0	0	0	0	0	0	0	0	0	0	0	0	0	0	0	0	0	0	0	0	0	0	0	0	0	0	0	1	0
C1_10710C_A	C1_10710C_A	1	0	1	0	1	0	1	2	1	0	0	0	0	2	1	0	0	0	0	0	0	0	1	0	0	0	1	0	0	0	0	0	0	0	0	0	0	0	0	0	0	0	0	1	1	0	1.32	0	0	0	0	1	0	1	0	1	0	2	0	1
C1_10720C_A	MNN2	0	0	2	0	1.009	0	0	2	0	0	1	0	2.007	1	0	0	0	0	0	0	1	0	0	0	0	0	1	0	0	0	0	1	0	2	0	1	0	0	0	0	0	0	0	0	0	0	0	0	2	0	1	0	4.836	4	4	3	0	0	0	1.245
C1_10730W_A	C1_10730W_A	0	0	0	0	0	0	1	1.031	0	0	0	0	0	0	0	0	1	0	0	0	0	1	0	0	0	0	0	0	0	0	0	1	0	0	0	0	0	1	0	0	0	0	0	0	0	0	1	1	0	0	1	0	2.001	0.984	1	0	0	0	0	0
C1_10740C_A	ASR1	0	0	0	0	0	0	0	0	0	0	1	0	1	0	0	0	0	0	0	0	0	1	0	0	0	0	0	1.408	0	0	0	0	0	0	0	0	0	0	0	0	0	0	0	0	0	0	0	0	0	0	2	0	0	0	0	0	1	0	0	0
C1_10750C_A	C1_10750C_A	0	2	2	5	2	5.001	3	1	1	1	2	1	4	2	2	0	2.007	4	0	3.987	0	4	1	2	2	8	3.051	2	1.002	0.856	2	2	2	1	3	0.814	1	0	3.872	0	0	0	1	1.944	3	5	1	0	0.923	2	1	0	1.108	4.948	6	0	1	3.113	2	4
C1_10760W_A	VPS23	1	1	1	0	0	0	0	0	0	1	1	0	0	0	0	0	0	0	0	0	1	0	1	2	2	0	2.626	0	0	1	1.05	0	1	0	0	0	0	0	0	0	1	0	0	0	0	0	0	0	0	0	0	0.805	1	1	1	1	0	0	0	0
C1_10770W_A	SFT2	0	0	0	0	0	0	0	0	0	1	0	0	0	0	0	0	0	0	0	0	0	0	1	0	0	0	1	0	0	0	0	0	0	0	0	0	0	0	0	1	0	0	1	0	0	0	0	0	0	1	0	0	1	1	0	1	2	0	2	0
C1_10780C_A	HNT1	0	0	0	0	0	0	0	0	0	0	0	0	0	0	0	0	0	0	0	0	0	0	0	0	0	0	0	0	0	0	0	0.904	0	0	0	0	0	1	0	0	0	0	0	0	1	1	1	1	0	0	0	0	1	0	0	0	0	0	0	0
C1_10790W_A	CDC48	0	0	0	0	1	1	1	1.97	1	0	0	0	0	0	0	0	0	0	0	0	0	0	1	0	1	0	0	0	0	2	1	1	1	0	0	0	0	0	0	0	0	0	0	0	0	0	1	1	0	0	2	2	0	0	0	1	0	1.065	0	1
C1_10800C_A	ALP1	0	0	2.474	0	0	0	1	0	0	2	0	0	1	0	0	1	0	0	0	1	0	1	1	0	0	0	0	0	1	0	1	0	0	1	0	0	0	1	0	0	0	0	1	0	0	0	0	0	0	0	0	0	0	1	0.923	0	2.894	0	0	0
C1_10810W_A	C1_10810W_A	0	0	0	0	0	0	0	0	0	1	0	0	0	1	0	0	0	0	0	0	0	0	0	0	0	0	0	0	0	0	0	0	0	0	0	0	0	0	0	0	0	0	1	0	0	0	0	0	1	0	0	0	0	0	0	0	0	0	1	0
C1_10820C_A	C1_10820C_A	0	1	0	0	0	0	0	0	0	0	0	0	1	0	0	0	0	0	0	0	0	0	0	0	0	1	0	0	0	0	1	0	0	0	0	0	0	0	0	0	0	0	0	1	1	0	0	0	1	0	0	0	0	0	0	0	0	0	0	0
C1_10830W_A	BIG1	0	0	0	0	0	0	0	0	0	0	0	0	0	0	0	2	0	0	0	0	0	0	0	0	0	0	0	0	0	0	0	0	0	0	0	0	1	0	0	1	0	0	0	1	0	0	0	0	1	0	0	0	0	0	0	0	1	0.846	0	0
C1_10840C_A	C1_10840C_A	0	0	0	0	0	0	1	0	0	1	0	0	0	0	0	1	0	0	2	1	0	0	0	0	0	0	1	1	0	0	0	0	1	0	0	0	1	0	0	0	1	0	0	0	0	0	0	0	0	0	0	0	1.004	0	1	0	2	0	0	0
C1_10850W_A	C1_10850W_A	0	0	1	0	0	0	0	0	0	0	0	0	0	0	0	0	0	1	0	0	0	0	0	0	0	0	0	0	0	0	0	0	0	0	0	0	0	0	0	0	0	0	0	0	0	0	0	0	1	0	0	0	0	0	0	0	0	0	1	0
C1_10860C_A	ADA2	0	1	1	0	0	0	0	0	0	1	0	0	0	0	0	0	0	0	0	0	0	0	0	0	0	0	0	0	1.099	0	0	0	1	0	0	0	0	0	0	0	0	0	0	0	0	0	0	0	1	0	0	0	0	1	1	3	0	0	0	1.436
C1_10870W_A	RPS17B	0	0	0	0	1	1	1	1	0	0	0	0	0	0	0	0	0	0	0	0	0	0	0	0	0	0	0	0	0	0	0	0	0	1	0	0	0	0	0	0	0	0	0	0	1	4	1	1	0	0	0	0	0	0	1	1	0	0	0	0
C1_10880W_A	C1_10880W_A	0	0	0	1	0	0	0	1	0	0	0	0	0	0	0	0	0	0	0	0	0	0	0	0	0	1	0	1	1.001	0	1	0	0	0	0	0	0	0	2	2	0	0	0	0	0	0	1	1	0	0	0	0	4	1	3	0	1.696	1	0	0
C1_10890C_A	C1_10890C_A	0	0	0	0	0	0	1	0	0	0	1	0	0	0	0	1	0	0	0	0	0	0	0	0	0	0	0	1	3	2	1	3	1.011	1	0	0	0	0	0	0	0	0	0	0	0	0	0	0	0	0	0	0	0	0	0	0	0	0	0	0
C1_10900C_A	tI(UAU)1	0	0	0	0	1	0	0	1	0	0	0	0	0	0	0	0	0	0	0	0	0	0	0	0	0	0	0	0	0	0	0	0	0	0	0	0	0	0	0	0	0	0	0	0	0	0	0	1	0	0	0	0	0	0	0	0	0	0	0	0
C1_10910C_A	C1_10910C_A	1	0	0	1	0	0	0	0	0	0	0	0	0	0	0	1	0	0	0	0	0	0	0	0	3	5	1	2	1	0	0	1.001	0	0	0	1	1	0	0	0	0	0	0	0	2	4	0	1	0	0	0	0	0	0	0	0	0	0	1	0
C1_10920W_A	C1_10920W_A	0	0	1	0	0	0	1	0	0	0	2	0	0	0	1	0	0	0	0	0	0	0	0	0	0	0	0	0	0	0	0	0	0	0	1	0	0	0	0	0	0	0	1	0	0	0	0	1	0	0	0	0	0	0	1	0	0	0	0	0
C1_10930C_A	UBA4	0	0	0	0	2	0	0	1	0	0	0	0	0	0	0	1	0	0	0	0	0	0	0	1	0	0	3.003	1	0	0	2	1	2	2	0	2	0	0	0	0	1	1	0	0	0	1	0	0	1	0	0	1	1	1	2	1	2.885	2	1	0
C1_10940C_A	ERP5	0	0	0	0	0	1	0	0	0	0	0	0	0	0	0	0	0	0	0	0	0	0	0	0	0	1	0	0	0	0	0	0	0	0	0	0	0	0	0	0	0	0	0	0	0	0	0	0	0	0	0	0	0	0	0	0	0	0	0	0
C1_10950C_A	C1_10950C_A	0	0	1.004	0	0	2	0	0	1	0	1	0	0	0	0	0	0	0	0	0	0	0	0	2	1.013	0	0	0	0	0	0	0	0	1	0	0	1	0	0	0	1	0	2	1	0	0	0	0	0	1	1	0	3	0	0	1	1	0	1	1.389
C1_10960W_A	C1_10960W_A	0	1	0	0	0	0	0	0	0	0	0	1	0	0	0	0	0	0	0	0	0	1	1	0	0	1	0	0	0	0	1	0	0	0	0	0	0	0	0	0	0	0	1	0	0	0	0	0	0	0	1	0	0	3	2	0	1.076	0	1	1
C1_10970W_A	C1_10970W_A	2	2	1	0	0	1	1	0	0	1	0	0	0	0	0	0	0	0	0	3	2	4	0	3	0	0	1	0	2	0	0	2	0	0	1	1	1.073	2	4	1	0	0	0	0	0	1	0	0	0	2	0	0	0	0	0	0	1	0	0	0
C1_10980W_A	C1_10980W_A	0	0	0	0	0	0	0	0	0	0	0	0	0	0	0	1	1	0	0	0	0	0	0	0	0	0	0	0	1	0	0	0	0	0	0	1	0	0	0	0	0	0	0	0	0	0	0	0	0	0	0	1	0	0	0	0	0	0	0	0
C1_10990C_A	RTG3	0	0	0	0	0	0	0	1	0	1	2	0	0	0	0	0	0	0	1	0	0	1	1	0	3	0	1	0	1	1	4	0	0	1	0	1	0	1	2	0	0	1	1	0	0	0	0	0	2	1	1.085	0	1.164	0	3.009	0	3.795	3	1	1.77
C1_11000C_A	CGR1	0	0	0	0	0	5	3	2	0	0	1	0	0	0	0	0	0	0	0	0	0	0	0	0	4	2	4	2	6	5	7	6	0	0	0	0	0	0.905	0	0	0	0	0	0	0	1	0	0	0	0	0	1	0	0	0	0	0	0	0	0
C1_11010C_A	C1_11010C_A	0	0	0	0	0	1	0	0	0	0	0	0	0	0	0	1	0	0	0	0	1	2	0	0	0	2	0	0	0	1	0	2	0	0	0	0	0	0	0	0	0	0	0	2	1	0	0	0	0	0	0	0	0	0	0	0	0	1.327	0	0
C1_11020W_A	C1_11020W_A	0	0	0	0	0	0	0	0	2	1	0	0	0	0	0	0.998	0	0	0	0	0	0	0	0	0	3.436	0	0	3.738	0	1	0	0	0	0	1	0	0	0	0	0	1	0	0	0	0	0	0	2	1	0	2	0	0	1	0	2	3	0	1.53
C1_11030W_A	RPL82	0	0	0	0	0	0	2	0	0	0	0	0	0	0	0	0	0	0	0	0	0	0	0	0	0	0	0	0	0	0	0	0	0	0	0	1	0	0	0	1	0	0	0	0	1	1	0	1	0	0	0	0	0	0	0	0	0	0	0	0
C1_11040W_A	RPL29	1	0	1	0	5	5	9	5	2	1	1	1	0	0	1	2	1	2	3	1	1	2	1	3	0	0	0	0	0	1	0	1	0	0	0	0	2	0	1	1	0	0	0	0	2	0	1	2	0	0	0	0	1	0	2	2	0	0	0	1
C1_11050W_A	C1_11050W_A	0	1	0	0	1	0	0	0	0	0	1	0	0	0	0	0	0	0	0	0	0	1	1	0	0	0	1	0	0	0	0	0	0	0	0	2	0	0	0	0	0	0	0	0	2	0	0	0	0	1	2	0	0	0	0	0	0	0	0	0
C1_11060C_A	RPL2	0	0	0	0	0	0	0	1	1	4	2	2	0	0	0	0	0	0	0	0	0	0	0	0	0	0	1	0	1	0	0	0	0	0	0	0	1	0	0	0	0	0	0	0	0	0	0	0	0	1	0	0	0	0	0	0	0	0	0	0
C1_11070W_A	PET127	1	0	1	0	0	0	0	1	8	5	2	3	1	0	0	0	1	2	1	1	1	0.999	1.003	0	1	1	2.998	2	0	0	1	0	1	0	0	0	0	0	0	0	0	0	0	0	1.341	2.968	0	0	0	2	0	0	0	0	1	0	0	1	1.632	0
C1_11080W_A	C1_11080W_A	0	0	0	0	0	1	1	0	0	1	1	1	0	0	0	1	1	1	0	0	0	0	1	0	1	1	0	0	1	0	0	0	2	1	1	1	0	0	0	0	0	0	0	0	0	0.998	0	0	0	0	1	0	0	0	1	0	1.89	1	4	0
C1_11090C_A	PFS2	0	0	0	0	0	0	1	0	0	0	1	0	0	0	0	0	0.993	0	0	0	0	0	0	0	1	0	1	0	1	0	0	0.995	0	0	0	0	0	0	0	0	0	0	0	0	0	0	0	0	2	0	3	0	3	2.034	0	3	0	1.52	0	3
C1_11100W_A	ADI1	0	0	0	0	1	2	0	0	0	0	0	0	0	0	0	0	0	0	0	0	0	1	0	0	5	3	4	2	0	0	0	1	3	4	6	4	0	0	0	0	0	0	0	0	0	0	0	0	0	0	0	0	0	0	0	0	0	0	0	0.748
C1_11110C_A	C1_11110C_A	0	0	0	0	1	0	0	0	0	0	0	0	0	0	0	0	0	0	0	0	0	0	0	0	0	0	0	0	0	0	0	0	0	0	0	1	0	0	0	0	0	0	0	0	0	1	0	0	0	0	0	0	0	0	0	0	0	0	0	1
C1_11120C_A	C1_11120C_A	0	1	0	0	0	0	0	0	0	0	1.017	0	0	0	0	0	0	0	1	0	0	0	0	0	0	1	0	2	0	0	0	0	0	0	0	0	0	0	0	0	1	0	0	0	0	0	0	0	0	0	0	0	0	0	0	0	0	0	0	0
C1_11130W_A	FGR16	0	0	0	0	0	0	1.721	0	0	0	0	1	0	0	0	0	0	0	0	0	0	0	0	0	0	0	0	0	0	0	1	0	0	0	0	0	0	0	1	0	0	0	0	0	0	0	0	1	0	0	0	0	0	0	0	1	1	0	0	0
C1_11140W_A	C1_11140W_A	0	0	1	0	0	0	1	0	0	0	0	0	0	0	0	0	0	0	1	0	0	0	0	0	4	6.847	1	2	0	0	1	0	0	0	0	2	0	1	0	0	0	1	0	0	0	0	0	0	0	0	0	0	0	0	0	1	2	1.248	0	0
C1_11150W_A	C1_11150W_A	0	0	0	0	0	0	0	0	0	0	0	0	1	0	0	0	0	0	0	0	0	1	0	0	0	0	0	0	0	0	0	0	0	0	0	0	0	0	0	0	0	0	0	0	0	0	0	0	0	0	0	0	0	0	0	0	0	0	0	0
C1_11160C_A	URM1	0	0	0	0	0	0	0	0	0	0	0	0	0	0	0	0	0	1	0	0	0	0	0	0	0	0	0	0	0	0	0	0	0	0	0	0	0	0	0	0	0	0	0	0	0	0	0	0	0	0	0	0	0	0	0	0	0	0	0	0
C1_11170W_A	WBP1	2	2	0	1	2	0	0	4	2	0	0	0	0	0	0	0	0	0	0	1	0	0	0	0	3.792	1	4	3	0	1	0	0	0	1	0	0	0	0	0	2	0	0	1	0	1	2	0	2	1	0	0	3	2	2	0	1.012	0	0	0	0
C1_11180C_A	C1_11180C_A	0	0	0	0	0	0	0	0	4	6	5	1	0	0	0	0	0	0	0	0	0	0	0	0	0	0	0	0	0	0	1	0	0	0	0	0	0	0	0	0	0	0	0	0	0	0	0	0	0	0	0	0	0	0	0	0	0	0	0	0
C1_11190W_A	ARL3	0	0	0	0	0	0	0	0	5	0	6	3	0	0	0	0	0	0	0	0	0	0	0	0	0	1	0	0	0	0	0	0	0	0	0	0	1	0	0	0	0	0	0	0	0	0	0	0	0	0	0	0	0	0	1	0	0	0	0	1
C1_11200W_A	C1_11200W_A	0	1	1	0	0	2	1	2	3	6	4	1	2	1	2	1.117	7	12	8	9	1	1	2	2	2.129	2	1	2.089	0	2	5.07	3	0	1	0	2	0	0	0	0	1	0	0	0	1	3.085	4	4	2.231	1.4	5.637	1.084	3	5.999	3	1	0	1.253	3	2.198
C1_11210C_A	HAP43	0	1	0	0	2	1	0	0	0	0	0	0	0	0	0	0	0	0	0	1	0	0	0	0	0	0	0	0	0	0	0	0	0	0	2	1	0	2	0	0	0	0	0	0	0	0	0	0	0	0	1	0	0	0	0	2	0	0	0	0
C1_11220C_A	TIM50	0	0	0	0	0	0	0	0	0	0	0	0	0	0	0	0	0	0	0	0	0	0	0	0	2	1	4	1	1	0	0	2	0	0	0	0	0	0	0	0	0	1	0	0	1	0	0	1	0	0	0	1	0	1	0	0	0	2	0	0
C1_11230W_A	FGR39	0	0	0	0	1	0	0	0	0	0	0	0	0	0	0	0	1	0	0	0	1	0	0	0	0	0	0	0	0	0	0	0	0	0	0	0	0	0	0	0	0	0	0	0	0	0	0	0	1	0	0	0	0	0	0	0	1	0	0	0
C1_11240C_A	CHO1	0	0	0	0	0	0	0	0	0	0	0	0	1	0	0	0	1	0	0	0	0	1	0	0	0	0	0	1	0	0	0	0	0	0	0	0	0	0	0	0	0	0	0	0	0	0	0	1	0	0	1.904	1	0	1	0	1	2	2	2	1.107
C1_11250W_A	C1_11250W_A	0	0	0	0	0	0	1	0	0	0	0	0	0	0	0	0	0	0	0	0	1	0	1	0	0	3	3	3	0	0	0	0	1	2	0	2	0	0	0	0	0	1	0	0	3	5	5	2	0	0	0	0	1	0	0	1	0	0	0	0
C1_11260C_A	C1_11260C_A	0	0	0	0	0	0	0	0	0	0	0	0	0	0	0	0	0	0	0	0	0	0	1	0	0	0	0	0	0	0	0	0	0	0	0	0	0	0	0	0	0	0	0	0	0	0	0	0	0	0	0	0	0	0	0	0	0	0	0	0
C1_11270W_A	C1_11270W_A	0	0	0	0	1	0	0	0	0	0	0	0	1	0	0	0	0	0	0	0	0	0	0	0	0	0	0	1	0	0	0	0	0	0	0	0	0	0	0	0	0	0	0	0	1	0	2	0	0	0	0	0	1	1	0	1	0	0	0	0
C1_11280W_A	CWC2	0	0	0	0	1	1.028	1.002	0	0	0	1	0	0	0	0	0	0	0	1	0	1	0	1	0	0	0	0	0	0	1	2	0	0	0	0	0	0	0	0	0	0	0	0	0	0	0	0	0	0	0	0	0	0	1	0	1	0	0	0	0
C1_11290W_A	C1_11290W_A	1	0	0	0	0	1	0	0	0	0	0	0	0	0	2	1	0	1	0	0	0	0	0	0	0	0	1	0	0	0	0	1	0	0	0	0	0	0	0	1	0	0	0	0	0	0	0	0	2.886	0	0	0	1	0	0	0	1	0	0	0
C1_11300C_A	PRP28	1	0	0	0	0	2	0	0	0	0	0	0	0	0	1	1	1.001	0	0	0	0	0	0	0	0	0	1	0	0	0	1	0	0	0	0	1	0	0	0	0.989	0	0	0	0	0	0	0	0	0	1.085	0	0	1	0	1	0	1	0	0	0
C1_11310C_A	PSP1	0	0	0	0	1	0	0	0	0	0	3	0	0	0	0	0	0	0	0	0	0	0	0	0	1	2	0	2	0	0	0	3.037	0	1	0	0	0	0	0	0	0	1	0	0	0	0	0	0	0	0	0	1	2	0	0	0	0	2.407	0	0
C1_11320C_A	C1_11320C_A	2	4	4	4	8	0	9	8	1	0	0	0	0	0	0	0	0	0	0	0	0	0	2	0	0	0	0	0	1	1	1	0	1	0	1	2	0	0	0	0	0	0	0	0	1	0	1	1	0	0	0	0	0	1	1	0	1	0	0	0
C1_11330C_A	SMT3	0	0	0	0	0	0	0	1	0	0	0	0	0	0	0	0	0	0	0	1	1	0	0	2	2	3	3	0	0	0	0	0	0	0	0	0	0	0	0	0	0	0	0	0	0	1	0	0	0	0	2	0	1	3	1	1	0	0	0	0
C1_11340W_A	PRM1	0	0	0	0	2	0	0	0	0	0	0	1	0	1	1	0	0	0	0	1	1	0	0	1	1	0	1	2	1	0	2	0	0	1	1.803	0	1	0	2	0	0	0	0	0	1	0	0	0	0	1.359	0	0	1	2	2.001	2	2	1	2	1
C1_11350C_A	TOS4	0	0	0	0	0	0	0	0	0	1	0	0	2	6	4	2	1	0	0	1.024	0	0	0	0	0	0	0	0	0	0	0	1	0	0	0	0	0	1	0	0	0	0	0	0	1	0	0	0	1.325	1	0	0	0	0	0	0	0	0	2.294	0
C1_11360W_A	RPL37B	0	0	0	0	2	3	2	4	1	1	1	0	0	0	0	0	0	0	0	0	0	0	1	0	0	0	0	0	0	3	0	1	0	0	0	0	0	0	0	0	0	0	0	0	0	0	0	0	0	0	0	0	0	0	0	0	0	0	1	0
C1_11370C_A	C1_11370C_A	0	0	1	1	0	0	0	0	1	0	0	0	1	0	0	0	0	0	0	2	0	2	0	0	0	1	0	0	0	0	1	0	1	1	1	0	0	0	0	0	0	0	0	0	0	0	1	1	2	0	4.792	1	0	1	2.628	1	1	0	0	0
C1_11380W_A	NEP1	0	0	0	0	0	4	1	1	0	0	0	0	0	1	0	0	0	0	1	0	0	0	1	1	0	0	0	0	0	0	0	0	0	0	0	0	0	0	0	0	0	0	0	0	0	0	0	0	0	0	0	0	0	0	0	2	0	0	1	0
C1_11390W_A	C1_11390W_A	0	0	0	0	0	0	0	0	0	1	0	1	0	0	0	0	0	0	0	0	0	0	0	1	0	0	0	0	1	0	0	0	0	0	1	0	0	0	0	0	0	0	0	0	0	0	0	0	0	0	0	0	0	0	0	0	0	0	0	0
C1_11400C_A	GIN4	0	0	0	0	0.997	4	1	0	0	1	2	1	1	2	0	1	3	7	8	4	0	0	0	0	1	2.161	2	2	1	0.993	2.002	3	1	0	1	0	2	4	1	1	0	0	0	0	0	0	3	0	0	1.33	2.668	1	2	3	2	5.11	0	2.287	2	1.564
C1_11410C_A	C1_11410C_A	0	0	0	0	1	0	1	0	0	0	0	1	0	1	0	0	0	0	0	0	0	0	0	0	0	0	0	0	0	0	0	0	0	0	0	0	0	0	0	0	0	0	0	0	0	0	1	0	0	0	0	0	0	0	0	0	0	0	0	0
C1_11420W_A	KRR1	0	0	0	0	0	0	1	0	0	0	0	0	0	0	0	1	0	0	0	0	0	0	1	0	0	0	0	0	0	1	0	0	0	1	0	0	1	0	0	0	0	0	0	0	1	0	1	0	0	0	1	2	1	0	3.39	2	0	0	0	0
C1_11430W_A	C1_11430W_A	0	1.258	1	0	1	0	0	0	0	1.007	0	0	0	0	1	0	0	1	0	0	0	0	0	0	1	1.996	0	0	1	0	0	0	0	0	0	0	0	0	0	0	0	0	1	0	0	0	0	0	0	0	2	2	1.002	0	0	1	1	1	2	0
C1_11440C_A	GIN1	0	0	1	0	2	2	0	1	2.207	0	1.036	0	1	0	0	0	0	2	0	1	0	0	2.167	0	1.002	1	0	1.003	3	1	3	1	0	1.013	1	1.994	2	1	2.052	0	0	0	0	0	0	1	0	0	1.512	1	0	1.051	3	3	2.821	0	2	2.211	5	2.483
C1_11450C_A	SAM2	0	0	0	0	2	0	0	0	0	0	0	0	0	0	0	1	1	0	0	0	0	0	0	0	0	0	0	0	0	0	0	0	0	0	0	0	0	0	0	0	0	0	0	0	1	1	0	1	0	1	3	1.459	0	1	0	0	1	1.403	1	0
C1_11470C_A	DPP1	0	0	1	1	1	0	1	0	0	0	0	0	0	0	0	0	0	0	0	0	0	0	0	0	0	0	0	0	1	0	0	0	0	0	0	0	0	1	0	0	0	0	0	0	0	0	0	0	0	0	0	0	0	0	0	0	0	0	0	0
C1_11480W_A	PHO84	0	0	0	0	0	0	0	0	0	0	2	0	0	0	0	0	0	0	0	1	0	0	0	0	0	0	0	0	0	0	0	0	0	1	0	0	0	0	0	0	0	0	0	0	0	0	0	0	0	0	0	0	0	0	0	1	1	0	0	0
C1_11490C_A	BTA1	0	0	0	0	0	0	1	0	1	0	1	0	0	0	1	0	0	0	0	0	0	0	0	0	3.4	1.124	0	1	0.997	0	0	0	0	0	0	1	2	0	0	1	0	0	0	0	0	0	0	0	2	1	0	1	0	0	1	0	1.172	1	2	1
C1_11500C_A	ARO7	0	0	0	0	0	0	0	0	0	0	0	0	0	0	0	0	0	0	0	0	0	0	0	0	0	0	0	0	1	1	0	1	0	0	0	0	0	0	0	0	0	0	0	0	0	0	0	0	0	0	0	0	0	1	0	1	0	0	0	2
C1_11510C_A	C1_11510C_A	0	0	0	1	4	2.703	2	1	0	0	0	0	0	0	0	0	0	0	0	0	0	0	0	0	0	0	0	1	0	1	0	0	0	0	0	0	1	3	1	4	0	0	0	0	0	1	2	2.01	0	0	0	0	0	0	1	0.975	0	2	0	0
C1_11520C_A	ZCF3	1	0	0	0	0	0	0	0	4	5	4	5	0	0	0	0	0	0	1	0	0	0	0	0	0	1	1	0	0	0	0	1	0	0	0	0	0	0	0	0	0	0	0	0	0	0	0	0	0	0	0	1	1	1	3	3	1	0	0	0
C1_11530C_A	C1_11530C_A	0	0	1	0	0	0	0	0	0	0	0	0	0	0	0	1	0	0	0	0	0	0	0	1	0	0	0	0	0	0	0	0	0	0	1	0	0	0	1	0	0	0	0	0	0	0	0	0	0	0	1	0.999	0	0	0	0	0	0	0	0
C1_11540C_A	CTA3	0	2	0	0	2.879	0	0	0	0	0	1	0	0	0	0	1	1	0	0	0	0	0	0	1	1	0	1	0	1	0	0	0	1	0	0	0	0	0	0	1	0	0	0	1	1	1	1	0	0	0	0	1	1	0	1.16	3	0	0	2.003	0
C1_11550W_A	GAR1	0	1	1	1	0	0	0	0	0	0	0	0	0	0	0	0	0	0	0	0	0	0	0	0	0	1	1	0	1	1.001	0	0	0	0	0	0	0	0	0	0	0	0	0	0	0	0	0	0	1	0	3	0	0	0	0	0	0	0	0	0
C1_11560C_A	C1_11560C_A	1	0	0	0	2	1	0	3	0	0	0	1	1	0	0	0	3	1	0	1	0	0	1	0	0	0	1	0	1	0	1.022	1	0	0	0	0	0	1	0	0	0	0	0	0	2	1	1	0	0	3.935	2	0	0	1	1	1	1.261	0	0	1.188
C1_11570W_A	C1_11570W_A	0	0	0	0	0	0	0	0	0	0	0	0	0	0	0	0	0	0	0	0	0	0	0	0	0	0	0	0	0	0	0	0	0	0	0	0	0	0	0	0	0	0	0	0	0	1	0	0	0	1	1	1	0	0	0	0	0	0	1	0
C1_11580W_A	C1_11580W_A	0	0	0	0	0	0	0	0	0	0	0	0	0	0	0	1	0	0	0	0	0	0	0	0	0	0	0	0	0	0	0	0	0	0	0	0	0	0	0	0	0	0	0	0	0.894	0	0	0	0	0	0	0	0	0	0	0	0	0	0	0
C1_11590W_A	PLD1	0	0	0	0	2	3	0	0	2	0	1	0	0	0	0	1	0	1	0	0	0	0	0	0	0	1.089	3.948	1.184	0	0	1.002	0	0	1	0	1	0	0	1	0	0	0	0	0	1	0	2	1	1.038	0	0	0	0	2	1	1	3	2	1	1.275
C1_11600W_A	C1_11600W_A	0	0	0	1	0	0	0	0	0	1.023	0	1	0	0	0	1	0	0	0	0	0	0	0	0	0	0	0	0.945	0	0	0	0	0	0	0	0	0	0	1	0	0	0	0	0	1	1	0	0	0	0	0	2	1	2	1	0	0	0	0	0
C1_11610C_A	C1_11610C_A	0	0	0	0	1	0	0	0	1	0	0	0	0	0	2	0	0	0	0	0	0	0	0	0	0	1	0	0	1.001	0	0	0	1	0	0	1	0	0	0	0	0	0	0	0	0	0	0	0	0	0	2	0	0	0	1	1	1	0	0	0
C1_11620W_A	C1_11620W_A	0	0	0	0	0	0	0	0	2	0	0	0	0	0	1	1	1	1	0	0	0	0	0	0	0	1	1	0	0	0	0	0	1	0	1	1	0	0	0	0	0	0	0	0	0	1	1	0	0	0	0	1.649	1	0	0	2	0	0	2	1
C1_11630C_A	FUS1	0	0	0	0	1	1	0	1	0.994	0	0	0	0	1	0	0	0	1	0	0	2	1	1	0	0	0	0	1	1	0	1	0	2	0	1	0	0	0	0	0	0	0	0	0	0	0	0	1	1	2	0	0	0	0	0	0	1	1.433	1	0
C1_11640C_A	DPP2	0	0	0	0	0	0	0	0	2	0	0	0	0	0	0	0	0	0	0	0	0	0	0	0	1	1	0	0	0	0	1	0	0	0	0	0	0	0	0	0	0	0	0	0	0	0	0	0	1	0	0	1	0	0	0	0	0	1	0	0
C1_11650W_A	EGD1	0	0	0	0.745	1	0	1	2	0	1	0	0	0	0	0	0	0	0	0	0	0	0	0	0	0	1	0	0	0	0	1	0	0	0	0	0	0	0	0	0	0	0	0	0	2	0	0	0	0	0	0	0	0	0	0	0	0	0	0	0
C1_11660W_A	GAD1	0	0	0	0	0	0	0	0	0	0	0	0	0	0	0	0	0	0	0	0	0	0	0	0	0	1	0	0	0	0	0	0	0	0	0	0	0	0	0	0	0	0	0	0	0	0	1	1	0	0	0	0	0	0	0	0	0	0	1	0
C1_11670W_A	C1_11670W_A	0	0	0	0	0	0.989	1	1	1	0	0	0	0	0	0	1	0	1	2	1	0	0	0	0	3	0	2	1	2.998	0	0	0	0	0	0	0.997	0	0	0	0	0	0	0	0	0	1	0	1	0	0	1	0	0	1	0	0	0	1	0	0
C1_11680C_A	C1_11680C_A	0	0	1	0	0	0	0	0	6	0	6.856	2	0	0	0	0	0	0	0	0	0	0	0	0	0	0	0	0	0	0	1	0	0	0	0	0	0	1	0	0	0	0	0	0	0	0	0	0	0	0	0	0	0	0	0	0	0	0	1	0
C1_11690W_A	C1_11690W_A	1	1	1	0	0	0	1	2	1	1	0	0	0	0	0	0	0	0	0	0	1	2	4	3	0	0	0	0	0	0	0	0	0	0	0	0	0	0	0	0	0	0	0	0	1	0	0	0	1	0	0	0	0	0	0	0	1	0	0	1
C1_11700C_A	MRF1	1	0	0	0	0	0	0	0	0	0	0	1	0	0	0	0	0	0	0	0	0	0	0	0	0	0	0.968	0	0	0	1	0	0	0	0	0	0	0	0	0	0	0	0	0	0	1	0	0	1	0	1	1	0	1	0	0	0	0	0	0
C1_11710C_A	C1_11710C_A	0	0	0	0	0	0	0	0	0	0	0	0	0	0	0	0	1	0	0	0	0	0	0	0	0	0	1	0	0	1	1	0	1.001	0	0	0	0	0	0	0	0	0	0	0	0	0	0	0	1	0	0	0	0	0	0	0	1	0	0	0
C1_11720W_A	C1_11720W_A	0	0	0	0	0	0	0	0	0	0	0	0	0	0	0	0	0	0	0	0	0	0	0	0	0	0	0	0	0	0	0	0	0	0	0	0	0	0	0	0	0	0	0	0	0	0	0	0	0	0	0	0	0	0	0	0	0	0	0	0
C1_11730W_A	C1_11730W_A	0	0	0	0	1	1	0	0	4	8	3	3.529	0	0	1	0	5.936	1	0	1	2	2	4.999	3	0	0	1	0	0	0	0	0	0	0	0	0	1	0	1	0	1.154	0	0	1	2	3	2	2	0	1.733	0	1	0	1	3	2	0	0	0	1.117
C1_11740W_A	C1_11740W_A	0	0	0	0	0	0	0	1	0	0	0	0	0	0	0	0	0	0	1	0	0	0	0	0	0	0	0	0	0	1	0	0	0	0	0	0	0	0	0	0	0	0	0	0	2	0	0	0	0	1	1	2.745	0	0	0	0	0	1	0	1
C1_11750W_A	AVT4	0	1	0	0	0	0	2	0	1.001	0	0	0	0	0	0	0	0	0	1	0	1	0	1	1	2	1	1.057	0	0	0	0	0	0	0	0	0	0	0	0	0	0	0	1	0	0	0	0	0	2.344	0	1	1	1.404	1.037	1.512	1	1	0	1	0
C1_11760C_A	C1_11760C_A	0	0	0	0	0	0	0	0	0	5	4	3	0	0	0	0	0	0	0	0	0	0	0	0	0	0	0	0	0	0	0	0	1	0	0	0	0	0	0	0	0	0	0	0	0	0	0	0	0	0	0	1	3	1	0	3	0	0	0	0
C1_11770C_A	C1_11770C_A	1	2	3	0.995	2.935	0	1	3	1	1	2	0	0	1	0	3	1	3	1	0	1	2	1	1	1	2	5	4	6	2.223	2	4	2.006	0	1.121	1	2	0	1	0	0	0	1	0	0	0	0	1.029	0	0	2.573	0	1	3	2.001	2	2	4.458	3.079	3
C1_11780W_A	C1_11780W_A	0	0	0	0	0	0	0	0	0	0	0	0	0	0	1	0	0	0	0	0	0	0	0	0	0	0	0	0	0	0	0	1	0	0	0	0	0	0	0	0	0	0	0	0	1	0	0	0	0	0	0	0	0	0	0	0	1	0	0	0
C1_11790W_A	C1_11790W_A	0	0	0	0	0	1	0	0	0	0	0	0	0	1	0	0	1	0	0	0	0	0	0	0	0	0	0	0	0	1	1	0	0	0	0	0	0	0	0	0	0	0	0	0	0	0	0	0	0	1	0	0	0	0	0	0	0	0	0	0
C1_11800C_A	C1_11800C_A	0	0	0	1	0.998	0	0	0	0	0	1.978	0	0	0	0	0	0	0	0	0	0	0	0.992	0	2.118	0	3	1.033	1.001	0	0	0.993	2	0	2	0.984	0	0	0	0	0	0	0	0	1	0	1	0	0	0	0	0	0	0	0	0	0	1	0	1
C1_11810W_A	CAS1	0	0	0	0	1	0	0	0	0	0	1	0	0	0	0	0	1	0	0	1	1	0	0	1	0	1.995	0	1.001	0	0	0	0	5.125	4	1	5	0	0	0	0	0	0	0	1	0	0	0	0	2	0	0	2	1	1.173	0	0	0	0	0	0
C1_11820W_A	tY(GUA)1	0	0	0	0	0	0	0	0	0	0	0	0	0	0	0	0	0	0	0	0	0	0	0	0	0	0	0	0	0	0	0	0	0	0	0	0	0	0	0	0	0	0	0	0	0	0	0	0	0	0	0	0	0	0	0	0	0	0	0	0
C1_11830W_A	tY(GUA)4	0	0	0	0	0	0	0	0	0	0	0	0	0	0	0	0	0	0	0	0	0	0	0	0	0	0	0	0	0	0	0	0	0	0	0	0	0	0	0	0	0	0	0	0	0	0	0	0	0	0	0	0	0	0	0	0	0	0	0	0
C1_11850W_A	C1_11850W_A	1	0	0	0	0	0	0.999	0	0	0	0	0	0	0	0	0	0	1	0	1	0	1	0	0	0	1	0	0	0	0	0	2	3	3	4	0	0	0	0	0	0	0	0	0	0	2	3	1	0	1	0	1	0	0	0	0	0	0	1.214	0
C1_11860W_A	C1_11860W_A	0	0	0	0	0	1	0	0	0	0	0	0	1	1.622	0	0	0	3	0	1	0	0	0	0	2	0	1	0	1	1	0	0	2	1	0	1	1	0	0	0	0	0	0	0	1	0	0	0	0	1.124	1	0	0	0	1	0	0	0	2	0
C1_11870W_A	MUP1	0	0	0	0	0	0	0	0	0	0	0	0	0	1	1	0	1	0	0	0	0	0	1	1	0	0	0	0	2	0	0	1	0	0	0	0	6	4	3	2	0	1	0	0	0	0	0	0	1	1	2.829	2	1	0	0	0	1	1	0	0
C1_11880W_A	MRPL51	1	0	0	0	0	0	0	0	0	0	0	0	0	0	0	0	0	0	1	1	0	0	0	1	1	1	0	0	0	1	0	0	0	0	0	0	0	0	0	0	0	0	0	0	0	0	0	0	0	0	0	0	0	0	0	0	0	0	0	1
C1_11890W_A	C1_11890W_A	0	0	1	0	0	0	0	1	0	0	0	1	0	0	1	2	0	0	0	0	0	1	0	0	0	0	0	0	0	0	0	0	0	0	0	0	0	0	0	0	2.925	0	1	0	0	0	0	0	0	0	0	0	0	0	0	1	0	0	0	0
C1_11900C_A	C1_11900C_A	0	0	0	0	0	0	2	0	1	1	0	2	0	0.744	0	0	0	0	0	0	0	0	0	0	0	0	0	0	1	0	0	0	0	0	0	0.974	0	0	0	0.998	0	0	0	0	0	0	0	0	0	0	0	0	1	0	0	0	1	0	1	1.619
C1_11910W_A	C1_11910W_A	0	0	0	1	0	1	0	0	0	0	0	0	0	0	0	0	0	0	0	0	0	0	0	0	1	1	0	0	0	0	0	1	1	0	0	0	0	0	0	0	1	0	0	0	0	1	0	0	0	0	0	0	1	0	0	1	3	0	1	0
C1_11920W_A	C1_11920W_A	0	0	0	0	0	0	0	0	0	0	0	0	0	0	0	0	0	0	0	0	0	0	0	0	0	0	1	0	1	0	2	0	0	1	0	0	0	0	0	0	0	0	0	0	0	0	0	0	0	0	0	2	0	1	0	0	0	0	0	0
C1_11930W_A	C1_11930W_A	2.015	0	0	0	0	0	0	1	0	2	0	0	0	0	1	0	0	0	0	0	1	0	1	0	0	0	0	0	5	3.014	2	3	0	0	2	0	0	0	0	1	0	0	0	0	2	1	0	1	0	1	0	1.357	0	0	1	0	1	0	3	1
C1_11940C_A	C1_11940C_A	1	1	0	0	0	0	0	0	0	0	2	0	0	1	0	0	1	0	1	0	0	0	0	1	0	1	1.999	1	1	0	0	1	0	1	0	0	1	0	0	1	0	0	0	0	0	1	1	1	0	0	1	0	1	1	0	1	0	0	0	0
C1_11950W_A	C1_11950W_A	0	0	0	1	0	0	2.982	0	0	0	0	0	0	0	0	0	0	0	0	0	0	0	0	0	0	2	0	1	0	0	1	0	0	0	0	0	0	0	0	0	0	0	0	0	0	0	0	0	1	1.06	0	0	3	1	0	1	2	2	0	0
C1_11960C_A	C1_11960C_A	0	0	0	0	0	0	0	0	0	0	0	0	0	0	0	0	0	0	0	0	0	0	0	0	0	0	0	0	0	0	0	0	0	0	0	0	1	0	1	0	0	0	0	0	0	0	0	0	0	0	0	0	0	2	0	0	0	0	0	0
C1_11970C_A	C1_11970C_A	1.999	0	0	0	0	1	0.998	0.997	0	0	0	0	0	0	0	0	0	1	0	0	0	1	0	0	0	0	0	1	1.002	0	1.35	0	0	0	0	0	0	0.811	0	0	0	0	1	0	0	0	0	0	0	0	1	0	0	1	0	0	0	0	0	0
C1_11980W_A	MED10	0	0	0	0	0	0	0	0	0	0	0	0	0	0	0	0	0	0	0	0	0	0	0	0	0	1	0	0	0	0	0	0	0	0	0	0	0	0	0	0	0	0	0	0	0	0	0	0	0	0	0	0	0	0	0	0	0	0	0	0
C1_11990W_A	C1_11990W_A	0	0	0	0	1	0	1	0	0	0	0	0	0	0	0	0	0	1	0	0	0	0	0	0	1	0	0	0	0	0	0	0	0	0	0	0	0	0	0	0	0	0	0	0	0	0	0	0	0	0	0	0	0	0	0	0	1	0	0	0
C1_12000C_A	C1_12000C_A	0	0	1	0	0	2	2	0	0	0	0	0	0	0	0	0	0	0	0	0	0	0	0	1	0	2.66	0	0	1	0	0	0	0	0	0	0	1	0	0	0	0	0	0	0	0	0	0	0	0	0	1	0	0	0	1	0.977	0	0	0	0
C1_12010C_A	KIP4	0	0	0	0	0	0	1.173	0	0	0	0	0	0	0	0	0	1	0	0	0	1	0	0	0	4	7	10	9	0	0	0	0	0	0	1	0	0	2	1	2	0	0	0	0	0	0	0	0	1	0	1	0	2	0	0.983	2	0	1	0	0
C1_12020W_A	C1_12020W_A	0	0	1	1	0	0	1.006	0	0.896	1	0	0	0	0	0	0	1	1	1	0	1	0	1.999	0	0	0	1	1	0	1	0	1	1	1.001	0	1	0	1.774	0	0	0	1	1	1	0	0	0	0	2	1	0	1	0	1	0	2.358	1	1.894	0.848	3.976
C1_12030W_A	SER33	0	0	0	0	0	0	2	0	1	0	0	0	0	0	1	0	0	0	0	1	0	0	0	0	0	0	0	0	1	0	0	0	0	0	1	0	0	0	0	0	0	0	0	0	1	1	0	1	1	0	0	0	0	0	0	0	0	0	1	1.009
C1_12040W_A	C1_12040W_A	0	0	1	0	0	0	0	0	0	0	0	0	0	0	0	0	0	0	0	1	0	0	0	0	0	0	0	1	0	0	0	1	0	0	0	0	0	0	0	0	0	0	0	0	0	0	0	0	0	0	0	0	0	0	0	0	0	0	0	0
C1_12050W_A	RPN2	0	0	0	0	0	1	0	1	1	7	2	0	0	0	1	0	1	0	1	2	1	0	0	0	1	2	0	2	0	0	0	0	2.875	2	0	2	0	0	0	1.148	0	0	1.632	0	2	1	2	1	0	1.102	1.405	2	0	2	2	3	0	0	0	0
C1_12060C_A	C1_12060C_A	0	1	0	0	0	0	0	0	0	1	0	0	1	0	1	0	0	0	0	0	0	0	0	1	0	1	0	1	0	0	0	0.989	0	0	0	0	0	0	0	0	0	0	0.667	0	0	0	0	0	0	0	0	1	1	0	1	0	0	0	0	0
C1_12070C_A	C1_12070C_A	0	0	0	0	1	0	0	0	0	0	0	1	1	0	0	0	0	0	0	1	0	0	1	2	1	0	1	0	0	1	0	0	0	0	1	0	0	0	0	0	0	0	0	0	1	0	0	0	2	0	1	0	0	0	0	0	0	1	0	0
C1_12080W_A	LCB4	0	0	0	0	1	1	0	0	0	0	0	0	0	0	0	1	0	0	0	0	2	0	0	1	0	1.511	0	0	0	0	1.737	1	0	0	0	0	0	0	0	0	0	0	0	0	0	0	0	0	0	0	0	0	0	0	0	0	1	0	0	0
C1_12090C_A	C1_12090C_A	0	0	0	0	0	0	1	1	0	0	0	0	1	0	1	0	0	0	0	0	0	0	0	1	1	1	1	1.164	0	0	0	0	0	0	2	0	2	0	1	0	0	1	0	1	0	0	0	1	0	0	0	0	1	2	0	1	1.169	1.999	2.911	0
C1_12100C_A	PXA2	0	0	0	1	1.478	1	1	2	0	0	0	0	0	0	0	0	0	0	1	1	0	0	0	0	1	0	1	0	0	1.001	0	0	1	0	1	0	0	0	0	0	0	0	0	0	0	1.314	0	2	0	2	0	0	0	0	0	1.463	1.334	0	0	0
C1_12110C_A	C1_12110C_A	0	0	0	0	0	0	0	0	0	0	0	1	0	0	0	0	0	0	0	0	0	0	0	0	0	0	0	0	0	0	0	0	0	0	1	0	0	0	0	0	0	0	0	0	1	0	0	0	0	0	0	0	0	0	0	0	0	0	0	0
C1_12120W_A	C1_12120W_A	3	4	4	2	0	1	0	0	2	0	1	1	0	0	0	0	1	0	0	0	0	0	4.996	1	1.744	0	1	0	2	3.074	2	0	0	0	0	0	2	3	2	4	0	0	0	0	0	2	3	0	3.428	0	2	1	2	0	0	1.044	2	3.705	3	3
C1_12130C_A	ZCF30	1.175	0	0	0	2	1	0	1	1	0	0	0	0	0	0	1	0	1	1.035	0	0	0	2	0	0	1	0	0	1	0	1	0	0	2	0	2	0	0	0	0	0	0	0	0	2	2	1	3	1.114	0	1	0	0	0	0.999	1	2	0	1.992	1.386
C1_12140W_A	C1_12140W_A	0	1	0	0	1	2	0	3	1	3.896	1	6	0	0	0	0	0	0	0	0	0	0	0	0	0	0	0	0	0	0	0	0	0	0	0	0	0	0	0	0	0	0	0	0	3	1	2	1	0	0	0	0.928	0	0	0	0	0	0	0	0
C1_12150C_A	C1_12150C_A	0	0	0	0	0	0	0	0	0	0	2	0	0	0	0	0	0	0	0	0	0	0	0	1	0	0	0	0	0	0	0	0	0	0	0	0	0	0	0	0	0	1.977	0	0	1	0	0	0	1	0	0	1	1	0	0	1	0	0	0	0.796
C1_12160W_A	MSO1	0	0	0	0	0	0	1	2	1	0	0	0	0	0	0	0	0	0	0	0	0	0	0	0	1	0	0	0	0	0	0	0	0	0	1	0	0	0	0	0	0	0	0	0	0	0	0	0	0	0	0	0	0	0	0	0	0	0	0	0
C1_12170C_A	C1_12170C_A	0	0	0	0	0	0	0	0	3	2	3.006	2	0	1	0	0	0	0	0	0	8	4	5	5	0	1	0	0	0	0	0	0	0	0	0	0	0	0	0	1	0	0	1	0	1	2	2	1	0	0	0	0	3	0	3	3	0	0	0	1
C1_12180C_A	C1_12180C_A	1	0	0	2	0	0	1	3.018	1	0	0	0	0	0	0	0	0	0	0	0	0	1	0	0	1	0	0	0	1	0	1.063	0	0	0	0	0	0	0	0	0	0	0	1	0	0	0	0	0	0	0	0	0	0	0	1	0	1	0	1.648	0
C1_12190W_A	BUL4	0	2	0	0	0	0	1.291	1.073	2	0	0	1	0	0	0	0	1	0	2	0	0	0	0	0	0	0	0	0	1.084	0	0	1	0	0	0	1	0	0	1	0	0	0	0	0	0	2	1	0	0	0	2	0	1.049	0	0	1	0	3.12	3.303	1
C1_12200W_A	MCD4	0	1	0	0	1.129	1.987	2.004	2	6	5	3.138	2	1	1	0	0	3	0	0	0	0	0	0	0	2	0	1.454	0	0	0	1	1	0	3.639	0	1	2.529	0	0	1	0	0	0	0	0	0	0	0	1	0	0	2	0	1	1	1	0	2	2.323	0
C1_12210W_A	TRP3	0	0	0	2	0	1	1	0	0	0	0	0	0	0	1	1	0	0	0	2	1	0	0	0	1	0	2	3.575	1.322	0	3	0	1.035	0	0	0	0	1	0	0	0	0	0	0.999	0	2	0	2	2	4.653	0	0	0	0	1	0	0	1.306	0	0
C1_12220W_A	CDC6	0	1	1	0	1	0	1	0	0	0	0	0	0	1	0	0	0	0	0	0	0	1	0	0	1	0	1.648	0	0	1	0	0	0	0	0	1	0	0	0	1	0	0	0	0	0	1	0	0	1	1	2.532	0	0	0	0	1	1.375	0	0	0
C1_12230W_A	SNT1	6	6	6	5	2	1	0	0	0	0	2	1	0	4	4	1	0	1	1	0	2.002	4	0	1	0	0	1	0	0	0	3	0	2.21	0	1	2	1	0	2	0	0	0	0	0	0	1	3.513	0	1.377	0	1	2	0	0	4.016	1	0	2	1.249	0
C1_12240C_A	C1_12240C_A	1	0	0	0	1	0	1	0	0	0	0	0	0	0	0	0	0	0	2	0	0	0	0	1	0	0	0	2.002	1	1	0	0	0	0	0	0	0	0	0	0	0	1	0	0	3	2	2	1	1	0	1.51	0	0	0	0	0	2	0	0	0
C1_12250C_A	C1_12250C_A	0	0	1	0	0	0	0	0	0	0	1	0	1	0	0	0	1	0	0	0	0	0	0	0	1	2	2	1.001	0	0	0	0	0	0	0	0	0	0	0	0	0	0	0	0	0	0	0	0	1	0	0	0	0	0	0	1	0	0	1.732	0
C1_12260W_A	VPH2	0	0	0	2	1	0	1	1	1	1.914	0	1	1	0	2	0	1	0	1	0	0	0	0	1	0	0	0	0	1.301	0	0	0	0	0	2	0	0	0	0	0	0	0	0	0	1	1	1	0	0	0	0	0	1	0	1	2	2	1.887	1	0
C1_12270W_A	SRT1	0	2	0	0	0	0	0.999	0.951	0	0	0	0	0	0	0	0	0	0	0	0	0	0	0	0	0	0	0	1	0	1	0	0	0	0	0	0	0	0	0	0	0	0	0	0	0	0	0	0	0	0	1.329	0	0	0	1	0	1	0	0	0
C1_12280C_A	C1_12280C_A	0	1	0	0	0	0	0	1	0	0	0	0	0	0	0	0	0	0	0	0	0	0	0	0	1	1	0	0	0	1	0	0	0	0	0	1	0	0	0	0	0	0	0	0	0	0	0	0	0	0	0	0	0	0	0	0	1.676	0	0	0
C1_12290C_A	RBD1	0	0	0	0	1	2	0	0	0	0	6	2	0	0	0	0	1	2	2	3	0	1.569	0	0	0	1	3	3	6	1	3	2	1	1	0	0	0	2	0	0	0	1	0	0	1	0	1	0	1	2.467	0	0	1	1	0	0	0	1	0	1
C1_12300W_A	C1_12300W_A	4	1	0	3	1	0	2	4	1	0	2	1	0	1	1	2	0	5	0	1	2	1	0	2	0	4	1	4	5	5	2	4	3	6	3	2	1	0	0	1	0	0	1	2	2	0	3	1	3	3	2	8.001	8	3	1	1	3	1	2	3
C1_12310C_A	CSI2	1	0	0	2	1.777	0	1	0	1	0	2	1.001	0	0	1	0	2	0	4	1	0	1	3	1	1	2.998	1	1	1	2	1	0	1.926	0	1.906	2	0	0	0	1	2	0	0	0	1.106	0.999	2	0.965	2	1	1	0	0	1	1	2	0	1.841	2	3.528
C1_12320C_A	ATP19	0	0	0	1	0	1	0	1	0	0	1	0	2	4	3	1	0	0	0	0	0	0	0	0	0	0	0	0	0	0	0	0	0	0	0	0	0	0	0	0	0	0	0	0	3	2	2	2	0	0	0	0	3	0	3	1	0	0	0	0
C1_12330W_A	C1_12330W_A	0	0	0	0	0	0	0	0	0	1	0	0	0	2	0	1	0	0	0	0	0	0	0	0	1	2	2	2	0	0	0	0	0	0	0	0	1	0	0	0	0	0	0	0	0	0	0	0	0	0	1	1	0	0	0	0	0	0	0	0
C1_12340C_A	MRPS9	0	0	0	1	0	0	1	0	1	2	0	0	0	0	0	0	1	1	0.997	0	1	0	2	1	0	0	1	1.002	1	1	2	1	0	0	1	1	0	0	0	0	0	0	0	0	2	1	1	0	3	0	1	2.849	1	0	0	1	1	0	0	0
C1_12350W_A	C1_12350W_A	1	0	0	0	1	2	0	0	0	0	2	1	3.65	1	0	1	4	0	0	2	0	0	1	3	2	1.002	1.545	0	0	2	2	1.192	0	0	0	0	0	0	1.004	1	0	0	0	0	0	0	0	0	0	1.062	0	1.048	0	1	1	1.018	1	1	4.256	3.677
C1_12360C_A	RIB3	0	0	0	0	1	0	1	0	1	1	5	0	0	0	0	0	0	0	1	0	0	0	0	0	0.9	1	0	2	0	0	1	0	0	0	1	0	0	0	0	1	0	0	0	0	0	0	1	0	0	0	0	0	1	1.001	0	1	0	0	0	0
C1_12370W_A	C1_12370W_A	0	0	0	0	0	1	1	0	0	0	0	0	0	0	0	0	0	0	0	0	0	0	0	0	0	0	0	0	0	0	0	0	0	0	0	0	0	0	0	0	0	0	0	0	0	0	0	0	0	0	0	0	1	1	0	0	0	0	0	0
C1_12380C_A	WRS1	1	0	0	0	0	0	1	1	0	0	0	0	0	3	1	0	0	0	1	0	0	1	0	0	2	2	1	0.984	0	0	0	0	1	0	0	0	0	0	0	0	1	0	0	0	0	0	0	0	2	1	0	0	0	1	0	0	0	1	0	1
C1_12390C_A	RPL27A	0	0	0	0	0	0	0	0	0	0	0	0	0	0	1	0	0	0	0	0	0	0	0	0	0	0	0	0	0	0	0	0	0	0	0	0	0	0	0	0	0	0	0	0	0	0	1	0	0	0	0	0	0	0	0	0	0	0	1	1
C1_12400C_A	C1_12400C_A	0	0	0	0	0	0	0	0	0	0	0	0	0	0	1	1	0	0	0	0	0	0	0	0	0	0	0	0	0	0	0	0	0	0	0	0	0	0	0	0	0	0	0	0	0	0	0	0	0	0	0	0	0	0	0	0	0	0	0	0
C1_12410C_A	PKH2	1	0	0	0	2	0	0	0	1	0	1	0	0	0	0	2	0	0	1.04	0	1	1.642	0	1	0	2	1	1	1	2	0	0	0	0	0	2	0	0	0	0	0	0	1	0	0	1.081	0	0	0	0	0	0	1	0	0	1	0	0	1	2.229
C1_12420C_A	C1_12420C_A	2	2	0	3	2	4	2	0	2	2	0	0	4	1	1	4	0	2.001	1	1	1	4	3	0	0	5	7	4.967	4	4	2	3.889	4	2	2	2	3	1	2	1	1	2	0	1	3	3	0	1	8.994	4.781	7	4.551	4	5.549	0	0	11.988	6	6.983	6
C1_12430W_A	C1_12430W_A	1	0	0	0	4	0	1	0	0	1	1	0	0	0	1	0	0	0	0	0	0	1	0	0	1	1	1	0.926	0	1	0	0	0	0	0	0	1	3	0	1	0	0	0	0	3.245	0	1	0	0	1	0	0	1	0	0	0	3.542	2	2	2
C1_12440W_A	REX4	0	0	0	0	0	0	0	1	0	0	0	0	0	0	0	0	0	0	0	0	0	0	0	0	1	0	0	0	0	0	0	1	0	0	1	0	0	0	0	0	0	0	0	0	0	0	0	0	0	2	1.569	2	0	1	0	0	0	1	0	0
C1_12450C_A	IRA2	3	0	0	0	1	0	3.204	3	0	1	0	1.111	3	1.013	1	0	2	2	2	0	3.024	2.145	1.096	3	4.161	7.912	2.999	6.177	1.006	1.003	1	1.001	1	1.041	1	0	1	0	0	0	0	1	0	0	1.01	1.103	3.225	0	0	1.336	1.082	0	7	4.993	2.602	0	0	1.044	3.143	0
C1_12460C_A	C1_12460C_A	1.999	1	0	1	2	0	2	0	0	1	3.01	0	1	0	1	2	3	0	2	1	1	3	1	1	3	1	1	3.129	1	1	0	2	4	2	1	0	1	1	3.035	1	0	0	2	3.034	2	1	1	1.007	7.033	3	4	1.002	0	2	3.001	3	1	1	3	3.001
C1_12470W_A	C1_12470W_A	0	0	0	0	0	0	0	0	0	1	0	0	0	0	0	0	0	0	0	0	0	0	0	0	0	1	1	0	1	0	0	0	1	1	0	0	0	0	0	0	0	0	0	0	0	0	0	0	0	0	0	0	0	0	0	0	0	0	0	1
C1_12480W_A	C1_12480W_A	0	0	0	0	0	0	0	0	0	0	0	0	0	0	0	0	0	0	0	0	0	0	0	0	0	0	0	0	0	1	0	0	0	0	0	0	0	0	0	0	0	0	0	0	0	0	0	0	0	0	0	0	0	0	1	0	3	2	1.561	2
C1_12490W_A	PEP1	0	1	1	0	2	0	3	2	0	2.02	0	0	1	0	1	1	1	0	2.002	0	1	0	0	0	0	0	1	1	2	2.015	0	1.011	2	0	0	1	0	0	1.134	1	0	0	1	0	1	7	4	4	4	3.789	3.018	1.554	0	0	1.002	3.455	0	0	0	0
C1_12500C_A	tW(CCA)1	0	0	0	0	0	0	0	0	0	0	0	0	0	0	0	0	0	0	0	0	0	0	0	0	0	0	0	0	0	0	0	0	0	0	0	0	0	0	0	0	0	0	0	0	0	0	0	0	0	0	0	0	0	0	0	0	0	0	0	0
C1_12510W_A	RAX2	0	4	3	0	4	0	2.087	1.079	3.009	1	1	0	3.003	5	6	3.991	0	1.026	1	2	0	0	1	1	1	0	0	3	3.232	3	2.001	1	0	0	2.001	2	1	2	1.918	0	2	2	1.092	0	0	2	0	0	3	0	3	1	2.001	3	0	0	3	3.931	2.165	0
C1_12520W_A	GSG1	0	0	1	1	0	1	0	1	0	0	1	0	1	1	0	0	0	0	1	0	0	0	0	0	0	2	2	1	0	0	0	0	0	0	1	0	1	0	0	0	0	0	0	0	1	0	0	1	0	1	0	1	0	0	0	0	1.297	2	0	0
C1_12530C_A	C1_12530C_A	0	0	0	1	0	0	1	0	0	0	0	0	1	1	1	0	2	2.001	8	5	0	1	0	0	0	0	0	0	1	2	0	1	0	0	0	0	0	0	0	0	0	0	0	0	0	0	0	0	0	0	0	2	3	1.001	2	2.908	2	1	0	1
C1_12540W_A	C1_12540W_A	1	0	0	1	0	0	1	1	0	1	1	0	1	1	0	0	1	1	0	0	3	0	2	1	1	0	4.001	1	1	1	1	1	2	1	0	0	1	0	1	0	0	0	2	0	0	1	0	1	2	0	1	0	0	1	2	1	1	0	1	1
C1_12550C_A	CDC54	0	0	0	0	0	1	0	1.32	1	0	0	0	0	0	1	0	1	0	0	0	0	0	0	0	0	0	1	1	0	2	3	1	1	0	0	1	0	0	0	0	0	0	0	1	0	0	0	0	0	0	0	0	1.002	2.003	1	2	0	1	0	0
C1_12560C_A	DLH1	0	0	1	0	1	0	0	0	0	1	0	0	0	0	0	0	0	0	0	0	0	1	0	0	0	0	0	0	1	0	1	1	0	0	0	0	0	0	0	0	0	0	1	0	0	0	0	0	0	0	0	1	0	0	0	0	0	0	0	0.725
C1_12570C_A	C1_12570C_A	0	0	0	0	0	0	0	0	0	0	0	0	0	0	0	0	0	0	0	0	1	0	0	0	1	0	0	1	0	0	1	0	0	0	1	0	1	0	0	0	0	0	0	0	0	0	0	0	0	0	0	0	0	0	0	0	0	0	0	0
C1_12580W_A	C1_12580W_A	0	1	1	0	0	1	1.001	1	0	1.283	1	2	0	1	0	1	4.942	1	1	1	1.137	2	1	3	3.739	0	1	2	4	0	2	0	0	1	1.002	1	0	1	1	1	0	0	0	0	1	0	1	0	1	2.348	2	1	3	2	4.856	2.869	1.341	1	1	2.485
C1_12590W_A	ATP20	0	0	0	0	0	0	0	0	0	0	0	0	0	0	1	0	0	0	0	0	0	0	0	0	0	0	1	0	0	0	0	0	0	0	0	0	0	0	0	0	0	1	0	0	0	0	0	0	0	0	1	0	0	0	0	0	0	0	0	0
C1_12600C_A	CHR1	1	0	0	0	1	0	0	0	10	9	11	3	1	0	0	0	1	0	0	0	5	8	4	7	2	2	2	4	1	0	3	0	0	1	0	0	0	0	0	1	0	0	0	0	6	6.114	7	11	0	3	0	2	2	7	5	6	0	1	0	1
C1_12610W_A	C1_12610W_A	0	0	0	0	0	0	0	0	0	0	0	0	0	0	0	0	0	0	0	0	0	0	0	0	1	0	0	0	0	0	0	0	0	0	0	0	0	0	0	0	0	0	0	0	0	0	0	0	1	0	1	0	2	1	2	1	0	0	0	0
C1_12620W_A	SPA2	7	6	4	7.02	6	5.003	7	3	1	2.001	5	2	9	7	4	9	3	4.016	2	1	0	0	0	0	4	1	1	1	4	2	4	5.013	0	0	0	2	1	1	0	0	0	0	0	0	5	3	0	2	3.769	1.033	0	0	0	1.007	0	1	1.133	1.24	0	0
C1_12630C_A	CWC15	0	0	1	0	0	1	0	0	0	0	0	0	0	0	0	0	0	0	0	0	0	0	0	0	1	0	0	0	0	0	0	0	0	0	0	0	0	0	0	0	0	0	0	0	0	0	0	0	0	0	0	0	0	0	0	0	0	0	0	0
C1_12640W_A	C1_12640W_A	0	0	1	0	0	1	0	1	0	0	0	0	0	0	0	0	0	0	0	0	0	0	0	0	0	0	0.861	0.998	1	0	1	0	0	0	0	0	0	0	0	0	0	0	0	0	0	1	0	0	0	0	0	1	0	0	0	0	0	0	0	0
C1_12650C_A	C1_12650C_A	0	0	0	0	0	0	0	0	0	0	0	0	0	0	0	0	0	0	0	0	0	0	0	0	2	0	0	0	0	0	0	0	0	0	0	0	0	1	1	1	0	0	0	0	0	0	0	0	0	0	0	0	0	0	0	0	0.922	0	1.748	0
C1_12660W_A	MAD1	1	0	0	0	0	0	0	1	1	0	0	0	0	2	0	0	1.486	0	0	0	1	0	1	0	0.887	0	1	0	0	0	0	0	0	0	0	0	2	4.001	1	5	0	0	0	1	0	2	1	0	2	1	0	0	2.003	0	1	0	0	1	0	0
C1_12670C_A	C1_12670C_A	1.571	0	3	0	1.35	2	2	1.387	2	2	1	1	2	1	1.007	1.002	4	0	2	1	1	1	1	0	4	1	1	3.822	4	1	1.964	1	3	2	0	1	0	0	1	0	0	0	0	1	1	0	0	0	1	1	3.695	0	2	0	0	0	3.245	0	5.585	2.174
C1_12680W_A	C1_12680W_A	0	0	0	0	1	0	0.997	1	2	5	3	2	0	0	0	0	0	0	1.001	0	0	0	0	0	0	0	0	0	0	0	0	1	0	0	1	0	0	0	0	0	0	0	0	0	1	0	0	0	0	0	0	0	0	0	1.189	0	0	1	1	0
C1_12690C_A	C1_12690C_A	0	0	0	0	0	0	0	0	0	0	0	0	0	0	1	0	0	0	0	0	0	0	1	0	0	0	0	1	0	1	0	0	0	0	0	0	0	0	0	0	0	0	0	0	0	0	0	0	1	0	0	0	0	0	0	0	0	0	0	0
C1_12700W_A	C1_12700W_A	0	0	0	0	0	0	0	0	0	0	0	0	1	2	0	1	2	1	1	1	0	0	0	4	0	0	0	0	1	0	0	0	0	1	0	0	0	0	0	0	0	0	0	0	1	1	0	0	1	0	0	0	1	0	1	0	1.438	0	1.013	0
C1_12710C_A	C1_12710C_A	0	0	0	0	5	5.943	4	3	2	0	0	0	0	0	0	1	0	0	0	0	1	0	1	0	0	0	0.999	0	0	0	0	0.993	0	1	0	0	2	0	1	0	0	0	0	0	0	0	0	0	0	0	0	1	0	0	2	0	0	0	0	0
C1_12720C_A	C1_12720C_A	0	0	0	1	0	0	0	0	0	0	0	0	0	0	0	0	0	0	0	0	0	0	0	0	0	0	0	0	0	0	0	0	0	0	0	0	0	0	0	0	0	0	0	0	0	0	0	0	0	0	0	0	0	0	0	0	0	0	0	0
C1_12730W_A	RVS162	0	0	0	0	0	0	2	1	0	0	0	1	0	0	0	0	0	0	1	0	1	0	0	0	1	0.976	1	0	0	0	0	0	0	0	1	1	1	1	0	1	0	0	0	0	0	0	1	0	0	1.207	1	0	0	1	1.664	0	0	1	0	0
C1_12740W_A	C1_12740W_A	0	0	0	1	0	1	0	3	0	0	0	0	0	0	0	1	0	1	0	0	1	1	0	1	1.069	2.997	1	1	0	1	0	1	1	0	0	2	1.002	0	0	1	2	1	0	0	1	0	3	2	0.932	2.838	1.177	5.16	0	0	0	1	1.128	1.403	2	4
C1_12750C_A	C1_12750C_A	1.001	1	0.991	1	0	3.504	0	0	1	4	2	5	0	0	0	0	0	0	0	0	0	0	0	0	0	2	0	0	1	0	1	0	0	1	0	0	1	0	0	0	0	1	0	0	1	1.989	1.486	0	0	2	2	1.098	1.138	0	0	0	1	1.507	0	3
C1_12760W_A	BCP1	0	0	0	1	1	1	0	0	0	0	0	0	0	0	0	0	0	0	0	0	0	1	2	0	0	0	0	1	0	0	0	1	1	0	0	0	0	0	1	0	0	0	0	0	0	0	0	0	0	1	1	0	0	1	0	0	1.488	0	0	1
C1_12770W_A	RPG1A	0	0	1	1.001	3	4	8.707	2	0	0	0	0	0	1	0	1	1.2	4	0	0	0	0	0	2	0	1	1	2	3.371	1.048	0	1.049	0	5	5	5	3	5	3	4.415	0	1	0	0	1	2	2	1.999	0	1.423	1	1	4	1	0	1	3.304	1	0	3
C1_12780W_A	RBK1	0	0	0	0	0	0	1	0	0	2.001	0	0	0	0	0	0	0	0	0	0	0	0	0	0	0	0	0	0	0	0	0	0	0	1	0	0	0	0	0	0	0	0.999	1	0	1	1	0	0	0	0	0	0	1	2	0	1	3	0	1	0
C1_12790C_A	FEN1	0	0	0	0	1	0	0	0	2.882	2	0	1.003	0	1	0	0	0	0	0	0	1	1	0	1	2.002	0	0	0	4	1	1.884	1.999	0	0	1	0	0	0	0	0	0	0	0	0	0	0	0	0	0	0	1	0	1	0	1	1.826	2.879	1	0	0
C1_12800W_A	C1_12800W_A	0	0.701	0	0	0	0	0	0	0	0	0	0	0	0	0	0	0	0	0	0	0	0	0	0	0	0	0	0	1	0	0	0	0	0	0	0	0	0	0	0	0	0	0	0	0	0	1	0	0	0	0	1	0	0	0	0	0	0	0	0
C1_12810W_A	C1_12810W_A	6	2	4	5	9	10	7	4.705	3	4	6	7	3	4	9	5	4	10	2	10	4	9	3	4	10	6	8	10	14	11	13	6	8	9.967	8	5	4	3	1	4	3	6	1	4	7	1	2	8.119	8	11	13	18.761	12	16	13	14	12	12.961	7	10.852
C1_12820C_A	C1_12820C_A	0	0	0	0	0	1.001	1	0	0	0	0	0	0	0	1	0	0	0	0	0	0	0	0	0	1.958	0	0	1	0	0	0	2	0	0	0	0	1	0	1	0	0	0	0	0	1.001	0	2	1	0	0	0	0	0	0	0	1	0	1	1	0
C1_12830C_A	C1_12830C_A	0	0	0	0	0	1	0	1	0	0	0	0	2	2	0	0	1.004	0	0	0	0	0	0	2	1	1.241	1	0	1.001	1	0	3	0	1	0	0	0	0	0	0	0	1	0	0	1	1	0	0	1	1	0	0	1	1.954	0	1.287	4	0	3.315	0
C1_12840W_A	MHF1	0	0	0	0	0	0	0	0	0	0	0	0	0	0	0	0	0.954	0	0	0	0	0	0	0	0	0	0	0	0	0	0	0	0	0	0	0	0	0	0	1	0	0	0	0	0	0	0	0	0	0.885	0	0	0	0	0	0	0	0	0	0
C1_12850W_A	BLP1	0	0	0	1	0	0	1	0	3	1	1	2	1	0	0	0	0	0	0	1	0	0	0	0	0	0	0	0	0	0	0	0	0	0	0	0	0	0	0	0	0	0	0	0	2	1	2	0	0	0	0	0	0	0	0	0	0	0	1	0
C1_12860C_A	C1_12860C_A	0	0	1	0	0	1	0	0	0	0.837	0	0	1	0	0	0	0	0	0	0	0	0	0	0	0	0	0	0	0	0	0	0	0	0	0	0	0	0	1	0	0	0	0	0	0	0	0	0	0	0	0	1	0	0	0	0	1	0	2	1
C1_12870C_A	C1_12870C_A	0	0	0	0	1	0	1	0	0	0	1	0	0	0	0	0	0	0	0	0	2	0	0	0	0	1	0	0	0	0	0	0	0	1	2	0	0	5	5	2	0	0	0	0	0	0	0	0	1	1	0	0	2	0	0	0	1	2	0	0
C1_12880C_A	C1_12880C_A	0	4	2	1	3	0	1	1	3	7	9	8	1	0	1	0	2	4	1.001	1	3.006	2	1.997	4	1	3.96	3.239	4	1	4	3	2.455	4	2	1	1	7	1	2	6	1	2	0	1	1	2.999	3	1	6	2	2	0	5	6	2	5.866	2	5	3	0
C1_12890W_A	C1_12890W_A	0	1	2	0	0	1	0	2.021	2.318	1	0	2	1	0	0	0	0	0	1	1	0	0	0	0	1.007	0	1	2	1	0	1	0	1	0	0	0	1	0	0	1.001	0	0	0	0	0	0	0	0	1.737	1.265	2	0	1	0	1	2.998	4.703	1	0	1
C1_12900W_A	C1_12900W_A	0	0	0	0	0	0	0	0	0	1	0	0	0	0	0	0	0	0	0	0	0	0	0	0	0.934	1	0	0	0	0	0	0	0	0	0	0	0	0	0	0	0	0	0	0	1	0	0	0	0	0	0	0	1	1	0	1	0	0	0	0
C1_12910W_A	C1_12910W_A	0	0	0	0	3	2	2	2	0	0	0	0	0	0	0	0	0	0	0	0	0	0	0	0	2	2	1	1	0	0	0	0	0	0	0	0	2	1	1	1	0	0	0	0	0	0	0	0	0	0	0	0	0	0	0	0	0	0	0	0
C1_12920C_A	C1_12920C_A	0	0	0	0	1	0	0	0	1	0	0	0	0	0	0	0	0	0	0	0	0	1	0	0	0	0	0	0	0	0	0	0	0	0	0	0	0	0	0	0	0	0	0	0	0	0	2	0	1	0	0	1	0	0	1	0	1	0	0	1
C1_12930C_A	C1_12930C_A	0	1	2	0	0	1	0	2	0	0	0	0	0	1	0	0	0	1	0	0	0	0	1	0	1	1	2.013	0	0	1	0	2	0	1	0	0	0	0	0	0	0	0	0	1.002	1	0.961	0	0	0	2	1	0	0	0	1	0	0	1	0	1
C1_12940C_A	C1_12940C_A	0	0	0	0	0	1	1	0	0.998	0	0	0	0	1	0	0	0	0	0	0	0	0	0.998	0	0	0	0	0	0	1	0	0	0	0	0	0	0	0	0	0	0	0	0	0	0	0	0	0	0	1	0	0	0	0	0	0	0	1	0	0
C1_12950W_A	C1_12950W_A	0	0	1.084	0	0	0	5.916	0	1	1	2	3	0	0	0	1	1.111	1.005	0	2	0	1	1.107	1	5	1	2.578	2	1	1	4	0	0	1	1	1	1	0	0	1	2	0	0	0	2	0	2	0	1	0	1.081	0	3.153	2	1	1	2.772	2	1	1
C1_12960C_A	BNI1	1	1	0	0	5	8	4	1	0	5	2	1	0	0	0	0	0	0	1	1	2	1.001	0	1	2.391	2	4.003	2	1	1	0	0	1	0	0	1	1	1	2	1	0	0	2	0	1	0	1	2	1	0	0	2	5.399	2.249	5	2	1.358	3.221	2	0
C1_12970C_A	SEC2	0	0	2	1	2	0	0	0	1	0	0	2	0	0	0	0.976	2	0	0	1	0	0	0	0	0	1	0.855	2	2.964	1	4	1	0	0	1	0	0	0	0	0	0	0	1	1	0	0	0	0	0	0	1	0	1	0	0	0	0	1	1	0
C1_12980W_A	C1_12980W_A	0	0	0	0	0	0	0	0	0	0	0	0	0	0	0	0	0	0	0	0	0	0	0	0	0	0	0	0	0	0	0	0	0	0	0	0	0	0	0	0	0	0	0	0	0	0	0	0	0	0	0	0	0	0	0	0	0	0	0	0
C1_12990W_A	C1_12990W_A	0	0	0	0	0	0	0	0	0	0	0	0	0	0	0	0	0	0	0	1	0	0	0	0	0	0	0	0	0	0	0	0	0	0	0	0	0	0	0	0	0	0	0	0	0	0	0	0	0	0	0	0	0	0	0	0	0	0	0	0
C1_13000W_A	C1_13000W_A	0	0	0	1	2	0	0	1	1	2	0	0	0	0	1	1	1	1	0	0	0	1.004	0	0	1	3	1	1	1	0	0	1	0	1	0	1	1	0	1	1	1	0	0	0	1	0	0	0	1	2	0	1	2	3	0	4	2	1	3	1
C1_13010W_A	C1_13010W_A	0	2.035	0	1	0	0	0	1	0	0	0	0	0	1	2.842	2	0	0	0	0	0	0	0	0	1	0	0	0	0	1	0	1.001	2	0	0	1	0	0	0	1	0	2	0	1	0	0	0	0	4	0	2.333	0	2	0.993	3.115	3	0	0	0	0
C1_13020C_A	SPC3	0	0	0	1	0	0	2	0	0	0	0	2	5	2	9	2	0	1	0	0	2	0	0	0	3	1	0	0	0	1	0	1	0	0	0	0	0	0	1	1	0	0	0	0	1	2	1	1	0	0	0	0	0	0	0	0	0	1	0	0
C1_13030C_A	C1_13030C_A	0	0	1	0	1	1	0	0	0	0	0	0	0	0	0	0	0	0	0	0	0	2	1	1	0	4.758	0	0	0	2	0	1	0	1.072	1	0	0	1	0	1	0	0	0	0	0	1	0	0	1.721	0	0	0	0	0.996	0	0.99	0	0	1.281	1
C1_13040C_A	C1_13040C_A	0	0	0	0	0	0	0	0	0	0	0	0	0	0	0	0	0	0	0	0	1	2	0	3	2	1	0	1	0	0	0	0	0	0	0	1	0	0	0	0	0	0	0	0	0	0	0	0	0	0	0	2.996	0	0	0	0	0	0	0	0
C1_13050W_A	RPL14	2	2	1	0	0	0	0	0	0	0	0	0	0	0	0	0	0	0	0	0	0	0	0	0	0	0	0	0	0	0	0	0	0	0	0	0	0	1	0	0	0	0	0	0	1	0	0	0	0	0	0	0	0	1	0	0	0	0	0	0
C1_13060C_A	MEF1	0	0	0	0	0	0	2	0	0	0	0	0	0	0	0	0	0	0	0	0	0	0	0	0	1.541	0	0	1	0	0	0	1	0.999	0	0	0	0	0	0	0	0	0	0	0	0	0	0	0	0	0	0	0	0	0	0	0	0	0	0	1.303
C1_13070C_A	FAD3	0	0	0	0	1	0	1	0	0	0	0	0	0	0	0	0.999	0	0	0	0	0	0	0	0	0	1	0	0	1	0	0	1	1	0	0	1	0	0	0	1	0	0	0	0	0	0	0	0	0	0	0	0	0	0	0	0	0	1	0	2
C1_13080W_A	OP4	0	0	0	0	0	0	0	0	0	0	0	0	0	0	0	0	0	0	0	0	0	1	0	0	1	0	0	0	0	0	0	1	0	0	0	0	0	0	0	0	0	0	0	0	1	0	0	0	0	0	0	0	0	0.912	0	0	0	1	0	0
C1_13090W_A	C1_13090W_A	3	1	1	1	1	6	2	6	0	1	4	3	1	4	0	2	1	4	4	1	3	5	3	2	2.762	7	4	3	3	2	1	4	5	1	3	1	1	1	0	5	0	0	1	0	3	1	2	0	4	4.677	8	3	4	3	3	2.931	1	3	4	9
C1_13100W_A	C1_13100W_A	0	0	0	0	0	0	0	1	1	2	1	1	0	0	0	0	0	1	0	1	0	0	0	0	0	0	1	0	0	1	0	0	0	1	0	0	1	0	0	0	0	0	0	0	0	0	3	2	0	0	0	0	2	1	1	0	0	0	0	0
C1_13110C_A	CHS3	0	1	0	1	0	1	0	0	2	0	1	0	0	0	2	3	5	1	2	4	2	1	3	1	1	0	0	2	0.982	3	2	3.929	3.003	2	4	3	0	3	0	0	0	0	0	0	1	2	0	0	1	0	0	2	0	1	6.999	0	2	4.315	0	0
C1_13120C_A	MON2	1	1	0	0	1	2.999	0	5	1	2	1	0	0	0	0	2	1.144	0	1	0	1	0	0	0	1.007	2.29	1	2	1	1	1	0	0	1	0	0	0	0.999	1	0	0	0	1	0	0	0	0	2	1	1.276	0	3.455	6	0	0	1.584	1.069	0	0	0
C1_13130C_A	C1_13130C_A	0	0	0	0	0	0	0	0	1	0	1	0	0	0	1	0	0	1	0	1	0	0	0	0	0	0	1	1	0	0	0	0	1	2	1	0	1	0	0	0	0	0	0	0	0	0	0	0	0	0	0	0	1	0	0	2	0	0	1.301	1
C1_13140C_A	TYE7	0	0	0	0	1	0	1	0	0	0	1	0	0	0	1	1	0	0	0	0	0	0	0	0	0	0	0	0	1.468	1	0	0	0	0	0	1	0	0	0	0	0	0	0	0	0	0	0	0	0	0	0	0	0	0	0	0	0	0	0	0
C1_13150W_A	C1_13150W_A	0	0	0	0	0	0	0	0	0	0	0	0	0	0	0	0	0	0	0	0	0	0	0	0	1	0	0	0	0	0	0	0	0	0	0	0	2	0	0	0	0	0	0	0	0	1	0	0	0	2	0	0	0	0	0	1	0	0	0	0
C1_13160W_A	PSA2	0	0	0	0	0	0	0	1	0	0	0	0	0	0	0	0	0	0	0	0	0	1	1	0	1	0	0	0	1	0	0	1	1	0	0	0	0	0	0	0	0	0	0	0	0	0	1	0	0	0	0	0	2	0	1.001	1	0	1	0	1
C1_13170C_A	MSH6	0	0	0	0	1	0	0	0	0	2	1	0	1	0	0	0	0	0	0.791	0	0	0	0	1	1.617	0	0	0	0	0	1	1	0	1	2	1	0	1	0.951	0	0	0	0	0	0	1	1	1	0	2	0	0	0	0	0	0	0	0	1	1.285
C1_13180W_A	C1_13180W_A	0	0	0	0	0	0	0	0	0	0	0	0	0	0	0	0	0	0	0	0	0	1	0	0	0	0	0	0	0	0	0	0	0	0	0	0	0	0	0	0	0	0	0	0	0	0	0	0	0	0	0	0	0	0	0	0	0	0	0	0
C1_13190W_A	C1_13190W_A	1	2	1	1	0	0	0	0	4	0	0	1	0	0	0	0	3	1	3	0	0	0	0	0	0	1	0	0	0	0	0	0	0	0	0	0	0	0	0	0	0	0	0	0	1	0	0	0	1	0	0	0	1	0	0	1	0	0	2	0
C1_13200C_A	REX3	1	0	1	0	0	0	1	0	0	0	2	0	0	0	0	1	0	0	0	0	0	1.999	0	0.857	0	0	0	4	0	0	0	0	0	0	0	0	0	0	1	0	0	0	0	0	0	0	0	0	0	0	0	0	0	0	0	0	0	0	0	2
C1_13210C_A	C1_13210C_A	0	0	0	1	1	0	1	2	0	0	0	0	1	0	0	0	0	1	1	0	1	0	0	0	0	2	1	3	1	0	1	0	2	1	1	0	1	0	0	2	0	0	0	0	0	0	0	0	0	0	0	2	1	1	1	0	1.917	2	0	0
C1_13220C_A	AKR1	0	0	0	0	1	0	0	0	1.111	1.005	0	1	0	0	0	1	0	0	0	0	0	0	1	1.2	0	0	3	1	0	0	0	1	3	3	4	5	0	0	0	0	1	0	0	0	2	0	0	0	0	0	0	0	0.996	4	0	3	0	0	0	0
C1_13240W_A	C1_13240W_A	1	0	0	1	3	1	1	1	0	1	2	0	0	0	1.001	0	1	1	0	1	2.562	0	1.984	0	1	2	2.005	3.007	1	0	3.644	2	2	1	1	1	2	2	0	0	1	0	0	1	0	1	2	0	0	1	2.695	0	2	0	2	2	3.787	0	1	2
C1_13250W_A	C1_13250W_A	0	0	0	0	0	0	0	0	0	0	1	0	0	0	0	0	0	0	1	0	0	0	0	0	1	0	0	0	0	0	0	0	0	0	0	0	0	0	0	1	0	0	0	0	0	0	0	0	0	0	0	0	1	1	0	0	0	0	0	0
C1_13260W_A	C1_13260W_A	0	0	0	0	0	0	0	0	0.993	0	1	0	0	0	0	0	0	0	0	0	0	0	0	0	0	0	0	0	0	0	1	0	0	0	1	0	0	0	0	0	0	0	0	0	0	0	0	0	0	0	0	0	0	0	0	0	0	0	0	0
C1_13270W_A	C1_13270W_A	0	1	0	0	0	0	0	0	0	0	0	0	0	0	1	0	0	0	0	0	0	2	0.996	0	0	0	0	0	4	4	6	8	0	0	0	0	0	0	0	1	0	0	0	0	0	0	0	0	0	0	1	0	0	0	2	0	0	0	0	1
C1_13280C_A	C1_13280C_A	0	0	0	0	0	0	0	0	0	0	1	0	0	0	1.003	0	0	0	0	0	2	3	0	1	2	6	3	1.49	0	0.999	0	1	0	0	0	1.001	2	4	3	2	0	0	0	0	3	5	2	4	0	0	0	0	2	3	4	5	0	0	1	1
C1_13290W_A	C1_13290W_A	0	0	0	0	0	0	0	1	0	0	0	1	0	1	0	0	0	0	0	0	0	0	0	0	0	1	1	0	0	1.559	0	0	0	0	0	0	0	0	0	0	0	0	0	0	0	0	0	0	1	0	0	0	0	0	0	0	0	0	0	1
C1_13300C_A	RPN1	0	0	0	0	3.384	3	6	2	1.005	0	1	1	2	0	0	1	0.983	1	0	1	0	0	0	0	1	1	1.883	0	3	0	0	1.017	0	0	1	0	0	0	0	0	0	1.452	0	2	4	2	1	2	1	0	0	2	0	0	0	0	1	2	4	1
C1_13310W_A	ECM25	0	1	1	1	1	1	1	0	0	1	0	0	0	0	0	5	1	0	1	0	1.016	0	0	1	0	0	0	0	1	1	0	1	0	0	0	0	1	0	0	0	0	0	0	0	0	0	3	0	0	0	0	1	1	0	0	0	2.205	1.142	0	0
C1_13320C_A	C1_13320C_A	4	0	2	1	1	3	0	0	1	1	1	2.696	8	5	7	2	2	5	1	1	1	2	0	1	0	0	0	1	5	1	0	0	3	3	3	7	1	3	3	1	0	1	0	1	2	1	5	0	0	6	1.738	2	4	1	4	1	6.77	1	5.792	3
C1_13330C_A	C1_13330C_A	0	1	0	0	0	0	0	0	0	0	0	0	0	0	0	0	0	0	0	0	0	0	0	0	0	0	0	0	0	0	0	0	0	0	0	0	0	0	0	0	0	0	0	0	0	0	0	0	0	0	0	0	0	0	0	0	0	1	0	0
C1_13350W_A	STP2	0	0	0	0	4	5	1	2	0	0	0	3	0	0	2	0	0	0	0	0	2	0	2	2	0	0	0	1	0	0	0.997	1.071	0	1	0	0	6	1	7	5	0	0	0	0	1	2	1	1	2.566	0	0	0	3	0	0	3	0	0	0	1
C1_13360C_A	RMP1	0	0	0	0	0	0	0	0	1	0	0	0	0	0	0	0	0	4	0	2	0	0	0	0	1	0	0	1	1	0	1	1	0	0	0	0	0	0	0	0	0	0	0	0	0	0	0	0	2.593	0	0	0	0	0	0	0	0	0	1.415	1
C1_13370W_A	C1_13370W_A	0	0	0	0	0	1.011	0	0	1	0	0	0	0	0	0	0	1	0	1	0	0	0	0	0	0	0	0	0	0	0	0	0	1	0	0	0	0	0	0	0	0	0	0	0	0	0	0	0	0	0	0	0	1	1	1	0	0	1	0	0
C1_13380W_A	CWC26	0	0	0	0	0	0	0	0	0	0	0	0	0	0	0	1	0	0	1	0	2	0	0	0	0	0	0	0	0	0	0	0	0	0	0	0	0	0	0	0	0	0	0	0	0	0	0	0	0	0	0	0	0	0	0	1	0	0	0	0
C1_13390W_A	C1_13390W_A	0	0	0	0	1	1	0	1	1.997	1	0	0	0	2	0	0	2	0	0	1	0	0	1	1	2.001	0	1.001	1	1	0	2.037	0	0	0	1	0	0	0	0	0	0	0	1	1	0	0	0	0.999	0	1.956	0	2	0	0	0	0	2.616	0	1.333	1
C1_13400C_A	AGC1	1	0	3.644	2	0	2	4	1.977	0	0	0	0	0	0	0	0	0	1	0	0	1	1	0	0	3	0	0	1	0	0	2	0	0	0	0	0	1.289	1	0	0	0	0	0	0	1	1	0	0	3.037	1	0	0	1.009	2	0	0	3	0	0	0
C1_13410W_A	COX19	0	0	0	0	0	0	0.999	0	0	1	1	0	2	2	1	2	0	0	0	0	0	0	0	0	0	0	0	0	0	0	0	0	0	0	0	0	0	0	0	0	0	0	0	0	0	0	0	0	0	0	0	0	0	0	0	0	0	0	1	0
C1_13420C_A	KEM1	0	0	1.176	0	0	0	2	1.134	1	1	0	0	0	0	4	1	0	0	1	0	2.038	3	3	0	1.02	1.001	0	0	0	0	1	1	3.984	0	3	3	0	0	1.914	1	0	2	0	0	0	0	0	2	3	1.288	1.618	0	3	2	5	3	2.115	2	2.287	0
C1_13430C_A	C1_13430C_A	0	0	0	0	0	1	0	0.852	1	0	1	0	2	0	1	0	0	0	0	0	0	1	0	0	0	1	2	0	0	1	0	1.975	0	0	0	0	1	0	0	1	0	0	0	0	0	0	0	0	0	0	1.28	0	0	0	1	1	0	0	0	0
C1_13440C_A	OFI1	0	1	0	0	0	1	1	1	0	0	0	1	0	1	0	0	0	0	0	0	0	0	0	0	1	0	0	0	0	0	0	0	0	1	0	2	0	0	0	0	0	0	1	0	0	0	0	0	1	0	1	0	0	1	0	0	1	0	0	0
C1_13450W_A	HYR1	0	0	0	0	1	1	0	0	0	0	0	0	0	0	1	0	0.998	0	0	0	0	0	0	1	0	1	0	0	1	0	0	0	0	0	0	0	0	0	0	0	0	0	0	0	0	1	3	3	0	1	0	0	0	2	0	0	0	0	0	1
C1_13460W_A	C1_13460W_A	1	1.076	1	3	3	3	0	3	1	0	1	0	1	0	3	0	1	0	1	0	1	0	1	0	1	2	2	2	2.012	2	4	3.001	2	4	2	0	5	2	4	5	1.959	0	0	1	2	2	5	0	3	2	2	0	6	4.002	3	1	2.966	5	3	2
C1_13470W_A	KNS1	0	1	0	0	0	0	0	1	0	0	0	0	0	0	0	0	0	0	0	1	0	0	0	1	0	0	0	0	0	0	0	0	0	0	0	0	0	1	0	0	0	0	0	1	1	0	4	0	0	0	0	0	2	9.982	2.001	5.002	0	1	1	1
C1_13480W_A	HSP70	0	0	0	0	0	0	0	0	0	0	1	0	5	6	1	5	0	0	1	0	3.97	0	0	0	0	0	0	0	3	6	1	4	0	3	0	0	4	4	5	2	0	0	0	0	2	6	2	3	1.171	0	0	0	3	5	7	1	1	1	0	0
C1_13490C_A	C1_13490C_A	2.998	0	1	1	1	1	2	0	0	0	1	1	1	0	0	0	1	0	2	2	1	1	1	1	3	4.006	0	0	0	1	3.474	1.106	1	0	0	0	1	0	0	1	0	1	0	0	0	1	1	1.011	0	1.041	2	0	0	3	2.002	1	3.726	3.782	1	1
C1_13500C_A	C1_13500C_A	0	0	0	0	0	1	0	1	0	0	0	0	1	0	0	0	1	1	0	0	0	0	0	0	0	0	0	0	0	0	0	0	0	0	0	0	0	0	0	0	0	0	0	0	0	0	0	0	1	1	0	0	0	0	0	0	0	0	0	0
C1_13510C_A	TGL99	0	0	0	0	2	0	1	1	1	1	0	0	0	0	0	0	0	1	0	0	0	1	0	0	1.998	0	1.108	0	0	1	0	0	1	0	1	0	0	0	0	0	0	0	0	0	1.001	0	0	1	1	0	1.132	1	1	0	0	0	2.23	1.624	1.696	0
C1_13520C_A	MCU1	1	0	0	0	0	1	0	0	0	1	0	0	4	1	1	0	0	0	0	0	0	0	0	0	0	0.854	0	0	1	0	0	1	0	0	0	0	0	0	0	0	0	0	0	0	0	0	0	0	2.149	0	0	0	0	0.991	0	0	0	0	0	0
C1_13530W_A	C1_13530W_A	0	0	0	0	0	0	0	0	0	0	0	0	1	0	0	0	0	0	0	1	0	0	0	0	2	0	0	0	0	1	0	0	0	0	0	0	1	0	0	0.997	0	0	1	0	0	1	0	0	0	0	0	0	3.003	2	1.002	1	0	1	0	0
C1_13540W_A	GUP1	0	0	0	2	1	0	1.001	0	0	0	0	0	0	0	0	1	0	0	2	2	0	0	0	1	1	0	1	1	3	3.307	4	1	0	0	0	0	2	5	3	2	0	0	0	1	1.012	0	0	0	0	1	0	0	0	2.001	2	0	1	0	0	1
C1_13550C_A	NUP49	0	0	0	0	0	0	0	0	1.002	1	0	0	0	0	0	0	0	0	0	0	0	3	1.002	3	0	0	2	1	0	0	1	1	0	0	0	0	0	0	0	0.738	0	0	0	0	1	0	0	0	0	0	0	0	0	1.97	0	0	0	0	0	0
C1_13560W_A	C1_13560W_A	0	0	0	0	0	0	0	0	0	0	0	0	0	0	0	0	4	3	2	4	1	0	0	0	1	0	0	0	0	0	0	1	0	0	0	0	0	1	0	0	0	0	0	0	0	0	0	0	1	0	1	0	0	0	0	0	1.154	0	0	0
C1_13570W_A	MPT5	0	0	1	0	1	1	0	1	0	0	1	0	0	0	0	0	0	0	0	0	1	0	0	0	0	0	0	0	0	0	0	0	0	0	0	0	0	0	1	0	0	0	0	0	0	0	1	0	0	1.712	2	0	0	0	2	0	2	0	1	0
C1_13580W_A	SEC18	0	0	0	0	0	0	1	0	0	1	0	0	0	0	1	0	0.999	2	0	0	1	0	1	0	1	2	1	1.076	0	1	0	1	0	4	0	0	0	0	1	0	1	0	0	0	0	0	0	0	0	0	0	2	1	1	0	1.288	0	0	0	0
C1_13590W_A	C1_13590W_A	0	0	0	0	0	1	0	0	0	0	0	0	2	0	0	1	0	0	0	0	2.909	0	0	0	0	0	0	0	1.79	0	0	1	0	1	0	0	0	0	0	0	0	0	0	0	0	0	0	0	1	0	1	0	2.997	1	2	1	0	0	1	0
C1_13600W_A	C1_13600W_A	0	1	1	0	0	1	1.846	2	0	0	0	0	1	0	1	0	0	1	0	0	0	0	1.604	0	0	0	0	0	1	0	0	0	0	1	1.775	0	0	0	0	0	0	0	0	0	0	0	0	0	0	0	1.667	0	0	0	0	0.946	0	3.504	0	0
C1_13610C_A	KIS2	0	0	0	0	0	0	0	0	0	0	0	0	0	0	0	0	0	0	0	0.974	0	0	0	0	0	1	0	0	0	0	0	1	0	0	0	0	1	0	0	0	0	0	0	0	0	0	0	0	1	1	0	0	1	0	1.131	0	0	0	1	0
C1_13620W_A	ROB1	1.245	1	0	0	4	6	2	1	2	5	1	3	8	7	12	14	5	3	5	1	0	0	3	2	5.393	5.485	4	2	2.011	1	9	7.997	0	0	1	1	3	5	1	2	0	0	0	0	4	7.001	6	6	1	1.31	2	1	1	2	6	4	2	2	0	4.146
C1_13630W_A	CYB2	0	0	0	0	0	0	0	0	0	0	0	0	0	0	0	0	0	2	0	0	0	0	0	0	2	1	0	0	0	1	0	0	0	1	0	0	0	0	0	0	0	0	0	0	2	0	3	1	0	0	1.307	0	2.044	2	4	6.186	0	1	0	1
C1_13640W_A	CUP2	0	0	0	1	0	0	1	1	0	0	1	0	0	1	0	0	0	1	2	0	0	0	0	0	0	1	1	0	0	1	0	0	0	0	0	0	0	1	0	0	0	0	0	0	0	1	0	0	0	0	0	1	0	0	0	0	1	0	0	1.136
C1_13650C_A	C1_13650C_A	0	0	0	0	0	0	1	0	0	0	0	0	2	0	0.999	0	0	1	1	1	0	0	0	0.96	0	0	0	1	0.959	0	0	1	0	0	0	0	0	0	1	0	0	0	0	0	1	1	0	1	2.416	0	3.452	0	2	0	1	1	0	0	2	1.457
C1_13660W_A	RAD54	1	0	2.009	1	0	1	1.122	0	0	0	0	0	0	2	1	0	2.004	0	0	1	0	1	0	0	0	2.02	0	2	0	4	0	1.001	0	0	0	0	0	0	1	1	1.191	1	1.14	0	3	3	1	2	0	2.261	1.088	1	1	0	0	2	1	1	4	0
C1_13670W_A	OSM2	0	0	0	0	0.998	0	0	0	7	3.467	4	2	0	0	0	0	0	0	1.132	0	0	0	0	0	0	0	1	0	0	1.852	0	1	0	1	0	0	2	0	0	0	0	0	0	0	2	1	0	1	1	0	0	0	0	1	0	0	1.147	1	0	0
C1_13680C_A	GCV3	0	0	2	0	0	0	0	0	0	0	0	0	0	0	0	0	0	0	0	0	0	0	0	0	1	1	0	0	0	0	0	0	0	0	0	0	0	2	2	2	0	0	0	0	0	0	0	0	0	0	0	0	0	0	2	0	0	0	0	1.289
C1_13690C_A	C1_13690C_A	0	0	0	0	0	0	0	0	0	1	1	1	0	0	0	0	0	0	0	1	0	0	0	0	0	0	0	0	0	0	0	0	0	0	0	0	0	0	0	0	1	0	0	0	0	0	0	0	0	0	0	0	0	0	1	0	1	0	0	1
C1_13700W_A	ACT1	0	0	0	0	0	0	0	0	0	0	0	0	0	0	0	0	0	0	0	0	0	1	0	0	0	0	0	0	0	0	0	0.822	0	0	0	0	0	0	0	0	1	0	0	0	0	1	3	0	0	0	0	0	2	0	1	2	1	1	0	0
C1_13710C_A	DAD1	1	0	0	1	0	0	0	0	0	0	0	0	0	0	0	0	1	3	3	5	0	0	0	0	1	0.986	0	1	0	0	0	0	0	0	0	0	0	0	0	0	0	0	0	0	0	0	0	0	0	0	0	0	0	0	0	0	0	0	0	0
C1_13720W_A	C1_13720W_A	0	0	0	0	0	0	0	1	1	2	3	2	0	0	0	0	0	2	0	0	2.203	1	1	0	3	0	2	3.001	0	3.951	1	2.016	0	1	0	0	0	0	0	1.356	0	0	0	0	0	1	0	1	0	2	1	1.522	0	0	2.264	0	0	0	0	1.131
C1_13730C_A	DIM1	0	0	0	0	0	0	0	0	0	0	0	0	0	0	0	0	0	0	0	0	0	0	0	0	0	0	0	0	0	0	1	0	0	0	0	1	0	0	0	0	0	0	0	0	0	1	0	0	0	1	0	0	0	1.99	0	0	1	0	0	3.749
C1_13740W_A	KAR9	1	0	1	0	1	2.999	2	0	2	1	0	0	0	0	0	0	1	1	0	2	2.438	2	3	2	0	0	1	0.971	3	1	1.18	0	1	1	0	0	0	1	0	0	0	0	0	0	0	0	0	0	1	1	0	1.15	0	1.169	0	0	0	0	1.358	1
C1_13750C_A	C1_13750C_A	0	0	0	0	0	0	0	0	0	0	0	0	0	1	0	0	0	0	0	0	0	0	0	1	1	0	0	0	1	3	1	4	0.999	0	0	0	0	0	1	0	0	0	0	0	0	0	1	1	1	0	0	1	0	1	0	0	0	0.947	0.947	1
C1_13760W_A	AGM1	0	0	1	0	0	0	1	0	0	0	0	1	0	0	1	0	1	0	0	0	2	2	1	0	0	0	0	2	0	0	0	1.994	0	0	0	0	0	0	0	0	0	0	0	1	1.958	1	0	0	1.4	2.795	0	0	2	0	1.628	2	0	0	0	0
C1_13770C_A	LCL3	0	1	0	0	0	0	0	0	0	0	0	0	0	0	1	0	0	1	0	1	0	0	0	0	0	2	0	2.072	0	0	0	1	0	0	0	0	3	3	1	3	0	0	0	0	1	4	1	2	0	0	0	0	0	0	0	0	2.236	0	0	0
C1_13780W_A	MYO2	0	1	0	0	1	1	0	1	2	2	0	1	3	1.053	0	0	0	0	0	0	0	0	0	0	0	3	1	0	0	0	0	0	1	0	0	1.984	0	0	1	0	0	0	0	0	3	2	1	1	3	0	1.25	1	0	1	3	1	1.187	0	1.134	0
C1_13790C_A	C1_13790C_A	0	0	0	0	0	1	0	0	0	2	0	0	0	0	0	0	1	0	1	0	0	0	0	0	0	0	0	0	0	0	0	0	0	0	0	0	0	0	0	0	0	0	0	0	0	0	0	0	0	0	0	0	0	0	0	0	0	0	0	0
C1_13800C_A	DUR32	0	0	0	0	0	0	0	0	0	0	2.735	1	1	1	0	0	2	0	2	0	0	0	0	0	0	0	0	1	0	0	0	0	0	2	0	0	0	0	0	0	0	0	0	1.096	1	1	1	0	1	1.205	1	1.004	0	1	4	1	2.246	1	0	0
C1_13810W_A	C1_13810W_A	0	1	1	1.003	0	1	0	0	7	8	1	3	2	2	1	4	4	3	3	3	3	2	0	0	0	0	0	0	0	2	2	1	6	5	1	8	10	5	6	3	0	0	0	0	4.84	2.015	5	2	0	0	0	0	7	3.999	6	3	0	1	0	0
C1_13820C_A	C1_13820C_A	0	0	0	0	0	0	0	0	0.981	0	0	0	0	0	0	0	0	0	0	0	0	0	1	0	0	1	1	1	0	0	0	0	0	0	0	1	0	2	0	1	0	0	0	1	0	0	0	0	0	0	0	0	1	0	0	0	0	1	0	0
C1_13830C_A	PDX1	0	0	0	0	0	0	0	0	0	0	0	0	0	0	0	0	0	0	1	0	0	1.004	1	0	0	0	0	1	0	0	0	0	2	0	0	1	0	0	0	0	0	0	0	0	0	0	0	0	0	0	0	0	0	0	0	1	0	0	0	0
C1_13840W_A	C1_13840W_A	0	0	0	0	3	2	2	3	0	0	0	0	1	0	0	1	0	0	0	0	4	4	4	2	0	0	0	1	0	0	1.937	0	0	1	0	1.997	1	0	0.992	1	0	1	0	0	0	0	0	1	0	1	1	0	0	4	0	1	0	0	0	0
C1_13850C_A	DAL7	0	1	0	1	0	0	0	0	1	0	0	0	0	0	1	0	0	0	0	0	0	0	1	2	1	0	0	1.613	0	3	0	0	1.987	0	0	0	0	1.025	0	1	0	0	0	0	0	0	0	0	0	0	0	0	2.499	1	1	0	5	0	1	1
C1_13860C_A	GND1	0	0	0	0	0	1	0	0	1	0	0	0	0.976	0	0	0	0	0	0	0	0	0	0	1	0	0	0	1	0	0	0	0	0	2	3	0	0	0	0	0	0	0	0	0	0	0	0	0	0	0	0	0	0	2	1	0	0	0	0	0
C1_13870W_A	MET3	0	0	0	0	0	1	1	0	0	0	0	0	0	0	0	1	0	1	0	0	0	0	0	0	0	0	1	0	0	0	0	2	1	0	0.998	1	0	0	0	0	0	0	0	0	0	0	0	0	0	0	0	0	1	0	1	0	2	0	0	0
C1_13880C_A	C1_13880C_A	1	0	1	0	0	1	0.999	0	0	0	1	1	0	1	0	1	1.099	1.014	1	0	1	0	1	0	0	0	1	0	2	0	0	0	0	1	0	0	0	0	0	0	0	0	0	0	1	1	0	1	0	0	0	2	3.999	1	2	2	0	0	0	0
C1_13890C_A	tA(AGC)7	0	0	0	0	0	0	0	0	0	0	0	0	0	0	0	0	0	0	0	0	0	0	0	0	0	0	0	0	0	0	0	0	0	0	0	0	0	0	0	0	0	0	0	0	0	0	0	0	0	0	0	0	0	0	0	0	0	0	0	0
C1_13900C_A	LCB2	1	0	0	0	0	1	0	0	0	1	0	0	0	0	0	1	1	0	0	0	0	1	0	0	0	0	0	0	0	0	2	0	1.007	0	0	0	0	1	0	0	0	0	0	0	0	0	1	1	2.632	0	1.38	0	0	0	0	1	0	0	1	2
C1_13910C_A	MODF	0	0	1	0	1	0	1	0	0	0	0	0	0	0	0	0	2	0	0	0	0	1	0	1	1	0	0	0	0	0	0	1	0	1	0	1.03	1	0	1	1	0	0	0	0	0	0	0	0	1	1	0	0	1	1	0	0	0	0	1	2.697
C1_13920W_A	DOS2	0	0	0	0	0	1.768	1	0	0	0	0	0	0	0	0	0	0	0	0	0	2	0	2	0	0	1	1.229	0	0	0	0	0	1	0	0	0	0	0	0	0	0	0	0	0	1	0	0	2	0	0	0	1	0	0	0	0	0	1	0	1.409
C1_13930W_A	SSK1	1	0	0	1	0	0	0	0	0	1	0	0	0	0	0	0	0	0	0	0	0	0	0	0	5	3	2	4	0	1	1	0	0	0	0	2	0	0	0	1	0	1	0	0	0	0	1	0	1	0	0	0	1	0	0	0	0	0	0	0
C1_13940W_A	SIM1	0	0	0	0	0	0	0	0	0	0	1	0	0	0	0	0	0	0	1	0	0	0	0	0	0	0	0	0	0	1	1.015	0	0	0	0	0	0	0	1	0	0	0	0	0	0	0	0	0	0	0	0	0	0	0	0	0	0	1	0	0
C1_13950C_A	ATG12	3	2	2	1	3	2	2	7	1	2	1	1	0	1	0	1	1	2	2	2	1	2	2	2	3	4	3	4	1	2	2	1	0	1	1	3	0	2	0	0	4	0	2	0	1	3	0	0	1	2	5	1	3	1	2	3	3	1.245	3	2
C1_13960W_A	YBP1	0	0	1	0	0.986	0	0	0	0	0	0	0	0	0	1	1	0	0	0.933	0	0	0	0	0	0	0	0	0	0	2	0	2	0	2	1	0	0	0	0	0	0	0	0	0	1	0	0	0	0	1	0	0	0	0	1	0	1.148	0	0	0
C1_13970C_A	HPC2	0	0	0	0	0	0	1	0	1	0	0	0	1	0	0	0	0	0	0	0	0	0	0	1	0	1	0	1	1	1.138	0	0	0	0	1	0	0	0	0	1	0	2	0	0	0	2	2	3	0	0	0	0	0	0	0	0	1	0	2.676	0
C1_13980C_A	DUR7	0	0	0	0	0	0	0	0	0	0.978	1.265	0	1	0	1	0	0	0	0	0	0	0	0	0	0	1	0	2.011	0	0	1	0	0	0	0	1	0	1	0	0	0	0	0	0	0	0	1	0	1.41	0	0	0	0	1	0	0	0	0	0	1
C1_13990W_A	OCA6	0	0	0	2	0	1	0	0	0	0	0	1	1	0	5	7	0	0	0	0	0	0	1	0	0	0	0	0	0	0	0	0	0	0	0	0	0	0	0	0	0	0	0	0	0	1	0	0	1	1	0	1	0	0	0	0	0	0	0	0
C1_14000C_A	DOA4	0	1	0	0	3	2	3.918	8.83	0	0	0	1	0	1	0	1	2	0	1	1	0	0	1	1	0	1	0	1	0	0	1	1	0	0	1	1	1.252	0	1	0	1	0	0	0	1	0	0	1	0	0	0	3.863	0	4	0	0	1	4	1	0
C1_14010W_A	CSK1	0	0	0	0	2	0	0	2	1	0	0	0	0	0	0	0	0	0	0	0	0	1	0	0	0	0	0	0	0	0	1.782	0	0	0	0	0	0	0	0	0	0	0	0	0	0	0	2	0	0	0	0	0	0	0	0	0	0	2	0	0
C1_14020W_A	C1_14020W_A	0	0	0	0	0	2	0	0	0	0	0	1	0	0	0	0	0	0	0	0	0	0	0	0	0	0	0	0	0	0	0	0	0	0	0	0	0	0	0.999	0	0	0	0	0	0	0	0	0	0	0	0	0	0	0	0	0	0	0	0	0
C1_14030W_A	C1_14030W_A	0	0	0	0	0	0	0	0	0	0	0	0	0	0	0	1.637	0	0	0	0	0	0	0	0	1	1	0	0	1	0	0	0	0	0	0	1	0	0	0	0	0	0	0	0	0	0	2	0	0	0	0	1	0	0	0	0	1	0	0	0
C1_14040W_A	C1_14040W_A	1	2	0	1.04	1.005	1	2	2	0	1	0	3	1	0	2	0	1	1	0	0	2	1.002	1	1	0	0	1	0	2	1	0	0	0	0	0.79	0	1	1	1	0	0	0	0	0	0	1	0	1.44	1.804	1	4	0	3	2	1	1	2	2	2	3
C1_14050C_A	C1_14050C_A	0	0	1.129	0	2.087	1.052	3.104	2	1	0	0	2	2	0	1.982	0	1	0.999	1	1	1.002	0	0	1	2	0	0.983	2	6.351	1	1.901	4.02	1	2	1	0	0	0	1	1	0	1	0	0	1.003	0	0	0	1.065	2	1.178	1	2	1	2.757	3.101	3.639	2.775	1	1.134
C1_14060W_A	C1_14060W_A	0	0	0	0	1	1	0	0	0	0	0	0	0	1	0	0	0	0	0	0	0	0	0	1	0	0	0	0	0	0	0	0	0	0	0	1	0	0	0	0	0	0	0	0	0	0	0	0.994	0	0	1	0	0	0	0	0	0	3	0	0
C1_14080W_A	UTP10	0	0	0	1.209	0	0	0	1.034	0	1	0	0	0	0	3	1.095	0	0	0.854	0	0	0	1	0	1	0	1.995	2	0	1	1	1	0	0	1	0	2.002	1	1	1.083	0	0	0	0	0	0	1	0	0	0	2	0	0	2	3.851	2	0	0	0	1
C1_14090W_A	C1_14090W_A	0	0	0	0	0	0	0	0	0	0	1	0	0	1	0	0	0	0	0	0	1	0	0	0	0	0	0	0	0	0	0	0	0	0	0	1	1	0	0	0	0	0	0	0	0	0	0	0	1	0	0	0	0	0	0	0	0.937	0	0	0
C1_14100W_A	YPT52	0	0	0	0	0	0	0	0	0	0	0	0	0	0	1	1	0	0	0	0	0	1	0	0	0	0	1	0	0	0	0	0	0	0	1	0	1	0	1	1	0	0	0	0	2	1	1	4	0	0	0	0	0	0	0	0	0	0	0	0
C1_14110C_A	RPL4B	1	0	0	0	4	1	2	4	0	0	0	0	2	0	0	0	1	2	2	2	0	0	0	0	0	0	0	0	0	0	0	0	0	0	0	0	0	0	0	0	0	0	0	0	0	0	0	0	0	0	0	0	0	0	0	0	1	0	0	0
C1_14120C_A	RBE1	0	0	0	0	0	0	0	0	0	0	0	0	0	0	0	0	0	0	0	1	0	1	0	1	2	0	0	0	0	0	0	0	0	0	1	0	0	0	0	0	0	0	0	0	0	0	0	0	0	0	0	0	0	0	0	0	0	0	0	0
C1_14130W_A	FTR1	0	0	0	0	0	0	2	0	0	0	0	0	0	0	0	0	0	0	0	0	0	0	0	0	1	1	0	0	0	0	0	0	0	0	0	0	0	0	0	0	0	0	0	0	0	0	0	0	0	0	0	0	1	0	0	0	0	0	0	0
C1_14140C_A	SET3	0	0	0	1	0	1	0	0	0	0	2	0	0	2	0	1	0	0	1	0	0	0	0	1	0	2	1	1	0	1	0	0	5	5	7	8.876	0	0	0	0	0	0	0	0	1	1	2	0	0	1	0	1	2	2	1	4	3.863	0	0	0
C1_14150C_A	PAM16	0	1	0	1	0.908	0	0	0	0	0	0	0	2	0	0	3	0	0	0	0	0	0	0	0	0	0	0	0	0	0	0	0	0	0	0	0	0	0	0	0	0	0	0	0	3	1	1	1	1	0	0	0	0	0	0	0	0	0	1	0
C1_14160W_A	C1_14160W_A	0	0	2	0	0	1	1	0	1	0	0	1	1	0	1	0	1	1	1	0	0	0	0	2	0	1	0	1	1	0	0	1	1	0	0	0	0	0	0	0	0	0	0	0	1	0	0	1	0	0	0	0	0	0	0	0	0	0	0	1.29
C1_14170W_A	C1_14170W_A	0	1	0	0	0	0	0	0	7	8	3	4	0	0	0	0	0	1	0	0	0	0	0	1	0	0	0	0	0	0	0	1	1.999	2	0	0	0	0	0	0	0	1	0	0	0	0	0	0	1	1	1	1	1	0	4	0	2.516	1	1	0
C1_14180W_A	C1_14180W_A	0	0	0	0	0	0	0	2.004	0	0	0	2	0	0	0	0	0	1	0	2.841	0	0	0	0	0	2	0	0	1	0	0	0	1	0	1	1	0	0	0	0	0	1	0	0	1	0	0	0	2	2	2	1	2.008	0	3	1	2.734	0	0	0
C1_14190C_A	YPI1	0	0	0	0	0	0	0	0	0	0	0	0	0	0	0	0	0	0	0	0	0	0	1	0	0	2	1	0	5	3	6	5	0	0	0	0	1	2	1	4	0	1	0	0	0	0	0	0	0	1	0	0	0	0	0	0	0	1	0	0
C1_14200W_A	C1_14200W_A	0	0	0	0	0	0	0	0	0	1	0	0	0	0	0	0	0	0	0	0	0	0	0	0	0	0	0	0	0	0	0	1	0	0	0	1.001	0	0	1	0	0	0	0	0	0	0	1	1	0	0	0	0	2.014	4.013	1	5	1.595	1	0	0
C1_14210C_A	IML2	0	0	0.898	1	1	0	0	1.327	1	2	0	1	0	0	1	0	1	0	1	1	4	2	0	0	2	0	0	0	1.001	1.449	0	1	0	0	1	0	0	1	0	0	0	0	0	0	1	0	1	0	0	1	1	3.673	4	0	2	0	0	0	2.349	4.05
C1_14220C_A	FTR2	1	0	0	0	0	0	0	0	3	0	3	0	1	1	0	0	1	0	0	0	1	0	0	1	0	0	0	2	0	0	0	0	0	0	1	0	0	0	0	0	0	0	0	0	4	0	1	3	0	0	1	0	1	0	0	1	2	1	0	0
C1_14230C_A	IRR1	0	0	0	1	0	2.383	1.094	0	0	0	0	0	0	3	0	1	1	0	0	0	0	0	2	0	1	0	1.995	0	0	0	0	2	0	1	0	0	0	0	0	0	0	0	0	0	1	0	0	1.113	0	0	0	1	0	0	0	0	3.415	0	0	4.315
C1_14240W_A	C1_14240W_A	0	0	0	0	0	0	0	3.33	0	0	0	0	0	0	0	0	0	0	0	0	0	0	0	0	0	0	1.996	0	1	0	0	1	1	0	0	0	0	0	0	0	0	0	0	0	0	0	1	1	0	1	0	0	0	0	0	0	0	0	0	0
C1_14250C_A	C1_14250C_A	4	3	1	0	4	0	2	4	3.512	1	1.977	1	1	0	1	0	4.2	4.379	2	3	2	1	2.064	0	3	0	4.354	2	5	3	2	3	4	5.033	2	7	0	1	0	1	0	0	0	0	2.164	3	1	1	3.285	5	0	0	2	4	5	5.173	3	1	4	4.726
C1_14260C_A	TIF35	0	0	0	0	0	0	0	0	0	0	0	0	1	2	1	0	0	0	0	0	2	1	3.002	3	0	0	0	0	0	1	0	0	0	0	0	0	0	0	0	0	0	0	0	0	0	0	0	0	0	2	0	0	0	1	0	1	0.731	0	0	0
C1_14270W_A	BNA7	0	0	0	0	0	0	0	0	0	1	0	0	0	0	1	0	1	0	0	0	0	0	0	0	0	1	0	0	0	0	0	0	0	0	0	0	0	0	0	0	0	0	0	0	0	0	0	0	0	0	0	0	0	0	0	0	0	1	0	1
C1_14280C_A	NPL3	0	0	0	1	0	0	0	0	0	0	0	0	0	0	0	0	4	4	3	0	1	0	1	2	0	0	0	0	0	1	0	0	0	0	0	0	0	0	0	0	0	0	0	0	0	0	1	0	0	1	0	0	0	0	0	0	1	0	1	0
C1_14290C_A	MDG1	0	0	0	0	0	1	1	0	6	4	6	8	7	6	5	7	7	4	6	3	3	2	6	2	0	0	0	0	3	3	1	2	2	2	2	3	5	1	3	1	0	0	0	0	0	0	0	0	0	0	0	1	2	6	2	5	0	0	0	1.159
C1_14300C_A	NCR1	0	0	0	0	0	0	3.011	0	1.067	0	0	0	1	0	0	0	1	0	1	0	0	1.3	1	0	3	1	0	1	1.17	0	0	0	0	0	1	0	0	0	0	0	0	0	0	0	0	1	0	1	0	0	1.286	0	1	0	1	0.999	1	0	2	0
C1_14310W_A	C1_14310W_A	0	0	0	0	0	0	0	0	0	1	0	0	0	0	0	0	0	0	0	0	0	0	0	0	1	2	1	2	1	0	0	1	0	0	0	0	0	0	0	0	0	0	0	0	0	0	0	0	1.041	1	1	0	3	1	1	2	0	0	1	0
C1_14320C_A	C1_14320C_A	0	1	0	0	2	1	2	2	0	1	0	0	0	0	0	0	0	0	0	1	1	1	6	1	0	1	0	0	0	0	0	0	0	0.999	0	0	0	0	0	1	0	0	0	0	0	0	0	0	1	0	0	0	0	0	1	0	0	0	0	0
C1_14330W_A	C1_14330W_A	1	0	2	0	0	0	0	1	0	0	0	0	0	0	0	0	0	0	0	0	0	0	0	0	0	1	0	0	0	0	0	0	1	0	0	0	1	0	0	0	1	0	0	0	0	0	1	0	0	0	0	0	0	0	0	0	0	0	0	0
C1_14340C_A	RIM101	0	0	0	0	0.959	1	2.03	3	0	0	1	0	0	0	0	1	3	2	4	3	0	0	0	0	2	3	1	1	0	1	1	0	0	0	0	0	1	0	0	0	0	0	0	0	0	0	1	0	1	0	0	0	3	4	3	7	0	0	0	0
C1_14350W_A	YPI2	0	0	0	0	0	3	3	0	0	0	0	0	0	2	2	4	1	0	0	0	0	0	0	0	0	0	0	0	0	0	0	0	0	0	0	0	0	0	0	1	0	0	0	0	0	1	0	0	0	0	0	0	0	1	0	0	0	0	1	0
C1_14360C_A	WSC4	0	0	0	0	0	0	0	0	0	0	0	0	0	0	0	0	0	0	0	0	0	1	0	0	0	0	0	0	0	0	0	0	0	0	0	0	0	0	0	1	0	1	0	0	0	1	0	0	1	1.008	0	1	0	0	1	0	0	0	0	1.536
C1_14370W_A	C1_14370W_A	3	2	2	3	3.057	1	2	5	0	3	4	4	0	1	1	4	1	7	4	4.008	3	3	6	3	10.985	3.923	8	2	1.864	2.017	5	3	4	4.993	2	3	2	2	3	2	0	0	1	1	1	2	1	1	4.961	5	3	2.93	6	5	2.997	6.85	8.689	8.979	7.925	8
C1_14380C_A	C1_14380C_A	1	0	0	0	1	1	1	0	0	0	0	1	1	0.993	0	0	0	0	1	2	0	0	0	0	0	0	0	0	0	0	0	0	0	0	0	1	0	0	0	1	0	0	0	0	0	0	0	0	0	0	0	0	0	0	1	0	0	0	0	0
C1_14390W_A	RPC10	2	1	1	4	0	0	0	0	0	0	0	0	0	0	0	0	0	2	0	1	0	2	2	2	0	0	0	0	0	1	0	0	0	0	0	0	0	0	0	0	0	0	0	0	0	0	0	0	0	0	0	0	0	0	0	0	0	0	0	0
C1_14400C_A	MLH3	1	1	0	1	1	1	0	3	2	1	1	0	0	1	1	0	0	0	2	0	0.998	2	0	1	2	0	0	0	1	0	0	0	1	1	0	0	2	0	1	0	0	0	0	0	3	0	0	1	0	2.879	0	0	0	3	1	0	0	0	0	0
C1_14410W_A	C1_14410W_A	0	0	0	0	0	0	1	0	5	7	4	5	0	0	0	0	0	0	0	0	1	0	2	2	4	7	2	3	3	3	2	3	10	7	5	6	1	1	2	1	0	0	0	0	3	1	2	0	0	0	0	0	4	5	4	0	0	0	0	0
C1_14420W_A	DDI1	0	0	0	0	0	0	0	0	1	0	0	0	0	0	0	0	1	3	0	1.556	0	0	0	0	1	1	0	2	0	0	0	0	0	0	0	0	0	0	0	0	0	0	0	0	0	0	0	0	0	1	0	0	2	1	1	1	1	0	0	0
C1_14430C_A	C1_14430C_A	0	0	0	0	0	0	0	0	0	0	0	0	1	0	1	0	0	0	0	0	0	0	0	1	0	0	0	0	0	0	0	0	0	0	0	0	0	0	1	1	0	0	0	0	0	0	0	0	2	0	0	0	0	0	0	1.483	0	0	2	0
C1_14440C_A	GDI1	0	0	0	0	0	0	1.001	0	0	0	0	0	0	0	0	0	0	0	0	0	0	0	0	0	3	1	0	1	0	0	0	0	0	0	0	0	1	0	0	0	1	0	0	0	0	0	0	1	0	0	0	0	0	1	2	0	2	1.833	1	0
C1_14450C_A	C1_14450C_A	0	1	0	0	2	0	0	0	0	0.996	0	0	0	0	0	0	0	0	0	0	0	1	0	0	0	1	0	1	1	0	0	1	0	0	0	0	0	0	0	0	0	0	0	0	1	0	0	0	1	1	0	0	4	2	1	2	0	0	0	1
C1_14460W_A	C1_14460W_A	0	0	0	0	0	0	1	0	0	0	0	0	0	1	0	0	3	2	3	1	0	0	0	0	0	0	0	0	1	0	0	0	0	0	0	0	0	0	0	0	0	0	0	0	1	0	2	2	1	1	0	0	1	0	1	0	0	0	0	0
C1_14470W_A	C1_14470W_A	0	0	0	0	1	0	0	0	0	0	0	0	0	0	0	0.998	0	0	0	0	0	0	0	1	0	1	0	0	0	0	0	0	1	0	0	0	0	0	0	0	0	0	0	0	2	0	0	0	0	0	0	1	0	0	0	0	1.632	0	0	0
C1_14480W_A	C1_14480W_A	0	0	0	0	1	2	1	0	0	0	0	0	0	0	0	0	0	1	1	2	0	0	0	0	0	0	0	0	0	1	0	0	0	0	0	0	0	0	0	0	0	0	0	0	1	1	1	0	0	0	0	1	0	1	2	0.979	0	0	0	0
C1_14490C_A	SAM35	0	0	0	0	0	1	0	0	0	0	0	0	2	0	4	2	0	2	1	0	0	1	1	0	0	1	0	0	0	0	0	0	4	3	1	1	1	1	2	0	0	0	0	0	0	0	0	0	0	0	0	0	1	1	0	0	1.7	1	1	0
C1_14500C_A	C1_14500C_A	0	0	0	0	0	0	0	0	5	3	1	5	0	1	0	0	0	0	0	0	0	0	0	0	0	0	0	1	1	1	0	0	0	0	0	0	4	1	1	1	0	0	0	0	1	1	2	0	1	0	0	0	0	0	0	0	0	1	0	0
C1_14520W_A	C1_14520W_A	0	0	0	0	0	0	0	1	1	0	0	0	0	0	0	0	1	4	6	2	0	0	1	0	0	0	0	0	1	0	0	0	1	1	0	0	0	0	0	0	0	0	0	0	0	0	0	0	0	0	0	0	0	0	0	0	0	0	0	0
C1_14530W_A	C1_14530W_A	0	0	0	0	0	0	0	0	4	5	6	3	1	0	0	0	1	2	5	2	1	7	4.361	2.712	1	1	0	3	2	2	0	1	0	0	0	0	1	0	0	0	0	0	0	0	5	1	2.001	4	0	0	0	0	0	0	0	0	0	0	1	1
C1_14550C_A	C1_14550C_A	0	0	0	0	0	0	0	0	0	0	0	0	0	0	0	0	0	0	0	0	0	0	0	0	0	0	1	0	0	0	0	0	0	0	0	0	0	0	0	0	0	0	0	0	0	0	0	0	0	0	0	0	0	0	0	0	0	0	0	0
C1_14560C_A	C1_14560C_A	0	0	0	0	1	3	4	1	0	0	0	0	0	0	0	0	1.753	0	0	0	0	0	0	1	0.999	0	0	0	0	0	0	1	0	0	0	0	0	0	0	0	0	0	0	1	0	0	0	0	0	0	0	0	0	0	0	0	0	0	1	0
C1_14570C_A	FGR24	0	0	0	1	0	0	0	0	0	0	0	1	0	0	0	0	0	0	0	0	0	0	0	0	0	0	0	0	0	1	0	0	1	0	0	0	0	0	0	0	0	0	0	0	0	0	0	0	0	0	1	0	0	0	0	0	0	0	0	0
C1_14580C_A	C1_14580C_A	0	0	0	0	0	0	0	0	0	0	0	0	0	0	0	0	0	0	0	0	0	1	0	0	0	0	0	0	0	0	0	0	0	0	0	0	0	1	1	0	0	0	0	0	0	0	0.988	0	1	0	1	0	0	0	0	0	0	0	0	0
C1_14590C_A	TLO4	2	2	2	0	0	0	0	0	0	0	0	0	2	4	1	0	0	0	0	0	0	0	0	0	0	0	0	0	0	0	0	0	0	0	0	0	0	0	0	0	0	0	0	0	0.997	0	0	1	0	0	0	0	0	0	0	0	0	0	0	0
C1_14630C_A	C1_14630C_A	0	0	0	0	0	0	0	0	0	0	0	0	0	0	0	0	0	0	0	0	0	0	0	0	0	0	0	0	0	0	0	0	6.064	4	9.489	8.117	0	0	0	3.119	0	0	0	0	1.272	2.454	2.433	1.145	0	0	0	0	1.407	1.606	0	0	0	0	0	0
C2_00010W_A	TLO5	0	0	0	0	0	2	0	1	0	0	0	0	0	0	0	0	0	0	0	0	0	0	0	0	0	0	0	0	0	0	0	0	0	0	0	0	0	0	0	0	0	0	0	0	0	0	0	0	0	0	0	0	0	0	0	0	0	0	0	0
C2_00030W_A	RRN3	0	0	0	0	0	0	0	2	0	1	1	0	0	0	0	0	0	0	0	0	0	0	0	0	0	1	1	1	0	1	0	0	1	0	0	1	0	1	1	1	0	0	0	0	0	0	0	0	0	1	1.425	1.301	0	0	0	0	1	0	2.849	1.168
C2_00040C_A	tV(CAC)1	0	0	0	0	0	0	0	0	0	0	0	0	0	0	0	0	0	0	0	0	0	0	0	0	0	0	0	0	0	0	0	0	0	0	0	0	0	0	0	0	0	0	0	0	0	0	0	0	0	0	0	0	2	0	0	1	0	0	0	0
C2_00050C_A	C2_00050C_A	0	0	0	0	1	1	0	0	0	0	0	0	0	0	1	0	1	0	0	0	0	0	0	1	0	0	0	0	0	0	0	0	0	0	0	0	1	0	0	0	0	0	0	0	0	0	0	1	0	0	0	0	0	0	0	0	1	0	0	0
C2_00060C_A	C2_00060C_A	0	0	1	0	0	0	0	0	0	0	0	1	0	0	0	0	0	0	0	0	0	0	0	1	0	0	1	0	0.967	0	0	0	1	0	0	0	0	0	0	0	0	0	0	0	0	0	0	0	0	0	0	1	3	5	3	1	1	0	0	1
C2_00070C_A	MPP10	2	1	2	3.922	8	4	10	5.999	0	2	1	3	1	1	2	0.991	4	2.997	0	0	2	1	2	1	4	2	1	6	1	1	3	6	3	1	0	0	2	1	1	1	0	0	1	0	4	1	2	3	1	4	2	2	0	2	1	2	6	2	2	3
C2_00080C_A	FAV3	1	0	0	0	0	0	1	0	0	0	0	0	1	0	0	0	1	0	0	0	1	0	0	0	0	0	0	0	0	0	1	1	0	0	1	0	0	0	1	0	0	0	0	0	0	0	0	0	0	1	1	0	0	1	2	0	0	0	0	0
C2_00090W_A	C2_00090W_A	0	0	0	0	0	0	1	1	0	0	0	0	0	0	0	0	0	0	0	0	1	0	1	0	0	0	0	0	0	0	0	0	0	0	0	0	0	0	0	0	0	0	0	0	0	0	1	0	0	0	0	0	0	0	0	0	0	0	0	0
C2_00100C_A	PGA52	0	0	0	0	4	2	1	1	4	5	6	4	0	0	0	0	0	0	0	0	4	7	2	3	0	0	0	0	0	0	0	0	2	4	6	4	0	0	0	0	0	0	0	0	2	2	1	0	0	0	0	1	2	1	0	0	0	1	2	0
C2_00110W_A	C2_00110W_A	0	0	0	0	0	0	0	0	1	0	0	0	0	0	0	0	0	0	0	1	0	0	0	0	0	0	0	0	0	0	0	0	0	1	0	0	0	0	0	0	0	0	0	0	0	0	0	0	0	0	0	0	1	0	0	0	0	0	0	0
C2_00120C_A	EMC9	0	0	0	0	1	0	0	1	0	0	1	0	0	0	0	1	0	0	0	0	0	0	0	1	2	1	2	2	3.107	1	2	0	1	0	0	1.999	1	0	0	0	0	0	0	0	2	0	0	0	0	1	2	1	0	1	0	1.038	0	1	0	1.69
C2_00130W_A	C2_00130W_A	3.7	3.923	0.984	2.992	4.821	2.968	6.359	2.981	3.695	0	1.177	1	3	2	1	3.995	1.972	1	3.44	2.973	6.696	4.435	1.951	3.987	5.933	3.998	7.843	5.989	6.998	3.992	4.764	3	2.969	3.96	3.797	2	3.988	3.085	2.164	2.099	2	1	1	3	2.997	0	4.785	0.867	7	11	7	2	5.892	4.484	5.457	3.572	8	9	8	10
C2_00140W_A	NDT80	1	0	0	0	1	1	0	0	0	0	0	0	0	0	0	0	1	0	0	0	1	0	0	0	0	0	0	1	4	1	1	0	0	0	0	0	0	0	0	0	0	0	0	0	1	0	0	0	2	0	1	0	1	0	0	0	1	1	0	0
C2_00150W_A	LEU5	0	0	0	0	0	0	0	2	0.981	1	0	0	0	0	0	0	0	0	1	1	2	3	1	1	0	0	0	0	0	0	0	0	0	0	0	1	0	0	0	0	0	0	0	0	3	0	0	1	0	0	1	0	0	0.977	0	0	1	1	1.884	1
C2_00160C_A	NAT2	0	0	0	0	0	0	0	0	0	0	0	0.995	0	0	0	0	0	0	0	0	0	0	0	0	0	0	0	0	0	3	2	1	0	0	0	0	0	0	0	0	1	0	0	0	3	0	1	2	0	0	0	0	0	0	0	0	0	0	0	0
C2_00170C_A	HMA1	0	0	0	0	2	2	0	2	0	0	0	0	0	0	0	0	0	0	0	0	0	0	0	0	0	0	0	1	0	1	0	0	0	0	0	0	0	0	1	0	0	0	0	0	0	1	0	0	0	0	0	0	1	0	0	0	0	0	0	0
C2_00180C_A	C2_00180C_A	0	0	0	0	0	0	0	0	0	0	0	0	0	0	0	0	0	0	0	0	0	0	0	0	0	0	0	0	0	0	0	0	0	0	1	0	0	0	0	0	0	0	0	0	0	0	0	0	0	0	0	0	1	0	0	0.996	0	0	0	0
C2_00190C_A	C2_00190C_A	0	0	0	0	1	0	1	0	0	0	1	0	0	0	0	0	0	0	0.793	0	0	0	0	0	0	1	0	0	2	0	0	1	1	0	0	0	0	0	0	1	0	0	0	1	0	0	0	0	0	1	0	0	0	0	0	0	0	0	1	0
C2_00200W_A	C2_00200W_A	0	1	0	0	0	0	0	0	0	1	0	0	0	0	0	0	1	0	0	0	2	0	0	0	0	0	0	0	0	0	1.001	0.943	1	0	0	0	1	0	0	0	0	0	0	2	0	0	0	0	0	0	0	0	0	0	0	0	2	0	0	0
C2_00210W_A	RPL38	0	0	0	0	6	6	3	6	1	0	0	0	0	0	0	0	1	2	2	1	0	0	0	0	0	0	0	0	0	0	0	0	0	0	0	0	3	2	1	2	0	0	0	0	1	1	0	1	0	0	0	0	2	0	0	0	0	0	0	0
C2_00220C_A	C2_00220C_A	0	0	0	0	0	0	0	0	0	0	0	0	0	0	0	0	0	0	0	0	0	0	0	0	1	0	0	0	0	0	0	1	0	0	0	0	0	0	0	0	0	0	1	0	0	0	0	0	0	1	0	0	1	1	0	0	0	1	0	1
C2_00230W_A	C2_00230W_A	0	0	1	0	0	0	0	0	0	0	0	1	0	0	1	0	1	1	0	0	0	0	0	0	1	0	1	0	1	0	0	0	0	1	0	0	1	0	0	0	0	0	0	0	0	0	0	0	0	2.002	0	1	0	0	1	0	0	0	0	0
C2_00240C_A	SOD6	0	1	0	0	0	0	0	2	0	1	0	0	0	0	1	0	1	2	0	0	0	1	1	0	2	2	2	0	0	0	1	0	1	1	0	1	0	0	1	1	0	0	0	0	0	1	0	0	1	0	0	0	0	1	0	1	1	0	1	0
C2_00250W_A	STF2	11	19	16	16	22	21	22	22	34	31	34	30	33	29	44	26	30	19	12	14	15	23	24	21	10	9	13	19	18	22	21	13	7	5	8	10	30	36	35	27	0	0	0	0	18	29	29	20	0	0	0	0	17	20	21	23	0	0	0	0
C2_00260C_A	MUQ1	2	2	2	2	0	0	0	0	0	0	1	0	0	0	0	0	0	0	0	0	0	0	0	1	0	1	1	0	1	0	1	0	0	1	0	0	0	0	0	0	0	0	0	0	0	0	0	0	0	0	1	0	0	0	0	0	0	0	1.452	0
C2_00270C_A	C2_00270C_A	0	0	0	0	0	0	0	1	0	0	0	0	0	0	0	0	0	0	0	1	0	0	0	1	0	0	2	0	0	0	0	0	0	0	0	0	0	0	0	0	0	0	0	0	0	0	0	0	0	1	0	0	1	1	0	0	0	0	1	0
C2_00280C_A	CWC24	0	0	0	0	0	0	0	0	0	0	0	0	0	0	0	0	0	0	0	0	0	0	0	0	1	0	0	0	0	0	0	0	0	0	0	0	0	0	0	0	0	0	0	0	0	0	1	0	0	0	0	0	0	0	0	0	0	1	1	0
C2_00290W_A	C2_00290W_A	0	0	0	0	0	0	0	0	0	0	0	2	0	0	0	0	0	0	0	0	0	1	0	0	0	0	0	0	0	0	0	0	0	0	0	0	0	0	0	0	0	0	0	0	0	0	0	0	1	1	0	0	0	0	0	0	0	0	0	0
C2_00300C_A	CKB1	0	0	1	0	0	0	0	0	1	1	0	0	4	3	2	3	0	0	0	0	0	0	0	0	1	0	1	0	0	0	0	0	0	0	0	0	0	0	0	0	0	0	0	0	0	0	0	0	0	0	0	2	0	0	0	0	0	0	1.635	0
C2_00310W_A	C2_00310W_A	0	0	0	0	0	0	0	0	0	0	0	0	0	0	0	0	0	0	0	0	0	0	0	0	0	0	0	0	0	0	1	0	0	0	0	0	0	0	0	0	0	0	0	0	0	0	0	0	1.904	0	1	0	0	0	0	0	0	0	0	0
C2_00320W_A	GET1	2	1	2	1	0	0	0	1	0	0	0	0	0	0	0	0	0	0	0	0	0	0	0	0	0	0	0	0	0	0	0	0	0	0	0	0	0	0	0	0	0	0	0	0	0	0	0	0	1	0	0	0	1	0	0	0	0	0	0	0
C2_00330C_A	HIR1	1	1	0	0	0	0.962	1	0	1	2	0	1	4	2	2.813	2	1	0	0	1	0	1	0	3	4.001	2	0	0	0	3	0	1.002	2.003	0	0	0	0	0	0	0	0	0	0	0	0	0	0	0	0	1	0	0	3	4	3	3	0	1.307	1	0
C2_00340C_A	ARO8	0	0	0	0	0	0	1	0	0	0	0	0	1	1	0	0	0	0	0	0	0	0	0	0	0	0	0	0	0	1	3	1	0	0	0	0	0	0	0	0	0	0	1	0	0	0	0	0	0	0	0	0	0	0	0	0	1	0	1	0
C2_00350W_A	RAD5	0	0	0	0	2.238	3.659	0	2	0	0	0	0	0	0	0	0	0	0	0	0	2	1	0	3	1	2.12	1	0	1	0	0	0	0	0	0	0	0	0	1	0	0	0	1	0	1	1	0	0	1.671	2	2	2.336	1.523	1.009	0	0	0	1	0	0
C2_00360C_A	C2_00360C_A	1	0	0	0	0	0	0	1	1	1	0	0	0	0	0	1	1	0	0	0	0	0	0	0	1	0	0	0	1	2.991	0	2	0	1	0	0	0	0	0	1	0	0	0	0	1	0	0	0	0	0	0	0	0	1	0	1	3.836	0	0	1
C2_00370W_A	PDR6	0	0	0	1	0	0	1	2.052	0	0	1	2	0	0	0	0	2	0	0	0	1	1	0	1	2	1.694	0	0	0	0	2	0	1	4	3	2	0	0	0	0	0	0	0	0	0	0	1	0	0	4	0	1.274	2.039	1	0	2	0	1.558	1.015	2.536
C2_00380C_A	RFA1	0	0	0	0	0	0	1	0	0	0	0	0	0	0	0	0	0	0	1	1	0	1	0	0	0	0	0	0	1	1	3	0	0	0	2	0	0	0	0	0	0	0	0	0	0	0	0	0	0	0	0	1	2	1	0	1	1	0	0	0
C2_00390C_A	C2_00390C_A	0	1	0	0	0	1	0	0	0	0	0	0	0	0.994	0	0	0	0	0	0	0	0	0	0	2	6	0	2	0	1	0	3	1	1	0	0	0	0	0	0	1	0	0	0	0	0	0	0	1.888	1	0	0	0	1	0	0	0	0	1	0
C2_00400C_A	C2_00400C_A	0	0	0	0	0	0	0	0	0	0	0	1	0	0	0	0	2	2	4	4	0.999	0	1	2	0	0	0	0	0	0	1	0	0	0	1	0	0	0	0	0	0	0	0	0	0	0	0	0	0	0	0	0	0	0	0	1	0	0	0	0
C2_00410C_A	C2_00410C_A	1	0	1	0	0	5	2	2.009	0	0	1.005	0	1	0	0	0	6	4	4	10	4	6	1.999	4	0	0	2.139	4.443	0.988	0	0	0	0	0	2	1	0	1	1	0	0	0	0	1	0	0	0	0	0	2	2.206	2	2	0	0	0	2	5.552	2	2
C2_00420W_A	C2_00420W_A	0	1	0	0	0	0	0	1	2	1	4	3	5	3	1	0	0	0	0	0	1	0	2	1	0	0	0	0	2	1	1	1	0	0	0	0	0	0	0	0	0	0	1	0	0	2	0	2	1	1	0	0	0	1	0	0	0	0	0	0
C2_00430C_A	DPB4	0	0	0	0	0	0	0	0	0	0	0	0	0	0	0	0	0	0	0	0	5	1	1	2	0	0	0	0	0	0	0	0	0	0	0	0	0	0	0	0	0	0	0	0	0	0	0	0	0	0	0	0	0	0	0	0	0	1	1	0
C2_00440W_A	SAS2	1	0	0	0	0	1	0	1	1	0	0	0.998	0	0	0	0	0	2	1	0	1	0	1	0	2	1	0	0	0	0	0	0	1	0	0	1	4	2	4	4	0	0	0	0	1	1	0	1	1	0	1.513	1	1	2	0	0	0	0	0	0
C2_00450C_A	CDH1	1	0	0	0	0	1	0.999	0	0	2.001	1	2	0	6.945	1	3	0	0	1	0	2	2	1	1	2	1	0	0	0	0	0	0	0	0	1	1	0	0	0	0	0	0	0	0	2	1	0	3	0	0	2	0	0	0	0	0	1	2.893	0	0
C2_00460W_A	SAP30	0	0	1	0	0	0	1	0	0	0	0	0	0	0	0	1	0	0	0	0	0	1	0	1	0	0	0	0	0	0	0	0	0	0	0	0	0	0	0	0	0	0	0	0	0	0	0	0	0	0	1	0	1	0	0	0	0	0	0	1.744
C2_00470W_A	POM152	0	0	0	1	0	2.004	2.012	0	0	0	0	1	1.054	1	1	1	1	2	0	0	0	0	0	0	0	1	1	3	2	2	0.998	0	0	3	0	2	0	0	1	0	0	0	0	1.016	2	1	3	1	0	3.266	1	1.113	0	0	0	0	0	0	1	1
C2_00480C_A	PHHB	0	0	0	0	0	0	0	0	0	0	1	0	0	0	0	0	0	0	0	0	0	0	0	0	0	0	0	1	0	0	0	0	0	0	0	0	0	0	0	0	0	0	0	0	0	0	0	0	0	0	0	0	0	1	0	0	0	0	0	0
C2_00490W_A	C2_00490W_A	1	1	1	1	1	0	1	1	2	1	3	2	0	0	1	1	0	0	0	0	0	1	0	1	2	2	0	1	1	1	0	0	0	0	1	0	1	0	0	0	1	1	0	0	1	0	2.67	1	3.892	0	3	0	0	1.002	1.993	0	1	0	2.143	1
C2_00500W_A	ZCF9	0	0	0	0	1.232	1	0	0	3	4.984	3.122	2.001	1	0	1	0	1	1.019	2	1	2	2	0	0	0	1.886	0	1	0	0	1	2	1	1	0	1	0	0	0	1	0	0	0	0	0	0	0	0	0	0	0	0	1	1	0	0	1	0	1.032	1
C2_00510W_A	C2_00510W_A	0	0	0	0	1	0	0	1	0	0	0	0	0	0	0	1	0	0	0	0	2	1	0	1	1	1	0	0	1	0	1	0	1	0	0	0	0	0	0	0	0	0	0	0	0	0	0	0	0	0	0	0	2	1	3	1	0	2	0	0
C2_00520W_A	DFG5	0	0	0	0	3	1	2	4	1	1	0	0	0	0	0	0	0	0	0	0	2	2	0	0	0	0	0	0	1	0	0	0	0.994	0	0	0	0	0	0	0	0	0	0	0	0	0	0	0	0	0	0	0	0	0	0	1	0	0	0	1
C2_00530W_A	C2_00530W_A	0	0	0	1	0	0	1	1	0	0	0	0	0	0	0	0	0	0	0	0	1	0	0	0	0	0	0	0	0	0	0	1	0	1	0	0	0	0	0	0	0	0	0	0	0	1	0	0	0	0	0	0	0	0	1	0	0	0	0	0
C2_00540W_A	C2_00540W_A	0	0	0	0	0	1	0	1	0	0	0	0	0	1	0	0	1	1	0	1	1	2	1	0	2	0	1.39	1	2	0	0	0	0	0	1	1.264	5.879	6	1	3	0	0	0	0	0	0	0	0	0	0	1	2	1	0	1.014	0	1	0	2	0
C2_00550W_A	C2_00550W_A	1	0	1	0	0	0	0	0	0	0	0	0	0	0	0	0	0	0	2	2.992	0	0	1	1	0	0	0	0	2	0.99	0	0	7.012	4	8	5	0	0	1	1	0	0	0	0	1	0	1	0	1.382	0	0	0	1	0	0	0	0	1.652	0	1
C2_00560W_A	C2_00560W_A	0	0	0	0	0	2	0	0	0	1	0	0	0	0	0	0	0	0	0	0	0	0	0	0	0	0	0	0	0	0	0	0	0	0	0	0	0	0	0	0	0	0	0	0	0	0	0	0	0	0	0	0	0	0	0	0	0	0	0	0
C2_00570W_A	C2_00570W_A	0	0	0	0	1	0	0	0	0	0	0	1	0	0	0	0	1	0	0	0	1	0	2	0	2.001	1	0	0	0	0	1	1	0	0	0	0	1	1	0	0	0	0	0	0	1	0	0	0	1	0	1	0	0	0	0	0	0	0	1.279	0
C2_00580C_A	SMF3	0	1	0	0.918	0	1	0	0	0	0	0	0	0	0	0	0	0	0	0	0	0	0	0	0	1	0	1	0	0	0	0	0	1	0	0	0	0	0	0	0	0	1	0	0	0	0	0	0	0	0	0	0	0	0	1	0	0	1	0	0
C2_00590W_A	C2_00590W_A	0	0	0	0	0	0	1	1	1	0	0	0	0	0	1	1	0	0	0	1	0	0	0	1	0	1	0	2	0	0	0	1	0	0	0	0	0	0	0	0	0	0	0	0	0	0	1	0	1	0	1	1.085	0	0	0	0	1	0	2	0
C2_00600C_A	C2_00600C_A	0	0	0	0	0	1	1	0	0	0	0	0	0	0	0	0	0	0	0	0	0	0	1	0	1	1	0	0	0	0	0	0	0	0	0	0	0	0	0	0	1	0	0	0	0	1	1	0	0	0	0	0	2	3	2	0	0	0	0	0
C2_00610C_A	ATP18	0	0	0	0	0	0	0	0	0	0	0	0	0	0	0	0	0	0	0	0	0	0	0	0	0	0	0	0	0	0	0	0	0	0	0	0	0	0	0	0	0	0	0	0	0	0	0	0	0	0	0	0	0	0	0	0	0	0	0	0
C2_00620C_A	C2_00620C_A	0	0	0	1	0	0	0	0	0	0	0	1	0	0	0	0	0	0	0	0	0	0	0	0	0	0	0	0	1	0	0	0	0	0	0	0	0	0	1	0	0	0	0	0	0	0	1	0	0	0	1	0	0	0	0	1	0	1	0	0
C2_00630C_A	C2_00630C_A	0	1	0	0	1	1	0	0	0	0	0	0	0.997	0	0	0	0	0	0	0	0	0	0	1	0	0	0	0	0	0	0	0	1	0	1	0	0	0	0	0	0	0	0	0	0	1	0	0	0	0	0	0	0	0	0	0	0	0	0	0
C2_00640W_A	C2_00640W_A	0	0	0	1.144	0	0	0	0	0	0	0	2	1	0	0	1	1	0	0	0	0	1	2	0	0	0	0	0	0	2.584	1	0	2	0	0	1	0	0	0	0	0	0	0	0	1	0	1	0	0	1	1	0	0	1	0	1	0	0	2.437	0
C2_00650W_A	C2_00650W_A	0	1	0	0	0	1	2	0	0	0	0	0	0	0	1	1	0	1	1	1.992	2	0	0	0	5.687	2.325	5	2	1.967	3	1	0	3.994	0	1	1	3	0	1.212	0	1	0	0	0	1	1	1	0	1	0	1.449	0	1.988	2.119	1	1	0	2	1.352	0
C2_00660C_A	SOD4	1	0	0	0	0	0	0	0	0	0	0	1	0	0	0	0	0	0	0	0	0	0	0	0	1	0	0	0	0	0	0	0	0	0	0	0	0	0	0	0	0	0	0	0	0	0	1	0	0	0	0	0	0	0	0	1	0	0	0	0
C2_00670C_A	C2_00670C_A	0	0	0	0	1	0	0	0	2	1	2	3	4	3	3	3	0	0	0	1	0	0	1	0	1	0	0	0	1	0	2	1	0	0	0	1	0	0	0	1	0	0	1	0	0	0	0	0	1	0	0	0	1	0	0	0	3	0	1	0
C2_00680C_A	SOD5	2	2	2	7	6	17	12	13.03	8	7.999	10	13	3	4	4	5	20	13	16	18	5	8	5	7	8	9	7	8	5	11	5	7	2	0	1	1	0	0	1	1	0	0	0	0	8	16	13	13	0	0	0	0	11	12	16	13	0	0	0	0
C2_00690W_A	C2_00690W_A	0	0	0	0	1	2	0	0	1.006	0	0	0	0	0	0	0	1	0	0	0	0	0	0	0	0	0	0	1	0	3	4.841	3	11	11	12	4	1	3	1	0	0	0	1	0	2	1	0	0	0	0	0	0	0	0	1	0	0	0	0	0
C2_00700W_A	C2_00700W_A	1	0	1	1	0	0	0	0	2	0	0	0	0	1	1	0	0	1.007	0	0	1	0	0	0.945	2	0	0	0	0	0	0	1	0	0	0	0	0	0	0	0	0	0	0	0	0	0	0	0	3	2	1	0	2	0	1	1	0	2.541	0	0
C2_00710W_A	NPL6	0	0	0	0	1	0	0	0	1	0	0	0	0	0	1	1	3	11.873	11	9	2	3	2	2.04	2	1	1	2	0	0	3	1	0	0	0	0	0	0	0	1	0	0	0	0	0	0	0	0	0	0	0	0	7	3	5	3.724	0	2	0	0
C2_00720C_A	FGR15	0	0	0	0	0	0	0	0	0	1	0	0	0	0	0	0	1	0	0	0	0	1.999	0	0	0	0	1	0	1	0	1	0	1	0	1.048	0	0	0	0	1	1	0	0	0	0	0	1	1	0	0	0	1	0	1.299	0	0	1.426	1	0	0
C2_00730C_A	C2_00730C_A	2	0	0	0	1	0	0	0	1	0	0	1	0	0	0	1	1	1	1	0	0	1	0	0	0	0	0	0	2.655	3	2	0	1	0	0	0	0	1	1	1	0	0	0	0	1	0	0	1	0	0	0	1	0	0.836	2	0	2.242	2	1.079	1.428
C2_00740C_A	C2_00740C_A	1	0	0	0	0	0	0	0	0	0	2	0	1	0	0	0	0	0	0	0	0	0	0	0	0	1	0	0	0	0	0	0	4	3	5	3	0	0	0	0	0	0	0	0	0	0	0	1	0	0	0	0	1	0	0	1	0	0	0	0
C2_00750W_A	C2_00750W_A	0	0	0	0	3.999	3	3	3.996	3	2	3	4	0	0	0	1	6	4	2	5	0	1	0	0	0	0.997	2.011	0	0	0	0	0	1	0	2	1	0	1.892	1.678	1	1	0	0	0	1	4	2	3	0	0	0	0.989	0	2	1	3	1	1	2	0
C2_00760C_A	C2_00760C_A	0	0	0	0	0	0	1	0	0	0	0	0	0	0	0	0	0	0	0	0	0	0	1	0	0	1.013	0	0	1	0	0	1	0	0	0	0	0	0	0	0	0	0	0	0	0	0	0	0	0	0	0	0	0	0	0	0	0	0	0	0
C2_00770W_A	C2_00770W_A	0	0	0	0	0	0	0	0	0	0	0	0	0	0	0	0	0	1.003	0	0	0	0	0	0	0	0	0	0	0	0	0	0	1	0	0	0	0	0	0	0	0	0	0	0	0	0	0	0	0	0	0	0	0	0	0	0	0	0	0	0
C2_00780W_A	POT1-2	0	1	0	0	0	0	0	0	0	0	0	0	0	0	0	0	0	0	0	0	0	0	0	0	0.999	0	0	0	0	0	0	0	0	0	0	0	0	0	0	0	0	0	0	0	0	0	0	0	0	0	0	0	1	0	0	0	0	0	0	0
C2_00790C_A	C2_00790C_A	0	0	0	0	0	0	1	0	0	0	0	0	0	0	0	0	0	0	0	0	2	0	0	0	0	2	0	0	0	0	0	0.999	0	0	0	3	0	0	0	0	0	1	0	0	0	0	0	0	0	0	0	0	1	0	1	0	0	0	0	0
C2_00800C_A	PGA27	0.997	0	0	0	0	1	2	0	0	0	0	0	1	0	0	0	0	0	0	0	0	0	0	0	0	0	2	1	0	0	0	1	0	0	0	0	0	0	0	1	0	0	0	0	0	0	0	0	0	0	0	0	0	0	0	0	1	0	1	0
C2_00810C_A	C2_00810C_A	0	0	0	0	0	0	1	0	0	0	0	0	0	0	0	1	0	1	0	0	0	0	0	0	1	0	0	0	0	1	0	2	0	1	0	1	0	0	0	0	0	0	0	0	0	0	0	0	0	1	2	0	0	0	0	0	0	0	0	1
C2_00820W_A	C2_00820W_A	0	0	0	0	1	0	0	0	0	0	0	0	0	0	0	0	0	0	0	0	0	0	1	0	1	1	0	0	0	0	1	0	0	0	0	0	4	2	3	3	0	0	0	0	0	0	0	0	0	0	1	0	0	0	0	1	0	0	0	0
C2_00830C_A	C2_00830C_A	3	0	1	2	0	1.001	1	0	0.999	0	1	0	0	0	1	0	7	11	8	10	1	2	0	0	1	0	1	0	0	0	0	0	0	0	0	0	1	0	0	0	0	0	0	2	0	0	0	0	0	1	0	0	1	0	0	3	0	0	0	0
C2_00840W_A	TAH18	0	0	0	0	1	1	4	0	1	0	1	0	1	0	0	1	0	0	0	0	0	0	0	1	1	2	1	0	0	0	0	1	0	0	0	0	0	0	1.007	0	0	0	1	0	1.006	1	1	0	0	2	1.347	2	9	3	6	8	2	1	1.467	2
C2_00850W_A	MSF1	0	0	0	0	0	0	0	0	0	0	0	0	0	0	0	0	1	0	0	1	0	0	0	0	0	0	0	0	0	1	0	0	0	0	0	0	0	0	0	0	0	0	0	0	0	0	0	0	0	0	0	0	0	0	0	0	2.657	0	0	0
C2_00860C_A	C2_00860C_A	0	0	1	1	0	0	0	1	0	0	0	0	0	0	0	0	1	2	0	0	0	0	0	0	0	1	0	0	0	1	1	1	0	0	2	0	0	0	0	0	0	0	0	0	0	2	0	0	0	2	1	0	0	0	0	0	0	0	0	0
C2_00870W_A	C2_00870W_A	0	0	0	0	0	0	0	0	1	0	0	0	0	0	0	0	0	0	0	0	1	0	0	1	0	0	0	0	0	0	0	0	1	0	0	0	0	0	0	0	0	0	0	0	1	2	1	1	0	0	0	0	0	1	1	1	0	0	0	0
C2_00880W_A	C2_00880W_A	0.825	0	0	0	0	1	1	0	0	1	0	0	2	5	1	4	0	0	0	0	5	3	3	3	2.001	1	0	2	0	1.169	0	0	3	2	2	1	0	0	0	0	0	0	1	0	3	2	1	0	1	0	1	1	0	0	0	1	1	0	0	0
C2_00890W_A	C2_00890W_A	0	0	1	0	1	1	0	0	0	0	0	0	0	1	0	0	0	0	0	0	1	0	0	0	0	0	1	1.001	0	0	1	1	0	0	0	0	0	0	0	0	0	0	0	0	0	0	0	0	0	0	1	1	0	0	1	0	1	2.906	0	1
C2_00900W_A	C2_00900W_A	0	0	0	1	0	0	0	0	0	0	0	0	0	0	0	0	0	0	0	0	0	1	0	0	1	1	0.984	0	2	0	2.013	1	0	0	0	0	0	0	0	0	1	0	0	1	0	0.993	0	0	0	1	0	0	1.001	0	0	0	0	1.939	0	0
C2_00910W_A	PGA19	0	0	0	0	1	2	0	0	1	0	0	1	1	1	0	0	0	0	0	0	0	0	0	0	1.698	0	1	0	0	0	0	0	0	0	0	1	0	0	0	0	0	0	0	0	0	0	1	0	0	1	0	0	1	0.892	0	0	0	0	1	0
C2_00920W_A	C2_00920W_A	0	0	0	0	1	1.979	0	0	0	0	0	0	0	0	0	1	0	0	0	0	1	2	0	0	0.999	0	1	2	0	1	0	0	0	2	1	0	1	0	0	0	0	0	1	0	0	0	0	1	2	1	0	0	0	1	0	0	0	1.302	1	1
C2_00930C_A	VPS24	1	0	0	0	0	1	0	0	0	0	0	0	0	0	0	0	0	0	0	0	0	0	0	0	0	1	0	1	0	0	0	0	0	0	0	0	0	0	0	0	0	1	0	0	1	0	1	1	0	0	0	0	0	0	0	0	0	0	0	0
C2_00940W_A	C2_00940W_A	0	0	0	0	0	0	0	0	0	0	0	0	1	0	0	4	0	0	1	1	0	0	0	0	0	0	0	0	0	0	0	0	0	0	0	0	0	0	0	0	0	0	0	0	0	0	0	0	0	0	0	0	0	0	0	0	0	0	0	0
C2_00950C_A	RFC5	0	0	0	0	0	0	1	0	0	0	0	0	1	0	0	0	2	3	5	4	0	1	0	0	0	0	0	0	0	0	0	0	1.711	1	1	3	0	0	0	0	0	0	0	0	0	0	0	1	1	0	0	0	0	0	0	0	0	0	0	1.495
C2_00960C_A	MXR1	0	0	0	0	0	0	0	0	0	0	0	0	0	0	1	0	0	0	0	0	0	0	0	1	0	0	0	0	4	0	2	0	0	0	0	0	0	0	0	0	0	0	0	0	0	0	0	0	1	0	0	1	0	0	0	0	0	0	0	0
C2_00970C_A	UBP13	0	0	0	0	0	0	0	0	0	0	0	2	0	0	0	1.001	0	0	0	0	2.005	0	1.001	0	0	1	0	2	0	0	0	0	0	2	1	0	0	0	0	0	0	0	1	0	0	0	0	0	2	0	0	0	1	0	2	0	1	0	1	2
C2_00980W_A	C2_00980W_A	0	0	0	0	0	0	0	0	0	0	0	0	0	1	0	0	0	0	0	0	0	0	0	0	0	0	0	0	0	0	0	0	0	0	0	0	0	0	0	0	0	0	0	0	0	0	0	0	0	0	0	0	0	0	0	0	0	0	0	0
C2_00990W_A	C2_00990W_A	0	0	0	0	0	0	1	0	0	0	0	1	0	2	0	0	0	0	0	1	0	0	0	0	0	0	0	0	1	0	0	0	0	0	0	0	0	0	0	0	0	0	0	0	1	1.999	0	0	0	0	0	0	0	1.42	0	2	0	0	1	0
C2_01000W_A	HGT7	0	0	0	0	1	0	0	0	0	0	1	0	2	6	4	4	0	0	0	0	0	0	0	0	0	0	0	0	0	0	0	0	0	0	0	0	0	0	0	0	0	0	0	0	0	0	1	1.232	0	0	0	1	0	0	0	0	0	1	1	0
C2_01010W_A	HGT8	0	0	0	1	0	0	0	0	0	0	0	0	0	0	0	0	0	0	0	0	0	0	0	0	0	0	0	1	0	0	0	1	1	0	0	0	0	1	0	0	0	0	1	0	0	0	0	0	0	0	0	0	1	0	0	2	1	0	1	0
C2_01020W_A	HGT6	0	0	0	0	0	0	0	0	0	0	0	0	0	0	0	0	1	0	0	0	4.948	0	8	2	0	0	0	1	0	0	0	1	0	0	0	0	0	0	0	0	0	0	0	0	0	0	0	0	0	0	0	1	0	2	1	0	0	0	0	0
C2_01030W_A	C2_01030W_A	0	0	0	0	1	0	0	0	0	0	0	0	0	0	0	0	0	0	0	0	0	0	0	0	0	0	0	0	0	0	0	1	0	0	0	0	0	0	0	0	0	0	0	0	0	1	0	0	1	0	0	0	0	0	0	1	0	0	0	0
C2_01040W_A	C2_01040W_A	0	0	0	0	0	0	0	0	0	0	0	0	0	0	0	0	0	0	0	0	0	0	0	0	0	0	0	0	1	0	0	0	0	0	0	0	0	0	0	0	0	0	0	0	0	0	0	1	0	0	0	0	0	0	0	0	0	0	0	0
C2_01050W_A	C2_01050W_A	0	0	0	0	0	0	0	0	1	0	0	0	0	0	0	0	0	0	0	0	0	0	0	0	0	0	0	0	0	0	0	0	1	0	0	1	0	0	1	0	0	0	0	0	0	0	0	0	0	0	0	0	0	0	1	0	0	0	0	0
C2_01060C_A	JJJ3	0	0	1	0	0	0	1	0	0	0	0	0	0	0	0	0	0	0	0	0	0	0	0	0	0	0	0	0	1	1	0	0	0	0	0	0	0	0	0	0	0	0	0	0	0	0	0	0	0	0	0	0	0	0	0	0	0	0	0	0
C2_01070W_A	C2_01070W_A	0	0	0	2	0	0	0	1	0	0	0	0	0	0	0	0	1	0	0	0	1	0	0	2.546	1	1	1	1	0	0	0	0	0	0	0	1	0	1	0	0	0	0	0	0	1	0	0	0	0	1	0	1	0	0	2	1	2	0	0	0
C2_01080C_A	tL(CAA)2	0	0	0	0	0	0	0	0	0	0	0	0	0	0	0	0	0	0	0	0	0	0	0	0	0	0	0	0	0	0	0	0	0	0	0	0	0	0	0	0	0	0	0	0	0	0	0	0	0	0	0	0	0	0	0	0	0	0	0	0
C2_01090C_A	ERG28	0	0	0	0	1	1	1.942	2	0	0	0	0	0	0	0	0	0	1	2	0	0	0	1	1	0	0	1	1	0	0	0	0	0	0	0	1	1	1	0	0	0	0	0	0	0	0	1	0	0	0	0	0	0	1	1	0	0	0	0	0.983
C2_01110C_A	BCY1	0	0	0	1	1	2	0	1.233	0	1	0	0	0	0	0	0	0	1	0	1	2	2	1	2	2	0	1	1	2.627	0	0	0	1	0	0	1	0.999	0	0	0	0	0	1	0	0	0	0	0	1	1	0	0	2	1.623	0	1	0	0	0	0
C2_01120W_A	KAR2	0	0	1	0	11.02	11	10	7	4	1	2	4	0	0	0	1	4	7	7	9	3	8	7	4	1	1	4	2	2	1	0	0	0	0	0	0	7	5	3	7	0	0	0	0	2	2	3	1	1.52	0	0	0	9	5.918	9	5	0	2	0	0
C2_01130W_A	NOT3	0	0	0	0	0	0	0	0	0	0	1	1	0	0	1	0	2	0	0	0	0	0	0	1	2	1.952	1	1.816	0	0	0	0	0	0	0	1	0	0	1	0	0	0	0	0	0	0	1	1	2	0	1	0	0	1	0	1	2.24	0	0	0
C2_01140C_A	C2_01140C_A	0	0	0	0	0	0	0	0	0	0	0	0	0	0	0	0	0	0	0	0	0	0	1	0	0	0	0	0	0	0	0	1	0	0	0	0	0	0	0	0	0	0	0	0	0	0	0	0	0	0	0	0	0	0	0	0	0	0	0	1
C2_01150W_A	PEX12	0	1	0	0	1	0	0	2	0	0	0	1	1	1	0	0	0	0	0	0	4	2	5	4.998	0	0	0	0	2	1	4	3	0	1	0	1	4	3	3	2	0	0	0	1	0	0	1	0	1	1.53	0	0	4	1	0	2.91	0	0	0	2.357
C2_01160W_A	MRI1	0	0	0	0	0	0	0	0	0	0	2	0	0	0	0	1.128	0	0	0	0	0	0	0	0	0	0	1	0	1	0	0	0	0	1	0	0	0	0	0	0	0	0	0	0	0	0	0	0	1.442	0	0	0	0	1	0	0	1	0	0	0
C2_01170C_A	C2_01170C_A	0	0	1	0	0	0	0	0	0	0	0	1	1	1	0	0	1	1.999	2	0	0	0	0	0	0	2	0	0	1	1	0	0	0	0	0	0	1	0	1.065	0	1	0	0	0	1	0	0	1	1.251	0	0	0	2	1	0	1	1	0	0	2
C2_01180W_A	COX17	0	0	0	0	0	0	0	0	0	2	0	0	0	0	0	1	0	0	0	0	0	0	0	1	0	0	0	0	1	0	0	0	0	1	0	0	0	0	0	0	0	0	0	0	0	0	0	0	1	1	0	0	0	0	0	0	0	1	0	0
C2_01190C_A	C2_01190C_A	1	0	0	0	1	1	0	0	1	0	0	0	0	0	0	0	1	0	0	0	0	0	0	0	1.022	0	0	0	0	0	0	1	0	0	0	0	0	0	0	0	0	0	0	0	0	0	0	0	0	0	0	0	0	1	0	0	1	1	0	0
C2_01200C_A	REG1	0	0	0	1	0	0	0	1	5	4	2	0	5	6.854	8	5.009	7.029	1	2	6	0	0	0	0	0	2	1	0	0	2	0	2	0	0	0	2	0	0	1	1	0	2	0	0	2	1	4	2	1	0	1	0	0	1	0	0	1	0	1	1
C2_01210C_A	HNM1	0	0	0	0	0	0	1	1	0	2	0	0	0	0	2	0	1	0	0	2	0	1	1	0	3	2.001	2	7	6	5	1	6	2	0	2	1	0	0	1	0	0	1	1	0	0	0	0	0	0	1	1	2	1	0	0	3	1	1	0	1.344
C2_01220W_A	C2_01220W_A	0	1.993	0	0	1	0.976	0	1	0	0	1	0	0	0	0	0	2	0	0	0	0	1	2	0	0	0	0	1	1.995	1	1	0	1	1	0	0	0	0	0	0	0	0	0	0	0	0	0	0	1.284	0	1.315	0	2	0	0	0	0	0	0	0
C2_01230W_A	C2_01230W_A	0	0	0	0	0	0	0	0	0	0	0	0	0	0	0	0	0	0	0	0	0	0	0	1	0	0	0	0	0	0	0	0	0	0	0	0	0	0	0	0	0	0	0	0	0	1	0	1	1	2	1	0	0	1	1	0	0	1	1.385	0
C2_01240C_A	CHL1	0	0	2	0	2	0	1	0	1	0	0	1	0	0	1	0	1	0	0	0	2	0	1.001	1	0	1	0	1	0	1	1	0	0	0	0	0	0	0	1	0	0	0	0	0	0	0	0	0	0	1.17	0	0	1.297	1.361	1	0	1	0	2	2.495
C2_01250W_A	C2_01250W_A	1	2	5	3	7	7	5	2	2	5	4	1	3	0	6	8	4	3	4	4	7	6	4	3	2	6	3.833	9	13	3	9	8	6	5	3	2	4	6	6	2	0	5	3	2	1	1	1	4	2	3	4	10	8	9	7	7	11	10	18.99	14
C2_01260W_A	C2_01260W_A	0	0	0	1	0	0	2	1	0	1	0.893	0	1	0	0	0	0	0	0	0	0	0	0	0	0	2	2	0	0	0.999	0	0	0	0	0	1	0	0	0	0	0	0	1	0	0	0	1	0	0	0	1	0	0	1	0	0	0	0	2	0
C2_01270W_A	CHA1	0	0	0	0	0	0	0.996	0	0	0	0	1	0	0	0	1	0	0	0	1	0	0	0	0	1	1	0	0	0	0	0	0	0	0	0	0	0	0	0	1	0	0	0	0	0	0	0	0	0	0	0	0	0	0	0	0	0	1	0	0
C2_01290C_A	tL(UAA)1	0	0	0	0	0	0	0	0	0	0	0	0	0	0	0	0	0	0	0	0	0	0	0	0	0	0	0	0	0	0	0	0	0	0	0	0	0	0	0	0	0	0	0	0	0	0	0	0	0	0	0	0	0	0	0	0	0	0	0	0
C2_01300C_A	MNN24	0	0	1	0	3	1	2.012	1	3	1	1	1	0	0	0	1	1	5	2	3	2	0	1	0	0	2	2	0	1	0	0	0	0	1	0	1	0	0	1	0.993	0	0	0	0	0	3	1	2	3.617	0	0	3	0	1.136	2	1.131	2	2	0	1
C2_01310W_A	SNX41	0	0	0	0	0	0	1.067	1	0	0	0	1	0.999	1	0	0	0	2	0	0	1	0	1	1	0	0	0	0	0	0	0	1	0	1	0	1	0	2	1	0	0	0	2	0	0.806	0	1	0	0	2.64	0	1	2	3.002	0	1	2.214	0	0	0
C2_01320W_A	C2_01320W_A	0	0	0	0	1.005	0	0	1	0	1.914	0	0	0	0	0	0	0	0	0	2	1	0	1	0	0	0	1	0	0	1	0	0	0	0	0	0	0	0	0	1	0	0	0	0	1	1	0	0	1	1	0	1	1.994	1	0	1	1	0	0	1.791
C2_01330C_A	SIR2	1	1	2	0	1.002	1	1	0	2	1	1	0	0	0	0	1	1	0	0	1.091	2	1	1	0	4	1	1	1.988	2	1	0	2.019	0	0	0	2	1	0	2.71	0	1	0	0	0	0	0	0	0	1.269	5.907	0	1	0	1.007	2	2.997	1	0	1	3
C2_01340W_A	C2_01340W_A	0	1	1.445	1.001	3.421	2	2.564	1.003	1	0	1	0	4	2	2.905	2	1	0	0	0	0	1.18	0	0	1	2.006	1	0	2.001	1.001	2	2	0	0	2	0	0	1	0	0	0	1	0	0	2	1	1	2	1	2.807	3	0	2	0	3.745	1	0	1	1	1
C2_01350C_A	SNX4	1	0	2	0	2	7	3	3	0	1	3	3	2	1	1.004	2	1	4	2	1	1	0	1	0	4.231	4.003	6	8	3	3	4.005	3	1	1	4	5	0	0	0	2	1	0	2	1	3	3	2.039	4	2	3.733	3	5	2.999	7	1	2.455	3.619	5	7	3
C2_01360C_A	DCW1	0	0	0	0	1	1	0	1	0	0	0	1	0	0	0	1	1	0	0	1	0	0	1	0	1	0	1	0	1	0	0	0	2	0	0	0	2	1	2	4	0	0	0	1	0	0	0	0	0	0	0	0	0	1.997	0	0	1	0	0	0
C2_01370C_A	C2_01370C_A	0	1	1	0	0	0	0	0	4	2	2	1	2	7	7	7	2	0	0	1	4.015	0	3	3.454	1	1	0	1	0	0	0	0	1	0	1	1	0	1	0	0	0	0	0	0	1	3	0	1	0	1	2	1.194	0	0	1	0	0	0	1	0
C2_01380W_A	PLB4.5	0	0	0	0	0	0	0	0	0	1	0	0	0	0	0	0	0	1	0	0	0	1	0	1	0	0	0	0	0	0	0	0	0	0	1	1	0	0	1	0	0	0	0	0	0	0	0	0	1	0	0	0	0	0	0	0	0	0	0	0
C2_01390W_A	C2_01390W_A	0	0	0	0	1	3	2	2	0	0	0	0	0	0	1	0	2	0	0	1	0	0	0	0	0	1	1	0	0	0	0	0	0	0	0	0	0	0	0	0	0	0	1	0	0	0	3	2	0	1	0	0	4	1	3	4.813	0	0	0	0
C2_01400C_A	ESC4	0	1	1	0	0	1.032	2	2	0	0.933	0	0	2	0	0	0.984	0	0	2	0	1.207	0	1	1	1	0	0	1	2.256	1	1	0	5	9	7	4	1	1	0	1	0	0	1	0	3	1	0	1	1	0	0	2	2.001	1	1.019	5	0	3.771	1	2
C2_01410C_A	CLB2	0	1	2	1.191	0	0	0	1	0	3	3	2	0	0	1	0	3	2	2	1	0	0	0	0	1	0	2	0	4	3	9	0	1	0	0	1	0	0	0	0	0	0	0	0	0	0	0	0	1	2	0	2	1	1	0	0	0	1	0	0
C2_01420C_A	C2_01420C_A	0	0	0	0	0	0	0	0	0	0	1	0	0	1.992	3	1	5	5	9.207	1	0	0	0	0	2	1.669	0	1	0	0	0	0	1	0	0	1	1	1	0	0	1	0	0	1.696	1	2	3	4	0	0	0	1	1	2	0	0	1	1.074	2	0
C2_01430W_A	APT1	0	0	0	0	0	0	0	0	0	0	0	0	0	0	0	0	0	0	0	0	0	0	0	0	1	0	0	0	0	1	0	0	0	0	0	0	0	0	0	0	0	0	0	0	0	0	0	0	0	1	0	0	0	0	0	0	0	0	0	1
C2_01440C_A	C2_01440C_A	0	0	0	1	0	0	1	0	0	0	1	0	1	1	0	0	0	0	0	0	0	0	0	0	0	0	0	0	0	0	0	0	0	0	0	0	0	0	0	0	0	0	0	0	0	0	0	0	0	0	0	0	0	0	0	0	0	0	0	0
C2_01450C_A	C2_01450C_A	0	0	0	0	0	0	0	1	0	0	0	0	0	0	0	0	0	0	0	0	0	0	1	0	0	0.637	0	0	0	0	0	0	1	0	0	0	0	0	0	0	0	0	1	0	1	0	0	0	1	0	0	1	0	0	0	0	0	0	0	0
C2_01460C_A	C2_01460C_A	1	0	0	4	4	0	1	0	0	2	2	2	1	1	0	0	0	1	1	0	1	1	1	0	7	3	1	0	0	0	0	1	1	0	0	0	0	1	0	0	0	1	2	0	0	0	1	1	2	0	3	1.034	0	1	4	2	3	3.023	3.023	2
C2_01470W_A	SRB9	2	0	0	0	1.105	5	2	0	2	0	1.282	1	0	1	0	1	0	0	1	0	0	1	0	1	0	1	3.02	1.802	1.867	1	0	1	0	0	1.001	0	0	0	0	1	1	0	0	0	1	0	1	0	0	3	4	1	7.48	4	6	4.008	3.626	0	1.075	0
C2_01480W_A	SPT5	0	0	0	1	0	2	1	1.539	0	0	1	0	0	0	0	0	0	0	1	0	1	3	2	4	4	3	6	3	0	0	0	0	1	6	3	5	4.015	4	2	3.003	0	0	0	0	4	1	4	6	0	0	0	2	6	7	4.001	6	0	0	1.741	1.125
C2_01490C_A	C2_01490C_A	0	0	2	0	0	0	1	0	0	0	0	0	0	0	0	0	0	1	0	0	0	0	0	0	2	1	0	0	0	0	1	1	0	1	0	1	0	1	2	0	0	0	0	0	0	0	1.996	0	0	1	1.605	0	2.52	0	0.991	0	1	0	1	0
C2_01500W_A	C2_01500W_A	3	2	1	0	5	3	3	3	1.052	0	0	0	0	0	0	1	0	1	0	2	2	0	2	2	1	3	4	1	0	2	4	3.988	1	3	1	2	1	0	0	0	0	1	1	0	1	0	0	1	2	1	1	2	0	3	4	0	4.885	4	4.968	0
C2_01510C_A	C2_01510C_A	0	0	1	0	0	0	2	0	1	2	0	2	0	0	0	0	0	0	0	0	0	1	0	0	0	0	1	0	0	1	0	0.999	2	0	1	0	0	1	1	0	0	0	0	0	0	0	1	0	0	0	1	0	1	2.004	0	1	0	1	0	0
C2_01520W_A	PPE1	0	0	0	0	0	0	0	0	0	0	0	0	1	0	0	0	0	0	0	0	0	1	0	1	0	0	0	0	0	1	0	0	0	0	0	0	0	0	0	0	0	0	0	0	1	0	0	0	0	0	0	1	0	0	0	0	0	0	1	1
C2_01530C_A	C2_01530C_A	0	1	0	1.999	0	1.973	0	1.998	2	3	4	4	0	0	0	0	0	1	0	0	0	0	0	1	0	2	0	1	0	0	2	0	0	0	0	1	0	0	0	0	0	0	0	0	0	0	0	0	1	0	1	0	1	0	2	1	0	1.01	1.368	0
C2_01540W_A	C2_01540W_A	0	1	0	0	0	1	0	1	2	1	3	2	0	0	1	1	0	0	0	0	0	0	1	0	0	1	0	0	0	0	0	0	0	1	0	0	0	0	0	0	0	0	0	0	0	0	1	0	1.131	0	1	0	0	0	1	0	0	0	0	0
C2_01550W_A	SMP2	0	0	2.356	1	3	1	2	0	0	0	2.071	1	0	0	1	0	0	0	0	0	0	1	0	1	0	0	0	0	2	0	0	2	5	5	9	5	1	0	0	0	0	0	1	0	1	6	2	1	0	0	0	0	0	1	1	0	1	0	2.044	1.191
C2_01560W_A	BMT5	0	1	0	0	4	1	3	1	0	1	0	0	1.716	0	1	0	0	1	0	0	2	2	0	2	3.157	0.993	2	0	2	0	0	0	0	1	1	0	0	1	1	1	0	0	0	1	1.16	4	1	1	1	0	1.052	0	3.119	0	0	1.609	1	5.113	2.621	0
C2_01570W_A	C2_01570W_A	0	0	0	0	0	0	0	0	0	0	0	0	0	0	0	0	0	0	0	0	0	0	0	0	0	0	0	0	0	0	0	0	0	0	0	0	0	0	0	0	0	0	0	0	0	0	0	0	0	0	1	0	0	0	0	0	1.931	0	0	0
C2_01580W_A	REX2	0	0	0	0	0	1	0	0	0	0	0	0	0	0	0	0	0	1	0	0	2	0	0	0	0	0	0	1	0	0	0	0	0	1	0	0	1	4	5.001	1	0	0	0	0	0	1	0	0	1	1	0	0	0	1	0	0	0	0	0	0
C2_01590W_A	COX13	0	0	0	0	0	0	0	0	0	0	0	0	0	0	0	0	3	0	2	1	0	0	0	0	3	2	4	1	0	1	2	0	1	0	0	0	0	0	0	1	0	0	0	0	2	1	3	0	0	0	0	0	4	1	4	2	0	0	0	0
C2_01600C_A	CDC55	0	0	0	0	0	0	0	0	4	1	1	3	1	0	1	0	0	0	0	0	0	0	1	1	0	0	0	0	0	0	0	0	5	5	6	5	0	1	0	0	0	0	0	0	2	0	0	0	3.587	2	1	0	0	0	0	1	0	0	0	2
C2_01610C_A	RPS26A	3	1	0	2	2	2	3	2	0	0	0	0	0	0	0	0	0	0	0	0	3	4	2	3	0	0	0	0	0	1	0	0	0	0	0	0	0	0	0	0	0	0	0	0	0	0	0	0	0	0	0	0	0	0	0	1	0	0	0	0
C2_01620W_A	COX4	0	0	0	0	3	1	0	2	0	0	0	0	0	0	0	0	0	0	0	0	0	0	0	0	1	0	1	1	1	0	0	0	0	0	0	0	0	0	0	0	0	0	0	0	0	0	0	0	0	0	0	0	0	0	0	0	0	1	0	0
C2_01630W_A	C2_01630W_A	0	0	0	0	0	0	0	0	0	1	0	0	0	0	0	0	7.989	1	7	7	0	2	4	6	0	1	0	0	0	2	0	0	0	0	0	0	0	0	0	0	0	0	0	0	0	0	0	0	0	1	0	0	0	1	1	2	1	0	0	0
C2_01640W_A	SLA1	0	1	0	0	0	0	0	1	0	0	1	0	0	0	1.012	1	0	0	0	0	0	0	0	0	0	0	0	0	1	0	0	0	0	0	0	1.093	0	0	1	0	0	0	0	0	0	0	0	0	2.145	1	0	1	2	1	2	0	0	1	1	1.143
C2_01650W_A	C2_01650W_A	0	0	1	0	0	1	0	1	0	1	0.938	0	1	1	0	1	0	0	1	0	0	1	0	0	0	0	0	0	0	0	3	0	2	3	8	3	0	0	0	0	1	0	0	0	1	7	2	1	0	0	0	0	1	1	3	1	0	1	1	1
C2_01660C_A	C2_01660C_A	0	1	0	0	0	0	1	1	0	0	0	0	0	0	0	0	0	0	0	0	0	0	0	0	0	0	1	0	1	0	0	0	0	1	0	0	0	0	0	0	2	0	0	0	1	1	1	1	0	0	0	0	0	0	0	0	0	0	0	0
C2_01670C_A	STT3	1	0	1	0	0	0	0	0	1	1	1	2	1	0	1	1	0	1	1	1	0	0	2	0	0	0	0	2.653	0	0	0	0	0	0	0	0	0	0	0	0	0	1	0	0	0	0	1.959	0	2.64	0	0	0	2	2	1	0	2	0	0	0
C2_01680C_A	C2_01680C_A	3	2	1	2	1	0	0	0	3	1.753	2	4	0	0	0	0	0	2	3	1	1	1	0	0	0.97	0	3.002	0	0	0	0	0	0	0	2	0	0	0	0	0	0	0	0	0	0	1	1	0	0	0	0	0	10	10	9.934	4	0	0	2	0.996
C2_01690W_A	C2_01690W_A	1	1	1	0	0	0	0	0	0	0	0	0	2	2	1	0	0	1	0	0	2	0	1	1	0	0	1	0	3	1	1	2.999	0	0	0	0	0	0	0	0	0	0	0	0	0	1	0	0	0	0	0	0	1	0	1	0	0	0	0	0
C2_01700C_A	HAP42	2	0	4	3.039	0	0	0	0	0	0	0	0	0	0	0	0	0	0	0	0	0	0	0	1.78	0	0.998	1	0	1	0	0	1	1	0	0	0	0	0	0	0	0	1	1	0	1	0	0	0	0	0	0	0	1	0	0	1	0	0	1.11	1
C2_01710W_A	HSK3	0	0	0	0	0	0	0	0	0	0	0	0.977	0	0	0	0	0	0	0	0	0	0	0	0	0	0	0	0	0.885	0	0	0	0	0	0	0	0	0	0	0	0	0	0	0	0	0	0	0	0	0	0	0	0	0	0	0	1	0	0	0
C2_01720C_A	C2_01720C_A	0	0	0	0	0	0	0	1	0	0	0	0	0	0	0	0	0	0	0	0	0	0	0	0	0	1	0	1	1	0	1	0	0	0	1	0	0	0	0	0	0	0	0	0	0	0	0	0	0	0	0	0	0.999	0	0	0	0	0	0	0
C2_01730W_A	SPC24	0	0	0	0	0	0	0	0	0	0	0	0	0	0	0	0	1	1	0	0	0	0	0	0	0	0	0	0	0	0	0	0	0	0	0	1	0	0	0	1	0	0	0	0	0	0	0	0	0	0	0	0	0	0	0	0	0	0	0	0
C2_01740C_A	C2_01740C_A	0	0	0	0	0	0	0	0	0	1	0	0	0	0	0	0	0	0	0	1	0	0	0	0	0	0	0	0	0	0	0	0	0	0	0	0	0	0	0	0	0	0	0	0	0	0	2	0	0	0	0	0	0	0	0	0	0	0	0	0
C2_01750C_A	C2_01750C_A	0	1	0	0	1	1.956	3	1	10	4	6	5	0	0	0	0	0	0	0	0	0	0	0	0	2	5	2	6	0	1	0	0	6	4	5	5	1	0	2	2	0	0	0	0	0	4	1	2	0	0	0	0	4	2	8	2	0	0	0	0
C2_01760C_A	C2_01760C_A	0	0	0	1	2	0	0	1	0	0	0	0	1	0	0	1	1	0	0	0	0	1	0	1	2	0	1	1.002	1.002	2	2	0	1	0	1.909	2	2	0	0	1	0	1	0	0	1	0	1	0	2	1	2	0	5	3	1	0	0	1	0	0
C2_01770C_A	tL(CAA)1	0	0	0	0	0	0	0	0	0	0	0	0	0	0	0	0	0	0	0	0	0	0	0	0	0	0	0	0	0	0	0	0	0	0	0	0	0	0	0	0	0	0	0	0	0	0	0	0	0	0	0	0	0	0	0	0	0	0	0	0
C2_01780W_A	MSB2	0	0	1	0	1	1	3.002	2	0	1	0	0	0	0	1	0	0	1	0	1	0	2	1	1	1	1.986	2	2	0	1	3	2	0	0	1	0	0	0	0	0	0	0	0	0	1	1	1	0	2	0	0	0	0	0	1	1	0	1	2	0
C2_01800W_A	C2_01800W_A	0	0	0	0	0	0	0	0	0	0	0	0	0	0	0	0	0	0	0	0	0	0	0	0	0	0	0	0	0	0	0	0	0	0	0	0	0	1	0	0	0	0	0	0	0	0	0	0	1	0	0	0	0	0	0	0	0	0	1	0
C2_01820C_A	SNU71	0	0	0	0	0	0.924	0	0	0	0	0	1.098	0	0	1	0	0	0	0	0	0	0	0	0	3	0	0	1	0	0	0	0	0	0	0	0	0	3	0	1	0	0	0	0	0	0	0	1	0	2.29	0	2.354	0	0	0	0	0	1.406	0	2
C2_01830W_A	PRP39	0	1	0	0	0	0	0	0	1.009	2	1	0	1	0	0	0	0	0	0	0	0	1	0	0	0	0	0	1	2.066	0	1.999	2	0	0	0	0	0	0	0	0	0	0	0	0	0	0	0	0	0	2	0	1	0	1	0	0	0	0	0	1
C2_01840C_A	RAD7	0	0	0	0	0	1	1	0	0	0	0	0	0	0	0	0	0	0	0	0	0	0	0	0	0	2.001	0	0	0	0	0	0	0	0	0	0	0	0	0	0	0	0	1	0	0	2.998	0	1.091	0	1	0	0	0	0	0	0	0	0.991	0	0
C2_01850W_A	RAD23	1	1	0	0	0	0	0	0	0	0	0	0	0	0	0	0	1	0	0	0	0	0	0	0	1	1.291	1	0	1	1	0	1	0	0	0	0	0	0	1	0	0	0	0	0	2	0	0	0	0	0	0	0	0	1	0	1	1	0	0	0
C2_01860C_A	UTR4	1	0	0	0	0	1	0	0	0	0	0	0	1	0	0	0	0	0	0	0	0	0	0	0	0	0	1	1	0	0	0	3	0	0	0	0	1	0	0	0	0	1	0	0	1.053	0	0	0	0	0	1	1	2.999	2	1	0	0	0	1	1
C2_01870C_A	C2_01870C_A	0	0	0	0	1	0	1	0	1	1	0	0	0	0	0	1	0	1	0	0	0	0	0	0	1	0	0	0	2	0	0	0	0	0	1.727	0	0	0	2	0	0	0	0	0	1	0	0	0	0	1	2.142	0	0	0	1	1	1	2	2.69	0
C2_01880C_A	ZCF6	0	0	1	0.995	2	1.003	1.001	0	0	0	0	0	0	0	0	1	0	0	0	0	0	1	0	0	1	0	0	2	0	4.918	0	0	0	0	0	1	0	0	0	0	0	0	0	0	0	0	0	0	0	0	0	1	0	2	0	0	1	1	0	1
C2_01890W_A	CTF1	1	2	0	0	0.964	2	0	2.087	1	1	1	1	0	0	1	0	1	0	0	0	1	2	0	0	4	0	2	2	0	2	1	2.258	0	0	2.001	1.082	1.231	1	0	0	1	0	0	1	1	3	2	3	2.866	0	1	1	1	2.216	3	0	0	3	3	1
C2_01900C_A	C2_01900C_A	0	1	0	0	0	0	0	0	0	0	0	0	0	0	0	0	0	0	0	0	0	0	0	0	1	0	0	0	0	1	1	1	0	0	0	1	2	3	8	2	0	0	1	3	0	0	2	0	0	0	1	0	0	0	0	0.754	1	0	0	0
C2_01910W_A	C2_01910W_A	0	0	0	0	0	0	0	0	0	0	0	0	0	0	0	0	0	0	0	0	0	1	1	0	0	0	0	0	0	0	0	0	0	0	1	0	0	0	0	0	0	1	0	0	0	1	0	0	0	0	0	0	0	1	1	0	0	0	1	2
C2_01920C_A	C2_01920C_A	0	0	0	0	1.75	0	0	0	1	2	0	0	6	2	2.092	1	1.651	0	0	0	3	2	4	2	5.03	1	5	3	3	3	2	0	0	0	0	0	1	0	1	0	0	0	0	1	3	0	0	1	2.646	3	1.743	1	1.039	0	0	0	2	3	1	1
C2_01930C_A	C2_01930C_A	0	0	0	0	1	1	1	0	0	0	0	0	0	0	0	0	0	0	1	0	0	0	0	0	1	0	1	0	1.369	0	0	0	0	0	0	0	0	0	0	0	0	0	0	0	2	3	2	3	0	0	0	0	0	1	0	0	0	0	0	0
C2_01940C_A	C2_01940C_A	0	0	0	0	0	0	0	0	0	0	0	0	0	0	0	0	0	0	0	0	0	0	0	0	0	0	0	0	0	0	0	0	0	1	0	1	0	1	0	0	0	0	0	0	0	0	0	0	0	1	0	0	0	0	1	0	0	0	0	0
C2_01950C_A	AMN1	0	0	0	0	0	0	0	0	0	1	1	0	0	0	0	0	1	1	0	0	0	0	0	0	0	0	0	1	0	1	0	2	0	1	0	2	0	0	0	0	1	0	0	0	0	3	2	2	0	0	0	0	0	0	0	0	2.412	1	0	1
C2_01960C_A	C2_01960C_A	2	0	0	2	3.039	0	1	2.333	2	1	0	0	2	0	0	0	0	0	0	1	6.894	1.005	0	2	3	2	1	2.153	0	2.187	2	1	3	1	0	2	1.961	0	2.466	1	0	2	1	0	1.016	4	1	1	2	3.981	1	0	3	2.709	4	2	5.979	6	5	4
C2_01970C_A	ROD1	1	0	1	0	0	0	0	1	0	0	1	0	0	0	0	2	0	1.003	1.121	1	0	1	0	1	0	0	0	1	0	0	0	0	0	0	1	0	0	0	0	0	0	0	0	0	0	0	1	0	2.702	1	0	0	0	1	2	1	1	0	1	0
C2_01980C_A	SRD1	0	0	0	0	0	0	1.001	0	0	0	0	1.978	0	0	0	0	0	0	4	2	0	0	0	0	0	1	0	0	0	0	1.046	0	0	1	1	0	0	0	0	0	1	0	0	0	0	0	0	0	0	0	0	2	0	1.998	0	0	0	0	1	0
C2_01990C_A	FAB1	2	2.987	0.98	0	2.363	3.994	6.079	6.099	3.721	1.009	3	1.144	4	3.001	2	2.992	2.85	0	0	1	7	6.615	1.002	5.167	3.988	1.643	5.973	5.048	1	2.044	5.395	1	1.002	0	0	0	1	4	3	7	0	0	2.114	0	2.177	1	0	2	3.633	1.05	3.157	3.73	10	6	8	7	3.02	1.069	3.6	1.084
C2_02000W_A	C2_02000W_A	0	0	0	0	0	0	0	0	0	0	0	0	0	0	0	0	0	0	0	0	0	0	0	0	0	0	0	0	0	0	0	0	0	0	0	0	0	0	0	0	0	0	0	0	0	0	0	0	0	0	0	2	0	0	1	0	0	0	0	0
C2_02010C_A	CHT4	1	0	0	0	0	1	0	0	0	0	2	0	0	0	0	0	0	0	0	0	0	1	0	0	0	0	0	1	0	0	0	0	0	0	0	0	0	0	0	0	0	0	0	0	1	0	0	1	0	0	0	0	0	1	0	2	0	0	0	0
C2_02020W_A	C2_02020W_A	0	0.998	0	0	1	0	0	0	0	0	0	0.975	0	0	0	0	0	0	0	0	0	0	1	0	2	1	0	1	0	0	0	1	0	0	0	0	1.292	0	0	0	0	0	0	1	1	0	0	0	1	3	0	1.543	0	0	0	0	1.497	1.224	1	2
C2_02030W_A	ARO3	0	0	0	0	2	0	0	0	0	0	0	0	0	0	1	0	1	0	1	1	0	0	0	0	0	1	0	0	0	0	1	0	1	1	0	1	0	1	1	0	0	0	0	0	0	0	0	0	1	1	0	1	0	1	1	1	1.43	0	0	0
C2_02040W_A	C2_02040W_A	0	0	2	1	2.008	4	0	3.014	0	1	1	0	1	0	1	0	0	1	2	0	2	2.002	1	3	0	0	1	0	1	1	0	0	1	1	0	0	0	0	0	0	0	0	0	0	0	0	0	0	0	0	0	0	0	2	1	1	2	0	0	0
C2_02050C_A	C2_02050C_A	0	0	0	0	1	0	0	0	0	1	0	0	0	0	0	0	0	1	0	0	0	1	2	0	1.158	0	2	1	0	1	1	0	0	0	1	1	0	1	2	0	0	0	0	0	1	2	0	2	1.23	0	0	1.143	1	0	1	4.122	0	0	2.391	0
C2_02060C_A	FMO1	0	1	0	0	2	1	1	0	0	0	0	0	0	0	0	0	0	0	0	0	0	0	0	1	0	0	2	0	0	0	1	1	0	1	0	0	0	0	0	0	0	0	0	0	0	0	0	0.998	1	0	0	0	1	0	1	0	0	0	0	0
C2_02070W_A	SPR3	0	0	0	0	0	1	0	0	0	0	1	0	0	0	0	0	1	0	0	1	0	1	1	0	1	0	0	1	0	0	0	0	0	1	0	0	0	1	0	0	0	0	0	0	0	0	0	0	0	1	0	0	2	0	0	1	0	0	0	1
C2_02080W_A	C2_02080W_A	0	0	1	0	1	0	0	0	0	0	0	0	0	0	0	0	0	0	0	0	0	0	0	0	0	0	0	1	0	1	0	0	1	0	0	0	0	0	0	0	0	0	0	0	0	1	0	0	0	0	0	0	0	0	1	0	0	0	0	0
C2_02090W_A	NMD4	0	0	0	0	1	1	0	1	0	0	2	1	1	0	1	0	0	0	0	1	0	0	0	0	1	0	0	0	0	0	0	0	1	0	0	0	0	0	0	0	0	0	0	0	0	0	1	0	0	0	0	0	0	1	0	0	0	0	0	0
C2_02100W_A	SNF2	1.206	0	1	0	6	0	2.89	0	4	6	6	9	0	0	0	1	1	0	0	0	3	1	6	1	1.12	2	0	1	0	0	4.018	1	0	3.503	0	0	0	0	0	0	0	0	0	0	6	6	2	3	0	0	2	0	5	2	6.938	6	1	1.122	0	1
C2_02110C_A	C2_02110C_A	0	0	0	0	0	0	0	0	0	0	0	0	1	0	0	0	0	0	0	0	0	0.833	0	1	0	0	0	0	0	0	0	0	0	0	0	0	0	0	0	0	0	0	0	0	0	0	0	0	0	0	0	0	0	0	1	0	0	0	0	0
C2_02120W_A	C2_02120W_A	1	0	0	0	0	0	1	0	0	0	0	0	0	0	1	0	0	0	0	0	0	0	0	0	1	0	2.948	0	0	0	1	1	1	0	0	0	1	0	0	0	0	0	0	0	0	0	0	0	1	1	0	1.233	0	2	2	0	2	0	0	0
C2_02130C_A	C2_02130C_A	0	0	0	0	1	0	0	0	0	0	0	0	0	0	0	0	0	0	0	0	0	0	0	0	0	1	0	0	0	0	0	0	0	1	0	1.999	1	0	0	0	0	0	0	0	1	2	0	0	0	0	0	0	1	0	0	0	0	1	1	0
C2_02140C_A	C2_02140C_A	0	0	0	0	1	0	0	1	0	0	0	0	0	0	0	0	0	0	0	0	0	0	0	0	0	0	1.001	1	1	0	0	0	0	0	0	0	0	0	0	0	0	0	0	0	0	0	1	0	0	0	0	0	0	0	0	0	0	0	0	0
C2_02150C_A	RNA14	0	1	0	0	0	2.013	1	0	0	3	0	0	2	0	0	0	0	0	0	1	0	1	0	0	2	2	2	1	3.873	0	0.848	3.183	0	0	0	0	0	0	0	0	0	0	0	0	2.014	1.001	2	1	2.411	2	1.036	0	1.209	2	4.121	5.699	1	5	0	0
C2_02160W_A	SAM37	0	1	2	0	2	0	1	0	0	0	0	0	0	0	0	0	1	0	0	0	0	0	0	0	1	0	0	0	1	0	0	0	0	1	0	0	0	0	0	0	0	0	0	0	0	0	1	0	0	1	1	1	0	1	0	2	0	0	0	0
C2_02170W_A	C2_02170W_A	0	0	0	0	0	1.122	0	0	1	1	0	0	0	0	0	0	0	0	0	1	1	0	1	0	2	0	0	0	1	0	1.998	0	1	0	1	1	0	0	0	0	0	0	0	0	0	0	0	0	1.297	1	0	0	0	0	0	0	0	0	2.989	1.375
C2_02180W_A	C2_02180W_A	0	0	0	1	0	0	0	1	0	0	1	0	0	0	0	0	0	0	0	0	0	0	0	0	0	1	1	0	1	0	0	2	0	0	0	0	0	0	0	0	0	0	0	0	0	0	0	0	0	0	2	0	0	1	1	0	1	0	0	0
C2_02190C_A	EDC1	0	0	0	0	0	0	0	0	0	0	1.161	0	0	0	0	0	0	1	0	0	0	0	0	0	1	0	0	1	0	0	0	1	0	0	0	0	0	0	0	0	0	0	0	0	0	0	1	0	0	0	0	0	0	0	1	0	0	0	0	0
C2_02200W_A	ZRC1	0	0	0	0	0	0	0	1	1	0	0.988	0	0	0	0	0	0	0	0	0	0	0	0	1	0	0	0	0	2.017	2	0	0	1	0	0	0	3	1	2	1	1	0	0	0	2	0	1	0	1	0	0	1	0	0	0	1.023	0	1	1	0
C2_02210C_A	TLG2	0	0	0	0	0	1	2	0	0	0	0	1.844	0	0	0	1.195	1	1	0	1	0	1	2	0	0	1	1	1	0	1	0	0	0	0	1	1	2	0	0	0	0	0	0	0	0	1	0	0	2.952	0	1	2.425	0	2	0	1.062	1.272	1	1.573	1
C2_02220C_A	C2_02220C_A	0	1	0	1	0	1	1	0	0	0	0.935	0	0	0	0	0	0	0	1	0	0	0	0.911	1	0	1	0	1	0	0	0	0	0	0	2	0	0	0	0	0	0	0	0	0	0	0	0	1	0	0	1	0	0	0	0	0	0	0	1	0
C2_02230C_A	C2_02230C_A	0	0	0	0	0	1	1	0	0	1	0	0	1	0	0	0	1	0	0	0	4	5.635	3	3	0	0	1	0	0	1	2	1.129	0	0	0	0	0	0	0	0	0	3	0	0	0	0	2	0	2.856	1	0	0	0	0	0	1	1	0	0	0
C2_02240C_A	HEX3	1	0	1	0	0	0	0	0	1	2	0	0	1	0.979	0	0	0	0	0	0	3	1.256	0	0	0	1	0	0	1	1	1	0	0	1	1	1	1	0	0	0	0	0	0	0	0	0	0	0	0	0	0	1	1	0	0	1	1	0	0	0
C2_02250C_A	OPI1	1	1	2	1	0	0	0	0	0.989	0	0	0	0	0	0	0	0	0.993	0	0	0	0	0	0	0	1	0	1	0	0	1	0	0	0	0	1	0	1	0	0	0	0	0	0	0	0	0	0	1	0	0	0	0	0	0	0	0	0	0	0
C2_02260W_A	C2_02260W_A	0	0	0	0	0	0	1	1	0	0	0	0	0	0	0	0	0	0	0	0	0	0	0	1	0	0	0	0	0	0	0	0	0	0	0	0	0	0	0	1	0	0	0	0	2	1	0	1	0	0	0	1	1	0	2	0	0	0	0	1
C2_02270C_A	C2_02270C_A	0	0	0	0	0	0	0	0	0	0	0	0	0	0	0	0	0	0	0	0	0	0	0	0	0	0	0	0	0	1	0	0	0.998	0	0	0	0	0	0	0	0	0	0	0	0	0	0	0	0	0	0	0	0	0	0	0	0	0	0	0
C2_02280W_A	AIM36	0.794	0	0	0	0	0	0	0	0	0	0	0	0	0	0	0	0	0	0	1	1	1	1	0	0	0	0	0	0	0	0	0	0	0	1	0	0	0	0	0	0	0	0	0	0	0	0	0	1	0	0	1	0	0	0	0	0	0	0	0
C2_02290C_A	C2_02290C_A	0	0	0	0	0	0	0	1	0	0	0	0	0	0	0	1	0	0	0	0	1	0	0	0	0	0	0	0	1	0	0	0	0	1	0	1	0	0	0	0	0	0	0	0	0	0	1	0	0	0	1	1	0	0	0	0	0	0	1	0
C2_02300W_A	C2_02300W_A	0	0	0	0	0	0	0	0	0	0	0	0	0	0	0	0	0	0	0	0	0	0	0	0	0	0	1	0	1	0	0	1	0	1	0	0	0	0	0	0	0	0	0	0	0	0	0	0	0	0	0	0	0	0	0	0	1	1.617	1	1
C2_02310W_A	C2_02310W_A	0	0	0	0	0	0	0	0	1	3	0	1	0	0	0	0	0	0	0	0	0	0	0	0	1	5	0	0	1	0	0	0	0	0	0	0	0	0	0	1	1	0	0	0	0	0	0	0	0	1	1	0	1	0	0	0	0	1	0	1
C2_02320C_A	CPR3	5	4	4	4	2	1	2	1	0	0	0	0	0	0	0	0	0	0	0	0	1	1	1	1	0	0	0	0	0	0	0	0	0	0	0	0	0	0	0	0	1	0	0	0	0	2	0	0	0	0	0	0	0	3	4	4	1	0	0	0
C2_02330W_A	C2_02330W_A	0	0	0	0	0	0	1	0	0	0	0	0	0	0	0	0	0	0	0	0	0	0	0	0	0	0	1	0	0	0	0	0	0	0	0	0	0	0	0	0	0	0	0	0	0	0	0	0	2	0	0	0	0	1	1	1	0	0	0	0
C2_02340C_A	ENT3	2	0	0	0	2	0	0	1	0	1	0	0	0	0	0	0	1	0	0	0	0	0	0	0	0	0	0	0	0	0	1	0	0	0	0	0	0	0	0	0	0	0	0	0	1	0	0	0	0	0	0	0	1	0	2	0	0	2.042	0	1
C2_02350C_A	SAC3	0	0	2	0	2	1	2	5	1	0	1	1	0	2	1	1	1	0	0	1	1	2	0	0	2	0	1	0	0	2	3	0	0	1	0	0	1	0	0	0	0	1	0	0	0	0	0	1	1	0	2.316	1	0	0	0.856	1	1.34	1.339	2	1.108
C2_02360C_A	C2_02360C_A	0	0	0	0	0	0	0	0	0	0	0	0	0	0	0	0	0	0	0	0	0	0	0	0	0	0	0	0	1	0	1	1	0	1	0	0	0	0	0	0	0	0	0	0	0	0	1	0	0	0	0	0	0	0	0	0	0	0	0	0
C2_02370C_A	HOM2	0	0	0	0	1	0	1	0	0	0	0	0.99	0	0	1	0	0	0	0	0	0	0	0	0	0	0	0	0	0	0	0	0	1	0	0	0	0	0	0	0	0	0	1	0	0	0	0	0	1	0	0	0	0	0	0	2	0	0	1	1
C2_02380W_A	POB3	2	0	0	0	2	0	0	0	0	1	1	0	0	0	0	0	0	0	0	0	0	0	3	3	0	0	1	0	2.339	2	1	7	0	0	1	1	0	0	0	0	0	0	0	1	0	0	0	0	1	0	0	1	0	0	0	0	0	2	0	0
C2_02390W_A	C2_02390W_A	0	0	0	0	0	0	1	0	16	9	18	21	10	7	6	7	0	0	0	0	9	7	3	9	14	20	7	8	3	4	4	4	1	2	0	1	2	2	1	4	0	0	0	0	3	10	5	3	0	2	0	0	13	6	11	9	0	0	0	0
C2_02400W_A	ECM3	0	2	0	0	0	0	0	0	0	0	0	3	0	0	0	0	0	1	0	0	0	0	0	0	0	0	1	1	0	0	0	0	0	0	0	0	1	1.363	0	0	0	0	0	0	1	0	0	0	0	0	0	0	1	0	0	0	1	2	1	2.176
C2_02410W_A	C2_02410W_A	0	0	0	0	0	0	0	1	0	0	0	0	1	0	0	0	0	0	0	0	0	0	0	0	0	1	0	0	0	0	0	0	0	0	0	0	0	0	0	0	0	0	0	0	0	0	0	0	0	0	0	0	0	0	0	0	0	0	1	0
C2_02420C_A	DUS3	0	0	0	0	0	1	1	3	0	0	0	0	1	1	1	0	0	0	0	0	1	1	0	0	0	0	0	0	3	2	3	0	0	1	0	0	0	1	0	0	0	0	0	0	3	2	3	2	0	0	0	0	0	2	0	0	1	0	1	0
C2_02430W_A	UTP21	0	0	0	1	0	3	2	1	2	0	0	0	1	0	2	1	0	0	0	1	0	0	0	0	0	0	1.577	1	0	1.16	1	0	0	0	0	0	0	0	0	0	1	0	0	0	0	0	0.727	0	0	0	1	1	0	2	0	1	1.217	0	0	1
C2_02440W_A	C2_02440W_A	2.753	1	0	0	1	0	1	1.225	5	1	4	3	0	0	0	2	1.036	0	1	0	0	0	0	0	2	0	4	1.599	1	1	0	0	0	0	0.998	1	1	1	2	1	0	1	0	0	2	3	1	1	0	0	3	2	5.216	4	2	0	0	1	2.341	3
C2_02450C_A	UTP22	1	0	0	1	3	2	1	1	0	1	0	1	1	0	0	0	0	0	0	0	3.543	0	4	0	0	2	0	1.003	2	0.997	0	0	1	0	1	2	0	1	1	0	0	0	0	0	3	3	2.058	3	0	0	2.253	0	2.998	0	3	1.121	0	0	2	2.517
C2_02460W_A	ERG7	0	0	0	0	0	0	0	1	1	0.754	1	0	0	2	1.148	0	0	0	0	1.139	2.14	1	0	0	0	1	0	0	1	1	2	2	1.001	0	0	1	0	0	0	0	0	0	0	0	0	0	0	0	0	1	1	0	1	1	0	0	2	1	0	0
C2_02470C_A	ATO7	1	0	0	1	2	0	0	0	0	0	0	0	0	0	0	0	0	0	0	0	0	0	0	0	0	0	0	0	0	0	0	0	0	0	1	0	0	0	0	0	0	0	0	0	0	0	0	0	0	0	0	0	0	0	0	0	0	0	1	0
C2_02480W_A	tV(AAC)1	0	0	0	0	0	0	0	0	0	0	0	0	0	0	0	0	0	0	0	0	0	0	0	0	0	0	0	0	0	0	0	0	0	0	0	0	0	0	0	0	0	0	0	0	0	0	0	0	0	0	0	0	0	0	0	0	0	0	0	0
C2_02490C_A	C2_02490C_A	1	1	1	2	0	0	2	0	0	0	0	1	0	0	1	1	0	1	1	0	0	0	0	0	0	0	1.185	1.003	0	0	1	0	0	0	1	0	2	0	1	0	0	0	0	0	0	0	0	0	0	0	0	1	2	2	0	0	0	0	0	0
C2_02500W_A	C2_02500W_A	0	0	0	0	0	0	1	1.668	0	0	0	0	0	0	0	0	0	0	0	0	1	0	2	0	1	0	0	0	1	1	3	1	0	0	0	0	0	0	0	0	0	0	0	0	0	4	1	1	0	0	0	0	0	1.001	1.943	1	0	0	0	0
C2_02510W_A	PRS1	0	0	0	0	0	0	1	1	0.961	0	0	0	0	0	0	0	0	0	0	0	3	3	2	2	1	0	0	1	0	1	0	0	0	0	1	0	0	0	0	0	0	0	0	0	0	0	0	0	0	0	0	0	0	0	0	0	1	2	0	0
C2_02520W_A	C2_02520W_A	3	2	7	4	0	1	0	4	0	1	0	0	0	0	0	0	0	0	1	0	1	1	0	1	1.988	1	0	4	1	2.015	2	0	1	2	1	0	0	0	0	0	0	0	0	1	0	0	0	1	1	1	3	0	0	1	1	1	0	0	3.353	0
C2_02530W_A	C2_02530W_A	0	1	0	0	0	0	0	0	0	2	0	0	0	0	0	0	0	1	0	0	0	0	0	0	0	0	1.307	0	0	0	0	0	0	0	0	0	0	0	0	0	0	0	0	0	0	0	0	0	0	0	0	0	1	0	2	0	1	0	0	0
C2_02540W_A	C2_02540W_A	1	0	1	1	1	5	0	0	3	0	1	2	0	0	0	2.339	0	0	1	0	1	3	3	3	1.875	0	0	0	0	0	1	2.033	1	0	0	0	2	2	1.017	6	0	0	0	0	0	0	0	0	0	0	1	0	3	2	2.621	1	2	0	3.276	2.3
C2_02550C_A	C2_02550C_A	1	0	2	0	4	4	2.978	3	1	0	1	1.266	0	0	1	0	0	0	1	2	3	2	3	5	2	2	3	1	1	0	2	0	1	2	1	2	0	0	0	1	0	4	0	2	0	5	0	1	0	2.791	2	0	3	0	2	2	2	1.205	3.583	1
C2_02560W_A	C2_02560W_A	0	0	0	1	0	0	1	0	0	0	0	0	0	0	0	0	0	0	0	0	0	0	0	0	0	0	0	0	0	0	0	0	0	0	0	0	0	0	0	0	0	0	0	0	0	0	0	0	0	0	0	0	0	0	1	0	0	1	2.938	0.77
C2_02570W_A	C2_02570W_A	0	0	0	1	0	0.999	1	1	0	0	0	1	2	0	0	1	0	1	1	0	1	0	0	0	2	0	0	0	1	0	0	1	0	1	1	1	0	0	0	0	0	0	1	1	0	0	1	0	1	2.661	3	1	4	0	0	0	1.153	0	0	1
C2_02580W_A	C2_02580W_A	0	0	0	0	1	1	0	1	0	0	0	0	0	0	1	0	1	0	0	0	1	0	0	1	2	0	0.999	3	0	0	1	2	0	2	0	0	0	0	0	0	0	0	0	0	0	0	0	0	0	1	0	0	0	2	0	0	0	1	0	1
C2_02590W_A	ZRT2	0	0	0	0	0	1	1	0	0	0	0	0	0	0	0	0	0	0	0	0	0	0	0	0	0	1.012	1	0	0	0	0	0	0	0	2	0	1	1	1.314	1	0	0	0	0	2	0	1	2	0	0	0	0	0	0	1	0	0	1	1	1
C2_02600C_A	FGR22	0	0	0	0	0	0	0	0	2	0	0	0	0	0	0	0	0	0	0	0	0	0	0	0	0	0	0	0	0	0.5	0	0	0	0	0	0	0	4	2	2	0	0	0	0	0	0	0	1	0	0	0	0.5	1	0.5	0	0	0	0	0	0
C2_02610C_A	HGT20	0	1	0	0	1	0	0	0	0	0.998	1	0	0	0	0	0	0	0	0	1	0	0	0	0	0	0	0	0	1	0	0	0	0	0	1	0	0	1	0	0	0	1	0	0	0	0	0	0	0	0	1	0	0	0	0	0	1.677	0	0	0
C2_02620W_A	C2_02620W_A	0	0	0	0	0	0	0	0	0	0	0	0	0	0	0	0	0	1	1	3	1	0	0	0	0	0	0	1	0	0	0	0	0	0	0	0	0	0	0	0	0	0	0	0	0	0	0	0	0	0	0	0	0	0	0	0	0	0	0	0
C2_02630W_A	C2_02630W_A	0	0	0	0	1.049	0	0	0	0	0	1	0	0	1	0	1	0	2	0	1	0	0	1.163	0	0	0	0	0	0	0	0	0	0	0	0	0	0	0	0	0	1	0	0	0	0	1	0	0	0	0	0	1	0	0	0	0	1.383	0	3	0
C2_02640C_A	BNA32	0	0	0	0	1	0	0	0	0	0	0	0	0	0	0	0	0	0	0	0	0	0	0	0.5	0	0	0	0	0	0	0	0	0	0	0.5	0	0	0	0	0	0	0	1	0	0	0	0	0	0	0	0	0	0	0	0	0	0	0	0	0
C2_02650C_A	C2_02650C_A	0	0	0	0	0	0	0	0	0	1	0	0	0	0	0	0	0	0	0	0	0	0	0	0	0	0	0	0	0	0	0	0	0	0	0	0	0	0	0	0	0	0	0	0	0	0	0	0	0	0	0	0	0	0	0	0	0	0	0	0
C2_02660W_A	C2_02660W_A	0	0	0	0	0	0	0	0	0	0	0	0	0	0	0	1	0	0	0	0	0	0	1	1	0	0	0	0	0	0	0	0	0	0	0	1	0	0	0	0	0	0	0	0	0	1	0	0	0	0	0	0	1.998	0	0	0	0	0	0	0
C2_02670C_A	C2_02670C_A	0	1	2	0	1	1	1	1	0	0	0	1	0	0	0	0	0	2	0	0	3	0	0	0	4.984	1	1	0	0	0	0	2	0	1	0	0	0	1	0	0	0	1	0	0	1	0	1	0	0	1	0	0	0	1	0	1	2	1	3	2
C2_02680W_A	PDR17	0	1	0	0	0	0	0	0	0	0	0	0	0	0	0	1.363	0	0	0	0	0	0	0	0	0	0	1	0	0	0	0	0	0	0	0	0	0	0	0	0	0	0	0	0	1	0	0	0	0	1	1	0	0	0	0	0	0	0	0	0
C2_02690W_A	SER2	0	0	0	0	0	0	0	0	0	0	0	0	0	0	0	0	0	0	0	1	0	0	0	0	0	0	0	0	0	1.879	0	1	0	0	0	0	0	0	0	0	0	0	0	0	0	0	0	0	0	0	0	0	0	0	0	0	0	1	1	0
C2_02700C_A	C2_02700C_A	0	1	0	0	2	0	0	0	0	0	0	0	1	0	0	0	1	0	0	0	0	0	0	0	1	0	1.001	0	0	0	1	0	0	0	0	0	0	0	0	0	0	0	0	0	1	0	0	1	1	0	3	1	0	0	0	0	0	0	1	0
C2_02710C_A	C2_02710C_A	1	0	2	2	0	0	0	0	4	1	0	2	0	0	1	1	0	0	0	0	0	1	1	0	0	0	0	0	1	0.735	0	0	0	0	0	0	3	1	1	0	0	0	0	0	1	1	2	1	0	0	0	0	0	0	1	0	1	1	0	0
C2_02720W_A	C2_02720W_A	0	1	0	0	0	2	0	1	0	3	0	0	0	1	1	0	1	0	0	1	0	0	1	0	0	1.001	0	1	2	0	0	0	0	0	0	1	1.028	0	0	0	0	0	0	0	1	0	0	0	2.461	2	0	0	1	2	0	0	0	2	1.117	2
C2_02730W_A	C2_02730W_A	0	0	1	0	3.028	0	1	1	0	1	0	0	0	0	0	0	0	0	0	0	1	1	0	0	2	0	0	0	0	1	0	0	0	0	0	1	0	0	1	0	0	0	0	0	4	0	2	2	0	0	0	2	0	1	1	2	2	0	1.002	1.756
C2_02740C_A	HPT1	0	0	0	0	0	0	0	0	0	0	0	0	0	0	0	0	0	0	1	0	0	0	0	0	1	0	0	0	0	0.999	0	0	2	0	2	1	0	0	0	0	0	0	0	0	0	0	0	0	0	0	0	1	0	2	2	0	1	0	0	0
C2_02750C_A	C2_02750C_A	0	0	0	0	0	0	0	0	1	0	1	0	0	0	0	0	0	1	0	0	0	0	0	0	0	0	0	0	0	1.001	0	0	0	0	0	0	0	2	0	0	0	0	1	0	0	1	0	0	0	0	0	0	0	0	1	2	0	2	1	0
C2_02760W_A	LHS1	2	0	2	1	3	1	4	5.345	3	3.009	0	3	0	0	1	1	0	1	1	0	2	1.003	0	0	1.283	3	4	4	1	0	1	0	1	0	0	0	0	1	0	1	0	1	0	0	0	1	0	1	3	0	2	1	1	2	0	1	0	1	0	1
C2_02770W_A	C2_02770W_A	9	3	0	6	1	1	0	1	0	1	0	0	0	0	0	0	7	7	1	5	1	1	2	0	1.593	2	1	2	2	0	0	0	0	0	0	1	0	1	0	1	0	0	0	0	1	2.98	0	0	0	0	1	0	1.999	0	2	0	2.239	0	0	0
C2_02780C_A	BUB2	0	0	0	0	0	0	0	0	0	0	0	0	0	0	0	0	2	0	0	1	0	0	0	0	1	0	0	0	1	1	0	0	0	1	0	0	0	0	0	0	0	0	1	0	0	0	0	0	0	0	0	0	1	1	2	0	1	0	0	0
C2_02790C_A	C2_02790C_A	0	0	0.5	0	0	0	0	2	1	0	0	0	0	0	0	0	0	0	0	0	0	0	0	1.999	1	0	0	0	1	0	1	0	0	0	0	0	0	0	0	0	0	0	0	0	0	0	0	0	0	0	1	0	1	0	1	0	0	0	0	0
C2_02800W_A	C2_02800W_A	0	0	0	0	1	0	0	0	0	0	0	0	0	0	0	0	0	0	0	0	0	0	0	0	0	0	0	0	0	0	0	0	0	0	0	0	0	1	0	0	0	0	0	0	0	0	0	0	0	0	0	0	0	0	0	0	0	0	0	0
C2_02810C_A	NCB2	0	0	0	0	0	0	0	0	0	0	0	0	0	0	0	0	0	0	0	0	0	0	0	0	0	0	0	0	0	0	0	0	0	0	1	0	0	0	0	0	0	0	0	0	0	1	0	0	0	0	0	0	0	1	0	0	0	0	0	0
C2_02820C_A	C2_02820C_A	0	1	0	0	0	0	0	1	0	0	0	0	0	0	0	1	0	0	0	0	0	0	0	0	1	0	0	0	1	0	1	0	0	0	0	0	0	1	1	1	0	0	0	0	0	0	1	0	1	0	0	0	0	1	0	0	1	0	0	0
C2_02830C_A	SGT2	0	0	0	0	1	4	3	2	0	0	0	0	0	0	0	1	0	0	0	0	0	0	0	0	0	0	0	0	0	0	0	0	0	0	0	0	0	0	0	0	0	0	0	0	0	0	0	0	0	0	0	0	1	3.005	2.002	0	0	0	0	0
C2_02840C_A	C2_02840C_A	0	0	0	0	1	2	2.286	2.379	0	0	0	1	0	1	1	1	1	1	0	0	1	0	1	1	6.011	0	2.281	1	0	2	1.006	0	2.998	1	1.23	2	1	3	0	2	0	1	0	1	1	0	1	0	2	0	1	0	2	0	3	2	7	2	2	5
C2_02850W_A	UGA6	0	0	0.5	1	0.991	0	0	0	1	0	0	0	0	0	0	0	0	1	0	0	1	0	0	0	0	0	0	0	0	0	0	1	0	0	0	0	0	0	1	0	0	1	0	1	1	0	0	0	0	0	0	1	0	0	0	0	0	0	1	0
C2_02860W_A	SUR2	0	0	1	0	0	2	0	0	0	0	1	0	0	0	1	0	0	0	0	0	1	0	0	1	0	0	0	0	1	1.001	1	0	0	0	0	0	0	0	0	0	0	0	0	0	0	0	0	0	0	0	0	0	1.002	0	0	1	0	0	1	1
C2_02870W_A	C2_02870W_A	0	0	0	0	0	1	1	1	0	0	0	1	0	0	0	0	0	0	0	0	0	0	0	0	0	0	0	0	0	1	0	0	0	0	0	0	0	0	0	0	0	0	0	0	0	1	0	0	0	0	0	0	0	0	0	0	0	1	0	0
C2_02880C_A	EBP7	0	0	0	0	1	0	0	0	2	1	0	0	0	0	0	0	0	0	0	0	0	0	0	0	0	0	0	0	0	0	0	0	0	0	0	0	0	0	0	0	0	0	0	0	0	1	0	0	1	0	1	1	0	0	0	0	1	0	2	0
C2_02890W_A	SCT2	0	0	0	0	0	2	1	0	1	0	0	0	2	7	0	2	0	0	2	0	0	0	0	0	2	1	0	1	0	0	1	0	0	0	0	0	0	0	0	0	0	0	0	0	1	1	1	0	0	0	1	0	0	0	0	0	0	0	0	1.258
C2_02900W_A	C2_02900W_A	0	0	0	0	0	0	1	1	0	0	0	0	0	1	0	0	0	0	0	0	0	0	0	0	0	0	0	0	0	0	0	0	0	0	0	0	0	0	0	0	0	0	0	0	0	0	0	0	0	1	0	0	0	0	0	0	0	0	0	1
C2_02910W_A	C2_02910W_A	0	0	0	0	0	0	0	0	0	0	0	1	0	0	0	0	0	0	0	0	0	0	0	0	0	1	0	0	0	0	0	0	0	0	0	0	0	0	0	0	0	0	0	0	0	0	0	1	0	0	0	0	1	0	0	0	0	0	0	0
C2_02920W_A	C2_02920W_A	0	0	0	0	0	0	0	0	0	0	0	0	1	0	1	0	0	0	0	0	0	0	0	1	1	0	0.938	0	0	0	0	0	0	0	1	0	0	0	2	0	0	0	0	0	1	1	0	0	0	0	0	0	0	0	0	0	0	0	0	2
C2_02930C_A	ETT1	0	0	0	0	1	0	0	0	1	0	0	0	0	1	0	0	2	0	0	0	0	2	0	1	1	0	1	0	1.988	1.998	0	0	0	0	0	0	0	0	0	0	0	0	0	1	0	1	0	1	2	0	1	0	0	0	0	0	1	1	3	0
C2_02940W_A	MET1	0	0	0	0	0	2	0	0	0	0	0	0	0	1	0	0	0	0	0	0	0	0	1	0	0	0	0	0	0	1	0	0	0	0	0	0	0	0	0	0	0	0	0	0	0	0	0	0	0	1.114	0	0	1	0	0	0	0	0	0	0
C2_02950W_A	BNA31	0	0	0	0	0	0	0	0	0	0	0	0	0	0	0	0	0	0	0	0	0	0	0	0.5	0	1	0	0	0	0	0	0	0	0	0.5	0	0	0	0	0	0	0	0	0	0	0	1	0	0	0	0	0	0	0	0	0	0	0	0	0
C2_02960C_A	C2_02960C_A	0	0	0	0	0	1	0	0	0	1	0	0	0	0	1	0	0	0	0	0	1	0	0	0	0	0	0	0	0	0	0	0	0	0	0	0	0.924	0	0	0	0	0	0	1	0	0	1	0	0	0	0	0	1	0	0	1	0	0	0	1
C2_02970C_A	ALD5	4	3	1	3	1	0	0	1	7	7	5	4	30	28	20	32	6	10	2	3	4	4.587	4	1	10	5	8	10	3	3	3	1	15	9	10	14	6	9	9	6	0	1	0	0	13	4	7	3	1	0	0	1	6.007	5.916	3	10	0	0	1	0.999
C2_02980C_A	DLD1	0	0	0	0	0	0	0	0	0	0	0	0	0	0	0	0	0	0	0	0	0	0	0	0	0	1	1	1	0	0	0	0	0	0	0	1	0	0	0	0	0	0	0	0	1	0	0	0	0	0	0	0	0	0	1	0	1.686	0	0	1.465
C2_02990C_A	HYU1	0	1	0	0	0.968	1.178	0	0	1.003	1.609	2	2	2.002	1	0	1	0	1.679	0	1	1.962	0	1	0	1.014	1	0	1.003	0	0	1.001	2	0	0	0	1	1	0	1.003	0	0	0	0	1	1.003	0	0	1	1.028	0	0	0	0	0	1	0	2.006	1.229	3.412	0
C2_03000C_A	C2_03000C_A	1	1	1	2	7.7	2	3	5	3	0	1	3	1	2	2	4	2	1	0	0	1	1	1	2	5	6	2.002	2.19	1	3	3	2	0	0	0	1	1	1	2	2	2	1	1	1	1	1	2	2.001	6	2	0	1	1	2	2	3	6.862	5.904	2	4.801
C2_03010C_A	RNR21	1	0	0	0	0	0	1	1	0	0	0	0	0	0	0	0	0	0	1	0	1	1	0	0	0	0	0	0	0	0	0	0	0	0	0	0	0	0	0	0	0	0	0	0	0	0	0	0	0	1	0	0	0	1	0	1	1	0	1	0
C2_03020C_A	C2_03020C_A	0	0	0	0	0	1	2	0	0	0	1	1	0	1	0	0	0	0	0	0	0	1	0	1	0	2	2	0	0	0	0	1	0	0	0	0	0	0	0	0	0	0	0	0	1	0	0	0	1	1	0	0	2	1	1	0	2	0	0	1
C2_03030W_A	LIG4	1	0	0	0	0	1	1.943	2.08	0	0	1	0	2.999	1	0	0	1.009	0	0	0	0	1	0	2	1	0	0	1	2.156	0	1.06	0	0	2	1	0	0	2	1	0	0	0	1	0	1	0	1	0	0	1.035	2.548	0	1	1	2.998	1	2	0	1.337	1
C2_03040W_A	PLC2	0	0	0	0	0	0	0	0	0	0	0	0	0	0	0	0	0	1	0	0	0	0	0	0	0	0	0	0	0	0.5	0	0	0	0	0	0	3	0	0	0	0	0	0	0	0	0	0	0	0	0	0	0.5	0	0.5	0	2	0	0	0	0
C2_03050W_A	SHE9	1	0	0	0	2.999	0	0	1	0	0	1	0	0	0	2	1	2	0	0	0	0	1	3	1	2.002	0	1	2	3	1	2.002	3	5	6	2	7	5	5	3	2	0	2	0	1	3	2	4	4	2	0	1.722	0	3	3	0	1	2	2	4	0
C2_03060W_A	PR26	1	0	0	0	1	0	0	1	0	0	0	0	0	0	0	0	1	1	1	1	6	3	6	3	1	0	0	0	1	0	0	0	0	0	0	0	0	0	0	0	0	1	1	0	0	0	0	1	1	1	0	0	1	0	0	0	0	0	1	0
C2_03070C_A	SMP3	0	0	0	0	0	1	0	0	0	0	0	2	0	0	1	1	1	0	0	0	0	0	0	0	1	0	3	1	0	0	0	1	0	1	0	0	0	0	0	1	0	0	0	0	0	0	0	0	0	0	2	2	0	1	0	1	0	2	0	0
C2_03080W_A	IDH2	0	0	0	0	0	0	1	0	0	0	0	0	0	0	0	0	0	0	0	0	0	0	0	0	0	0	0	0	0	0	0	1	1	0	0	0	1	0	0	0	0	0	0	0	0	0	0	0	0	0	1	0	0	0	0	0	0	0	0	0
C2_03090C_A	ADE8	0	0	0	0	1	0	0	0	0	0	0	0	0	0	0	0	0	0	0	0	0	0	1	0	0	0	0	0	0	0	0	0	0	0	0	0	0	0	0	1	1	0	0	0	0	1	0	0	0	0	0	2	0	0	0	0	0	0	0	0
C2_03100W_A	EFT2	0	0	0	0	1	0	1	1	0.997	1	0	0	2	1	4	2	1	1	4	1	0	0	0	0	1	0	2	0	0	1.002	3	2	1	1	0	0	0	0	0	0	0	0	0	0	0	0	2	2	0	0	0	0	8	5	6	4	0	0	0	0
C2_03110W_A	C2_03110W_A	0	0	0	0	0	0	0	1	0	0	0	0	1	1	0	0	0	0	0	0	0	0	1	1	0	0	0	0	0	1	0	0	0	0	0	0	0	0	0	0	0	1	1	0	0	0	0	1	0	2	1	1.8	1	0	1	0	0	0	0	0
C2_03120W_A	AMO1	0	0	0	0	1	0	0	0	0	0	0	1	1	0	0	0	2	0	0	2	0	0	0.96	0	0	0	0	1	1	0	1	0	0	0	2.001	0	0	0	0	0	0	0	1	0	1	0	0	0	0	1	0	0	0	0	0	0	0	0	2	1
C2_03130W_A	C2_03130W_A	1	0	0	0	0	0	0	0	0	1	0	0	0	0	0	0	0	0	0	0	1	0	1	0	0	1	0	0	0	0	0	0	0	0	0	0	0	0	0	0	0	0	0	0	0	0	0	0	0	0	0	0	1	0	0	0	0	0	1	0
C2_03140C_A	C2_03140C_A	0	0	0	1	0	0	0	0	0	0	0	0	0	0	0	0	0	0	0	0	0	0	1	0	2	1	1	0	2	0	0	0	1	0	0	0	0	0	0	0	0	0	0	1	1	2	0	0	0	0	0	0	2.028	1	2	1	1.301	0	2	1
C2_03150C_A	C2_03150C_A	0	0	0	0	1	0	2.001	0	0	0	0	1	0	0	0	0	0	0	2	0	0	0	0	1	0.97	0	0	0	0	0	0	0	0	0	0	1	0	0	0	0	0	0	0	0	0	0	0	0	4	0	0	2	0	0	0	0	3	2	0	1
C2_03160C_A	RNR1	0	2	0	0	0	0	0	1	2	0	0	2	0	0	0	0	1	0	0	0	0	0	0	0	0	0	0	0	3	0	1.986	1	0	0	0	0	0	0	0	0	0	0	0	0	0	0	1	0	0	0	0	2	0	0	1	0	0	2	0	0
C2_03170W_A	C2_03170W_A	0	0	0	0	0	0	0	0	0	0	0	0	0	0	0	0	0	0	0	0	0	0	0	0	0	0	0	1	0	0	0	0	0	0	0	0	0	0	0	0	0	0	0	0	0	0	0	0	0	0	0	0	0	0	0	0	1	0	1.807	1
C2_03180C_A	TOM1	1	1	0	0	8	10	9	6	3	2.011	1	4	7.999	1	2	7.001	14	7.016	5.257	4	7.109	4	1	2.114	12	8	7	10	5.154	0	5.077	4	5	6	4.992	4	0	3	1.011	6	0	0	1	1	4.237	4.608	1.006	3	6	1.365	5.233	0	11	5	10.091	12.827	4.452	4.822	2	4.466
C2_03200W_A	PRP3	0	0	1	0	1	0	1.998	0	2	0	0	2	0	0	0	0	0	0.803	1	0.986	0	0	0	1	0	0	1	0	0	0	0	0	0	0	0	0	0	0	0	0	0	0	0	0	1	1	2	0	1	2	2	0	0	2	3	0	0	1	2	0
C2_03210W_A	C2_03210W_A	0	0	0	0	0	0	0	0	1	0	0	0	0	0	0	0	0	0	0	0	0	0	0	0	0	0.996	0	0	0	0	0	0	0	0	0	0	0	0	0	0	0	0	0	0	0	0	0	0	0	0	1	0	0	0	0	0	1	1	1	0
C2_03220C_A	STP4	0	1	0	0	0	0	0.888	0	1	2	2	1	0	0	0	0	0	0	0	0	3	2	9	3	3	0	0	1	0	1	0	0	0	1	0	1	2	3	3	1	0	0	0	0	1	3	0	2.035	0	0	1	0	0	0	1.007	0	0	0	2	0
C2_03230C_A	FEN12	1	0	0	0	0	0	1	0	0	0	0	1	2	0	0	0	0	0	0	0	0	0	0	0	0	0	0	0	0	0	0	0	0	0	0	0	1	1	0	2	0	0	0	0	0	0	0	0	0	0	0	1	0	0	0	0	0	0	0	0
C2_03240C_A	ROM2	1	1	0	0	0	0	1	3	0	1	0	0	1.001	1	1	0	1	0	0	0	0	0	0	0	1	2	4	4	2	2	1	1.189	0	0	1	0	1	0	0	3	0	0	0	0	1	0	0	0	1	2.2	0	1.072	2	3	0	0	0	1	1.2	0
C2_03250W_A	AVT7	0	0	1	0	1.03	1	3	0	0	0	0	0	2	2	5	0	0	0	0	0	0	0	0	0	1	1	0	0	1	0	0	0	0	0	0	0	0	1	0	0	0	0	0	0	2	1	0	0	1	1	0	0	0	1	1	0	0	0	1	0
C2_03260W_A	C2_03260W_A	0	0	0	0	0	0	0	1	0	0	0	0	0	0	0	0	0	0	0	0	0	1	0	0	0	0	0	1	0	0	0	0	0	0	0	0	0	0	0	0	0	0	0	0	0	0	0	0	0	0	0	0	1	0	0	0	0	0	0	0
C2_03270W_A	GPM1	0	1	0	0	0	1	3	1	4	3	0	3	0	0	1	0	0	0	0	0	0	0	0	0	0	0	0	0	0	0	0	0	0	1	1	0	0	0	0	0	0	0	0	0	1	0	3	0	0	0	0	0	1	1	1	0	0	1	0	0
C2_03280W_A	NSP1	0	0	0	0	6	4	3	5	0	0	0	0	0	0	0	0	3.024	2	3.001	4	1	2	3	1	0	2	0	0	0	1	1	0	0	0	0	0	0	0	0	0	0	0	0	0	0	0	0	0	0	0	1.395	0	4	5	4	5.492	0	0	0	0
C2_03290W_A	C2_03290W_A	0	0	0	0	0	0.999	0	0	0	0	0	0	0	0	0	0	0	0.983	0	0	1	4	2	1	1	0	0	0	0	0	0	0	0	0	0	1	1	0	0	0	0	0	0	0	0	0	0	1	0	1	0	1	0	0	0	0	0	0	1	1.358
C2_03300W_A	HEM2	1	0	0	0	0	0	0	0	4	4	4	3	0	0	0	0.99	0	0	0	0	0	1	0	0	0	0	0	0	0	1	0	0	0	0	0	0	0	0	0	1	0	0	0	1	0	0	0	0	0	0	1	1	0	1	1.853	1	0	0	0	0
C2_03310C_A	VPS20	0	0	0	0	0	0	0	0	0	0	0	0	0	0	0	0	0	0	0	0	0	0	0	0	0	0	0	0	0	1	0	0	0	0	0	0	0	0	0	0	0	0	0	0	0	1	0	0	0	0	0	0	0	2	0	0	0	0	0	0
C2_03320W_A	CHK1	0	0	1	1.361	4.251	2	3.001	6	2	4	1	1	1	0	1	0	1	0	2	3	1.008	1	0	0	1	5.001	4	3.002	3	2.125	6.771	6.252	0	0	3	0	1	0	0	1	1	0	0	0	0	2	1	0	1.597	0	4.113	5	3.221	2.054	1	6.668	8.335	11.648	6	6.479
C2_03330C_A	HOG1	0	0	0	0	1	0	1	1	0	0	0	0	0	0	0	0	0	0	0	0	0	0	0	0	0	1	0	0	0	0	0	0	1	0	0	0	0	0	0	0	0	0	0	0	0	0	0	0	0	0	0	0	0	0	0	1	0	1	1	0
C2_03340W_A	C2_03340W_A	0	0	1	0	1	0	1.998	0	0	0	0	0	0	1	0	0	0	0	2	2	1	0	0	0	4	2	3	9	0	0	0	0	2	0	1	1	1	1	0	0	0	1	0	0	0	0	0	0	0	2	1	2.52	0	0	0	0	0	5	2	2.333
C2_03350W_A	PGA17	0	0	0	0	1.002	0	2	0	0	0	0	0	0	0	0	0	0	0	1.001	0	0	0.998	0	0	0	0	0	1	0	0	0	0	0	0	0	0	0	0	0	0	0	0	0	0	0	0	0	0	1.268	0	1	0	0	0	0	0	2	1	2.524	1
C2_03360W_A	C2_03360W_A	0	0	0	0	0	1	0	0	0	1.041	0	0	2	2	2	2	0	0	0	0	0	1	1	0	0	0	1	0	2.521	0	0	0	0	0	0	2	0	0	0	0	1	0	0	0	0	0	0	0	0	1	1	0	2	0	5	3.976	3	0	0	1
C2_03370W_A	THI20	0	0	0	1	0	1	2	0	0	0	0	0	0	0	0	0	0	0	0	0	0	0	0	0	0	0	2	0	0	0	1	1	0	1	0	0	0	0	0	0	0	0	0	0	0	0	0	0	1	2	0	0	1	1.999	0	0	1	2	1	0
C2_03380W_A	PAN1	0	0	0	0	0	0	2	0	7	2	3	5	0	0	1	0	2	0	3	3	1	1	0	2	4	2	1.001	2	8.005	3	5	3	0	0	1	0	6	4	3.98	3	0	0	1	0	4	1	1	5	0	1	0	0	4	7	3	5	1.198	1.214	0	2
C2_03390C_A	HSP78	1	3	1	4	1	0	1	2	7	5	4	2	0	0	0	0	0	2	0	0	0	0	0	0	0	0	0	0	0	4	3	2	4	2	6	2	0	0	0	0	0	0	0	0	0	4	0	1	1.274	0	0	0	0	0	1	1.006	0	0	0	0
C2_03400C_A	DFG16	0	0	0	2	1	1	2	0	3	0	0	0	2	0	0	1.042	0	0	0	0	2	0	0	0	1	0	2	0	1	0	1	1	1	1	0	0	1	0	1.486	1	0	0	0	0	1	0	1	0	2	2	0	0	1	1	0	1.799	0	2	1.822	0
C2_03410W_A	C2_03410W_A	0	0	1	0	0	1.984	0	0	1	1	1	0.998	0	1	1	1	0	0	0	1	0	0	0	1	2	1.46	0	1	0	1	0	0	1	1	0	1.001	0	0	0	0	0	0	0	0	0	0	1	0	1	0	0	1	2	0.892	1.998	1.128	0	0	2.637	0
C2_03420C_A	C2_03420C_A	0	0	0	0	2	0	1	1	0	1.009	2	0	0	0	0	0	1.889	4	1	3.02	0	0	0	1.392	0	1	0	0	0	0	0	1	0	0	1	0	0	0	0	1	0	0	0	0	1	1	0	0	1	0	0	0	0	0	0	0	0	2.474	1	2
C2_03430W_A	NBN1	0	0	0	1	0	0	0	0	0	0	0	0	0	0	0	0	0	0	0	0	0	0	0	0	0	0	0	0	0	1	0	1	0	1	0	0	0	0	0	1	0	0	0	0	0	0	0	1	2	0	1	0.854	0	1	1	0	0	0	0	0
C2_03440W_A	PGA33	0	0	0	0	0	0	0	0	0	0	0	0	0	0	0	0	7	2	3	2	0	0	1	0	0	0	0	0	0	1	1	1	1	0	0	0	0	0	1	0	0	0	0	0	0	0	1	0	0	0	1	0	1	0	2	0	0	0	0	0
C2_03450W_A	C2_03450W_A	2	0	0	0	1	0	0	2	0	0	1	1	4	2	3	5	2	0	2	0	0	1	0	0	1	2	0	1	2	0	2	1	2.354	0	0	1	0	2	3	0	0	0	0	0	0	0	0	0	0	0	0	0	1	0	0	1	4.804	0	3	0
C2_03460C_A	MGR1	0	0	1	0	0	0	0	1	0	0	0	0	0	0	0	0	0	1	0	0	0	0	0	0	0	0	0	0	0	0	1.077	1	0	0	0	0	0	0	0	0	0	0	1	1	0	0	0	1	1	0	0	0	0	0	0	1.001	0	2	2	0
C2_03470C_A	COX6	0	0	0	0	1	4	4	1	0	0	0	0	1	0	2	3	0	0	0	0	0	0	0	0	0	0	0	0	0	0.697	0	0	0	0	0	0	0	0	0	0	0	0	0	0	0	0	0	0	0	0	0	0	0	0	0	0	0	0	1	0
C2_03480C_A	C2_03480C_A	0	0	0	0	0	0	0	0	1	0	1	0	0	3	2	2	0	0	0	0	0	0	0	0	0	0	1	1	0	0	0	0	0	0	0	0	0	0	0	0	0	0	0	0	0	0	0	0	0	0	0	0	0	0	1.968	0	0	0	1	0
C2_03490C_A	C2_03490C_A	0	0	0	1	0	1	1	1.903	2	0	1	0	0	1	0	0	0	0	0	0	0	0	0	0	0	0	0	0	1	0	0	1	0	1	0	1	0	0	0	0	0	0	0	1	4	0	1	0	0	0	0	1	1	0	0	0	0	0	1.826	0
C2_03500W_A	C2_03500W_A	0	0	0	0	0	1	0	0	2	1	2	0	1	1	1	0.99	1	2	0	0	0	2	0	0	2.31	0	0	0	0	0	1.123	0	0	1	1	2	1	0	0	0	1	0	0	0	4	0	1	0	0	0	2.605	2.327	1	1	0	1	0	0	2	2.672
C2_03520C_A	ADAEC	0	0	1	0	0	0	0	0	1	0	1	0	0	0	0	0	0	0	0	0	0	1	2	2	0	0	0	0	0	0	0	1	0	0	0	0	0	0	0	0	0	0	0	0	0	0	0	0	1	1	0	0	0	0	1.984	0	0	0	0	0
C2_03530W_A	C2_03530W_A	5	6	5	1	0	1	0	0	0	0	1	1	4	1	3	3	0	1	0	1.062	0	0	1	1	1	0	0	0	1	1	1	0	0	0	0	0	2	2	0	1	0	0	0	0	1	0	0	0	0	0	0	0	0	0	0	0	0	1	0	0
C2_03540W_A	RAD32	2	0	0	0	1	1	1	3.439	3	7	3	2	0	0	0	1	1	0	0	0	1	1	0	2	0	0	4.538	0	2	0	1	1	1	0	1	1	1	0	0	1	0	1	0	0	0	3	2	2	1	4.392	0	0	3.894	2	1	1	2	4	4.11	2
C2_03550C_A	C2_03550C_A	1	2.002	1	0	0	1	1	1	1	3	2	1	0	0	0	0	1	0	3	1	0	0	0.994	0	0	0	2	0.978	0	1.423	0	1.999	2	0	1	2	1.006	0	1	0.908	0	0	0	0	2	0	3.004	2	2.535	0	2.626	1	1	0	0	4	1	2	3	0
C2_03560C_A	C2_03560C_A	0	0	0	0	0	1	0	0	0	1	0	0	1	0	0	0	0	0	0	0	0	0	0	0	0	0	0	0	0	0	0	0	0	0	0	0	0	0	0	0	0	1	0	0	0	0	0	1	0	0	0	0	0	0	0	0	0	1	0	0
C2_03570C_A	C2_03570C_A	0	0	0	0	1	0	1	0	0	0	0	1	0	0	0	0	1	0	0	0	0	0	1	0	0	0	0	0	0	0	0	0	0	0	0	0	0	0	0	0	0	0	0	0	0	0	0	1	0	0	0	0	0	0	0	0	1	0	0	0
C2_03580W_A	C2_03580W_A	0	0	0	0	0	0	0	0	0	0	0	0	0	0	0	0	0	1	0	0	0	0	0	0	0	0	0	0	0	0	0	0	0	0	0	1	0	0	0	0	0	0	1	0	0	0	0	0	0	0	0	0	0	0	0	0	0	0	0	0
C2_03590C_A	CAP4	0	0	0	0	1	0	0	0	0	0	0	0	0	0	0	0	0	0	0	0	0	0	0	0	0	0	0	0	0	1	0	0	0	0	0	0	0	1	0	0	0	0	0	0	0	0	1	0	0.817	0	0	1	0	0	0	0	0	1	0	1
C2_03600W_A	BMT8	0	2	0	0	0	0	0	0	1	0	0	1.004	1	0	0	0	1	1	0	1	1	0	0	1	0	1	1	0	2	0	0	2	0	1	1	1	0	0	0	0	1	0	0	0	0	1	0	0	3.637	0	1	0	1	0	0	0	0	0	1.696	1
C2_03610W_A	FMO2	0	0	0	0	1	0	0	1	0	0	0	0	0	0	0	0	0	0	0	0	0	0	0	0	0	0	0	0	0	0	1	0	0	0	0.5	0	0	0	0	0	0	0	0	0	0	0	0	0	0	2.545	0	0	0	0	0	0	0	0	0	0
C2_03620W_A	IFK2	1.138	0	1	0	0	0	0	0	0	0	1	1	0	0	0	0	0	1	0	0	0	0	0	1	1	0	0	0	0	1	0	0	0	0	0.5	0	0.995	0	0	0	0	0	0	0	0	0	0	0	0	0	0	0	0	0	0	0	1	0	0	0
C2_03630W_A	C2_03630W_A	0	0	0	0	0	0	1	0	0	0	0	0	0	0	0	1	0	0	0	0	1	0	0	0	0	0	0	1	0	0	0	0	0	0	0	0	0	0	0	0	0	0	0	0	0	0	0	0	1	0	0	0	0	0	0	0	0	0	0	1.717
C2_03640W_A	UGA11	0	1	0	0	0	0	0	2	0	0	0	0	0	0	0	0	0	0	0	0	1	0	0	0.975	0	0	0	1	0	0	1	0	0	0	0	0	1	0	0	0	0	0	0	0	0	0	0	0	0	0	0	0	0	0	0	0	0	0	0	0
C2_03660W_A	tE(CUC)1	0	0	0	0	0	0	0	0	0	0	0	0	0	0	0	0	0	0	0	0	0	0	0	0	0	0	0	0	0	0	0	0	0	0	0	0	0	0	0	0	0	0	0	0	0	0	0	0	0	0	0	0	0	0	0	0	0	0	0	0
C2_03670W_A	SAP99	0	1	1	0	0	0	0	0	0	0	0	0	1	0	0	0	0	0	1	0	0	0	0	0	0	0	1.021	0	0	0	0	0	0	0	0	0	0	0	0	0	0	0	0	1	0	0	0	0	2	1	0	0	0	1	0	0	0	1	1	0
C2_03680W_A	SAP98	0	0	0	0	0	0	0	0	0	0	0	0	2	0	0	0	0	0	0	0	1	0	0	0	0	0	0	0	0	0	0	0	0	0	0	0	0	0	0	0	0	0	1	0	0	0	1	0	0	0	0	0	1	0	0	0	1.761	0	0	0
C2_03690C_A	MNN42	0	0	0	0	0	0	0	1	0	0	3	0	0	1	0	1	0	0	0	0	1	0	0	2	0	0	0	3.861	0	0	0	0	0	0	0	0	1	1	0	0	0	0	0	0	0	0	0	1	1	0	1.278	0	1.169	1.177	0	0	0	1.503	0	2
C2_03700W_A	C2_03700W_A	0	0	0	0	0	0	0	0	0	0	0	0	0	0	1	0	0	0	0	0	1	0	0	0	0	0	1	0	1	0	1	0	0	0	0	1	0	0	0	0	0	0	0	0	0	0	0	0	0	0	0	0	0	0	1	0	0	0	0	0
C2_03710W_A	MNN41	2	0	1	1	0	0	3	1.006	2.002	1	0	2.471	3	0	2.001	0	2	4	1	2	1	1	1	2	3	0	0	1	2	3	0	5	0	2.001	0	0	2	2.985	2	1	0	0	1	0	1	1	0	0	4.414	2.308	4.91	1.097	2	5.005	0	8.544	3.618	4	1.204	1
C2_03720W_A	PGA16	1	0	0	0	0	0	0	0	0	0	0	0	0	0	0	0	0	0	0	0	0	0	0	0	0	0	0	0	0	0	0	0	0	0	0	0	0	0	0	0	0	0	0	0	0	0	0	0	0	0	0	0	0	0	0	0	0	0	0	0
C2_03730W_A	tR(UCU)2	0	0	0	0	0	0	0	0	0	0	0	0	0	0	0	0	0	0	0	0	0	0	0	0	0	0	0	0	0	0	0	0	0	0	0	0	0	0	0	0	0	0	0	0	0	0	0	0	0	0	0	0	0	0	0	0	0	0	0	0
C2_03740W_A	tF(GAA)2	0	0	0	0	0	0	0	0	0	0	0	0	0	0	0	0	0	0	0	0	0	0	0	0	0	0	0	0	0	0	0	0	0	0	0	0	0	0	0	0	0	0	0	0	0	0	0	0	0	0	0	0	0	0	0	0	0	0	0	0
C2_03750W_A	YIM1	0	0	0	0	1.026	1	0	0	0	0	0	1	0	0	1	0	0	0	0	0	0	1	0	0	0	1	0	0	0	0	0	0	0	0	0	0	0	0	0	0	0	0	0	2	0	0	0	0	0	2	0	1	1	0	0	0	2	0	0	0
C2_03760C_A	C2_03760C_A	2	0	0	0	0	0	0	1	1	1	0	0	0	0	0	0	2	1	6	5	0	1.167	1	0	1.231	3	0	0	1	1.301	0	1	0	0	0	0.999	0	0	0	0	0	0	1	0	1	4	4	1.706	0	0	0	0	2	0	1	1	1	0	0	2.512
C2_03770C_A	STE11	0	0	0	0	6.931	2	5	7	1	0	0	2	0	0	1	2	0	1	0	1.164	0	0	0	1	1	0	1	1.154	0	0	0	3	2	0	1.014	1	0	1	0	0	1	0	0	0	1	1	0	0	0	0	1.117	2.332	0	2	0	0	0	0	2.06	1
C2_03780C_A	C2_03780C_A	0	0.998	0	0	1	0	1	2	0	1	0	2	0	2	0	0	0	1	0	1	1	1	0	1	3	2	7	4	4	6	1	6	1	0	2	0	2	6	6	8	0	0	0	0	4	2	2	2	0	1	1	0	1	3.884	2.322	1	2	2	3	1
C2_03790C_A	ASR3	0	0	0	0	0	0	0	0	0	0	0	0	0	0	0	0	0	1	0	0	0	0	0	0	0	0	0	0	1	0	0	0	0	0	0	0	0	0	0	0	0	0	0	0	1	0	1	0	0	1	0	0	0	0	0	0	0	0	0	0
C2_03800C_A	C2_03800C_A	0	0	0	0	1	2	0.999	0	1.756	1	2	2	1	1	0	0	0	0	0	0	0	0	0	0	1	0	0	0	1	0	0	0	0	1	0	2	0	0	0	0	0	1	0	0	0	0	0	0	0	1.607	0	0	1.095	0	0	2	0	1.652	2	2
C2_03810C_A	RPL21A	0	0	0	0	0	0	0	0	0	1	0	0	0	0	0	0	0	0	0	0	0	1	0	0	6	1	1	2	0	0	0	0	0	0	0	0	0	0	0	0	0	0	0	0	0	0	0	0	0	0	0	0	0	0	0	0	0	0	0	0
C2_03820C_A	RPS9B	0	0	0	0	0	0	0	1	0	0	0.999	1	0	0	0	0	0	0	1	0	0	0	0	0	0	0	0	0	0	1	1	0	1	0	0	1	0	0	0	0	0	0	0	0	1	3	0	1	0	0	0	0	2	3	4	0	0	0	0	0
C2_03830W_A	C2_03830W_A	3	0	0	1	0	0	0	0	0	0	0	0	0	0	0	0	0	0	0	0	0	1	0	0	1	0	0	1	0	0	0	0	0	1	0	0	2	0	0	1	0	0	0	0	1	2	0	0	2	0	0	2	0	0	1.122	0	0	0	0	0
C2_03840C_A	INO4	0	0	0	0	0	0	0	1	0	1	3	0	0	0	0	0	0	0	0	0	1	1	0	0	0	0	0	0	0	1	0	0	0	0	0	0	0	0	0	0	0	0	0	0	0	0	1	0	0	0	0	0	0	0	0	0	0	1	0	0
C2_03850W_A	tR(UCU)3	0	0	0	0	0	0	0	0	0	0	0	0	0	0	0	0	0	0	0	0	0	0	0	0	0	0	0	0	0	0	0	0	0	0	0	0	0	0	0	0	0	0	0	0	0	0	0	0	0	0	0	0	0	0	0	0	0	0	0	0
C2_03860W_A	tF(GAA)3	0	0	0	0	0	0	0	0	0	0	0	0	0	0	0	0	0	0	0	0	0	0	0	0	0	0	0	0	0	0	0	0	0	0	0	0	0	0	0	0	0	0	0	0	0	0	0	0	0	0	0	0	0	0	0	0	0	0	0	0
C2_03870W_A	GNA1	0	0	0	0	0	0	0	0	0	0	0	0	0	0	0	0	0	0	0	0	0	0	0	0	0	0	0	0	0	0	0	0	0	0	0	0	0	0	0	0	0	0	0	0	0	0	0	0	0	0	0	0	0	0	0	0	0	0	0	0
C2_03880C_A	C2_03880C_A	0	0	1	0	0	0	0	0	0	0	0	0	0	1	1	2	0	0	0	0	1	0	0	0	0	0	0	0	0	0	0	0	0	0	0	0	1	0	0	0	0	0	0	0	0	0	0	0	0.887	0	0	1	0	0	0	0	0	1	0	0
C2_03890W_A	C2_03890W_A	0	1	0	0	0	0	0	0	0	0	0	0	0	0	0	0	0	0	0	0	0	0	1	0	0	0	0	0	0	1	0	1	0	0	0	0	0	0	0	0	0	0	0	0	0	0	0	0	1	0	0	0	0	0	0	0	0	0	0	1.138
C2_03900C_A	C2_03900C_A	0	1	0	0	1	0	1	0	0	1.086	0	2	0	0	1.03	0	1	2	0	0	2	1	0	0	0	0	1	0	0	0	0	1	0	0	0	0	1	0	0	0	0	0	0	0	0	0	0	0	2.958	1.2	2	0	2	1	1	1.035	0	0	0	2.169
C2_03910C_A	C2_03910C_A	0	0	0	0	0	1.994	0	2	1	0	1	1.314	0	0	1	0	0	0	0	1	0	1	2	0	1.7	2	1	0	1	0	2.464	0	0	0	0	0	1	0	0	0	0	1	0	0	1	2	0	0	0	0	0	2.161	0	0	0.928	0	0	0	0	0
C2_03920C_A	GPI13	1	1	1	0	0	2.59	0	1.146	0	0	0	0	0	0	0	0	0	0	1	0	0	2	1	0	2	0	2	1.002	2	0	0	2	3	5	1.097	0	2	0	1	0.852	0	0	0	0	0	0	0	0	0	0	1.949	0	0	3	3.136	1	2.13	3.358	0	1
C2_03930C_A	C2_03930C_A	0	0	0	0	1	0.744	2	0	5	2	10	4	0	0	0	1.001	0	0	0	0	2	0	0	0	2	1	0	0	0	0	2.887	0	1	1	0	0	0	0	0	1	0	1	0	0	1.001	0	1	0	0	1	1	1.222	0	2	1	0	3.523	0	1.371	1
C2_03940C_A	SCH9	0	1	0	0	0	1	1	1	1	0	2	0.944	0	1	0	0	0	0	1	2	3	1	1	0	0	0	3	0	0	1	2	0.683	1	0	0	1.032	0	0	0	1	0	1	0	0	1	2	1	1	0	1	0	0	0	0	0	1	1.291	1	2	1.235
C2_03950W_A	C2_03950W_A	0	0	0	0	1	0	0	0	0	0	0	0	0	0	0	0	0	0	0	0	0	0	0	0	0	0	0	0	0	0	0	0	0	0	0	0	0	0	0	0	0	0	0	0	0	0	0	0	0	0	0	0	0	0	0	0	0	1	0	0
C2_03960W_A	RPL39	1	1	2	0	0	0	0	0	0	0	0	0	0	0	0	0	0	0	2	1	0	2	0	0	0	0	0	0	0	0	0	0	0	0	0	0	0	0	0	0	0	0	0	0	1	0	1	0	0	0	0	0	0	0	0	0	0	0	0	0
C2_03970W_A	C2_03970W_A	0	0	1	1	0	0	0	0	0	0	0	0	1	1	1	0	0	2	1	3	0	0	0	0	1	0	0	0	0	0	0	0	1	0	0	0	0	0	0	0	1	0	0	0	0	0	0	1	0	0	0	0	0	0	0	0	0	0	0	0
C2_03980C_A	MED1	0	0	0	1	0	0	0	0	0	0	0	1	0	0	0	0	0	0	0	0	0	0	0	0	0	0	1	0	1	0	0	1	0	0	0	0	0	0	0	1	0	0	0	0	1	0	0	0	0	0	0	0	0	1	0	0	1	0	1	0
C2_03990W_A	GCD7	0	0	1	0	0	0	0	0	0	1	1	0	0	0	0	0	0	0	1	0	0	0	0	0	1	0	1	0.997	0	1	0	0	0	0	0	0	1	0	4	1	0	0	0	0	1	0	0	0	1.59	0	0	0	6	1	1	3.042	0	0	0	0
C2_04000C_A	C2_04000C_A	0	0	0	0	0	0	1	2	0	0	0	1	0	0	0	1	0	0	0	0	0	0	0	0	1	0	1	1	0	1	0	0	1	0	0	0	0	0	1	0	0	0	0	0	0	0	0	0	0	0	0	1.431	1	0	1	1	1	0	0	1
C2_04010C_A	HSP21	0	0	0	0	0	0	0	0	0	0	0	1	0	0	1	0	0	0	0	0	0	0	0	0	0	0	0	0	0	1	0	1	2	0	0	0	0	0	0	0	0	0	0	0	0	0	0	0	1	0	1	0	0	0	0	0	0	0	0	1
C2_04020C_A	SDS22	0	0	0	0	0	3	2	5	1	0	0	0	0	1	0	1	0	0	0	0	0	0	0	0	3	0	0.748	2	0	0	0	0	3	0	1	1	0	0	0	1	1	0	1	0	0	0	0	0	0	0	1	0	1.001	0	0	0	1	0	0	0
C2_04030C_A	ACP12	0	0	0	0	0	0	0	0	0	0	0	0	0	0	0	0	0	0	0	0	0	0	0	0	0	0	0	0	3	1	3	3	0	1	0	0	0	0	0	0	0	0	0	0	0	0	0	0	0	0	0	0	1	0	0	0	0	0	0	0
C2_04040C_A	DCK2	1	0	2	0	3.935	1.002	2	4.162	2.227	0	2	3.271	0	0	1	0	0	0	2.146	1	1	1	0	1	0.988	3.75	1.038	2.139	1.2	3	2.001	1.99	1	1.36	0	1.433	1	0	0	0	1	0	0	0	0	0	0	1	0	0	0	0	2	2	1	4	0	3.59	1.674	1.092
C2_04050C_A	DCK1	0	2	0	0	4	3	3	4.001	2.207	4.08	0	5	0	0	0	0	1	0	0	2	0	0	2	2	0	1.053	3	1	2.347	0	2	0	0	0	0	0	0	1	0	3	0	3	0	1.176	4	2	0	2	3.114	3	3.156	2	6	8	8	8.585	4	2.179	2.778	3.452
C2_04060C_A	SSY1	0	1	0	0	0	1	1	0	1	1	2	3	0	0	0	0	1.018	0	1	0	1	1	0	0	0	2	1	2	0	1	0	1	0	0	3	0	0	0	0	0	0	0	1	0	0	2	3	0	0	1	0	3.141	0	1	2	2	0	0	0	0
C2_04070C_A	C2_04070C_A	0	0	0	0	0	0	0	0	0	0	0	0	0	0	0	0	0	0	0	0	0	0	0	0	0	0	0	0	0	0	0	0	0	0	0	0	0	0	0	0	0	0	0	0	0	0	0	0	0	0	0	0	0.999	0	0	0	0	0	0	0
C2_04080W_A	C2_04080W_A	1	0	0	0	0	0	0	0	0	0	1	0	0	1	0	0	1	0	0	0	7	5	0	4	0	0	0	3	1	0	1	0	0	0	0	0	1	1	0	3	0	0	0	0	0	0	0	0	0	1	0	0	0	1	0	0	3.931	1.224	1.367	0
C2_04090W_A	C2_04090W_A	0	1	2	1	0	0	0	1	0	2	0	0	1	0	0	1.001	2	2	0	1	0	0	0	0	1	2	0	2	0	0	0	0	0	0	1	1	0	0	0	0	0	0	0	0	1	2	0	0	0	1	3.812	1	0	0	0	1	0	0	1.282	0
C2_04100W_A	C2_04100W_A	0	0	0	0	1	0	0	0	0	0	0	0	0.999	1	0	0	0	0	0	0	0	0	3	0	1	1	1	0	0	2	0	0	0	1	1	0	0	1	0	0	0	0	0	0	0	0	0	0	0	1	1	0	0	1	0	1.479	0	1	0	0
C2_04110W_A	C2_04110W_A	0	0	1	2	0	0	0	0	0	3	0	0	0	0	0	0	0	0	1	0	4	0	0	0	2	1.505	3	2	1	1	1	1	1	2	1	0	0	0	1	1	0	0	0	2	0	1.006	3.79	0	0	3	0	2	3	1	2	0	0	1.099	2.047	4.101
C2_04120C_A	NOP12	0	0	0	0	1	0	1	0	0	0	0	1	0	0	0	0	0	1	1	0	0	0	3	0	1.192	0	0	1	0	0	0	0	0	2	0	0	0	0	0	0	0	0	0	0	1	0	1	0	0	0	2	0	2	1	0	1	1.031	1	1.952	0
C2_04130W_A	C2_04130W_A	1	1	0	0	0	0	1	2	0	0	0	0	0	0	0	0	0	0	0	0	0	0	1	0	0	0	0	1	0	0.999	0	0	0	0	0	0	0	0	0	0	0	0	0	0	0	0	0	0	2.536	0	0	1	6.006	3	4	2	0	0	1.875	1
C2_04140W_A	CHS5	2.033	1.001	1	1	0	0	0	0	2	0	0	1	0	0	0	0	1	0	0	1	0	0	0	0	0	0	0	0	1	0	0	1	1	0	1	0	3	2	2	4	0	0	0	0	1	0	0	0	0	0	0	0	0	0	1	0	1	0	0	1
C2_04150C_A	VMA7	0	0	0	0	0	0	0	0	0	0	0	0	0	0	0	0	0	0	0	0	0	0	0	0	1	0	0	0	0	0	1	0	0	0	0	0	0	0	0	0	0	0	0	1	0	0	0	0	0	0	0	0	0	0	0	0	0	0	0	0
C2_04160W_A	C2_04160W_A	0	1	0	0	0	0	0	0	1	0	0	0	2	0	0	0	0	0	0	0	0	0	0	0	0	0	0	1	0	0	0	0	0	0	0	0	0	0	0	0	0	0	0	0	1	0	2	0	0	0	0	0	0	0	1	0	1	0	0	0
C2_04170C_A	C2_04170C_A	2	0	1	0	5	7	10	7	0	3	4	0	0	0	0	0	0	0	0	0	0	1	0	1	1	2	0	0	0	0	0	1	3	1	1	4	1	0	1	0	0	0	0	0	2	1	2	0	0	0	0	0	0	0	0	0	0	0	0	0
C2_04180C_A	C2_04180C_A	0	0	2	0	2	1	0	1	0	1	0	1	0	0	1	0	0	0	0	2	1	0	0	0	0.995	0	0	0	5	4	2	1	0	0	0	0	0	0	0	1	0	0	0	0	0	1	0	2	0	0	0	1	1	0	0	0	0	1	0	0
C2_04190C_A	UGA1	0	0	0	0	0	0	0	0	0	0	0	0	0	0	0	0	0	0	0	0	0	0	0	0	0	0	0	0	0	0	0	0	0	0	0	0	0	1	0	0	0	0	0	0	0	0	0	0	1	0	0	0	3	3	1	0	0	0	0	1
C2_04200W_A	TBF1	0	0	0	0	0	2.999	1	1	0	0	1	1	0	0	0	0	2	1	2	2	1	0	0	0	1.003	0	0	1	0	0	1.314	0	1	1	0	0	0	0	0	0	0	0	0	0	0	2	0	1	0	2	0	1	2.399	1	2	2	0	1	0	1
C2_04210W_A	STE4	0	0	0	0	0	0	0	0	0	0	0	0	0	0	0	0	1	1	0	0	0	0	0	0	2	0	0	0	1	0	0	1	0	0	0	0	0	1	1	0	0	0	0	0	1	0	0	2	1	0	0	0	0	0	1	0	0	0	1	0
C2_04220C_A	TAF14	0	0	0	0	0	0	0	0	0	0	0	0	0	0	0	0	1	0	0	0	3	2	3	5	0	0	0	0	0	0	0	0	0	0	0	0	0	0	0	0	0	0	0	0	0	0	0	0	0	0	0	0.823	0	1	0	2	0	0	0	1.413
C2_04230W_A	BAT21	0	0	0	0	0	0	0	1	0	0	1	1	0	0	0	0	0	0	0	0	1	0	1	0	0	1	1	0	0	0	0	0	0	0	0	0	1	0	0	1	0	0	0	0	0	1	1	0	0	0	0	0	0	0	0	1	2	0	0	0
C2_04240C_A	HYM1	0	0	0	0	0	0	0	0	0	0	0	0	0	0	0	0	0	0	0	0	0	0	0	0	0	0	1	1	0	0	2	1	0	0	0	0	0	0	0	0	0	0	0	0	0	0	1	0	0	1.482	0	0	0	0	0	0	0	0	0	0
C2_04250W_A	VPS36	0.999	2	0	0	0	1.423	0	1	0	0	1	0	2	0	0	0	1	0	1	1	1	1.316	0	1	0	1.999	2	1	1	0	0	0	1.259	0	0	0	1	2	1	0	1	0	0	0	0	0	0	0	1.262	1	1	0	1.138	2	0	2	2	0	1	0
C2_04260W_A	SSN3	1	0	0	0	2	1.558	0	1	0	2	0	0	0	0	1	0	4	0	0	1	0	0	0	0	0	0	2	1	0	0	1	1	1	0	0	0	0	0	0	0	0	0	0	0	0	0	0	0	1	0	1	0	1	3	1	0	1.641	0	1.241	0
C2_04270W_A	CAK1	1	0	0	1	0	1	1	6	0	0	0	0	1	1	0	0	1	0	0	0	0	0	0	0	1	0	1.851	0	0	1	1	0	0	0	0	0	0	0	0	0	0	0	0	0	0	0	0	1	0	0	0	0	0.951	0	0	0	0	0	0	0
C2_04280W_A	C2_04280W_A	0	1	0	0	3	1	1	0	2	6	5	2	0	0	0	0	0	0.996	1	1	0	2	1	0	5	0	4	3.793	2	2	1.218	6	0	0	0	0	0	0	0	0	0	0	0	0	0	0	0	0	0	0	0	0.831	1.945	1	0	0	2	0	2	0
C2_04290W_A	RIM11	0	0	0	1	0	0	0	0	0	0	0	0	0	0	0	0	0	0	0	0	0	0	0	0	0	0	0	0	0	0	0	0	0	0	0	0	0	0	0	1	0	0	0	0	0	0	0	0	0	0	1	0	0	0	0	0	0	0	0	0
C2_04300C_A	C2_04300C_A	0	0	0	0	1	0	0	0	1	0	1	0	0	0	0	0	0	0	0	0	0	0	0	0	0	0	0	0	0	0	0	0	1	1	1	1	0	0	1	0	0	0	0	0	0	0	0	0	0	0	0	0	0	0	0	0	1.893	0	0	0
C2_04310W_A	ERG10	0	0	0	0	0	0	0	0	1	4	1	2	0	0	0	0	0	0	0	0	5	5	4	5	1	0	1	0	0	0	0	1	0	0	0	0	2	2	3	3	0	0	0	0	0	0	2	0	1	0	0	0	2	3	4	3	0	1	0	0
C2_04320W_A	C2_04320W_A	0	0	0	1.002	1.331	0	0	1	0	0	1.001	0	0	1	0	0	2	0	0	1	0	2	0	0	2	1.874	0	1	1	0	0	0	0	0	0	0	0	0	1	0	0	2	0	0	0	0	0	0	0	1.481	1	0	0	3	0	0	1	0	1	1
C2_04330C_A	C2_04330C_A	0	0	1	0	0	1.002	0	0	0	0	0	0	0	0	0	0	0	0	0	0	1	0	0	0	3.144	0	0	0	0	0	0	0	1	2	0	0	0	0	2	0	0	0	0	4	0	0	0	1.007	2.948	0	4	1	0	2	1	1	0	1	0	0
C2_04340C_A	C2_04340C_A	0	0	0	0	0	0	0	0	0	0	0	0	0	0	0	0	0	0	0	0	0	0	0	0	0	0	0	0	0	1	0	0	0	0	0	0	0	1	0	0	0	0	0	0	0	0	0	0	1	0	0	0	0	1	0	0	0	2	0	0
C2_04350C_A	SUV3	0	0	0	1	1.474	0	0	2	1	0	2	0	0	1	0	1	2	0	0	0	0	0	0	0	0	1	0	0	0	1	0	0	1	0	1.987	0	0	0	2	0	0	0	0	0	1	0	0	0	0	0	0	1.518	0	1	2	0	0	0	1	0
C2_04360W_A	C2_04360W_A	0	2	0	0	0	0	0	3	0	0	0	0	0	0	1.053	1	0	1	0	0	1	0	0	1	2	0	2	1.038	2.002	1	0	0	0	0	1	0	0	0	1	1	0	0	1	1	2	0	0	0	1	3.328	0	0	0	0	0	0	1.313	1.688	3.372	0
C2_04370W_A	C2_04370W_A	1	0	0	0	0	0	0	1	3	0	1	0	0	0	0	0	0	0	1	0	0	0	0	0	1	1.366	0	0	0	0	0	1	0	0	0	0	0	0	0	0	0	0	0	0	0	0	0	0	0	1	0	0	0	1	0	0	0	0	0	0
C2_04380C_A	C2_04380C_A	0	0	0	0	0	0	0	0	0	0	0	0	1	0	1	0	0	0	1	0	0	1	0	0	0	0	0	0	0	0	0	2	0	0	0	0	0	0	0	0	0	0	0	0	0	0	0	0	0	0	0	0	0	0	2	0	0	0	2	0
C2_04390W_A	C2_04390W_A	0	0	0	0	0	0	0	0	0	0	0	0	0	0	0	0	0	0	0	0	0	0	0	0	0	0	0	0	0	0	0	0	0	0	0	0	0	0	0	0	0	0	0	0	0	0	0	0	0	0	0	0	0	0	0	0	0	0	0	0
C2_04400W_A	C2_04400W_A	0	0	0	0	0	1	0	0	1	0	1	0	0	0	0	0	0	0	0	0	0	0	1	0	0	0	0	0	2	0	0	0	0	0	0	0	0	0	0	0	0	0	0	0	0	1	0	0	0	0	0	0	0	0	0	0	1	0	0	0
C2_04410W_A	C2_04410W_A	0	0	0	0	1	0	0	1	0	0	0	0	0	1	0	0	0	0	0	1	0	0	0	0	0	0	0	2	0	0	2	1	0	0	0	1	0	0	0	0	0	0	0	0	0	0	0	0	0	0	0	0	0	0	1	0	0	0	0	0
C2_04420W_A	IFA4	1	0	0	1.451	0	0	1	2	0.977	0	0	1	0	0	1	0	1	0	0	0	0	0	0	0	0	0	0	0.994	4.244	2.58	1	0	1	1	1	0	1.013	0	1	0	0	0	0	0	1	3	0	1	0	1	1.124	1.188	2	0	1	0	0	0	0	2.322
C2_04430W_A	C2_04430W_A	0	0	0	0	0	0	0	0	0	0	1	0	0	0	0	0	0	0	0	0	0	0	0	0	0	0	0	0	1	0	0	0	0	1	0	1	0	0	0	0	0	0	0	0	1	0	0.989	1	0	0	0	0	0	0	0	0	0	0	0	0
C2_04440W_A	C2_04440W_A	0	0	0	0	0	0	1	0	0	0	1	0	1	0	0	0	0	0	0	0	0	0	0	0	0	0	0	0	0	0	0	0	0	0	0	0	1	0	0	0	0	0	0	0	0	0	1	0	0	0	1	0	0	0	0	0	0	0	1	0
C2_04450W_A	C2_04450W_A	0	1	0	0	0	0	0	0	0	0	1	0	1	0	1	0	1	0	0	1	0	0	0	0	0	0	0	1	0	0	0	0	0	0	0	0	0	0	0	0	0	0	0	0	0	0	0	0	0	0	0	0	0	0	0	0	1.229	0	0	0
C2_04460W_A	LYS22	1	2	0	1	0	0	0	2	0	0	0	1	0	0	0	2.07	0	1	1	0	0	0	0	0	0	0	0	0.752	1	0	1	0	1	0	0	0.99	0	0	0	0	0	0	0	0	0	0	0	0	0	0	3	0	0	2	0	1	1	2	2.513	0
C2_04470W_A	ADH3	0	0	0	0	1	1	0	0	0	0	0	0	0	0	0	0	0	0	0	1	0	0	0	0	1	0	0	0	0	0	0	0	0	0	0	1	0	0	0	0	0	0	0	0	0	0	0	1	1	0	0	0	0	0	0	0	0	0	0	0
C2_04480W_A	C2_04480W_A	0	0	0	0	0	0	1	0	0	0	0	0	1	0	0	0	0	0	0	0	2	1	1	2	1	0	0	0	0	0	0	0	0	0	0	0	0	0	0	0	0	0	0	0	0	0	0	0	0	0	0	0	0	0	0	0	0	2	2	1
C2_04490W_A	C2_04490W_A	0	0.966	0	0	0	1	0	2	0.999	0	0	1	1	0	0	0	0	0	0	0	1.949	3	3	1	0	0	0	0	0	1	0	0	0	0	0	0	0	0	0	0	0	0	0	0	2	2	1	1	0	0	0	0	4	1	1	6	0	1	0	1
C2_04500W_A	C2_04500W_A	0	0	0	0	0.999	1.012	1	0	0	0	0	1	0	0	0	1	1	0	0	1.102	0	0	0	0	1.032	0	1.19	0	0	0	4.063	0	1	1	3	1	0	0	1	2	0	0	0	0	1.964	0	0	2	0	0	1	0	0	2	3	0	0	0	4.873	2.571
C2_04510W_A	RIM2	0	0	0	0	0	1.735	0	0	0	0	0	0	0	1	0	0	0	0	0	0	0	0	0	0	0	0	0	0	0	0	0	0	1	0	0	0	0	0	0	0	1.147	0	0	0	0	0	0	0	0	0	1	1.425	1	0	1	0	0	0	1.804	0
C2_04520C_A	C2_04520C_A	0	0	1	0	0	0	0.982	1	0	0	0	0	0	0	0	0	0	1	0	1	0	0	0	0	0	0	0	0	0	0	1	0	0	0	0	0	0	0	0	0	0	0	0	0	0	0	1	0	0	1	0	0	2.913	5	2	0	1.023	0	0	1.16
C2_04530W_A	MED8	0	0	0	0.997	0.983	0	0	0	0	0	0	0	0	0	0	0	0	0	0	0	0	0	0	0	1	0	0.999	0	0	0	0	0	0	0	0	0	0	0	0	0	0	0	0	0	0	0	0	1	0	0	0	0	0	0	0	0	0	0	0	0
C2_04540C_A	GDT1	0	0	0	0	0	0	0	0	2	0	0	0	1	0	0	0	0	0	0	0	0	0	1	0	4	1	2	4	0	0	1	0	2	0	0	0	0	0	0	0	0	0	0	0	1	0	0	0	2	0	0	0	0	2	1	0	1	0	0	2
C2_04550C_A	NDH51	1	0	0	0	0	0	0	0	0	1	0	1	0	1	0	0	0	0	0	0	1	2	0	1	3.044	2.136	2.873	0	0	0	0	0	0	0	0	1	0	0	0	0	0	0	0	0	2	1	3	0	0	1.649	2	0	0	1	0	1	0	0	0	0
C2_04560W_A	KTR2	5	3	5	8	7	7	10	6	9.057	6	2.001	2	5	8	5	6.808	5	3	5	5.812	6	9	4	9	8.953	17.634	7.033	7	5.054	14	11.237	7	4	3	9	7	6.999	8	4	4	6	1	4	2	5	3	3	6	9.944	10	8.948	8	12	3	6	11	17	14.889	12.963	10.978
C2_04570W_A	C2_04570W_A	0	0	0	1	0	0	0	0	0	0	0	1	0	0	0	1	1	0	1	0	3	1	3.151	3	2	1	1.004	0	0	0	0	0	0	0	0	0	0	0	0	1	0	0	0	0	1	4	3	3	0	0	1	1	2	3	1	3	0	0	0	0
C2_04580W_A	ERG20	0	0	0	0	0	0	0	1	0	0	0	0	0	0	0	0	0	0	0	0	0	0	0	0	1	1	0	1	0	1.045	0	0	0	1	0	0	0	0	0	1	0	0	0	0	0	0	0	0	1	0	0	0	0	0	0	0	0	0	0	0
C2_04590C_A	QCR8	0	0	0	0	0	0	2	0	1	0	1	1	0	0	1	0	1	0	0	1	0	0	0	0	0	0	3	1	1	2	2	1	0	0	0	1	0	0	1	0	0	0	0	0	2	4	5	4	0	0	0	0	1	0	3	1	0.807	0	0	0
C2_04600C_A	RPL17B	0	0	0	0	0	0	0	0	0	0	0	0	0	0	0	0	0	0	0	0	0	1	0	0	0	0	0	0	0	1	0	0	0	0	1	0	0	0	0	0	0	0	0	0	1	0	1	0	0	0	0	0	3	2	1	2	0	0.996	1	0
C2_04610C_A	C2_04610C_A	0	0	0	0	0	0	0	0	0	0	0	0	0	0	0	0	0	0	1	0	0	0	0	0	0	0	0	0	0	0	0	0	0	0	0	0	0	0	0	0	0	0	0	0	0	0	0	0	0	0	0	0	0	0	0	0	0	0	0	0
C2_04620W_A	C2_04620W_A	0	0	0	0	1	1	2	1	4.013	6	10	7	0	0	3	0	19	8	12	13.963	0	2	0	0	8	3	3	2	3	1.001	0	0	0	1	0	0	1	0	2	1	2	0	0	0.999	1	2	0	1	0	0	4	0	1.969	1.219	1	0	3	0	0	3.324
C2_04640C_A	SNU114	0	1	0	1	0	0	0	1	1	2.131	0	0	1	0	0	0	0	3	0	0	0	2	0	2	0	0	0	0	0	0	0	1	0	1	0	0	0	0	0	0	0	0	3	0	0	0	0	0	1	1.296	1	1.367	2	2	2.245	0	2.891	2	0	2
C2_04650C_A	RPB4	0	0	0	0	0	0	0	0	0	0	0	0	0	0	1	0	0	0	0	2	0	0	0	1	0	0	0	0	1	1	0	0	0	0	0	0	0	0	1	0	0	0	1	0	0	0	0	1	1	1	0	0	0	2	3	1	0	0	0	0
C2_04660C_A	YAK1	0	0	3	1	0	0	2	2	1	1	1.356	1	2	1	0	0	1	0	1	1	0	2	0	0	1	1	2	1	1	1	1	1	1	0	1	0	2.998	1.184	0	0	1	0	0	1	1	0	0	0	4.412	0	2.273	2.338	1.002	2	0	1	2	2.008	2	0
C2_04670W_A	C2_04670W_A	0	0	0	0	0	0	0	2	0	0	0	0	0	0	0	0	0	0	1	0	0	0	0	0	1	0	1	0	0	1	0	0	0	0	0	0	0	0	0	0	0	0	0	0	0	0	0	0	2	0	1	0	0	0	0	0	0	0	1	0
C2_04680W_A	TIM17	0	0	0	0	0	0	0	0	0	0	0	0	0	0	0	0	0	0	0	0	0	0	0	0	0	0	0	0	0	0	0	0	1	0	0	0	0	0	0	0	0	0	0	0	0	0	0	0	0	0	0	0	0	0	0	0	0	0	0	0
C2_04690C_A	TPO5	0	1	0	2	1	0	1	1	0	0	1	0	0	0	3	0	0	0	0	1	2.003	1	1	0	0	0	0	1.356	1	0	0	0	4	1	1	0	0	0	0	0	0	0	0	0	2.997	0	0	0	2	0	3.836	0	0	0	2	1.001	1	1	4.694	0
C2_04700C_A	C2_04700C_A	0	0	0	0	0	0	0	1	1	0	0	0	1	0	0	0	0	0	0.998	1	2.868	0	1	0	3.848	1.88	0	2	1.997	0	0	0	1	0	0	0	0	0	0	0	0	0	0	0	1.568	0	0	0	0	0	0	0	0	1	0	0	1	1	1.593	0
C2_04710C_A	URE2	0	0	0	0	0	3	0	1	0	0	0	0	0	0	0	0	0	1	0	0	0	0	1	1	1	0	0	1	0	0	0	0	0	1	0	0	0	0	0	0	0	0	0	0	0	0	0	0	1	0	0	0	1	1.683	1	0	2	1	0	0
C2_04720C_A	FGR51	0	0	0	1	0	0	0	0	0	0	0	0	0	0	0	1	0	0	0	0	1	0	1	0	0	1	0	1.999	1	0	0	0	0	1	0	0	0	0	0	1	1	0	0	0	0	0	0	1	0	0	1	0	0	1	0	0	1.043	0	0	0
C2_04730W_A	C2_04730W_A	0	0	0	0	2	2	0	0	0	1	0	1	1	0	1	0	1.406	2	0	0	0	0	0	0	0	1	0	0	3	5	4	3	0	0	1	0	1	0	0	0	0	0	0	0	0	1	0	0	1.1	0	0	0	0	0	0	0	0	1	1	1.706
C2_04740C_A	C2_04740C_A	0	0	0	0	0	1	0	0	0	0	0	0	0	1	0	1	0	0	1	0	0	0	0	0	0	0	0	1.211	0	0	0	0	0	0	0	0	0	1	0	0	0	1	0	1	1	1	0	0	0	0	0	0	0	0	0	0	0	0	0	0
C2_04750W_A	C2_04750W_A	0	0.898	0	1	1	0	0.999	1	0	0	0	1.808	2	0	1	1	0	0	1	0	2.833	0	0	0	2	0	1	1	0	0	0	0	0	0.952	0	1	0	0	1	2	0	0	0	0	0	1	1	0	1	1	1	1	1	0	2.29	1.004	1	1.283	0	0
C2_04760W_A	KIC1	1	0	0	0	0	1	1	0	0	1	0	1	0	0	0	0	0	0	1	1	0	0	0	0	0	2	0	0	0	1	2	0	0	2	0	0	0	0	0	0	0	0	0	0	0	0	1	0	2.202	3	1	1	1.232	1	3	0	4.352	0	0	0
C2_04770W_A	C2_04770W_A	0	0	0	0	1	0	0	0	1	0	1	0	0	1	0	0	0	0	0	1	0	0	0	0	0	0	0	0	4	4	4	1	1	0	1	0	0	0	0	0	1	0	0	0	0	0	1	0	0	0	0	2	1	0	0	0	0	1	1	0
C2_04780W_A	C2_04780W_A	0	0	0	0	4	4.105	2	1	4	4	1	3	0	0	0	0	0	1	1	2	1	2	1.008	0	2	1	2.998	3.241	5	2	9.906	7	0	0	0	0	0	0	1	0	0	0	1	1	0	1	2	2	1	1.367	2.56	0	2	7	4	2	3	1	2.44	2.198
C2_04790C_A	C2_04790C_A	0	1	0	0	0	1	1	0	0	0	1	0	0	0	0	0	0	0	0	0	0	1	0	1	0	1	0	1	0	0	0	0	0	0	0	0	0	0	0	0	0	0	0	0	0	0	0	0	0	0	0	0	0	0	0	0	0	0	1	0
C2_04800C_A	MDM10	0	0	0	0	0	3	0	0	3	7.991	4	4	0	2	0	0	0	0	2	0	1	0	0	0	1	1	0	0	0	0	0	0	0	2	0	0	1	0	0	0	0	0.975	0	0	0	2	1.364	0	1	0	0	1.197	1.798	1	0	1	0	0	0	1
C2_04810W_A	HIS3	0	0	0	0	0	0	0	0	1	0	0	0	0	0	0	0	0	0	1	0	0	0	0	0	0	0	0	0	0	0	0	0	0	0	0	0.97	0	0	0	0	0	0	0	0	0	0	0	0	0	0	0	0	0	0	0	0	0	0	0	0
C2_04820W_A	C2_04820W_A	1	0	0	0	0	0	0	0	0	1	1	0	1	0	0	0	0	0	0	0	0	1	0	0	0	0	0	0	1	0	1	1	0	0	0	1	0	1	0	0	0	0	0	0	1.739	0	0	0	1.737	0	0	0	0	2	1.878	0	1	0	0	0
C2_04830W_A	C2_04830W_A	0	0	0	0	1	0	1	0	0	2	0	0	1	0	0	1	0	0	1	0	0	0	0	0	0	0	0	1	0	0	0	0	0	0	0	2	0	0	0	0	0	0	1	0	0	0	1	0	1	0	0	0	0	0	0	0	0	0	0	0
C2_04850C_A	C2_04850C_A	0	0	2	0	3	3	7	4	0	0	0	1	0	0	0	0	4	3	1	1	0	0	0	1	1	1	1	2	0	0	0	0	0	1	0	0	0	0	0	0	0	0	0	0	7	3	7	8	1.424	0	0	0	1	0	0	1	0	1	0	2
C2_04860W_A	PZF1	0	0	0	0	0	1	0	0.993	0	0	1	0	0	0	0	0	0	0	0	0	0	0	0	1	0	1	2	0	1	0	2	0	0	0	0	0	0	0	0	0	0	1	0	0	0	0	0	0	1	0	0	0	1	1	1	1	0	0	0	2
C2_04870C_A	C2_04870C_A	0	0	0	1	4.249	1.01	6	1	4	5	6	1	1	2	1	0	4.001	4	0	3	0	0	0	0	1	2	4.003	0	4	1	1.096	3.002	0	0	3	3	1	1	0	0	1	0	0	0	2	5	4	8	2.857	0	2	0	0	1	2	2	1	2	2	6.059
C2_04880C_A	ARH2	0	0	0	0	0	0	0	0	0	0	0	0	0	0	0	0	0	0	0	0	0	1	1	0	0	0	0	0	0	1	0	0	2	3	2	4	0	0	0	0	0	0	0	0	1	0	1	1	0	0	0	0	1	0	0	0	0	0	0	0
C2_04890C_A	tD(GUC)5	0	0	0	0	0	0	0	0	0	0	0	0	0	0	0	0	0	0	0	0	0	0	0	0	0	0	0	0	0	0	0	0	0	0	0	0	0	0	0	0	0	0	0	0	0	0	0	0	0	0	0	0	0	0	0	0	0	0	0	0
C2_04910W_A	C2_04910W_A	0	0	0	0	0	0	0	0	0	0	0	0	0	0	0	0	0	0	0	0	0	0	0	0	0	0	0	0	0	0	0	0	0	0	0	0	0	0	0	0	0	0	0	0	0	0	0	0	0	0	0	0	0	0	0	0	0	0	0	0
C2_04920W_A	tG(GCC)3	0	0	0	0	0	0	0	0	0	0	0	0	0	0	0	0	0	0	0	0	0	0	0	0	0	0	0	0	0	0	0	0	0	0	0	0	0	0	0	0	0	0	0	0	0	0	0	0	0	0.167	0	0	0	0	0	0	0	0	0	0
C2_04930C_A	CRK1	0	1	0	0	0	1	0	0	0	0	0	1	0	0	1	0	1	0	0	0	2	0	0	0	0	1	1	0	0	1	0	0	0	0	0	0	0	0	0	0	0	0	0	0	0	1	1	0	1	0	1	0	2	0	0	0	0	0	1	1.716
C2_04940C_A	ITR1	0	0	0	0	0	0	1	0	0	0	0	0	0	0	0	0	1	0	0	0	2	0	1	2	0	0	1	0	0	1	0	0	3	1	1	3	1	2	2	1	0	0	0	0	1	1	1	1	0	0	0	2	0	0	1	0	0	1	0	1
C2_04950C_A	CYT1	0	0	0	0	0	0	0	0	0	0	0	0	0	0	0	0	0	0	0	0	0	0	0	0	2	2	0	0	0	0	0	0	0	0	0	0	1	0	0	0	0	0	0	0	1	1	2	1	0	0	0	0	1	0	0	0	1	0	0	0
C2_04960C_A	C2_04960C_A	0	0	0	0	0	0	0	0	0	0	0	0	0	0	1	0	0	0	1	1	0	0	0	0	0	0	0	1	1	0	1	0	0	0	1	0	0	1	0	0	0	0	0	0	2	2	1	1	0	0	1.98	0	1.532	0	0	0	1	0	0	0
C2_04970W_A	ABP2	0	1	0	0	0	0	1	0	0	0	0	1	1	1	0	0	0	0	0	0	0	0	0	0	2.013	0	1.014	0	1	0	0	0	0	0	0	1	0	0	0	0	1	0	2	0	1	0	0	0	0	0	0	0	0	1.001	1	0	0	0	1.458	0
C2_04980C_A	CKA2	0	0	1	0	0	0	0	0	2	1	0	1	0	0	0	0	2	1	3	0	1.282	0	0	0	0.959	0	0	1	0	0	0	0	0	0	0	0	0	0	1	0	0	0	0	1	0	0	0	0	0	0	0	0	0	0	0	0	0	0	0	0
C2_04990W_A	C2_04990W_A	0	0	0	0	0	1	0	0	0	0	0	1	0	0	0	0	2	0	0	1	0	0	0	1	0	1	1	1	1	0	2.999	0	0	0	0	0	1	0	0	0	0	0	0	0	0	0	0	0	0	0	0	1	1	0	0	0	0	0	0	0
C2_05000C_A	MRPL10	0	0	0	0	0	0	0	0	0	0	0	0	0	0	0	0	0	0	0	0	0	0	0	0	0	0	0	0	0	0	1	0	0	0	0	0	0	0	0	0	0	0	0	0	0	0	0	0	0	0	0	0	2	0	0	0	0	0	1	0
C2_05010W_A	tT(AGU)4	0	0	0	0	0	0	0	0	0	0	0	0	0	0	0	0	0	0	0	0	0	0	0	0	0	0	0	0	0	0	0	0	0	0	0	0	0	0	0	0	0	0	0	0	0	0	0	0	0	0	0	0	0	0	0	0	0	0	0	0
C2_05020W_A	C2_05020W_A	2	0	0	0	0	0	0	0	1	0	0	0	0	0	0	0	0	0	0	0	0	0	0	0	0	0	0	0	0	0	0	0	0	0	0	0	0	0	0	0	0	0	0	0	0	0	0	0	0	0	0	1	1	0	0	0	0	1	0	1
C2_05030C_A	RHO3	0	0	0	0	0	0	0	0	0	0	0	0	0	0	0	0	3	6	2	3	0	0	0	0	0	0	0	0	0	1	0	1	0	0	0	0	0	0	0	0	0	0	0	0	0	0	0	0	0	0	0	0	1.002	1	1	1	0	0	0	0
C2_05040C_A	C2_05040C_A	0	0	1	0	0	1	0	0	0	0	0	0	1	0	0	0	0	0	0	0	0	0	0	0	1	0	2	0	0	0	0	0	0	0	0	0	0	0	0	0	0	0	0	0	1	0	0	0	0	0	0	0	0	0	0	0	0	0	0	0
C2_05050C_A	GNT1	1	1	0	0	0	0	1	1	1.061	0	0	0	0	0	0	0	0	0	0	1	0	0	0	0	1	0	1	0	0	0	1	0	0	0	0	0	0	0	1	0	0	0	0	0	0	0	0	0	0	2	0	0	1	1	0	0	0	0	0	2
C2_05060C_A	C2_05060C_A	0	0	0	0	0	0	0	0	0	0	0	1	0	0	0	0	0	0	0	0	0	0	0	0	0	0	0	0	0	0	0	0	0	0	0	0	0	0	0	0	0	0	0	0	0	0	0	0	0	0	0	0	3	2	5	2	0	0	1	0
C2_05070W_A	FRE9	1	0	0	0	2	0	1	0	0	2	0	0	0	0	0	0	1	1	0	1	0	0	1	0	1.129	2	0	0	2	2.657	1.053	1	0	1	0	2	2	1	0	0	0	0	0	0	1	0	0	0	1	0	0	0	2	0	2.989	0	0	0	1.001	0
C2_05080C_A	C2_05080C_A	0	0	0	0	0	0	0	0	0	0	0	0	0	0	0	0	0	0	0	0	0	1	0	1	0	1	0	0	0	0	0	0	0	1	2	0	0	0	0	0	0	0	0	0	0	0	0	0	1	0	0	0	0	0	1	0	0	0	0	0
C2_05090W_A	MAK5	0	2	3	0	1	1	1	0	1	1	0	0	2	0	0	0	1	0	0	0	3	1	0	1	1.001	3.97	3.973	0	0	1	1	0	0	0	2	0	2	0	0	2	1	0	0	0	0	0	1	1	3	1	3	2	2	0	1	3	2.244	2	0	0
C2_05100C_A	ERF1	1	1	0	0	2	1	0	0	0	0	0	0	0	0	0	0	0	0	0	0	0	1	0	0	0	0	0	0	0	0	0	0	0	1	0	0	0	0	0	0	0	0	0	0	0	0	1.135	0	0	0	0	0	0	0	0	0	0	0	0	0
C2_05110W_A	LEM3	0	0	0	2	0	1	1	0	0	1	0	0	0	0	0	0	0	0	2	0	0	0	0	2	3	0	0	1	1	0	0	0	0	0	0	1	0	0	0	0	0	0	0	0	0	1	1	1	0	0	0	0	0	0	0	0	0	0	0	0
C2_05120C_A	C2_05120C_A	0	0	0	0	0	0	0	0	0	0	0	0	0	0	0	0	0	0	0	0	0	0	0	0	0	0	0	0	0	0	0	0	0	0	0	0	0	0	0	0	0	0	0	0	0	0	0	0	0	0	0	0	1	0	0	0	0	0	0	0
C2_05130W_A	C2_05130W_A	0	0	0	0	0	0	0	0	0	1	0	0	3	1	1	1	0	0	0	0	0	0	0	0	0	0	0	0	0	0	0	0	0	0	0	1	0	0	0	1	0	0	0	0	3	1	0	0	0	0	0	1	0	0	0	0	0	1	0	0
C2_05140W_A	CDC15	0	0	1	0	0	0	2	0	1	0	0	0	0	0	0	0	1	1	0	0	1	0	0	0	0	1	1	2	1	0	0	0	0	1	0	0	0	0	0	0	0	0	0	0	1	3	2	3	2.627	0	1	3.293	0	0	0	1	0	0	4.03	0
C2_05150W_A	PEX2	0	0	1	1	0	1	0	0	0	0	0	0	0	0	0	1	1	0	0	2	1.011	0	0	0	1	0	0	0	1	1	0	0	0	0	0	0	1	0	1	0	0	0	0	1	3	3	3	0	2	1	0	0	0	1	0	0	0	0	0	1
C2_05160C_A	C2_05160C_A	0	0	1	0	2.009	0	1	0	0	0	0	0	0	0	0	0	1	5	1	1	1	0	0	0	1	0	0	0	1	1	1.003	0	2	0	0	0	0	1	0	0	0	0	1	0	1	1	0	0	1	0	1.171	0	0.976	1	0	0	0	2	1	0
C2_05170W_A	C2_05170W_A	0	0	0	0	0	0	0	0	0	1	1	0	0	0	0	1	0	0	0	0	0	0	0	0	1	0	0	0	0	0	0	0	0	0	0	0	0	0	0	0	0	0	0	0	0	0	2	2	0	0	0	0	0	0	0	1	0	1	0	1.801
C2_05180W_A	WH11	0	0	0	0	0	0	0	0	0	0	0	0	0	0	0	0	0	0	0	0	0	0	0	0	0	0	0	0	0	0	0	0	0	0	0	0	1	2	0	1	0	0	0	0	0	0	0	0	0	0	0	0	0	0	0	0	0	0	0	0
C2_05190W_A	CDC21	0	0	0	1	3	0	1	0	0	0	0	0	0	0	0	0	1	0	0	0	0	0	0	0	0	0	0	1	1	0	0	0	1	0	0	0	0	0	0	0	1	0	0	0	0	0	0	0	0	1	0	1.85	0	2	0	1	1	0	0	0
C2_05200C_A	SGO1	1	1	0	2	1	1	0	0	0	0	0	1	0	1	0	0	0	0	0	0	0	0	0	0	0	0	0	1	0	2	0	1.169	0	0	1	0	0	0	0	0	0	0	1	0	0	0	0	0	0	1.588	1	0	0	0	0	0	0	0	0	0
C2_05210W_A	DAD2	0	0	0	0	0	0	0	0	0	0	0	0	0	0	0	0	0	0	0	0	0	0	0	1	0	1	0	0	0	0	0	0	0	0	0	1	0	0	0	0	0	0	0	0	0	0	0	0	0	1	1	0	1	1	1	3.011	0	0	0	0
C2_05220C_A	C2_05220C_A	0	0	0	0	5.3	0	2.845	1.461	0	0	1	1	0	0	0	0	0	1	1	1.006	0	2	0	0	3.952	1.065	0	0	2	0	0	0	0	0	0	0	0	1	0	1	0	0	0	0	0	0	1.996	0	0	1	0	3	3.002	0	0	1.642	1.962	1	0	2
C2_05230C_A	RPF2	0	1	0	0	1	0	2	0	1	0	0	1	0	0	0	0	0	0	0	0	1	0	0	0	0	0	0	0	0	0	0	0	0	0	1	0	0	0	0	1	0	0	0	0.997	0	0	1	0	0	0.757	0	1	0	0	1	0	0.996	0	0	0
C2_05240C_A	tQ(UUG)3	0	0	0	0	0	0	0	0	0	0	0	0	0	0	0	0	0	0	0	0	0	0	0	0	0	0	0	0	0	0	0	0	0	0	0	0	0	0	0	0	0	0	0	0	0	0	0	0	0	0	0	0	0	0	0	0	0	0	0	0
C2_05250C_A	AAT1	0	0	0	0	0	0	0	0	0	0	0	0	0	0	0	0	0	0	0	0	0	0	0	0	0	0	1	0	0	0	0	0	0	0	0	0	0	0	0	2.585	0	0	0	0	0	0	0	0	1	0	0	0	0	0	0	1.976	0	0	1	0
C2_05260W_A	BUD14	0	1	0	0	0	0	1	0	0	1	1.825	0	4	1	4	1	0	0	1	0	0	0	0	0	2	1.972	0	2	1	0	0	0	0	0	0	0	1	0	0	0	0	0	0	0	0	1	0	1	0	0	0	0	0.959	0	0	1	0	1.157	0	2.515
C2_05270W_A	C2_05270W_A	0	1	0	0	0	1	0.871	1.123	0	2	1	0	0	1	1	1	0	2	1	1	1	0	2.091	0	0	0	0	1.999	0	1	0	0	0	2	0	0	0	1	0	0	1	0	0	0	0	0	0.999	1	1.433	1.112	0	0	0	2.087	1.108	0	1	3	0	3.754
C2_05280C_A	GPI19	0	0	0	0	1	0	0	0	0	0	0	0	0	0	0	0	0	0	0	0	0	0	0	0	1	0	0	0	0	0	0	0	0	0	0	0	0	0	0	0	0	0	0	0	0	0	1	0	1	0	1	1.724	0	0	0	0	0	1	1.085	0
C2_05290C_A	C2_05290C_A	0	0	0	0	0	0.833	1.1	0	2	0	0	0	0	0	0	0	0	0	0	0	0	2	0	0	0	1.586	1	0	0	0	1	0	0	0	1	0	0	0	0	0	0	0	0	0	1	0	1	1	0	0	0	0	0.999	2	0	1	0	0	0	0
C2_05300C_A	C2_05300C_A	0	0	0	0	1	1	0	0	3	2	2	4	0	0	0	0	0	1	0	0	0	0	0	0.99	1	0	0	0	1	2	1	1	0	0	0	0	0	0	0	0	0	0	0	0	1	1	1	1	0	0	0	0	0	0	0	1	0	0	0	0
C2_05310C_A	C2_05310C_A	0	0	0	0	0	0	0	0	0	0	0	0	0	0	0	0	0	0	0	0	0	0	0	0	0	0	0	0	0	0	0	0	0	0	0	1.001	0	0	0	0	0	0	0	0	0	0	0	0	0	0	2	0	0	1	1	0	0	1	0	0
C2_05320W_A	CDC7	0	0	1	0	0	0	0	0	0	1	1.012	0	0	0	0	0	0	0	0	0	2	1	0	0	0	0	0	0	3	3	1	2	2	1	0	0	0	1	0	0	0	0	0	1	2	3	6	2	1.924	2	0	1	1	0	0	0	0	1	0	0
C2_05330C_A	C2_05330C_A	0	0	0	0	0	0	0	1	0	0	0	0	0	0	0	0	1	1	0	0	0	0	0	0	0	0	0	0	0	0	0	0	0	0	0	0	0	1	0	0	0	0	0	0	1	1	0	0	0	1	1.391	0	0	0	0	0	1	0	0	0
C2_05340C_A	RPC40	0	0	0	0	0	0	1	0	0	0	0	0	0	0	0	0	1	1	0	0	0.996	0	0	0	0	0	0	0	0	0	0	2	0	0.833	1	0	0	0	0	1	0	0	0	0	0	0	0	0	1	0	0	1	1	0	1.109	0	3	0	0	0
C2_05350C_A	C2_05350C_A	0	0	0	0	0	2	0	0	0	1	0	0	0	0	0	2	0	0	2	0	0	0	1	0	3	1	1	1	0	1	1	1	0	3	0	0	0	1	0	0	1	0	0	0	1	1	0	0	1	0	2	0	2.63	0	2	0	1	0	1	0
C2_05360C_A	BIO32	1	3	1	3	0	0	1	0	0	0	0	0	1	0	0	0	0	0	0	0	0	0	0	0	0	0	0	1	0	0	0	1.527	0	0	2	0	0	0	0	0	0	0	0	0	0	2	1	0	1	0	1	0	1	0	0	1.996	1	1	2	2
C2_05370C_A	RXT3	0	1	0	1	0	2	0	0	0	0	0	1	0	0	0	0	1	1	0	0	0	0	0	0	0	1	3.003	1	1.01	0	2	0	0	0	0	0	1	0	1	0	0	0	0	0	0	0	0	1.01	0	0	1	0	0	1	0	0	0	1	1	1.101
C2_05380W_A	C2_05380W_A	0	0	1	0	1	2	0	0	0	0	0	0	1	0	1	0	3	0	1	2	3	0	0	0	3	1	0	0	2	1	0	0	1	0	0	2	0	0	0	0	0	1	1	0	1	0	1	0	0	1	3	0	2	1	0	1	2.306	2	2.053	2
C2_05390C_A	C2_05390C_A	0	0	0	0	1	0	0	0	0	1	0	1	0	0	0	0	0	0	0	0	1	0	0	1	1	0	0	1	0	0	0	0	0	0	0	0	0	0	0	0	0	0	0	0	0	0	0	0	0	0	0	0	0	1	0	0	0	0.999	0	0
C2_05400W_A	C2_05400W_A	0	0	0	0	0	0	0	1	0	0	0	0	0	1	0	0	0	0	0	0	0	0	0	0	1	0	0	0	0	0	0	0	0	0	0	0	1	1	0	0	1	1	0	0	0	0	0	0	1.752	0	0	0	0	1	1	0	2	1	0	0
C2_05410W_A	C2_05410W_A	4	2	1	3	2	0	0	1	0	0	0	0	0	0	0	0	0	1	0	0	0	0	0	0	0	0	0	0	0	0	0	0	0	0	0	0	0	0	0	0	0	0	0	0	1	5	2	5	0	0	0	0	0	0	0	0	0	0	0	0
C2_05420C_A	C2_05420C_A	0	0	0	0	0	0	0	0	0	0	0	0	0	0	0	0	0	0	0	0	0	0	0	0	0	0	0	0	0	0	0	0	0	0	0	0	0	0	0	0	0	0	0	0	0	0	0	0	0	0	0	0	0	0	0	0	0	0	0	1
C2_05430C_A	tI(AAU)3	0	0	0	0	0	0	0	0	0	0	0	0	0	0	0	0	0	0	0	0	0	0	0	0	0	0	0	0	0	0	0	0	0	0	0	0	0	0	0	0	0	0	0	0	0	0	0	0	0	0	0	0	0	0	0	0	0	0	0	0
C2_05440W_A	PEX6	0	0	0	0	0	0	0	1	0	0	0	1	2	0	0	0	1	0	0	0	0	4	0	2	0	0	0	1	0	0	1.097	0	2	1	1	0.997	0	0	0	1	2	0	0	0	1	0	1	2	1.718	1	0	1	0	1.032	1	1	1	1	2	1
C2_05450C_A	MDJ2	0	0	0	0	0	0	1	1	0	0	0	0	0	0	1	1	0	0	0	0	0	0	0	0	0	0	0	0	0	0	1	0	0	0	0	1	0	0	0	0	0	0	0	0	0	0	0	1	1	0	0.878	0	0.999	1	0	1	0	0	0	0
C2_05460W_A	CDC19	0	0	0	0	0	0	0	0	0	0	0	0	0	0	0	0	0	0	0	0	0	0	0	0	0	1	2	0	0	0	0	0	0	0	0	0	0	0	0	0	0	0	0	0	0	0	0	0	0	1	0	0	1	1	1	0	0	0	0	0
C2_05470W_A	COQ5	0	0	0	0	0	0	0	0	0	0	0	0	0	0	0	0	0	0	0	0	0	0	0	0	0	0	0	0	0	0	0	0	0	0	0	0	2	1	5	1	0	0	0	1	0	0	0	0	0	0	0	0	0	0	0	0	0	0	0	0
C2_05480C_A	C2_05480C_A	0	0	0	0	0	0	0	0	0	0	0	0	0	0	0	0	0	0	0	0	0	0	0	0	0	0	0	0	0	0	0	0	1	0	0	0	0	0	0	0	0	0	0	0	0	0	0	0	0	0	0	0	0	0	0	0	0	0	0	0
C2_05490W_A	C2_05490W_A	0	0	0	0	0	1	0	0	0	0	0	0	0	0	0	0	0	0	0	0	0	0	0	0	0	0	0	1	1	0	0	0	0	0	0	0	0	0	0	0	0	0	0	0	0	0	0	0	1	0	0	0	0	0	0	1	0	0	0	0
C2_05500W_A	ATP4	0	0	0	0	0	0	1	1	0	0	1	0	0	0	0	0	0	0	0	0	0	0	0	1	0	0	0	0	1	0	0	0	0	0	0	0	0	0	0	0	0	0	0	0	0	1	0	1	0	0	1	0	0	0	0	0	0	0	0	0
C2_05510C_A	C2_05510C_A	0	0	0	0	0	0	0	0	0	0	0	0	0	2	1	0	0	1	0	0	0	1	0	0	1	1	0	0	0	1	1	1	1.989	1	1	0	0	0	0	0	0	0	1	0	0	0	0	0	3	0	1	0	1.001	0	0	1	0	0	1	0
C2_05520W_A	C2_05520W_A	0	0	0	0	0	0	0	0	0	0	0	0	0	0	0	0	0	0	0	0	0	0	0	0	0	0	0	0	1	0	0	1	0	0	0	0	0	1	0	0	0	0	0	0	0	0	1	0	0	0	0	0	0	0	0	0	0	1.388	0	0
C2_05530C_A	C2_05530C_A	0	0	1	0	0	0	0	0	6	8	5	8	0	0	0	0	1	0	0	0	0	0	0	0	0	0	0	0	0	0	0	0	0	0	0	0	0	0	0	0	0	0	0	0	0	0	0	1	0	0	0	0	0	0	0	0	0	0	0	0
C2_05540C_A	C2_05540C_A	0	0	0	0	0	0	0	1	0	0	0	0	0	0	0	1	0	0	0	0	0	0	2	1	0	0	0	0	0	0	0	0	0	0	0	0	1	0	0	1	0	0	0	0	1	2	5	1	0	0	0	1	0	1	0	0	0	0	0	0
C2_05550W_A	C2_05550W_A	0	0	0	0	1	0	0	0	0	0	0	0	0	0	0	0	0	0	0	0	0	0	0	0	0	0	0	0	1	1	1	2	0	0	0	0	0	1	0	0	0	0	0	0	0	0	0	0	0	0	0	0	0	0	0	0	0	0	0	0
C2_05560W_A	C2_05560W_A	0	0	1	1	0	0	0	0	0	0	1	0	0	1	0	0	0	0	0	0	0	0	1	2.833	0	0.886	0.911	0	0	0	3	1	0	0	0	0	2	0	0	0	0	0	0	0	1.845	2	0	0	0	0	1	0	0	0	0	0	0	0	0	1
C2_05570C_A	C2_05570C_A	0	0	2	0	0	0	2	0	0	0	0	0.856	0	1	0	0	0	0	0	1	0	0	0	1	1	0	0	0	0	0	0	0	0	0	0	0	0	0	0	0	0	0	0	0	0	0	0	0	0	1.764	0	0	1	0	0	0	0	2.824	0	0
C2_05580W_A	C2_05580W_A	0	0	0	0	2	1	0	1.963	3	1.083	2	7	0	0	0	1.003	0	0	0	1	0	2	1.762	1	1.002	0	1	0	0	2	0	0	0	1	0	1	5.224	4	6	4	0	0	0	0	2	1	0	0	1	0	1	1	1.077	1	1	1	0	0	1.47	0
C2_05590C_A	C2_05590C_A	0	0	0	0	0	0	1	0	1	0	0	0	0	0	0	0	0	0	0	0	0	0	0	0	0	0	0	0	0	0	0	0	0	0	0	0	0	0	0	0	0	0	0	0	0	0	0	0	1	0	0	0	0	0	0	1	0	0	0	0
C2_05600W_A	C2_05600W_A	0	0	0	0	0	0	0	0	0	0	0	0	0	0	0	0	0	0	0	0	0	0	0	0	0	0	0	0	0	0	0	0	0	0	0	0	0	0	0	0	0	0	0	0	0	0	0	0	0	0	0	0	0	0	0	0	0	0	0	0
C2_05610C_A	RPS8A	0	0	0	0	0	0	0	0	2	1	2	3	0	0	0	0	0	0	0	0	0	0	0	0	0	0	0	0	0	0	0	0	0	0	0	0	0	0	0	0	0	0	0	0	0	0	0	0	0	0	0	0	1	1	0	0	0	1	0	0
C2_05620W_A	KTI11	0	0	0	0	0	0	0	0	0	0	0	0	0	0	0	0	1	0	0	0	1	0	0	0	0	0	0	0	0	0	0	0	0	0	0	0	0	0	0	0	0	0	0	0	0	0	0	0	0	0	0	0	0	0	0	0	0	0	0	0
C2_05630C_A	tS(AGA)4	0	0	0	0	0	0	0	0	0	0	0	0	0	0	0	0	0	0	0	0	0	0	0	0	0	0	0	0	0	0	0	0	0	0	0	0	0	0	0	0	0	0	0	0	0	0	0	0	0	0	0	0	0	0	0	0	0	0	0	0
C2_05640W_A	C2_05640W_A	0	0	0	0	0	1	1	0	1	0	0	0	0	0	0	0	0	0	1	0	0	0	1	0	0	0	0	1.973	0	1	0	0	0	0	0	0	1	0	0	0	0	0	0	0	0	0	0	0	0	0	0	0	0	0	0.995	0	0	1.693	0	0
C2_05650W_A	VPS35	0	1	1	0	0	0	0	0	0	0	0	0	1	0	0	0	0	0.999	0	0	1	0	1	5	0	1	1.094	1	3	0	0	0	0	1	1	0	0	0	0	2	0	0	0	0	0	0	0	0	2.45	0	0	0	0	0	0	2.001	1	1	1.019	0
C2_05660W_A	PNG2	0	1	0	0	0	0	0	0	0	1	0	0	1	0	1.156	0	0	0	0	1	0	0	0	0	0	1	1	0	2.367	3.331	0	0	3	2	1	3	0	0	0	0	1	0	0	0	0	0	0	0	1	2	1	0	1	0	0	0	1.147	0	1	0
C2_05670C_A	C2_05670C_A	0	0	0	0	0	1	0	1	0	0	0	0	0	0	0	0	0	0	0	0	1	1	0	0	0	0	0	0	1	1	1	0	0	0	1	1	0	0	0	0	0	0	0	0	0	0	0	0	1	0	0	0	0	0	0	1	0	0	0	0
C2_05680W_A	COG4	0	0	0	0	0.999	3	0	2	0	0	1	0	0	0	0	0	0	0	0	2	0	0	0	1	2	0	0	0	0	0	0	3	0	0	0	0	0	0	0	0	0	0	0	0	0	1	2	0	1.696	1	1.23	1	0	0	1	2	1.033	1	0	0
C2_05690C_A	YTH1	3	1	0	2	0	0	1	0	1	1	1	0	0	0	0	0	0	0	0	0	0	1	0	1	0	0	0	1	0	0	1	0	0	0	0	0	0	0	1	0	0	0	0	0	1	0	0	0	0	0	0	0	0	0	1	0	1	0	0	0
C2_05700W_A	OSM1	0	2	2	0	0	0	0	0	7	3	2	3	0	0	0	0	0	0	0	0	0	0	0	0	0	0	0	1	0	0	0	0	2	2	3	0	5	2	3	4	0	0	0	0	0	0	0	1	1	0	0	1	0	0	0	0	0	0	1	1
C2_05710C_A	C2_05710C_A	2	2	1	4	2	1	2	3	0	0	0	0	0	1	0	0	0	0	0	1	1	0	0	0	0	0	0	0	0	0	0	1	0	0	0	0	0	0	0	0	0	0	0	0	0	0	1	0	0	0	1	1	1	0	0	1	0	1.004	0	0
C2_05720C_A	C2_05720C_A	0	0	0	0	0	0	1	0	0	0	0	0	0	0	0	0	1	0	1	0	1	0	0	0.961	0	0	0	0	0	0	0	1	0	0	0	0	0	0	0	0	0	0	0	0	0	0	0	1	0	1	0	2	0	0	0	0	0	0	0	0
C2_05730C_A	GWT1	1	0	0	0	0	0	1	0	0	2	1	0	1	0	0	0	0	0	1	0	1	2.021	3	1	0	1	0	0	2.962	0	1.999	0.846	0	1	0	0	0	1	0	0	0	0	0	0	0	0	2	0	0	0	0	1.41	1.276	3	1	1	2.09	0	0	2.212
C2_05740W_A	SPO7	0	0	0	0	0	0	0	0	1.866	0	1	2	0	0	0	0	1	0	0	1	0	0	0	0	0	0	0	1	0	0	0	0	0	0	0	0	0	0	0	0	0	0	0	0	0	0	0	0	0	0	0	0	0	0	1	0	0	0	0	0
C2_05750W_A	C2_05750W_A	1	2	0	0	1	1	1	0	0	0	0	0	0	2	0	0	0	0	1	0	0	0	2	1	0	0	1	1	0	1	0	1	0	1	0	0	0	0	0	0	0	0	0	0	0	0	0	0	0	1	0	0	2.003	0	2	0	0	2	2.892	0
C2_05760C_A	C2_05760C_A	3	7	1	0	0	0	0	0	0	0	0	0	1	0	1	1	0	0	0	0	0	0	0	0	0	0	0	0	0	0	0	0	0	1	1	1	0	0	0	0	0	0	0	0	1	0	2	0	0	0	1	0	0	2	1	0	0	0	0	0
C2_05770W_A	C2_05770W_A	2	0	1	0	0.992	1.011	1	0	5	2	0.999	0	0	1	2	1	1	1	0	1	1	2	2	0	3	2	1	1	3.002	0	3.826	2	0	0	0	1	0	0	0	0	0	0	0	0	0	0	1	1	1	0	0	1	4.972	0	0	4	3	2	2.835	1
C2_05780C_A	MKK2	0	0	0	0	1	2	0	0	0	0	0	0	0	0	0	0	0	0	0	1	0	0	0	0	0	1	1	0	0	0	0	0	0	0	0	0	0	0	0	0	0	0	0	0	1	1	0	1	0	0	0	0	0	0	0	0	0	0	0	0
C2_05790C_A	RFC1	0	0	2	0	0	0	0	0	1	0	0	0	0	0	0	0	0	1	1	0	1	5	2	2	1	0	0	1	0	0	0	0	0	0	0	0	0	0	0	0	0	0	0	0	1	3	0	2	0	0	0	0	0.775	0	1	0	0	0	0	2
C2_05800C_A	C2_05800C_A	0	0	0	0	5	2	0	1	0	2	0	0	1	0	2	3.563	3	1	3	1.18	1	1	0.989	2	4	0	2	2.998	2	1	1.011	5	0	0	3	0	0	0	2	1	0	0	0	1	2	2	1	3	0	0	4.745	2	2	1	0	3	0	2	0	4.888
C2_05810W_A	C2_05810W_A	1	0	0	0	0	0	0	0	0	0	1	0	0	0	0	0	0	0	0	1	1	0	0	0	0	0	0	0	0	0	0	0	0	1	0	0	0	0	1	1	0	0	0	0	0	0	0	0	0	0	0	1	1	1	0	0	0	0	0	0
C2_05820W_A	C2_05820W_A	0	0	0	0	1	0	1	0	0	0	1	0	1	0	0	0	0	0	0	0	0	0	0	0	0	0.826	1.565	0	0	0	0	0	2	0	1	1	0	0	0	0	0	0	0	0	1	0	0	1	1	0	1.39	0	0	0	1	0	2	0	0	0
C2_05830C_A	C2_05830C_A	0	0	0	1	0	0	0	0	0	0	0	0	0	0	0	0	0	3	0	0	0	0	0	0	1	0	0	0	0	0	0	0	0	0	1	0	0	0	0	0	0	0	0	0	0	0	0	0	0	1	0	1.151	0	0	0	0	0	0	2	0
C2_05840W_A	DPH1	0	0	0	0	1	0	0	0	0	0	0	0	0	0	1	0	0.965	0	0	0	0	0	1	0	1	0	0	1	0	0	0	1	0	0	1	0	0	0	0	0	0	0	0	0	1	0	0	0	2	0	0	0	0	0	1.91	2	0	0	0.887	0
C2_05850C_A	COG6	0	0	1	1	0	0	0	1	0	0	0	0	0	0	1	1.448	0	1	0	0	0	0	0	1	2.724	0	3	2.008	0.992	3.06	0	0	0	0	1	0	1	0	0	0	0	0	0	0	0	0	0	0	1	0	0	1	2.998	0	0	0	2	1	0	1
C2_05860C_A	C2_05860C_A	0	0	0	1	0	1	0	1	1	0	0	0	0	0	0	0	0	0	0	1	0	0	0	0	0	0	0	0	1	1	0.994	0	1	0	0	0	0	0	0	0	0	0	0	0	0	0	0	1	1	0	0	0	0	1	0	0	0	0	0	0
C2_05870W_A	C2_05870W_A	5	1	1	2	0	0	0	0	0	0	0	0	0	0	0	0	0	0	0	0	0	0	0	0	0	0	1	0	0	0	0	0	0	0	0	0	0	0	0	0	0	0	0	0	0	0	2	0	0	0	0	0	1	0	0	1	0	0	0	0
C2_05880W_A	C2_05880W_A	0	0	0	0	0	0	0	0	1	0	0	0	0	0	0	0	0	0	0	0	0	0	0	0	0	0	0	0	0	0	0	0	0	0	0	0	0	0	0	0	0	0	0	0	0	0	0	0	0	0.925	0	0	0	0	0	0	0	0	0	0
C2_05890C_A	IDP1	0	0	0	0	0	0	0	0	0	1.03	1	0	0	0	0	0	0	0	1	0	0	0	0	0	3	1	3	3	0	0	0	1	0	0	0	0	0	0	0	0	0	1.023	0	0	0	1	0	0	0	0	0	0	0	0	0	0	1	0	0	0
C2_05900W_A	C2_05900W_A	0	0	0	0	0	0	0	0	0	0	0	0	0	0	0	1	0	2	0	1	0	0	0	0	1	1	1	0	0	0	0	0	0	1.098	0	0	0	0	0	0	0	1	0	2	0	1	0	1	0	2	1	0	1	0	0	0	0	2	0	0
C2_05910W_A	C2_05910W_A	0	0	0	0	0	4.837	3	0	0	3	0	0	0	0	0	0	0	0	1	0	0	0	0	1	1	0	0	1	0	1	0	0	3	6	5	5	2	0	0	0	1	0	0	0	1	2	0	1	1	1	0	1	3	1	1	2	3.823	1.465	0	1
C2_05920C_A	COX8	4	3	1	2	1	8	4	2	0	0	0	0	0	0	0	0	1	1	0	0	1	0	1	1	2	3	0	0	0	0	3	2	6	3	6	5	0	0	0	0	0	0	0	0	3	0	1	0	0	0	0	0	0	0	0	0	0	0	0	0
C2_05930W_A	COX9	0	0	0	0	0	0	0	0	6	6	6	13	1	0	1	0	0	0	0	0	0	0	0	1	0	1	0	1.005	0	2.89	1	1	0	0	0	0	2	1	0	1	0	0	0	0	4	1	3	0	0	0	0	0	2	2	0	1	0	0	0	0
C2_05940C_A	VPS33	0	0	0	0	1	0	0	0	0	0	1	1	0	1	0	0	1	0	1	1.581	0	0	0	0	0	0	0	0	1	1.999	0	0	2	1	0	0	0	1	1	0	1	1	0	0	0	0	0	0	2	1.783	0	0	0	0	1	3	2.29	0	0	3.377
C2_05950C_A	TES15	0	0	0	0	2	0	2	2	0	0	0	0	0	0	0	0	0	0	2	0	0	1	0	1	3	2	2	1	0.998	0	0	0	0	0	0	0	0	1	1	2	0	0	0	0	0	0	0	0	0	0	2	1	0	1	1	1	0	0	0	0
C2_05960C_A	C2_05960C_A	0	0	0	0	1	0	0	0	0	1	0	0	1	0	0	0	0	0	0	1.99	0	0	0	0	1	0	0	0	0	0	0	1.368	0	0	0	0	0	0	0	0	0	0.909	0	0	0	0	0.984	0	0	0	0	0	2	1	0	0	1	0	1	1
C2_05970C_A	TES1	0	0	1	0	0	0	0	0	0	0	1	0	0	0	0	0	0	0	0	0	0	0	0	0	0	0	0	0	0	0	0	0	0	0	0	0	0	0	0	0	0	0	0	1	0	0	0	0.989	0	1	0	1	0	0	0	0	0	0	0	1
C2_05980C_A	C2_05980C_A	0	0	0	0	0	0	1	0	0	0	0	0	0	0	0	1	0	0	0	0	0	0	0	0	0	0	0	0	1	0	0	0	0	0	0	0	0	0	0	0	0	0	0	0	0	0	0	0	0	0	0	0	0	0	1	0	1.018	0	0	0
C2_05990C_A	C2_05990C_A	0	0	0	0	0	0	0	0	3	1	2	2	1	0	0	0	0	0	0	0	0	0	0	0	0	1	0	0	0	0	0	0	0	0	0	0	0	0	0	0	0	0	0	0	1	1	0	1	0	0	0	0	3	0	0	1	0	0	0	1
C2_06000W_A	LAS1	0	1	0	0	1.313	0	0	1	0	0	0	1	0	0	0	0	0	0	0	0	0	1	0	0	0	0	0	1	0	0	0	0	1	0	0	0	0	0	0	0	0	0	0	0	0	0	1	0	0	2	0	1	0	3	2	4	1.342	2.794	1.714	1
C2_06010W_A	SPO72	3	0	0	1.049	4.041	2	3	1	7.036	1	2	4	5.088	0	8	6.029	1.127	0	3	2	2	2	4	2	4	5.268	8.004	3	2.184	2	1.096	3	0	1	2	1	2	1	1	0	0	0	0	2	3	1	2	1	3	0	1.873	3	9	4.019	3	2	3.199	4.532	1	1
C2_06020W_A	CNT	0	1	0	0	1	0	0	0	0	0	0	0	0	0	0	0	1	1	0	2	0	0	1	0	2	0	1	0	2	2	2.701	3	0	0	0	0	0	0	0	0	0	0	0	0	0	1.002	1	0	0	0	0	1	0	0	0	0	0	2	0	1
C2_06030W_A	C2_06030W_A	0	0	1	0	1	1	0	0	4	1	2	3	0	0	1	0	0	0	1	0	1	0	1.008	1	0	0	0.997	0	0	1.001	0	0	0	1	1	0	0	0	0	0	0	0	0	1	4	1	0	0	0	1.641	0	1	0	1	0.999	0	1	2	0	0
C2_06040C_A	C2_06040C_A	0	0	0	0	0	0	1	0	1	1	0	0	0	0	0	0	0	0	1	1	0	0	0	0	0	2	0	1	1	2	1	0	1	0	1	2	0	0	0	0	0	0	1	0	0	0	0	0	0	0	1	0	0	1	1	0	1.849	2.907	1	1
C2_06050C_A	tM(CAU)3	0	0	0	0	0	0	0	0	0	0	0	0	0	0	0	0	0	0	0	0	0	0	0	0	0	0	0	0	0	0	0	0	0	0	0	0	0	0	0	0	0	0	0	0	0	1	0	0	0	0.5	0	0	0	0	0	0	0	0	0	0
C2_06060C_A	C2_06060C_A	0	0	0	0	0	0	0	0	0	0	0	0	0	0	0	0	0	0	0	0	0	0	0	0	0	0	0	0	0	0	0	0	0	0	1	0	0	0	1	0	0	0	0	0	0	0	0	1	0	0	0	0	0	0	0	0	0	0	0	0
C2_06070W_A	FAA2-1	0	0	0	0	0	1	0	0	0	0	0	0	0	0	1	0	0	1	0	0	2	0	0	0	0	2	0	1	0	0	1	0	2	5	1	1	0	0	0	0	0	2	0	0	1	1.032	1	0	0	1	0	0	2	2.992	0	0	0	0	0	0
C2_06080C_A	C2_06080C_A	0	0	0	0	1	0	0	0	6	2	4	3	0	0	0	0	0	1	0	0	0	1	0	0	0	0	0	0	0	0	0	0	0	2	0	0	0	0	0	0	1	0	0	0	0	0.998	0	0	0	0	1	1	0	0	0	0	0	0	0	1
C2_06090W_A	C2_06090W_A	0	0	0	0	0	0	0	0	1	0	0	0	0	0	0	0	0	0	0	1	0	1	1	1	2	4.275	1	1.005	4.613	2	2	1	1.002	2	2	1	0	0	1	0	1	0	0	0	0	0	1.023	1	0	1.045	0	0	1	3	8	0	1.087	3	2.356	1
C2_06100W_A	PMT4	1	1	4	1.916	0	0	2	0	1	1	1	4	0	0	1	0	1	0	1	0	0.989	1	0	0	0	1	0	1	2	0	0	4.999	0	0	0	0	0	0	0	0	0	0	0	0	0	0	0	0	0	0	0	0	0	0	0	0	0	0	0	0
C2_06110W_A	C2_06110W_A	0	2	0	1	0	0.99	1	0	0	0	0	0	0	0	0	0	0	0	0	1	0	0	0	0	0	0	0	0	0	0	0	0	0	0	0	0	0	0	3	0	0	0	0	0	0	0.994	0	0	0	0	0	0	0	1	0	1	1	0	0	0
C2_06120C_A	C2_06120C_A	0	0	0	0	1	0	0	0	0	0	0	0	1	0	0	0	0	0	0	0	1	0	0	0	0	0	1	0	1	0	0	0	0	1	1	1	0	0	0	0	0	0	0	1	1	0	0	0	0	0	0	0	0	0	0	0	0	0	1	1
C2_06130W_A	CSM3	0	0	0	0	0	0	1	0	1	0	0	0	0	0	0	0	0	1	0	0	0	0	0	0	0	0	1	1	0	1	0	0	0	0	0	1	0	0	0	0	0	0	0	0	0	0	0	0	0	1	0	0	1	0	0	0	0	0	0	1.018
C2_06140C_A	C2_06140C_A	0	0.899	0	0	0	0	1	0	0	0	0	0	0	0	0	1	0	1.024	0	0	0	1	0	0	0	0	0	0	1	0	0	1	0	0	0	1	0	0	0	1	0	0	0	0	0	0	0	0	0	0	0	0	1	1	1	0	0	0	0	2.548
C2_06150C_A	RPN10	1	0	2	5	0	0	0	0	1	0	0	0	0	0	0	0	0	0	0	1	0	0	0	0	1	1	0	1	5	2	2	3.025	7	10	7.001	9	1	0	0	0	0	0	0	1	0	0	0	0	0	1	0	0	0	1	0	0	0	0	1.149	0
C2_06160W_A	C2_06160W_A	0	0	0	0	0	0	0	0	0	0	0	0	0	0	0	0	0	0	0	0	0	0	0	0	0	0	0	0	0	1	0	0	0	0	0	0	0	0	0	0	0	0	0	0	0	0	0	0	0	0	0	0	0	0	0	0	0	0	0	0
C2_06170C_A	ECM17	1	0	0	0	1	0	1	0	4.692	4	1	5	0	3	0	0	0	1.984	1	0	0	0	0	0	0	0.997	0	1	1.026	0	1	1.154	2	0	0	0	0.793	0	0	0	0	0	0	0	0	0	1.687	0	1	1.055	1	1.141	0	0	0	2	1	0	4.632	2.24
C2_06180C_A	FGR12	0	0	0	0	0	0	1.14	0	0	0	0	0	0	1	1	0	0	0	0	0	0	0	0	0	0	1	0	0	0	0	0	0	0	0	0	0	0	0	0	0	0	0	0	0	0	0	0	0	0	1	0	0	0	0	1	0	0	0	0	0
C2_06190W_A	ILV1	0.98	1	0	0	0	0	0	0	0	0	0	0	0	0	0	0	0	0	1	0	0	0	0	0	0	0	0	0	0	0	0	0	0	1	1	0	0	0	0	0	0	0	0	0	0	0	0	0	3.299	1.614	0	1	0	0	0	1	0	1	3	0
C2_06200C_A	GUF1	1.002	0	0	0	0	0	0	0	6	3	3	5	0	1	0	0	1	0	1	0	0	0	0	0	0	0	0	1	1	2	2	5	0	0	0	0	0	0	0	0	0	0	0	0	1	0	0	0	0	1.351	0	1.509	0	0	0	0	1	0	1	1
C2_06210C_A	SER1	0	0	0	0	3	1.001	1	1	0	2	0	0	0	0	1	0	0	0	0	0	2	0	0	0	1.836	0	1	0	1	0	0	0	0	0	0	0	0	0	1	0	0	0	0	0	0	1	2.21	1	1.034	0	0	1.633	0	0	0	0	0	1	0	1
C2_06220C_A	MEC3	1	0	0	0	0	0	0	0	0	0	0	0	0	0	0	0	1	0	1	0	0	0	1	0	0	0	1	0	0	0	0	0	0	0	0	0	0	0	0	0	0	0	0	0	0	0	1	0	0	0	0	0	2	1	1.765	0	0	0	0	0
C2_06230W_A	YSH1	0	0	0	0	0	1	3	0	2	0	1	0	1	1	0	0	0	0	0	0	1.106	1	0	1	1	4.861	2	1	1	1	4	0.996	0	0	0.628	0	0	1	0.997	1	1	1	0	0	1	1.047	1	0	2	3	0	0	0	3	3	1.945	2	3	1	4
C2_06240W_A	SMD2	0	0	0	0	4	3	1	1	0	0	0	0	0	0	0	0	0	0	1	0	0	0	0	0	0	0	0	0	5	2	0	1	0	0	1	0	0	0	0	0	0	0	0	0	0	0	0	0	0	0	0	1	2	0	1	2	0	0	0	1
C2_06250C_A	CDC46	0	0	0	1	0	0	0	0	2	0	1	2	0	0	1	1	0	0	0	0	0	0	2.556	1	1	0	0	1	1.085	1	0	0	0	0	0	0	0	0	2	0	0	0	0	0	0	0	0	0	0	0	1	0	2	0	0	0	0	1	0	1
C2_06260W_A	C2_06260W_A	0	0	0	0	0	0	0	1	0	0	0	1	0	0	1	0	0	0	0	0	0	0	0	0	0	0	0	0	0	0	0	0	0	0	0	0	0	0	0	0	0	0	0	0	0	0	0	0	2	1.697	1	0	0	0	0	0	2.168	0	0	0
C2_06270W_A	C2_06270W_A	0	0	0	0	1	1	0	1	0	0	0	0	0	1	0	0	1	1	0	0	0	1	0	0	0	1.131	1	0	0	0	0	0	0	0	1	0	0	0	0	1	0	0	0	0	0	0	0	0	0	0	0	0	2	1	2	0	0	0	1	1.375
C2_06280C_A	C2_06280C_A	1	0	0	0	0	0	1	0	0	0	0	0	0	1	0	0	0	0	0	0	0	0	0	0	1	2	0	0	0	0	0	0	0	0	0	0	0	0	0	0	0	0	0	0	1	0	0	0	0	0	0	0	1	1	0	0	3	0	1	0
C2_06290C_A	ATP14	0	0	0	0	0	0	0	0	0	0	0	0	0	0	0	0	0	0	0	0	0	1	0	0	0	0	0	0	0	0	0	0	0	0	0	0	0	0	0	0	0	0	0	0	0	0	0	0	0	0	0	0	0	0	0	0	0.775	0	0	0
C2_06300W_A	YHC1	0	0	1	0	0	0	0	0	0	0	0	0	0	0	0	0	0	0	0	0	0	0	0	1	0	0	0	0	0	0	0	0	0	1	0	0	0	0	0	0	0	0	0	0	0.988	0	1	0	1	0	1	0	0	0	1	0	0	1	2.207	2
C2_06310C_A	GSP1	0	0	0	0	0	1	1	2	1	1.758	0	1	0	1	0	0	1	0	1	1	0	0	1	0.797	0	1	2	1	0	1	0	2	0	0	1	0	0	0	0	0	0	0	0	0	0	0	1.001	0	0	0	1	0	1	3	3	0	0	0	1	1
C2_06320W_A	C2_06320W_A	1	2	0	1	0	0	0	1	3	0	1	0	1	0	0	0	0	0	1	0	0.946	0	2	1	3	1	3	1	4.816	3	4	3	0	0	0	0	0	0	0	0	0	1	0	0	1.974	0	0	0	0	1	3	1	0	0	0	1	1	1.705	1	0
C2_06330C_A	AVT1	0	0	0	0	0	0	0	1.977	0	0	0	0	1	0	1	0	0	0	0	0	1	0	0	0	0	0	1.001	0	0	0	0	1	2	0	0	0	0	0	1	0	0	1	0	2	0	0	0	0	1	0	0	1	0	0	0	1	0	1	0	1
C2_06340W_A	EFH1	0	0	0	0	3	0	0	0	0	0	0	0	0	0	0	0	0	0	0.996	0	0	0	0	0	0	0	1.142	0	2.096	1	0	2	0	0	0	0	1	0	0	0	0	0	1	0	0	0	0	1	0	2	1	0	1	1	0	1	0	0	0	1
C2_06350C_A	C2_06350C_A	0	0	0	1	0	0	0	2	0	0	0	0	0	0	0	0	0	0	0	0	0	0	0	0	0	0	0	0	0	0	2	0	0	0	0	0	0	0	0	0	1	0	0	0	0	0	1	1	0	1.078	0	0	1.001	0	0	0	0	0	0	0
C2_06360C_A	MAK16	0	0	0	0	0	2	0	0	2	2	1	4.129	0	0	0.954	0	0	0	0	0	4	6.001	6	5	0	0	0	1	0	0	1	0	0	0	0	0	1	0	0	0	0	0	0	0	0	0	0	0	0	0	0	0	0	0	1	0	0	0	0	0
C2_06370C_A	SCP1	0	0	0	0	0	0	1	0	0	0	0	1	0	0	0	0	1	0	0	0	0	0	0	0	0	0	0	0	0	0	0	0	1	0	0	0	0	0	0	0	0	0	0	0	0	0	0	0	0	0	0	0	0	0	0	0	2	0	0	1.628
C2_06390C_A	IMH3	0	1	0	0	1	0	1.998	1	0	1	0	0	1	0	0	0	1	0	0	0	0	0	0	2	0	0	0	0	1	0	1.004	0	0	0	0	0	0	0	0	0	0	0	0	0	0	1	0	1	1	0	0	0	0	1	0	1	1	0	1.703	0
C2_06400C_A	C2_06400C_A	0	0	0	0	0	0	0	0	0	0	0	0	0	0	0	0	0	0	0	0	0	0	0	0	0	0	0	0	0	0	0	0	0	0	0	0	0	0	0	0	0	0	0	0	0	0	0	0	0	0	0	0	0	0	0	0	0	0	0	0
C2_06410W_A	C2_06410W_A	0	0	0	0	3	1	0	2	0	0	0	0	4	1	2	2	0	0	0	0	1	3	1	2	0	0	0	0	0	0	0	0	0	0	0	0	0	0	0	0	0	0	0	0	0	0	0	0	0	0	0	0	0	0	0	0	0	0	0	0
C2_06420C_A	RTS1	0	0	0	0	0	0	0	0	0	0	1	0	0	0	0	0	0	0	0	0	1	1	0	1	0	1.024	1	0	1	0	0	0	0	0	0	0	0	0	0	0	0	1	0	0	2	0	1	0	0	0	0	0	3.956	1	2.001	2.712	0	3	1	1.148
C2_06430C_A	SYM1	0	0	0	0	0	0	0	0	0	0	0	1	0	0	0	0	0	0	0	0	0	0.998	0	0	0	0	1	0	0	0	1	0	0	0	0	0	0	2	0	1.325	0	0	0	0	1	0	1	1	0	0	0	0	0	1	0	1	0	0	0	1
C2_06440C_A	C2_06440C_A	0	0	0	0	1	0	2	0	0	0	0	0	0	0	0	0	0	0	0	0	0	0	0	0	0	0	0	0	0	0	0	0	0	0	0	0	0	0	0	0	1	0	0	0	0	0	0	0	0	0	0	0	0	0	0	1	0	0	0	0
C2_06450C_A	C2_06450C_A	0	0	2	0	1	2	0	0	0	0	0	1	0	0	0	0	1	0	0	1	0	0	0	1	0	1	0	2	0	2	0	1	0	0	1	1	1	0	0	0	0	1	0	0	1	1	0	0	0	2.859	2	1.304	0	0	1	1	0	0	1.508	1
C2_06460W_A	RTA3	0	1	0	0	0	0	0	1	0	0	0	1	0	1	1	0	1	0	0	0	0	1	0	2	0	0	0	0	0	0	1	0	0	1	0	0	0	0	0	0	0	0	0	0	0	0	0	0	0	0	0	3	0	1	0	0	1	1	0	0
C2_06470W_A	RTA2	0	0	1	0	2	1	3	5	0	0	1	1.022	0	0	0	0	13.003	10.882	11	1	1	0	0	1	1	0	0	0	0	0	0	0	0	1	0	0	1	0	0	0	0	1	0	0	1	2	1	1	0	0	0	0	0	0	1	0	0	1	1	0
C2_06480W_A	TRM10	0	0	0	0	1	1	0	0	0	0	1	1	0	0	0	0	0	0	0	1	0	0	0	0	0	0	0	0	0	1	0	0	0	0	0	0	0	0	0	0	0	0	0	0	0	0	0	0	1	0	0	0	1	0	0	0	0	0	0	0
C2_06490W_A	PNG1	0	0	0	0	0	0	0	0	0	0	0	0	0	0	0	0	0	0	1	0	1	0	0	2	1	0.929	0	0	1	0	0	0	0	0	1	0	0	0	0	0	0	0	0	0	0	1	0	1	0	0	0	1	1	0	0	1.986	1	0	2	1
C2_06500W_A	tI(AAU)1	0	0	0	0	0	0	0	0	0	0	0	0	0	0	0	0	0	0	0	0	0	0	0	0	0	0	0	0	0	0	0	0	0	0	0	0	0	0	0	0	0	0	0	0	0	0	0	0	0	0	0	0	0	0	0	0	0	0	0	0
C2_06510W_A	C2_06510W_A	0	0	0	0	0	0	0	0	0	0	0	0	0	0	0	0	0	0	0	0	1	0	0	0	0	0	1	0	0	1	0	2	0	0	0	0	0	0	0	0	0	0	0	1	0	0	0	0	0	0	0	1.786	1	0	0	0	0	0	1	0
C2_06520C_A	TPC1	1	0	1	0	0	0	0	0	0	0	0	0	0	0	0	1	1	0	0	0	0	0	0	0	0	0	0	0	2	0	0	0	0	0	0	0	1	0	0	0	1	0	2	1	1	0	1	1	1	0	0	0	0	0	0	0	2	0	1	1
C2_06530W_A	C2_06530W_A	0	0	0	0	0	1	0	0	0	1	0	0	1	0	0	0	0	1	1	0	0	0	0	0	1	0	0	0	0	0	0	0	0	1	1	0	0	0	0	0	0	0	0	0	0	0	0	0	0	0	0	1	0	1	0	1	0	0	1	0
C2_06540C_A	SPF1	0	1	0	0	1	0	0	0	0	1.163	0	0	0	0	1.187	0	1	3	1	1	1	0	1.001	0	0	0	1	0	0	1	0	0	0	1	0	0	0	1.009	0	0	0	0	0	0	0	0.952	1.961	0	0	0	0	0	1.863	1	1	0	0	1.534	2	4.645
C2_06550W_A	C2_06550W_A	0	0	0	0	0	0	0	0	0	0	0	0	0	0	0	0	0	0	0	0	0	0	0	0	0	0	0	0	0	1	0	0	0.972	0	0	0	0	0	0	0	0	0	0	0	1	0	1	1	0	0	0	1	0	0	0	0	0	0	0	0
C2_06560W_A	C2_06560W_A	0	0	0	0	0	0	0	0	0	0	0	0	0	0	0	0	0	0	0	0	0	0	0	0	0	0	0	0	0	0	0	0	0	0	0	0	0	0	0	0	0	0	0	0	0	0	0	0	0	0	0	0	0	0	0	0	0	0	0	0
C2_06570C_A	C2_06570C_A	3	5	0	3	1	3	5	2	15	13	15	14	7	7	7	6	0	0	0	0	0	3	0	1	2	1	1	1	1	0	1	2	3	3	6	5	3	8	6	6	0	0	0	0	3	2	2	2	0	0	1	1	1	1	0	0	0	1	1	0
C2_06590C_A	GIT1	0	0	1	0	2	1	0	1	0	0	0	0	0	2	2	0	0	1	0	0	0	0	0	0	0	2.012	0	1	0	0	0	0	0	1	0	0	0	0	0	0	0	0	0	0	0	0	0	0	0	0	0	0	1.138	0	0.998	1	0	0	0	3.182
C2_06600W_A	C2_06600W_A	0	0	0	0	1	1.991	1.001	1	4	3	3.014	1	1	0	2	2	1.595	0	1	1	0	2.062	0	0	3	1	1	3	3.241	6.774	3	3	0	1	2	0	4	6.009	7.661	4	0	1	0	0	2	2	1	2	1.579	3	2	1.188	1.034	2.575	1.078	3	3.966	0	3	0
C2_06610C_A	C2_06610C_A	0	1	0	0	0	0	0	1	0	0	1	0	0	0	1	0	1	0	0	0	1	0	1	0	0	0	2	0	0	0	0	0	0	0	0	0	0	0	0	0	0	0	0	0	0	1	0	0	0	0	0	0	0	1	0	0	0	0	0	0
C2_06620W_A	C2_06620W_A	1	0	0	0	0	2	1	0	0	0	2	0	0	0	0	0	0	0	0	4	0	0	0	0	0.769	1	2	4	0	1	0	0	0	0	0	1	0	0	0	0	1	0	0	0	1	0	0.985	0	0	0	0	1	0	0	1	3.51	1	0	1	0
C2_06630C_A	C2_06630C_A	0	0	0	0	0	0	0	0	0	0	0	0	0	0	0	0	0	0	0	0	0	0	0	0	2	4	3	5	0	0	0	0	0	0	0	0	0	0	0	0	0	0	0	0	0	0	0	0	0	0	0	0	0	0	0	0	0	0	0	0
C2_06640C_A	VAS1	0	0	1	1	1.251	3	7	6	5	1	5	4	1	6	5.641	3	1	0	0	0	1	2	2	5	1	0	1.409	0	1.822	1	2	0	1	1	0	0	1	1.94	0	0	0	0	0	0	0	4	1.998	0	0	0	1	0	1	4.929	2.005	1.06	1.572	2	0	1
C2_06650C_A	C2_06650C_A	0	1	0	0	2	2.823	0	2	0	2	0	0	1.35	0	0	0	0	0	0	0	0	0	0	0	0	0	2	1	0	1	0	0	0	0	0	0	0	0	0	0	0	0	0	0	0	0	0	0	0	0	2.853	0	0	0	0	1	0	0	1.129	0
C2_06660W_A	C2_06660W_A	0	0	0	0	2	2	2	0	5	5	1	2	0	0	0	0	0	0	0	0	0	0	0	1	0	0	1.159	0	2	1	0	1	1	1	0	1	1	0	0	0	0	0	0	0	1	0	0	0	0	1	0	0	0	1	1	1	0	0	3	0
C2_06670C_A	DBF2	0	3	0	0	2	4	5.985	6	1.994	2.03	1	3	1	0	0	1.182	0	0	1	0	2	1	3.821	2	3	0	0	0	0	0	1	1	2	1	0	0	0	0	0	2	0	2	0	0	0	2.033	3.015	0	0	0	3	2.293	2	1	0	2.001	2.583	0	1.507	3.738
C2_06680W_A	FRP3	1	0	0	0	0	1	0	0	1	3	3	0	1	0	0	0	0	0	0	1	0	0	0	0	1	0	0	0	5	6	3	3	3	3	7	5	4	6	6	4	0	0	0	0	3	1	2	1	0	0	0	0	2	3	3	3	0	0	0	0
C2_06690C_A	PEX22	0	0	0	0	0	1	0	0	0	0	0	0	0	0	0	0	0	0	0	0	0	0	0	0	0	0	0	0	0	0	1	0	0	0	0	0	0	0	0	0	0	0	0	0	0	0	0	0	0	0	0	0	0	0	0	0	0	0	0	1
C2_06700W_A	AMO2	0	0	0	0	3	0	1	0	0	0	2	1.001	1	1	0	0	0	0	0	0	1	0	0	0	2	0	0	0	0	0	1	0	0	0	0	0	0	0	0	1	0	1	0	0	1	0	1.157	0	0	0	0	0	0	1.123	0	0	0	1	0	1
C2_06710W_A	C2_06710W_A	0	0	1	0	0	0	0	0	0	0	0	0	0	0	0	0	0	0	0	0	1	0	2.351	0	0	1.988	0	0	1	0	0	0	1	0	0	0	0	1	1	0	1	1	1	0	0	2	0	0	2	2.887	0	0	1	1	2.735	1	0	2	0	2
C2_06720W_A	GRE2	0	0	0	0	0	0	1	0	0	0	1	0	0	0	0	1	1	0	0	0	0	0	1	0	0	1	1	0	0	0	1	0	0	0	0	1	0	0	0	0	0	0	0	0	0	0	0	0	0	0	0	0	0	1	0	1	1	0	0	0
C2_06730W_A	LSP1	4	1	3	3	2	0	0	0	11	3	13	8	1	1	0	0	8	5	12	6	1	0	2	1	0	0	2	0	0	3	2	2	0	1	0	0	2	3	0	0	0	0	0	0	9	4.471	3	4	0	0	1	0	8	2	7	7.984	1	1.789	0	1
C2_06740W_A	C2_06740W_A	0	0	1	0	0	1	0	0	0	0	1	0	0	0	0	0	0	0	0	1	0	0	1	0	1	2	2	0	2	0	2	1	0	0	2	2	0	0	0	0	0	0	0	0	2	3	1	0	0	0	0	0	2	1	0	1	0	0	0	1.038
C2_06750C_A	C2_06750C_A	0	0	0	0	0	0	0	1	0	2	0	0	0	1	0	0	0	0	2	0	0	0	0	1	0	0	0	0	0	0	0	0	1	0	1	0	0	0	0	0	0	0	0	0	0	0	0	1	1	1	0	0	2	0	0	0	1	0	2	2.825
C2_06760C_A	C2_06760C_A	1	0	0	0	1	0	0	1	1	0	1	1	0	1	0	0	0	0	1	0	0	0	0	1.898	4.945	0	0	0	1	0	1	2	0	1	1	0	0	0	0	0	0	0	0	0	0	1	0	1	0	0	1	2	1	2.108	1	0	0	1	2	1
C2_06770W_A	C2_06770W_A	0	0	0	0	0	1	0	0	1	0	0	0	2	0	1	0	1.024	1	1	0	1	0	0	0	0	0	0	0	1	1	1	0	1	0	1	0	0	0	0	0	0	0	0	0	0	0	0	0	0	1.726	1	1	1.006	2.99	0	2	0	0	0	0
C2_06780C_A	C2_06780C_A	1.009	0	0	0	1	0	0	0	0	0	0	0	0.983	0	2	1	1	2	0.998	1	1	0	0	1.031	0	1	0	0	1	1	0	0	0	1	2	0	1	0	0	0	0	0	0	0	1	1	0	0	1	1.857	2.623	0	4	1	0	2.998	0	0	0	0
C2_06790W_A	C2_06790W_A	0	0	0	0	0	1	1	0	0	0	0	0	0	0	0	0	0	0	0	0	1	0	0	0	0	0	0	0	0	0	1	0	0	0	0	0	0	0	0	0	0	0	0	1	0	0	0	0	0	0	0	0	0	0	0	0	0	0	0	0
C2_06800C_A	C2_06800C_A	0	0	0	0	0	0	0	0	0	0	0	1	0	0	0	0	0	0	0	0	0	0	0	0	0	0	0	0	0	0.925	0	0	1	0	0	2	0	0	0	0	0	0	0	0	0	0	0	0	1	0	0	0	0	0	0	0	0	0	0	0
C2_06810C_A	RPL11	0	0	0	0	1	0	0	2	0	1	0	0	0	1	0	0	0	0	0	1	0	1	0	0	0	0	0	0	0	0	0	0	0	0	0	0	0	0	0	0	0	0	0	0	0	0	0	0	1	0	1	0	0	0	0	0	0	0	0	0
C2_06820C_A	PRE2	2	0	0	0	0	0	0	0	0	0	0	0	0	0	0	0	1	1	4	3	0	0	1	0	0	0	2	0	0	0	0	0	4	2	3	6	0	0	0	0	0	0	0	0	1	1	2	1.165	0	0	0	0	0	0	3	3	0	0	0	0
C2_06830C_A	FHL1	0	1	0	1	0	3	2.214	0	1	0	0	1.226	0	0	0	1	2	0	0	1	1	1	1	0	7	2.036	3	5	2.023	3	5.925	2	4	7.846	9.003	6	0	1	0	0	1	0	0	0	1	0	1	2	0	1	1.359	0	0	0	0	0	0	1	0	3
C2_06840W_A	SPR1	0	0	0	1	1	2	2	0	0	0	0	0	1	0	0	0	0	0	0	0	2	0	0	1	4.116	0	2.864	1	0	0	0	0	2	0	0	0	3	0	0	0	2	0	0	0	0	0	0	0	0	1	0	3.332	1	0	0	0	1.809	3.326	1	2.289
C2_06850W_A	C2_06850W_A	0	0	0	0	0	0	1	0	0	0	0	0	0	1	1	0	0	0	1	0	0	0	0	0	1	1	0	0	0	0	0	0	1	0	0	0	0	0	0	0	0	0	0	0	0	0	1	1	1	0	0	1	0	0	0	0	0	0	0	0
C2_06860W_A	LTE1	0	0	1	0	2.052	1.864	0	1.311	0	0.94	0	0	0	0	1	1	1	0	1.121	0	2	1	1	2	0	1	1	0	1	5.064	4	2	1	1	0	1.001	0	0	0	1	0	0	0	0	0	0	1	1	0	2	0	1	1	1.001	1.183	1.017	0	1	0	0
C2_06870C_A	PST1	0	0	0	1	0	0	0	0	1	0	2	0	0	0	0	0	0	0	0	0	0	0	0	0	0	0	0	0	0	0	0	0	0	0	0	0	0	0	0	0	1	0	0	0	0	0	0	0	0	0	0	0	0	0	0	0	1	0	1	0
C2_06880C_A	PRB1	0	0	0	0	3	2	4	5	0	0	0	0	0	0	0	0	5	2	2	0	0	0	0	1	0	0	0	0	1	0	0	2	0	0	0	1	1	0	1	0	0	0	0	0	0	0	0	0	0	1.516	0	0	0	1	0	0	0	0	0	1
C2_06890C_A	C2_06890C_A	0	0	0	0	1	0	0	0	0	0	1	1	0	0	0	0	0	1	0	0	0	0	0	0	0	0	1	0	1	0	0	0	0	0	0	0	0	0	0	0	0	0	0	0	0	0	0	0	0	0	0	0	0	0	1	1	1	1	0	0
C2_06910W_A	YPT72	0	1	0	0	0	0	0	0	0	0	0	0	0	0	0	0	0	0	0	0	0	0	0	0	0	0	0	0	0	0	0	0	0	0	0	0	0	0	0	0	0	0	0	0	0	0	0	1	0	0	0	0	0	0	0	0	0	0	0	0
C2_06920C_A	C2_06920C_A	0	0	0	0	0	0	1	0	0	0	0	0	0	0	0	0	3	4	6	2	0	0	0	0	0	0	0	0	0	0	0	0	0	0	0	0	0	0	0	0	0	2	0	0	0	0	0	0	0	0	0	1.663	0	0	0	0	0	0	1	0
C2_06930C_A	C2_06930C_A	1	0	2.526	0	1	0	0	0	1	0	0.8	1	0	0	0	0	0	0	0	1	0	1	1	1	0	1	0	1	1	0	0	1.028	2	0	0	0	2	0	0	0	0	0	0	0	0	1	0	1	0	0	1	1	0	0	1	0	0	1.313	1.606	1.271
C2_06940C_A	ARE2	0	1	0	0	2	0	3	1.866	0	4	0	0	0	0	0	0	1	0	0	1	3	0	0	1	1	0	1	0	1	3	0	1	3.011	2	3	0	0	1	0	0	0	0	0	0	1	1	0	1	0	2	0	0	0	0	0	1	0	0	1	0
C2_06950C_A	ATP23	0	1	0	0	0	0	0	0	0	0	0	0	0	0	0	0	0	0	0	0	0	1	0	0	0	0	0	1.815	1	0	0	0	0	0	0	0	0	0	0	0	0	0	1.95	0	0	1	0	0	0	0	0	1	0	0	0	0	0	0	0	0
C2_06960W_A	SPE3	0	0	0	0	0	0	0	0	0	0	0	0	0	0	0	0	0	0	0	0	2	0	1	3	0	0	1	0	0	0	0	0	0	0	0	0	0	0	0	1	0	0	0	0	0	0	0	0	0	0	0	0	1	1	0	3	1	1	0	1
C2_06970W_A	AAH1	0	0	1	0	1	0	0	1	0	0	0	0	0	0	0	0	0	0	0	0	1	0	0.999	0	0	0	0	1	0	0	0	0	0	0	0	0	0	0	0	0	0	0	0	0	0	0	0	0	0	0	0	0	1	1	0	0	2	1	0	0
C2_06980W_A	C2_06980W_A	0	0	0	0	0	0	0	0	0	0	0	1	1	0	0	1	0	0	1	0	0	1	0	0	1	2	1	0	0	0	0	1	0	0	0	0	0	0	0	0	0	0	0	0	0	1.996	0	0	0	0	1	0	0	0	0	1	0	0	0	1
C2_06990W_A	C2_06990W_A	0	0	1	0	0	0	1	0	0	0	0	0	0	0	0	0	0	1	0	0	0	0	0	0	0	0	0	0	0	0	0	0	0	0	0.998	0	0	0	0	0	0	0	0	0	0	0	1	0	2	0	1.481	1	1.059	0	0	0	1	0	1	0
C2_07000W_A	C2_07000W_A	0	1	0	0	1	0	0	0	0	2	1	0	0	0	0	0	0	0	0	1.007	0	0	0	1	3	3.95	3	1	0	0	0	0	0	1	0	0	0	0	1	0	0	0	0	0	0	0	0	0	0	0	2	1	0	0	0	0	1.77	0	0	0
C2_07010W_A	C2_07010W_A	0	0	0	0	0	0	0	0	0	0	0	0	0	0	0	0	0	0	0	0	0	0	0	0	0	0	0	0	0	0	0	0	0	0	0	0	0	0	1	0	0	0	0	0	0	0	0	0	0	1.807	0	0	1	0	0	0	1.005	1	0	0
C2_07020C_A	C2_07020C_A	2	0	0	0	0	1	0	0	0	0	2	0	0	0	0	1	2	0	0	0	0	0	0	1	2	0	1	0	0	0	1	0	1	0	1	1	0	0	0	0	0	0	0	0	0	0	0	0	0	0	2	0	0	1	1	0	2	1	0	0
C2_07030C_A	C2_07030C_A	0	0	0	0	0	0	0	0	0	0	0	0	0	0	0	0	1	0	0	0	0	0	1	0	0	0	0	0	0	0	0	0	0	0	0	0	0	0	0	0	0	0	0	0	0	0	0	0	0	0	0	0	0	0	0	0	0	0	0	0
C2_07040W_A	C2_07040W_A	0	0	0	0	0	0	0	0	0	1	0	0	1	0	0	1	0	0	0	1	0	0	0	0	0	0	0	0	0	0	0	0	0	0	0	0	0	0	1	0	0	0	0	0	0	0	0	0	1	0	0	0	3	0	0	0	0	1	0	0
C2_07060W_A	C2_07060W_A	0	1	0	0	0	2	1	0	0	0	0	0	0	0	0	1	0	1	0	0	0	0	0	0	1	0	0	1	0	0	0	1	0	0	0	0	0	0	0	0	0	0	0	0	0	0	0	0	0	0	0	0	0	0	0	1	0	1	0	1
C2_07070W_A	C2_07070W_A	0	0	0	0	1	1	0	0	0	0	0	1	0	0	0	1	0	0	0	0	0	0	0	0	0	0	0	0	0.969	0	0	0	0	0	0	0	0	0	0	0	0	0	0	0	0	0	1	0	1	0	0	0	0	0	0	0	1.801	0	0	0
C2_07080C_A	C2_07080C_A	0	0	0	0	0	0	0	0	1	0	0	0	0	0	0	0	0	0	0	0	0	0	0	0	0	0	0	1	0	0	0	1	0	0	0	0	0	0	0	0	0	0	0	0	1	0	0	0	0	0	0	1	0	0	0	0	0	0	0	0
C2_07090C_A	OLE2	0	0	2	0	0	0	2	0	0	0	0	0	0	1	0	0	0	0	0	0	0	4	3	2	0	0	0	1	1	1	0	0	0	0	0	0	0	1	0	0	0	0	0	0	1	1	1	0	0	0	0	1	0	2	1.001	0	0	0	3	0
C2_07100W_A	C2_07100W_A	0	0	0	0	0	0	1	0	3.044	0	0	0	0	0	0	0	0	1	1	0	0	0	0	0	0	0	0	1	0	0	0	0	0	0	0	0	1	0	0	0	0	0	0	0	0.998	0	0	0	1.121	1.349	2	0	2	2.003	0	3	0	0	0	0
C2_07110C_A	C2_07110C_A	0	1	1	0	1	0	0	0	0	1	0	4	0	0	0	0	0	0	0	0	1	0	3.001	0	0.953	0	0	0	1	0	2	0	0	0	0	1	0	2	3	0	0	0	0	0	0	0	1	0	0	0	0	0	1	1.996	0	0	0	4.211	0	0
C2_07120W_A	RFA2	0	0	0	0	0	0	0	0	0	0	0	0	0	0	0	0	0	0	0	0	0	0	0	0	1	0	0	0	0	0	0	0	0	0	0	0	0	0	0	0	0	0	0	0	0	0	0	0	1	0	0	0	0	0	0	0	0	0	0	0
C2_07130C_A	RCK2	0	0	0	0	0	0	0	0	0	0	0	1	0	0	0	0	0	0	0	0	0	0	1.085	2	0	0	1	0	0	0	0	0	0	0	0	0	0	0	0	0	0	1	0	0	0	0	1	0	1	0	0	0	1.906	0	0	0	0	1	1.642	0
C2_07140W_A	C2_07140W_A	0	0	0	0	0	0	0	0	0	0	1	0	1	0	0	0	0	0	0	0	0	0	0	0	0	0	0	0	0	0	0	0	0	0	0	0	0	0	0	1	0	0	0	0	0	0	0	0	0	0	0	0	0	0	0	1	0	0	0	0
C2_07160W_A	SMF12	0	1	0	0	0	0	1.095	1	1	0	0	0	5	5	9	5	0	0	1	0	0	0	0	1	0	1	1.052	1.003	2	0	0	1	1	0	0	0.955	0	0	0	0	0	0	0	0	1	0	0	0	0	0	0	1	0	0	0	0	0	1	1.139	1
C2_07170C_A	AFT2	1	0	0	0	1.014	0	0	0	0	0	0	0	1	0	0	0	0	1	0	0	0	0	0	0	0	0	0	2	1	0	1.449	0	0	0	1	0	0	0	0	0	2	0	0	0	1	1	0	0	0	0	0	0	0	0	1.958	0	0	1	0	0
C2_07180W_A	C2_07180W_A	0	0	0	1	0	1	0	0	0	0	0	0	1	0	0	0	0	0	0	0	0	0	0	1	0	0	0	0	0	0	0	0	0	0	1	1	0	0	0	0	0	0	1	0	0	1	0	0	0	0	0	0	0	1	1	1	0	0	0	0
C2_07190C_A	C2_07190C_A	0	0	0	0	0	2	1	1	0	0	0	0	0	0	0	0	0	0	0	0	0	0	0	0	0	0	1	0	3	2	4	3	0	0	0	0	0	0	0	0	0	0	0	0	0	0	0	0	0	0	0	0	0	0	0	0	0	0	0	0
C2_07200W_A	C2_07200W_A	0	0	0	1	0	0	0	0	0	0	0	0	0	0	0	0	0	0	0	0	0	0	0	0	0	0	0	0	0	0	0	0	0	0	0	0	0	0	0	0	0	0	1	0	0	0	0	0	1	0	0	0	0	0	0	0	0	0	0	0
C2_07210C_A	TPK2	0	0	0	0	2	1.407	0	0	1	0	0	0	1	0	0	0	0	1	0	1	3	0	0	0	0	0	0	0	0	0	0	0	0	0	0.997	1	0	0	0	0	0	0	0	0	0	0	0	0	0	0	0	1.494	0	0	0	0	1	0	0	0
C2_07220W_A	C2_07220W_A	0	0	0	1	0	0	0	0	1	0	0	0	0	0	0	0	0	0	1	0	0	0	0	0	1	0	0	0	0	1.508	0	1	0	0	0	0	0	1	0	1	0	0	0	0	0	0	0	0	2.271	1	0	0	0	1	0	0	1	0	0	0
C2_07230C_A	ZCF10	0	0	0	2	1	0	3	1	0	0	2	1	0	0	1	1	0	1	0	0	0	0	0	3.003	3	5.999	2	4	0	1	4.001	0	1	2.078	1	0	0	0	0	0	0	1	0	0	0	0	0	1	0	2	0	0	2	0	0	0.996	2.345	2	3	1.902
C2_07240C_A	C2_07240C_A	0	0	0	0	1.949	0	0	0	0	0	1	0	1	0	1	0	0	0	0	0	0	0	0	0	0	0	0	0	0	1	1.11	0	0	0	1	0	0	0	0	0	0	0	0	0	0	0	0	0	0	0	1	1	0	0	1	0	0	0	0	0
C2_07250C_A	C2_07250C_A	0	0	0	0	0	0	0	1	0	0	0	0	0	0	0	0	0	0	1	0	0	1	1	0	1	0	1	0	2	0	1	1	0	0	0	0	0	1	0	0	0	0	0	0	0	0	0	0	1	0	0	0	0	1	1	2	1	0	0	1.221
C2_07260C_A	DQD1	0	0	0	0	0	1	0	0	0	0	0	0	0	0	0	0	0	0	0	0	0	0	0	0	0	0	0	0	0	0	0	0	0	0.996	0	0	0	0	0	0	0	0	0	0	0	0	0	0	0	0	0	0	1	0	0	0	1	0	0	0
C2_07270W_A	C2_07270W_A	0	0	0	0	0	0	0	0	1	2	0	0	0	0	0	0	1	0	0	0	5	4	3	4	0	0	0	0	0	0	0	0	0	0	0	0	0	0	1	0	0	0	0	0	0	0	1	0	0	1	0	0.84	1	0	0	0	1	0	0	0
C2_07280W_A	C2_07280W_A	0	0	0	0	3.841	0	0	0	0	0	0	1	0	1	0	0	0	0	0	0	0	0	0	1	0	0	0	0	1	1	2.192	0	0	1	1	0	0	0	0	0	0	0	0	1	0	0	2	0	0	0	0	0	1	0	1	0	0	0	0	0
C2_07290W_A	LIA1	0	0	0	0	0	0	0	0	0	0	0	0	0	0	0	0	0	0	0	0	0	0	0	0	0.941	0	1	0	1.983	0	1.023	0	0	0	0	0	0	0	0	1	1	0	0	0	0	0	0	0	1.862	0	0	0	0	1	0	1	0	0	0	0
C2_07300C_A	RPA12	1	2	6	1	0	0	0	0	0	0	0	0	0	0	0	0	0	0	0	0	1	0	0	0	0	0	0	0	0	0	0	0	0	0	0	0	0	0	0	0	0	0	0	0	0	0	0	0	0	0	0	0	0	0	0	0	0	0	0	0
C2_07310W_A	CCT5	0	2	0	0	2	2	0	2	1	0	1	0	0	1	1	0	0	0	0	0	3	0	0	1	0	2	3	5	2	1	0	0	0	0	2	1	1	0	1	0	2	0	0	0	0	0	2	1	1	0	1	1	3	3.649	1	0	3	0	0	1
C2_07320W_A	ARP3	2	1	2	3	0	0	0	1	0	0	1	0	0	0	0	1	0	0	0	0	1	0	0	0	1	0	0	0	4	0	4	5	0	2	1.001	4	0	0	0	0	0	0	0	0	0	0	0	0	0	0	0	1	0	1	0	0	0	2	2	0
C2_07330W_A	TOR1	0	0	1	0	3	0	3	2	5.213	7.381	3	1.003	1	3	2	2	0	1	1.012	0	0	1	0	1	8	1	2	6	5	0	0	3	1	0	1	0	1	1	0	3	1	0	0	0	1.001	1	0	0	2	0	1.166	0	2	3	1	1	0	4.122	3.891	3.18
C2_07340W_A	NOC4	1	1	0	0	1	0	1	0	0	0	0	0	1	0	0	2	1	0	0	0	0	0	0	0	2.001	0	0	0	0.933	1	0	0	0	0	1	0	0	0	0	0	0	0	0	0	0	0	1	0	0	1	1	0	0	0	1	1	3	1	0	1
C2_07350W_A	MCM3	0	0	0	0	1.204	0	0	0	1	0	2	0	0	1	0	0	0	0	0	1	0	0	0	0	0	0	2	0	0	0	0	0	0	0	1	0	1	0	0	0	0	0	0	0	1.001	0	0	0	1.067	1	1	0	1	0	0	1	0	0	0	0
C2_07360W_A	C2_07360W_A	0	0	0	0	0	2	0	1	0	0	0	2	0	1	0	0	0	2	0	1	1	0	0	0	0	1	3	0	0	0	0	0	1	1	1	0	0.998	0	1.083	0	0	0	0	0	0	1	0	0	0	0	0	1	1	2	1	0	0	0	3	1
C2_07370W_A	C2_07370W_A	0	1	0	0	0	0	0	0	0	0	2	0	0	0	0	0	0	1	1	1	0	0	0	0	0	0	0.906	0	0	0	0	0	0	0	0	0	0	0	0	0	0	0	0	0	0	0	0	0	0	0	0	0	0	0	0	0	0	0	0	0
C2_07380W_A	SSC1	0	0	0	0	1.058	0	0	0	0	0	0	1	2	0	0	0	5	2	7	4	0	0	0	0	0	1	0	0	0	0	0	1	0	0	1	0	0	0	0	0	0	0	1	0	0	3	0	1	0	1	0	0	0	0	1	0	0	0	1	0
C2_07390C_A	C2_07390C_A	1	0	0	1	1	0	0	2	0	2	0	0	0	0	0	0	0	0	0	0	0	1	1	0	1	0	0	0	2	0	0	1	0	0	0	1	0	0	0	0	0	0	0	0	3	5	0	3	0	2	0	1	4.002	4	4	4.001	2	0	0	1.584
C2_07400C_A	APR1	0	0	0	1	0	0	0	0	0	0	0	0	0	0	0	0	1	0	0	0	0	0	0	0	0	0	0	0	0	0	0	0	0	0	0	0	2	1	0	2	0	0	0	0	0	0	0	0	0	0	0	0	0	0	0	0	0	0	0	1
C2_07410W_A	C2_07410W_A	1	1	0	0	0	2	0	0	0	0	0	0	0	0	0	0	3	0	1	0	0	1	0	0	2	1	0	0	1.998	2	0	0	0	0	0	0	0	0	0	0	0	0	1	1	1	1	0	0	0	1	0	0	0	0	0.992	1	0	2	0	0
C2_07420W_A	C2_07420W_A	0	0	0	0	0	0	0	1	0	0	0	0	0	0	0	0	0	0	0	0	0	1	1	0	0	0	1	0	0	0	0	0	0	0	0	0	0	0	0	0	0	0	0	0	0	0	0	1	0	0	0	0	0	0	0	0	0	2.561	0	0
C2_07430C_A	C2_07430C_A	0	0	0	2	0	0	0	0	0	1.082	1	1	1	0	0	0	0	0	1	0	0	0	0	1	1	1	0	3	0	0.994	0	0	0	0	0	0	0	0	0	0	0	0	1	0	0	0	0	0	2	1.766	1	1	0	0	1.22	0	1	0	0	0
C2_07440C_A	C2_07440C_A	0	0	0	0	1	0	0	0	0	0	0	0	0	0	0	0	0	0	0	0	1	0	0	1	2	0	1	0	1.417	0	2	0	0	0	0	0	0	0	0	0	0	0	0	0	0	1	1	2	0	0	3	1	0	1	1	0	0	0	0	0
C2_07450C_A	RCL1	0	0	0	0	1	1	0	2	0	0	0	1	0	0	0	0	0	0	0	0	0	1	0	0	0	1	0	1	1	0	0	0	0	1.617	0	0	1	0	1	0	0	0	0	0	0	0	3	0	1.589	0	0	0	1	0	1	0	0	4.611	0	3
C2_07460W_A	TAF4	0	1	1	2	0	0	0	0	0	0	0	0	0	0	0	0	0	0	0	0	0	0	0	0	0	0	1	0	1.984	0	1	0	0	0	0	0	0	0	0	0	0	0	0	0	0	0	0	0	1	1	0	0	1	0	0	0	1	0	0	0
C2_07470W_A	YCS4	0	0	2	0	1.344	1	2	3.848	1	0	0	0	1.081	1	0	0	0	1	0	0	1.418	0	3	2.72	1	1	3	2	0	2	0	1.997	5	3	2	4	0	0	1	2	0	1	0	1	0	1	2.02	1	0	0	1	0	3.999	1	2.064	2	2.116	1	0	4
C2_07480W_A	LPT1	1	0	0	0	3	2	0	2	1	0	1	0	3	2	2	1	0	1	0	0	1	0	0	1	0	0	2	0.999	2	0	5	1	0	1	0	0	1	0	0	4	1	0	0	0	3	1	1	0	1	3	0	0	2	0	2	0	1	0	2	1
C2_07490W_A	HEM15	0	0	1	0	0	0	0	0	0	0	0	0	0	0	0	0	0	0	0	0	0	0	0	1	0	0	1.003	0	5.016	3.021	0	0	2	0	0	0	0	0	0	0	0	0	0	0	0	0	0	1	0	0	0	1	1	3	3	1	2	0	1	0
C2_07500C_A	MED4	0	0	0	0	1	0	0	1	1	0	0	0	0	0	0	0	0	0	0	0	0	0	0	0	1	1	0	0	1	0	0	0	0	0	0	0	0	0	0	0	0	1	0	1	0.836	0	0	0	0	0	0	1	0	0	1	0	1	0	0	1
C2_07510W_A	C2_07510W_A	0	0	0	0	0	0	0	0	0	0	0	0	0	0	1	0	0	0	0	0	0	0	0	0	1	0	0	0	0	0	0	0	0	0	0	0	0	0	1	0	0	0	0	0	0	0	0	0	2	0	0	0	0	0	1	0	0	1	0	0
C2_07520C_A	C2_07520C_A	0	0	0	0	1	1	0	0	1	0	0	0	0	0	0	1	0	0	0	0	1	0	0	0	0	0	0	0	0	0	1	0.983	0	0	1	0	1	1	0	0	0	0	0	0	0	0	0	0	0	0	0	0	0	0	0	0	0	0	0	0
C2_07530C_A	C2_07530C_A	0	0	0	2	2.699	1	1	2	1	1	0	0	0	0	1	0	1	1	0	1	1	2	5.004	3	1	4	2.012	2.112	0	1.123	0	0	2	0	1	0	1.094	0	0	2	0	0	1	0	1	0	3	2	2	0	1.873	1.537	1	0	3.999	0	8	4	2	1.359
C2_07540W_A	C2_07540W_A	0	0	0	0	0	0	1	0	0	0	0	0	0	0	0	0	0	0	0	0	0	0	0	0	0	0	0	0	0	1	0	0	0	0	0	0	0	0	0	0	0	0	0	0	0	0	0	0	0	0	0	0	0	0	0	0	0	0	0	0
C2_07550W_A	C2_07550W_A	0	0	0	0	0.935	1	0	0	0	1	0	0	0	1	1	2	0	0	0	0	0	0	0	0	3	2	1	3	0	0	0	0	0	0	0	0	0	0	0	0	0	0	1	0	0	0	0	0	2	0	1	0	0	1	1	2	0	0	0	1
C2_07560W_A	SWR1	1	1	2	2	0	1	1.049	1	1	4	2	2	4	1	1.087	1	0	1	0	1	0	2	1	0	1	0	2.001	0	1	0	2	1.122	0	0.693	0	1	0	1.273	0	0	0	0	0	0	5	2	3.126	2	0	1	1.366	0	0	2	1	1	2.277	1	2.073	3.932
C2_07570W_A	RNR22	1	1	0	0	1	0	1	0	0	0	2	0	0	2	1	0	0	0	0	0	1	0	1	0	0	0	1	0	0	4	1	3.897	3	0	1	0	2	2	2.001	1	0	0	0	0	0	0	0	0	1	1.707	3.548	2	0	1	1	0	2.491	1	1	0
C2_07580W_A	C2_07580W_A	0	0	0	2	0	1	1	0	2	1	1	0	0	0	0	0	0	0	0	0	0	0	0	2	0	1	1.971	0	0	0	0	0	1	2	0	0	0	0	0	0	0	0	0	0	0	0	0	0	0	0	1.634	1	0	1	1	1	0	0	2	0
C2_07590W_A	VMA10	0	0	0	0	3	3	7	4	0	1	0	0	0	0	0	0	1	2	1	2	1	1	1	3	0	0	0	0	0	0	0	0	0	0	0	0	5	4	14	9	0	0	0	0	9	1	6	7	1	0	0	0	0	0	0	1	0	0	0	0
C2_07600C_A	MSC7	0	0	0	0	0	0	2	0	0	0	0	0	0	0	0	1	0	0	0	0	0	0	1	0	0	0	0	0	1	1	0	0	2	0	1	0	0	0	0	0	0	1	0	0	0	0	1	0	0	0	0	0	0	0	0	2	0	0	0	1
C2_07610C_A	C2_07610C_A	0	2	0	0	0	0	1	2	1.131	1	0	0	7	3	1.005	2	2	0	0	0	2	3	1.179	1	1	0	0	0	2	1	0	3	0	1.398	0	0	0	0	0	0	0	0	0	0	1	1.009	0	0	2	0	0	0	1.003	0	1	1	0	1	1.493	0
C2_07620W_A	C2_07620W_A	0	0	0	0	0	0	2	1	0	0	1	0	1	0	0	0	1	1	0	0	0	2	0	1	1	0	2.863	0	0	1	0	0	0	0	1	0	0	0	0	2	1	1	0	0	0	0	0	0	0	0	0	0	0	1.003	1	0	0	0	0	0
C2_07630C_A	C2_07630C_A	0	0	0	0	0	0	0	0	0	0	0	0	1	0	0	0	0	0	0	0	0	0	0	0	0	0	0	0	0	0	0	0	0	0	0	0	0	0	0	0	0	0	0	0	0	0	0	0	0	0	0	0	0	0	0	1	0	1	0	0
C2_07640W_A	C2_07640W_A	0	0	0	0	0	0	0	0	1	1	1	0	0	1	0	0	0	0	0	0	0	1	1	1	0	1	0	0	1	0	0	0	0	0	0	0	3	0	0	0	0	0	0	0	1	3	2	3	0	0	1	0	1	0	0	0	1	0	3	0
C2_07650C_A	C2_07650C_A	0	0	0	0	0	0	1	0	1	0	0	0	0	0	0	0	1	0	0	0	0	1	0	0	0	0	0	0	1	0	0	0	0	0	0	1	0	0	0	0	0	0	0	0	0	0	0	0	0	1	0	1	0	0	0	0	0	0	1	0
C2_07660W_A	PDS5	1	0.997	1	0	3.037	4	2	1	1.275	0	0	0	0	0	1.884	0	2	0	1	0	2.318	2	0	1	1	4	2.756	2	1	4	0	1	2.005	2	0	0	2	1	0	0	0	0	0	1	1.542	2	2	2.034	4.197	0	1.127	1.703	2.001	0	0	0	0	0	0	1.036
C2_07670C_A	GLE1	0	0	1	0	0	0	1	0	4	0	6	3	0	0	0	1	1	0	0	0	2	5	1	2	1	2	2.853	1	0	0	0	0	0	1	0	1	0	7	3	1	0	0	0	0	5	0	4	1	0	0	0	0	1	3	1	1	0	0	0	1
C2_07680W_A	C2_07680W_A	0	0	0	0	0	0	0	1	0	0	0	0	0	0	0	0	0	0	0	0	0	0	0	0	0	0	0	0	0	1	0	0	0	0	0	0	0	1	0	0	0	0	0	0	0	0	0	0	1	0	1	0	1	0	0	0	1	0	1	0.872
C2_07690W_A	C2_07690W_A	0	0	0	0	0	1.998	2	0	0	0	0	0	0	2	0	0	1	1	0	0	1	0	0	0	0	0	0	0	0	0	0	0	0	0	0	0	0	0	0	0	1	0	0	2	0	0	0	0	1	0	0	1	0	1	0	1	0	0	2	0
C2_07700C_A	C2_07700C_A	1	0	1	0	1	0	0	1	0	1	0	0	0	1	0	0	1	0	0	0	1	0	0	1	2	4	4	3	1	0	0	0	0	0	0	0	0	0	0	0	0	0	1	0	0	0	0	1	1	0	1	1	0	0	0	1	1	1	0	0
C2_07710W_A	C2_07710W_A	0	0	0	1	0	2	0	0	0	0	1	0	0	1.001	0	0	0	0	0	0	0	0	0	0	1	0	1	0	0	0	1	1	0	0	0	0	0	0	0	0	0	0	0	0	0	1	0	1	0	0	0	0	0	0	0	0	0	2	2	0
C2_07720C_A	C2_07720C_A	7	6	5	4	3.915	6	5	4	3	2.128	1	1	6	2	4	9	6	6	0	3	7	2	4	5	6.305	11	4	7	1	0	1	0	0	0	1	1	2	2	2	2	1	0	2	0	7	3	1	3	3.513	4	1	0	5	4.012	3.98	8	3	3	3.781	0
C2_07730W_A	YVC1	1	0	0	0	1	1	3	2	0	0	0	0	0	0	0	0	0	0	0	0	3	0	0	4	0	0	1.205	0	0	0	1	0	3	3	3	3	1	0	0	0	1	0	0	0.985	1	0	1	0	1	2	0	0	1.388	2.848	0	0	0	0	0.852	0
C2_07740W_A	NST1	4	2	2	1.996	2.109	1.015	1.108	0	6	1	7	2.192	3	6	9	5	1	2	3.369	5	2	2	2	2	4	4.734	8.005	4.995	1	4	4.001	6	2	1	2	0	1	0	0.999	1	0	0	0	1	1	4	1	2	2.181	2	2	3	1	4.754	5	5	7.557	4.244	2	3.262
C2_07750W_A	RHO2	1.445	0	0	0	0	0	0	0	3	2	3	2	0	0	0	0	0	0	1	0	0	1	0	1	0	0	0	0	0	0	0	1	0	0	0	0	0	0	0	0	0	0	0	0	0	0	0	0	1	1	0	0	0	0	1	0	0	0	0	1
C2_07760W_A	C2_07760W_A	0	0	0	0	1	0	0	0	1	1	1	0	0	0	0	0	0	0	0	0	0	1	0	0	1	0	0	0	0	1	0	1	0	0	1	0	0	0	0	0	0	0	0	0	1	0	0	0	1	1	0	0	0	0.945	0	0	0	1	0	0
C2_07770C_A	C2_07770C_A	0	0	0	0	0	0	0	0	0	0	0	0	0	0	0	0	0	0	0	0	0	0	0	0	0	0	0	0	0	0	0	0	0	0	0	0	0	0	0	0	0	0	0	0	0	0	0	0	0	1	0	0	0	0	0	0	0	0	0	0
C2_07780W_A	C2_07780W_A	0	0	0	0	0	0	0	0	0	0	0	0	0	0	0	0	0	0	0.858	0	0	0	0	0	0	0	0	0	1	0	0	0	0	0	0	0	0	0	0	0	0	0	0	0	0	0	0	0	0	0	0	0	0	1	0	0	0	0	0	0
C2_07790C_A	C2_07790C_A	0	0	0	0	0	0	0	1	0	0	0	0	0	0	0	0	0	0	0	0	0	0	0	0	0	1	0	0	0	2	0	0	0	0	0	0	0	0	0	0	0	0	0	0	0	0	0	0	1	1	0	1	0	0	0	0	0	0	0	0
C2_07800W_A	C2_07800W_A	0	0	0	0	0	0	0	0	0	0	0	0	0	0	0	0	0	0	0	0	0	0	0	0	0	0	0	0	0	0	1	0	0	0	0	0	0	0	0	0	0	0	0	0	1	1	0	0	0	1	0	0	0	0	0	0	0	0	0	0
C2_07810W_A	C2_07810W_A	0	0	0	0	0	0	0	0	0	0	0	0	3	0	0	1	0	0	0	0	0	0	1	0	2	2	2.001	0	1	1	3	0	0	0	0	0	0	0	2	0	0	0	0	0	1	3	0	2	0	1	2.558	0	2.001	0	0	0	0	0	1	0
C2_07820C_A	PHO86	0	0	0	0	0	0	0	1	0	0	0	1	0	0.94	1	0	0	1	0	0	0	0	0	0	0	0	0	0	0	3.877	1	0	0	0	0	1	0	0	0	0	0	0	0	1	0	0	0	0	1	0	0	0	0	0	0	0	0	0	0	0
C2_07830W_A	FLC3	0	0	1	0	3	2	2	1	1	0	1	0	0	0	0	1	0	0	0	0	0	0	0	1	2	0	0	0	0	1	0	3.909	0	0	3.988	0	0	0	0	0	0	0	0	0	0	0	1	0	1.263	0	1	0	0	0	2	1	1	0	0	0
C2_07840W_A	C2_07840W_A	1	0	0	0	0	1	0	0	0	0	0	0	1	0	1	0	0	0	1	0	0	0	0	0	0.934	0	2	1	0	0	1	0	0	0	1	1	0	0	0	0	0	0	0	0	0	0	1	0	0	0	0	0	0	0	0	0	1	0	2	0
C2_07850C_A	tM(CAU)2	0	0	0	0	0	0	0	0	0	0	0	0	0	0	0	0	0	0	0	0	0	0	0	0	0	0	0	0	0	0	0	0	0	0	0	0	0	0	0	0	0	0	0	0	0	0	0	0	0	0	0	0	0	0	0	0	0	0	0	0
C2_07860W_A	C2_07860W_A	0	1	0	0	0	1	0	0	0	0	0	1	0	0	0	0	0	0	0	2	0	0	0	0	0	0	0	0	1.286	0	0	1	0	0	0	0	0	0	0	0	0	0	1	0	3	2	0	0	0	0	0	1	1	2	0	2	2.923	0	0	0
C2_07870C_A	C2_07870C_A	0	0	0	0	0	0	0.793	0	0	0	0	0	0	1	0	0	0	0	0	0	0	0	0	0	0	0	0	1	0	0	0	0	0	0	0	0	0	0	0	0	0	0	0	0	0	0	0	0	0	0	0	0	0	0	0	0	0	0	0	0
C2_07880W_A	APM4	0	0	0	0	1	0	0	0	1	1	0	0	0	0	0	0	0	0	0	0	0	0	1	0	1	2	1.001	0	0	0	0	0	0	0	0	0	0	0	0	0	0	0	0	0	0	0	0	0	0	1	0	2	0	0	0	0	2	0	0	1
C2_07890W_A	PRS5	0	0	0	0	5	6	5	5	0	1	0	1	0	0	1	0	3	3	5	3	0	0	0	0	1	0	0	0	0	1	0	0	0	0	0	1	0	0	0	0	0	0	0	0	0	0	1.001	0	0	1	1	0	1	0	0	0	0	0	1	0
C2_07900W_A	GDH2	7	3	7	3	2	3	4	2	7	6	7	6	7	5	7	5.988	5	3	3	1	12.914	8.552	7.104	9	16	11	19	8.114	18	18	22.026	16	0	0	0	0	14	13	6	8	0	0	0	0	13	11	9	14	1.04	1	0	0	11	16	14	10	0	2	0	0
C2_07910C_A	C2_07910C_A	0	0	0	0	0	0	0	0	0	0	0	0	0	0	0	0	0	0	0	0	0	0	0	0	0	0	0	0	0	0	0	0	0	0	0	0	0	0	0	0	0	0	0	0	0	0	0	0	0	0	0	0	0	0	0	0	0	0	0	0
C2_07920W_A	C2_07920W_A	0	0	0	0	0	0	1	0	0	0	2	0	0	0	0	0	0	0	1	0	0	0	0	0	0	0	1	0	0	0	0	0	0	0	1	0	0	0	0	1	0	0	0	0	1	0	0.79	0	0	0	0	0	0	0	0	0	0	0	0	0
C2_07930C_A	VRP1	0	0	0	0	1	0	0	0	0	0	0	0	0	0	0	0	1	0	0	0	0	0	0	1	1	0	0	1	0	1	0	1	0	0	0	0	0	0	0	0	0	0	0	0	0	0	0	0	0	0	0	0	1	0	0	0	0	0	0	1.415
C2_07940C_A	ALG7	0	0	0	0	0	0	0	0	0	0	1	0	0	0	0	1	1	0	0	0	0	1	1	0	0	1	0	2	0	0	0	0	0	1	0	1.003	0	0	1	0	0	0	0	0	1	0.989	0	0	1	0	0	2	0	1	1	0	0	0	2.308	1.582
C2_07950W_A	SEH1	0	0	0	0	0	0	0	0	0	0	0	0	0	0	0	0	2	4	0	1	0	0	0	0	0	0	0	1	2	0	2	0	2	0	0	0	0	0	0	0	0	0	0	0	2	2	3	0	0	0	0	0	0	0	0	0	1	0	0	0
C2_07960C_A	NSA1	1	0	0	1	0	0	0	1	1	0	0	0	0	1	1	0	0	7	3	2	5	1.002	2	0	0	0	1	0	0	1	0	1	0	0	1	1	0	1	0	1	0	0	0	0	0	0	0	0	0	0	0	0	0	1	2	0	1.715	0	0	1
C2_07970W_A	tI(AAU)2	0	0	0	0	0	0	0	0	0	0	0	0	0	0	0	0	0	0	0	0	0	0	0	0	0	0	0	0	0	0	0	0	0	0	0	0	0	0	0	0	0	0	0	0	0	0	0	0	0	0	0	0	0	0	0	0	0	0	0	0
C2_07980W_A	C2_07980W_A	0	0	0	0	0	0	0	0	1	0	0	0	0	0	0	0	0	0	0	0	0	0	0	0	1	0	0	0	0	0	0	1	0	0	0	0	0	0	0	0	0	0	0	0	0	0	0	0	0	1	0	0	0	0	0	1	0	0	0	0
C2_07990W_A	tA(AGC)1	0	0	0	0	0	0	0	0	0	0	0	0	0	0	0	0	0	0	0	0	0	0	0	0	0	0	0	0	0	0	0	0	0	0	0	0	0	0	0	0	0	0	0	0	0	0	0	0	0	0	0	0	0	0	0	0	0	0	0	0
C2_08000C_A	KRE30	2	1	1	4	3	2	4	3	6	2	1	4	3	3	0	1	4	1.997	0	5	3	4	2	1.995	8.238	4	3	3	4	5	5	1.974	2.966	2.77	3	5	4	2	3	1	2	1	1.761	0	2	1	4	4	2.443	4.87	9	2	4.999	6.938	9	5	4	1	5.555	10.481
C2_08010W_A	BLM3	0	2	1	0	3.111	1.001	1	2.001	0	0	1	2	5	1	4	3	0	1	2	0	0	2	1	1	1	3	4.315	2.001	6	3	0	0	2	3.23	1	1	1	1.991	2	0	0	0	0	0	0	0	0	0	3.833	1.164	3.538	0	3	0	0	1	0	4	5.269	1.128
C2_08020C_A	C2_08020C_A	0	0	0	0	0	0	0	0	0	1	0	0	0	0	0	0	0	0	0	0	0	0	0	0	5	4	2	5	0	0	0	0	0	0	0	0	0	1	0	0	0	0	0	0	0	0	0	0	0	0	0	0	0	0	0	0	0	0	0	0
C2_08030W_A	C2_08030W_A	11.303	3.074	7.016	9.016	8.179	11.032	14.641	9.019	4.187	8.051	5.823	6	7	4	5	3.005	1.029	3.012	10.56	5.027	10.304	11.565	6.124	3.013	6.067	8.832	9.157	13.011	3.002	4.008	11.236	3	4.031	9.921	3.203	5	1.029	4.915	2.836	9.901	3	0	6	3	6.003	2	6.215	2.133	6	2	11	7	6.994	15.516	9.543	2.428	13	8	9	6
C2_08040C_A	RPS10	2	1	0	3	0	0	0	0	0	0	0	0	0	0	0	0	0	0	0	0	0	0	0	0	0	0	0	0	0	0	0	0	0	0	0	0	0	0	0	0	0	0	0	0	0	0	0	0	0	0	0	0	0	0	0	0	0	0	0	0
C2_08050C_A	SIT1	0	0	0	1	1	0	0	0	0	0	1	0	0	0	0	0	0	0	1	0	0	2	5	1	0	0	2	0	0	0	0	1	0	0	0	0	0	0	0	0	0	0	0	0	0	0	0	0	0	0	1	0	0	0	0	0	0	0	0	0
C2_08055W_A	RPR1	0	0	0	2	1	1	2	1	7	4	2	5	13	14	7	18	11	10	13	11	0	12	10	6	20	22	19	20	19	19	15	15	2	7	1	2	1	7	5	7	0	0	0	0	26	31	14	22	0	0	1	0	9	15	11	7	0	0	0	0
C2_08060W_A	C2_08060W_A	0	0	0	0	1	0	0	0	0	0	0	0	1	0	0	0	0	0	0	0	0	0	0	0	0	0	0	0	0	0	0	0	0	1	0	1	1	0	0	0	0	0	0	0	0	0	0	0	0	1	0	0	1	0	1	0	1	1	0	0
C2_08070C_A	MRS4	0	0	0	0	1	1	0	1	0	0	0	1	0	0	0	0	1	0	1	0	1	0	0	0	0	0	0	0	0	1	0	0	0	1.859	0	0	0	1	0	1	0	0	0	0	0	0	0	0	0	0	1	1	1	0	0	0	2	0	1	0
C2_08080C_A	IFM3	0	0	0	0	0	0	0	0	0	1	0	0	0	0	0	0	1	0	0	0	0	0	0	0	0	0	0	0	0	0	0	1	0	0	0	0	0	0	0	0	0	0	0	0	0	0	0	0	0	0	0	0	0	0	1	0	0	0	0	0
C2_08090W_A	C2_08090W_A	0	0	0	0	0	0	0	0	0	0	0	0	0	0	0	0	0	0	0	0	0	0	0	0	1	0	0	0	2	0	0	0	0	0	0	0	0	0	0	0	0	0	0	0	0	0	0	0	2	0	0	0	0	0	0	0	0	0	4.743	1
C2_08100W_A	C2_08100W_A	0	0	1	0	0	0	0	0	0	0	0	0	0	0	0	0	0	0	0	0	3	1	0	0	0	0	1	0	0	0	0	0	0	0	0	0	0	0	0	0	0	0	0	0	1	0	0	0	0	0	0	0	1.914	0	1.002	0	0	1	0	0
C2_08110W_A	RAD57	0	0	0	0	1	0	0	2	1	1	0	0	0	0	2	0	0	0	0	1	0	0	0	0.999	2	0	2.489	0.996	0	2.595	0	0	1	1	1	0	0	0	0	0	0	0	0	0	0	0	0	0	0	0	0	0	3.992	6	5	1.966	1	0	2	2
C2_08120W_A	MAF1	0	0	0	0	0	0	0	0	0	0	0	0	0	0	0	0	0	0	0	0	1	0	0	0	0	1	0	0	1	0	0	0	0	0	0	0	0	0	0	0	0	0	0	0	0	0	0	0	0	0	0	0	0	0.996	0	0	0	0	0	0
C2_08130W_A	ARA1	1	0	0	0	1	0	0	0	0	0	0	0	0	0	0	0	0	0	0	0	0	0	0	0	0	0	1.995	1	0	0	0	0	0	0	0	0	0	0	0	0	0	0	0	0	2	3	2	4	0	0	1	0	0	0	0	0	0	2.753	0	0
C2_08140C_A	PHM7	2	2	2	1	11.004	4.042	1	2	0	0	0	0	0	1.055	1	0	0	0	1	1	1.273	1	2	1	3	1	3	4	1	2	1	1	1	5	2	8	2	2	3	0	0	0	0	0	2	2	0	2.006	0	1	0	0	1	0	2	3.559	0	0	2.122	2.104
C2_08150W_A	C2_08150W_A	0	0	0	0	0	2	0	0	0	0	0	0	1	1	0	0	0	0	0	0	0	0	0	0	0	0	0	0	1	0	0	0	0	0	0	0	0	0	0	0	0	0	0	0	0	0	0	0.953	0	0	0	0	0	1	0	0	0	0	1	0
C2_08160C_A	C2_08160C_A	0	0	0	0	0	0	0	0	0	0	0	0	0	0	0	0	0	0	0	0	0	0	0	1	0	0	0	0	0	0	0	1	0	0	0	0	0	0	0	0	0	0	0	0	0	1	0	0	0	0.968	0	0	0	0	0	0	0	0	0	0
C2_08170W_A	C2_08170W_A	0	0	0	0	1	1	1	0	0	0	0	0	0	0	0	0	0	0	0	0	0	0	0	0	0	0	0	2	0	0	1	0	0	0	0	0	0	0	0	0	0	1	0	0	0	0	0	0	0	0	0	0	0	0	0	0	0	0	1.028	0
C2_08180C_A	C2_08180C_A	0	0	0	0	0	1	0	2	0	0	1	0	4	2	1	1	1.8	0	1	0	0	0	0	0	0	0	1	3	0	1	1	3	1	0	0	1	0	0	0	0	0	0	0	0	0	0	0	0	1	1	0	0	2	3	0	1.008	0	0	0	0
C2_08190W_A	VMA5	0	2	0	0	2	1	0	0	2	1	1	1	0	0	2	2	1	2	0	0	1	1	0	0.943	1	1	0	1	0	2	0	2	0	0	1	0	1	0	0	0	0	0	0	0	1	0	1	0	2	0	1	0	0	0	0	2	1	2	2	1
C2_08200W_A	C2_08200W_A	0	0	0	0	1	0	1	0	1	1	0	0	0	0	0	0	0	0	0	0	0	0	0	0	0	1	0	0	0	0	0	0	0	0	0	0	1	0	0	0	0	0	0	0	2	1	1	0.909	1	0	0	0	0	0	0	0	0	1	0	0
C2_08210C_A	MFA1	0	0	0	0	0	0	0	0.993	0	0	0	0	0	0	0	0	0	0	0	0	0	0	0	0	0	0	0	0	0	0	0	0	0	0	0	0	0	0	0	0	0	0	0	0	0	0	0	0	0	0	0	0	0	0	0	0	0	0	0	0
C2_08240W_A	ORF298	0	0	0	0	0	1	2.001	0	0	0	0	0	0	0	0	0	0	0	0	0	0	1	0	1	1	0	2	0	1	1	1.167	1	0	0	0	0	0	0	0	2	1	0	0	0	0	0	0	0	0	0	3.495	0	1	0	0	0	1.257	0	1	0
C2_08260W_A	C2_08260W_A	0	0	0	0	0	0	0	0	0	0	0	0	0	0.963	0	0	0	0	0	0	0	0	0	0	0	0	0	0	0	0	0	0	0	0	0	0	0	0	0	0	0	0	0	0	0	0	0	0	0	0	0	0	0	0	0	0	0	0	0	0
C2_08270C_A	C2_08270C_A	3	1	0	1	3	1	1	1.063	2	1	1.723	1	1	4	3	1	1	1	1	0	1	2	2.989	1	3.999	1	1.972	1.578	2	1	0	5	3.981	0	1	1	0	0	0	1.852	1	1	2	0	0	0.999	0	0	4.892	0	0	0	1.999	0	0	2	3.135	1.43	6	3.015
C2_08280W_A	EAF3	2	0	1	0	3	0	0	0	0	0	2	0	0	0	0	0	0	0	0	0	0	0	0	1	0	0	0	0	0	0	0	1.231	0	0	0	1	1	0	0	0	0	0	0	0	1.079	1	0	0	0	0	0	0	0	0	0	0	1	0	0	1
C2_08290C_A	UCF1	2	0	1	2	4	5	0	6	2	6	4	5	2	7	7	2	1	1	3	1	0	2	1	1	7	9	7	8	17	15	20	24	0	0	0	0	11	7	9	17	0	0	0	0	1	11	6	6	0	0	0	0	2	1	3	6	0	0	0	0
C2_08300C_A	C2_08300C_A	1	0	0	0	0	1.012	0	1	1	0	0	0	0	0	1	0	2	0	1	0	1	0	1	0	1	0	2	0	0	1	0	0	5.001	3	0	3	2	1	5	2	0.969	0	0	0	3	4.529	3	1	0	0	2	1	0	1	0	1	1.757	0	2	2.971
C2_08310W_A	TIM22	0	0	0	0	2	6	2	3	0	0	0	0	0	0	0	0	0	0	0	0	0	0	0	0	0	0	0	0	1	0	0	0	1	0	0	1	0	0	0	0	0	0	0	0	0	0	0	0	0.993	1	0	0	0	0	0	0	2	0	0	0
C2_08320C_A	C2_08320C_A	0	0	0	1	0	0	0	0	0	0	1	0	0	0	0	0	0	0	0	1	0	0	0	0	0	0	0	0	0	0	0	0	0	0	0	0	0	0	0	0	0	0	0	0	0	0	0	0	0	0	0	0	0	1	0	0	1	0	0	0
C2_08330W_A	C2_08330W_A	0	0	0	0	0	0	0	0	0	0	0	0	0	0	0	0	0	0	0	1	0	0	0	0	6	6	3.289	5	0	0	0	0	0	0	0	0	0	1	0	0	0	0	0	0	3	4	4	3	0	0	0	0	1	0	0	1	1	0	0	0
C2_08340C_A	C2_08340C_A	0	0	0	0	0	0	0	0	0	0	0	0	0	0	0	0	0	0	0	0	0	0	0	0	0	0	0	1	0	1	0	0	0	0	1	0	1	0	0	0	0	0	0	0	0	0	0	0	0	0	0	0	0	0	0	0	0	0	0	0
C2_08350C_A	C2_08350C_A	0	0	0	0	0	0	0	0	0	0	0	0	0	0	0	0	0	0	0	0	0	0	0	0	0	0	0	0	0	0	1	0	0	0	0	0	0	0	0	0	0	0	0	0	0	0	0	0	0	1	0	0	0	0	0	0	0	0	0	0
C2_08360C_A	OPT5	1	0.999	0	0	0	1	0	2	0.991	1	0	0	0	2	0	1	1	1	2	2	0	3	0	0.996	0	1	2	0	0	1	0	2	2	0	0	0	0	0	0	0	0	1	0	0	0	0	1	1	1	0	1	0	1.945	0	0	0	0	0	1	2
C2_08370C_A	TEF1	0	0	0	0	0	2	0	0	0	0	0	0	4	0	1	0	0	0	0	0	1	0	0	0	0	0	0	0	0	0	0	0	0	0	0	0	0	0	0	0	0	0	0	0	1	0	2	0	0	0	0	0	3	0	0	8	0	0.5	0	0
C2_08380C_A	C2_08380C_A	0	1	0	2	0	1	0	0	1	0	0	0	0	0	1	0	1	0	1	0	0	0	0	0	0	1	1	0	0	1	0	2	0	0	0	0	1	0	0	0	1	0	0	0	0	2	1	0	0	0	2	0	0	0	0	0	1	0	0	0
C2_08390W_A	C2_08390W_A	0	0	1	0	1	1.011	2	2	2	0	0	0	0	0	1	0	0	0	0	0	1	1	0	1	0	0	0	0	0	1	0	0	0	0	2.999	0	0	1	0	0	0	0	0	0	0	2	0	0	0	1	0	0	0	0	0	0.973	0	0	0	1.421
C2_08400C_A	C2_08400C_A	0	0	0	0	0	0	0	1	0	0	0	0	0	0	0	0	0	0	0	0	0	0	0	0	0	0	0	0	0	0	0	0	0	0	0	0	0	0	0	0	0	0	0	0	0	1	1	2	0	0	0	0	1	0	0	0	0	0	0	0
C2_08420W_A	C2_08420W_A	0	0	0	0	0	1	0	0	0	1	0	0	0	0	0	0	0	0	0	0	0	2	0	0	2.988	0	1	0	1	0	0	0	0	0	0	0	0	0	0	1	0	0	0	0	0	0	0	0	0	0	0	0	0	0	0	1	1.326	0	1	0
C2_08430C_A	PGA46	1	1	1	1	3.063	2	1	1.001	0.956	2	1	0	1.001	1	1	0	2	1	0	0	2	0	0	1	2.626	1	2	2.258	4	1	1.114	1	2	0	0	3	1	0	1.322	1	1	0	0	0	3	1	1	1	1.444	1.651	0	1	0	3.997	3	1	0	2	1	3
C2_08440W_A	C2_08440W_A	0	0	0	0	0	0	1	0	0	0	0	0	0	0	0	0	0	0	0	0	0	0	0	0	0	0	0	0	0	0	0	0	0	0	0	1	0	0	0	0	0	0	0	0	0	0	0	0	0	0	0	1	0	0	0	0	1	0	0	0
C2_08450W_A	C2_08450W_A	2	9	4	2	0	0	2	2	0	1	2	3	2.998	5	1	1	1	0	2.024	0	2	0	0	2	0	1	0	0	0	1	1	0	0	0	0	0	0	0	0	0	0	0	0	0	3	4.001	3	2	0	2	0	1.182	0	1.998	1	0	0	1	0	3
C2_08460C_A	C2_08460C_A	0	0	0	0	0	0	0	1	0	0	0	0	0	0	0	0	0	0	0	0	0	0	1	0	0	0	1	0	0	0	0	0	2	0	0	0	1	0	0	1	0	0	0	0	0	0	0	0	0	0	0	0	1	0	0	0	0	0	0	1
C2_08470C_A	STN1	1	0	0	1	0	1	1	1	0	1	0	0	0	0	0	1	0	0	0	0	1	0	0	1	1	0	0	2	0.996	1	0	0	1	0	1	0	0	0	0	0	0	1	0	0	0	1	0.999	0	0	0	0	2	0.996	0	2.61	0	1	1.444	2.141	1.699
C2_08480W_A	RRP8	0	0	0	0	0	0	0	1	1	0	1	1	0	1	0	0	1	0	3	0	0	0	0	0	1	0	0	0	1	0	0	0	0	0	1	0	0	2	0	1	0	0	0	0	0	0	0	0	0	0	0	0	0	1	0	0	2	0	0	0
C2_08490W_A	DSE1	0	2	0	0	1	0	0	0	0	0	1.289	2	2	0	0	0	1	0	2	0	0	0	1	0	1	0	0	1	0	0.999	1.551	0	0	0	0	0	1	1	0	0	0	0	0	0	1	0	0	0	1	0	1	0	0	0	0	0	1	1	2.376	2.998
C2_08500W_A	RSP5	0	3	0	0	0	0	0	2.783	2	1	2	4	0	1	2	0	0	0	0	1	2	2	3	2	3	3	2.014	2	1	2.753	1.05	0	1	0	2	0	0	0	0	0.999	0	0	0	0	1	1	1	1.003	0	1.701	0	0	3	2.868	3	0	2.241	1	1.196	1.119
C2_08510W_A	C2_08510W_A	0	0	0	0	0	0	0	0	0	0	0	0	0	0	0	0	1	0	0	0	0	0	0	0	0	0	0	0	0	1	0.998	0	0	0	0	0	0	0	0	0	0	0	0	0	0	0	0	0	0	0	0	0	0	0	0	0	0	1	0	1
C2_08520C_A	C2_08520C_A	0	0	0	0	0	0	0	0	0	0	0	0	0	0	0	0	0	0	0	0	0	1	0	0	0	0	0	0	0	0	0	0	0	0	0	0	0	0	0	0	0	0	0	0	0	0	0	0	0	0	0	0	0	0	0	0	0	0	0	0
C2_08530C_A	C2_08530C_A	0	0	0	0	1	0	0	0	0	0	1	1	0	0	0	0	0	0	1	0	0	2	1	1	1	2	1	0	0	0	1	1	0	0	1	0	0	0	1	0	0	0	0	1.126	1	1	0	0	3.653	0	0	0	0	0	0	1	0	0	0	3.591
C2_08540C_A	C2_08540C_A	0	0	0	0	0	0	1	0	0	0	0	0	0	0	0	0	2	0	0	0	0	0	0	0	1	0	0	0	0	1	0	0	0	0	0	0	1	0	0	0	0	1	0	0	0	0	0	2	1	0	0	1	0	0	0	0	1	0	0	0
C2_08550C_A	MSU1	0	0	0	1	0	2.999	3.394	1	0	0	0	0	1	0	0	0	0	0	2	1	1	1	1.995	0	0	2	0	0	0	4.685	0	0	1.997	1	0	0	0	0	2	3	0	0	0	1	0	0	2	1.599	0	2	1.659	0	0.828	1.09	3.728	3.387	1.701	1.213	3.57	1
C2_08560W_A	SMC2	0	1	0	3	0	1	3	1	1	1	0	0	1	0	1	1	2	2	5	3	0	0	2	2	0	3	0	0	3	0	3	2	0	0	2	0	0	0	0	0	0	0	0	0	2.001	1	0	2	1.154	0	1	1.095	1.181	0	2	0	0.991	2.462	4.501	0
C2_08570W_A	ANP1	0	0	0	0.961	0	0	0	0	0	0	0	0	0	0	0	0	0	0	0	1	0	0	0	0	0	0	0	0	0	0	0	0	0	0	1	0	0	0	0	0	0	0	0	0	0	0	0	0	0	0	0	0	0	0	0	0	1	0	0	1
C2_08580W_A	C2_08580W_A	0	0	0	0	0	0	0	0	0	0	0	0	0	1.001	0	0	0	0	1	2	1	0	0	0	1	1	0	0	0	0	0	1	1	0	1	0	0	0	0	0	0	0	0	0	1	0	0	0	0	0	0	0	0	1.051	0	0	0	0	0	0
C2_08590W_A	YWP1	0	0	0	2	0	0	0	1	0	0	0	0	0	0	0	0	0	0	0	0	1.001	0	0	1	0	0	1	0	0	1	0	0	0	0	0	0	0	0	1	0	0	0	0	0	0	1	0	0	0	0	0	0	0	0	0	0	0	0	0	0
C2_08600W_A	GTR1	1	0	0	0	0	0	0	0	0	0	0	2	0	0	0	0	0	0	0	0	0	0	0	0	0.958	0	0	0	2	0	1	0	0	0	0	0	0	0	0	0	0	0	0	0	0	0	0	0	0	0	0	1	1.38	0	0	0	0	0	0	0
C2_08610W_A	ERG9	0	0	0	0	0	2	1	0	0	0	0	0	0	0	0	0	0	0	0	0	0	0	0	0	0.998	1	0	1	0	1.999	0	0	2	0	0	0	0	0	1.008	0	0	0	0	0	0	0	0	0	0	0	0	0	0	0	0	0	1	0	0	0
C2_08620W_A	C2_08620W_A	0	1	0	0	0	1	2	1	1.003	2	4	1	1	0	0	0	8	8	5	5	1	0	2	7	0	2	1	1	0	0	0	0	0	0	0	0	1	0	0	0	0	0	0	0	0	0	0	0	0	0	0	0	0	1	0	0	0	0	0	0
C2_08630C_A	C2_08630C_A	0	0	0	0	2	1	0	0	3	0	1	0	0	0	0	0	0	1	0	0	1	0	0	0	5	5	4	3.888	0	0	0	0	0	1	1	1	0	0	0	1	1	0	0	0	0	0	1	0	0	0	2	1	0	0	1	0.988	0	0	0	0
C2_08640C_A	PST2	1	0	0	0	0	0	0	0	0	0	0	0	0	0	0	0	0	0	0	0	0	0	0	0	0	0	0	0	0	0	0	0	0	0	0	1	0	0	0	0	0	0	0	0	0	0	0	0	1	0	0	0	0	0	0	0	0	0	1	0
C2_08650W_A	C2_08650W_A	0	0	0	0	3	2	0	5	0	0	0	0	0	0	0	0	0	0	0	0	0	0	0	0	0	0	0	0	0	0	0	0	0	0	1	0	0	0	0	0	0	0	0	0	0.998	0	0	0	0	0	0	0	0	0	0	0	0	0	0	0
C2_08660C_A	C2_08660C_A	0	0	0	1	1	1	4	3	0	0	0	0	0.995	0	2	1	0	1	0	0	0	0	1.673	0	0	0	0	0.647	2.661	3	0	1	0	1.421	0.846	0.783	0	0	0	0	1	0	0	0	0	0	0	0	0	0	0	1	2.994	0	1.001	1	1.661	0	2.791	0
C2_08670C_A	UTP15	0	0	0	0	1	0	0	1.913	0	0	0	0	0	1	0	0	0	0	1	0	0	1.684	1	1.078	0	0	1	1	0	0	0	0	0	0	0	0	2	0	0	0	0	0	0	0	1	1	0	0	0	0	1	0	1.008	0	2	0	4	3	1	0
C2_08680W_A	MSH3	0	0	0	0	1	0	2	2	1	0	1	1.156	1	2	2	0	1	2	1	1	0	0	2.999	0	0	0	0	1	0	0	0	0.852	0.999	1	0	0	0	0	1.017	1	0	1.155	0	0	2	0	2	2	0	1	0	0	0	2	0	1	0	1	0	2
C2_08690C_A	C2_08690C_A	0	0	0	0	1	0	0	1	0	0	0	0	0	0	0	0	0	0	0	0	0	0	0	0	0	0	0	0	0	0	0	0	0	0	1	0	0	0	0	0.996	0	0	0	0	0	0	0	0	0	0	0	0	0	0	0	0	2	0	0	1
C2_08700C_A	C2_08700C_A	2	5	2	1	0	0	0	0	0	0	0	1	0	0	0	0	0	0	0	0	0	0	1	0	0	0	0	0	0	0	0	0	0	0	0	0	0	1	0	0	0	0	0	0	0	0	0	0	0	0	1	0	3	1	3	3	0	0	0	0
C2_08710W_A	PEX17	0	0	0	0	0	0	0	1	0	0	0	0	0	0	0	0	0	2	2	0	0	0	0	0	0	0	0	0.993	1	0	0	1	0	0	0	0	0	0	0	2	0	0	0	1	1	0	0	0	1	0	1	0	0	0	0	0	0	0	0	2.915
C2_08720W_A	C2_08720W_A	2.02	6.001	0	5	5.526	6.541	5	5.012	2	4.557	3	4	2	2.146	0	2	3.999	3.988	1.424	3	4	2	2	3	1.271	5	8.216	5.024	6	8	5	3.204	0	4.119	5	3.456	8	4	3	7	2	0	0	1	0	2	2	5	8	3	5	3	3.689	7	6.998	7.966	8.737	11.34	10.158	14.779
C2_08730W_A	MFG1	0	1	1	1	0	0	0	2	0	1	1	1	0	0	0	0	0	0	1	0	0	1	1	0	0	0	0	2	0	1	0	1	0	0	0	1	1.002	0	0	0	0	0	1	0	0	0	0	0	1.215	0	0	1	0	0	0	0	0	2	0	0
C2_08740W_A	C2_08740W_A	3	0	1	0	0	0	0.769	0	0	1	0	0	0	0.79	0	1	1	1	1	1	3.012	1	0	0	3	0	0	1	1	0	0	0	1	0	0	0	1	0	1.933	3	0	0	0	2	1.581	1	1.013	0	1	4.652	2	1	4	0	1.076	1.774	0	3.533	0	0
C2_08750W_A	C2_08750W_A	1	0	0	0	1	0	1	2	0	0	1	0	0	1	0	0	1	0.998	0	0	0	1	0	0	0	0	0	0	1.005	0	1	1	0	0	1	1	0	0	1	0	0	0	0	0	0	0	0	0	1	0	0	2	2	0	0	1	0.764	1.814	0	0
C2_08760C_A	TIF4631	0	1	0	2	2	1	0	2	4	2.974	4	5	1.069	0	0	0	0	2	3	0	1	0	3	3	0	0	1	1.798	5	5	6	2	1	0	0	2	2	1	1	6	0	0	0	0	1	1	3	0	0	0	0	0	0	1	0	0	2	2	2	0
C2_08770C_A	C2_08770C_A	0	0	0	0	0	0	0	0	0.933	0	0	0	0	0	0	0	0	0	0	0	1	1	0	0	0	0	0	0	0	0	0	0	0	1	0	0	1	0	0	1	0	0	0	0	0	0	0	0	0.884	0.923	0	0	0	0	0	0	0	0	0	0
C2_08780W_A	RPT6	0	0	0	0	0	0	0	0	2	0	1	0	0	0	0	0	0	1	0	0	0	0	0	1	0	0	0	0	0	0	0	0	0	0	0	0	0	0	0	0	0	0	0	1.782	0	0	0	0	0	0	0	1	0	0	0	0	0	1	0	0
C2_08790W_A	JEM1	0	0	0	1	0	0	0	1	0	0	0	0	0	0	2	0	1.003	0	0	1	0	0	2.003	0	0	0	0	0	1	1	0	0	0	1	1	0	1.054	0	0	0	0	0	0	0	0	0	1	0	0	0	1	0	0	0	0	1	0	0	0	1
C2_08800C_A	APE3	0	0	0	0	1	1	2	0	0	0	1	0	0	0	2	0	0	0	0	0	0	0	0	1.203	1	0	0	0	0	0	0	0	1	0	0	0	0	0	0	0	0	0	0	0	0	0	0	1	1.279	0	0	3.938	0	0	0	1	0	1.119	0	0
C2_08810C_A	IPP1	0	0	0	0	0	0	1	1	0	0	0	0	0	0	0	0	0	1	0	0	1	4	1	1	0	0	0	0	0	0	0	0	0	0	0	0	2	1	2	4	0	0	0	0	1	1	0	0	0	0	0	0	0	0	0	0	0	0	0	0
C2_08820C_A	SPO11	0	0	0	0	0	0	0	0	0	0	0	0	1	0	0	0	0	0	0	0	0	0	1	0	0	1	0	0	0	0	0	0	0	0	0	0	0	0	0	0	0	0	0	0	0	0	1	0	0	0	0	0	0	1	0	2	0	1	1	0
C2_08830W_A	C2_08830W_A	0	0	0	0	0	1	0	0	0	0	0	0	0	0	0	0	0	0	0	0	0	0	0	0	1	0	0	0	0	0	0	0	0	0	0	1	0	0	1	0	0	0	0	0	0	0	0	0	0	0	0	1	0	0	0	0	0	1	1	0
C2_08840W_A	C2_08840W_A	0	0	0	0	0	0	0	0	0	0	0	0	0	0	0	0	0	0	0	0	1	0	1	0	0	0	0	0	0	0	0	1	0	0	1	1	0	0	0	0	0	0	0	0	0	0	0	0	1.895	0	0	0	0	0	0	0	0	0	0	0
C2_08850C_A	C2_08850C_A	0	1	0	0	0	0	0	0	0	1	0	0	0	0	0	0	0	0	0	0	3	2	1	0	0	0	0	0	0	1	0	2	0	0	0	0	0	1	0	0	1	0	0	0	1	0	0	0	0	0	0	0	0	1	2	0	0	0	0	0
C2_08860W_A	C2_08860W_A	2	0	1	0	0	0	1	0	0	0	0	1	1	2	1	0	0	0	0	0	2	2	1	1	1	0	0	0	0	0	0	1	0	0	1	0	1	0	0	0	1	0	0	1	0	0	0	0	0	0	1	0	0	0	1	1	0	0	2	1
C2_08870C_A	PIR1	0	0	0	0	0	0	0	0	3	2	1	1	0	0	1	0	0	0	0	0	0	0	1	0	0	0	0	0	0	0	0	0	0	0	0	0	0	0	0	0	0	0	1	0	0	1	0	0	0	1.817	2.761	0	0	0	0	0	0	0	1	1
C2_08880W_A	BUD20	0	0	0	0	0	0.795	0	0	0	0	0	0	0	0	0	0	0	0	0	0	0	0	0	0	0	0	0	0	0	0	0	0	0	0	0	0	0	0	0	0	0	0	0	0	1	0	0	0	0	0	0	0	0	0	0	0	1	0	0	0
C2_08890W_A	C2_08890W_A	0	0	0	1	0	0	0	0	0	0	0	0	0	0	0	1	0	0	0	0	0	0	0	1	0	2	0	0	0	0	0	0	0	0	0	0	0	0	0	0	0	0	0	0	1	0	1	0	0	0	0	0	0	0	1	0	1	0	0	0
C2_08900W_A	C2_08900W_A	0	0	0	0	0	0	0	0	0	0	0	0	0	0	0	0	0	0	0	0	0	0	0	0	0	0	0	0	0	0	0	0	0	0	0	0	0	0	0	0	0	0	0	0	1	0	0	0	0	0	0	0	0	0	0	0	0	0	0	0
C2_08910C_A	C2_08910C_A	0	0	0	0	0	0	0	0	0	0	0	0	0	0	0	0	4.795	2	2	3	0	0	1	1	1	0	0	0	0	3	0	0	0	0	1	0	0	0	0	0	0	1	0	0	0	1	1	2	0	1	0	0	1.005	0	0	0	1	1	0	0
C2_08920W_A	C2_08920W_A	0	0	0	0	0	0	1	0	0	1	0	0	0	0	0	0	0	1	0	0	0	0	0	0	3	1	2	4	0	0	0	0	2	0	4	2	0	0	0	0	0	0	0	0	1	1	1	2	0	0	1.123	0	0	0	0	0	1.488	4.491	0	0
C2_08930W_A	C2_08930W_A	1	0	0	0	0	0	1	0	2	2	2	3	0	0	1	1	0	0	0	1	0	0	0	0	0	0	0	0	0	0	0	0	0	0	0	1	0	1	0	0	0	0	0	0	0	1	0	0	0	0	1	0	1	0	0.999	2.747	0	0	2	0
C2_08940C_A	VPS28	0	0	0	0	0	1	0	0	0	0	0	1	0	0	0	1	0	0	0	0	0	0	0	0	0	0	1	0	0	0	0	0	0	0	0	0	0	0	0	0	0	0	0	0	0	0	0	0	0	0	1	0	1	0	0	1	1	1	1	1.994
C2_08950W_A	C2_08950W_A	0	0	0	0	0	0	0	0	1	0	0	0.991	0	0	0	0	0	0	0	1	0	0	0	0	0	0	0	0	0	0	0	0	0	0	0	0	0	0	0	0	0	1	1	0	0	0	1	0	0	0	0	1	0	0	0	0	0	0	0	0
C2_08960C_A	C2_08960C_A	0	0	0	0	0	1	0	1	0	0	0	1	2	4	3	2	0	1	0	0	0	0	0	0	0	0	0	0	2	4	1	1	0	0	0	0	0	1	1	0	0	0	1	0	0	0	0	1	0	0	1	0	1	0	0	1	0	1	0	0
C2_08970C_A	DFG10	0	0	0	0	0	1.349	0	0	0	1	0	0	0	0	0	0	0	0	0	0	0	0	1	0	0	0	0	0	1	0	0	0	0	0	2.012	0	0	2	0	0	0	0	0	0	0	0	0	0	0	3.83	0	0	0	0	0	0	0	0	1	2
C2_08980C_A	PGA55	0	0	0	0	1	0	0	0	0	0	0	0	0	0	0	1	0	0	0	0	0	0	0	1	0	0	1	0	0	0	0	0	0	0	0	0	0	0	1	1	0	0	0	0	0	0	0	0	1	0	0	1	1	0	0	1	1	0	0	0
C2_08990C_A	C2_08990C_A	0	0	0	0	0	1	1	0	0	0	1	0	1	0	1.004	0	0	0	1	0	0	0	0	0	0	0	0	0	0.998	1	1	1	0	0	0	0	0	0	0	0	0	0	0	0	1	1	0	0	0.936	3	0	0	0	0	0	0	1	2	2	1.116
C2_09000C_A	C2_09000C_A	1	0	1	1	3	3	1	2	0	0	3	1	1	0	2	1	0	2	2	2	1	1	0	1	3	1	2	2	3	2	0	2	1.98	1.091	2	1	1	2	2.046	2	0	0	1	0	2	2	0	0	1	0	4.916	3	2	4	2	2	1	4.724	2.855	4.978
C2_09010W_A	STB3	0	0	0	0	0	0	1	0	0	0	0	0	0	1	0	1	0	0	0	0	0	1.002	0	0	1	0	1	0	2	0	1	0	0	1	0	0	1	1	0.964	0	0	0	0	0	0	0	0	0	1.367	0	1	0	0	0	0	0	0	0	0	0
C2_09020W_A	CDC47	1	0	0	0	2	0	0	0	6	1	1	1	0	0	0	0	0	1.002	0	0	0	0	1	0	2	0	0	0	1	0	2	1	0	0	0	1	0	0	0	0	0	0	0	0	0	0	0	0	0	1.69	0	0	0	0	0	0	1	1.337	2	0
C2_09030W_A	C2_09030W_A	0	0	1	0	0	0	0	0	0	2	1	2	0	0	0	0	0	0	0	0	0	0	0	0	0	0	0	0	0	0	0	0	0	0	0	0	0	0	0	0	0	0	0	0	0	0	0	0	0	0	0	0	0	0	0	0	0	1	0	0
C2_09040W_A	C2_09040W_A	0	2	1	0	0	0	1	0	0	0	0	0	0	0	0	0	0	0	0	0	5	4	4	2	0	0	0	0	0	0	0	1	0	0	0	0	0	0	0	0	0	0	0	0	0	0	0	0	1	0	0	0	6	2	5	7	0	1.151	0	0
C2_09050C_A	C2_09050C_A	0	1	1	0	2	1	2	1	1.034	1	1	1	0	0	0	0	6	0	2	1	1	1.001	1	1	1	0	0	0	0	1	1	0	0	0	0	0	0	2	1	1	0	0	0	0	1	0	1.04	0	2.617	0	0	1.177	0	0	5.896	0	1.088	0	1.568	1
C2_09060C_A	ASN1	0	0	1.415	0	1	2	0	0	0	0	0	0	0	1	0	0	0	1	0	0	1	0	0.983	0	0	0	0	2	2.153	0	0	1.097	0	0	0	0	0	0	0	0	0	0	0	0	1	0	0	2	2	0	0	0	0	0	0	1	0	0	0	0
C2_09070C_A	C2_09070C_A	2.127	0	1	2	2	0	0	0	2	0	1	0	0	0	1	0	1	0	0	0	0	0	0	0	1.104	1	2	1	8.744	3	3.65	2	0	1	2	0	1	2	5	5	0	0	0	0	1.999	2	0	1	3.964	1.68	1	1	1.277	3.516	5	5.399	2	1.084	2	3
C2_09080C_A	FGR18	0	0	0	0	1	0	1	0	0	0	0	1	0	0	0	0	0	0	0	0	0	0	0	0	0	0	0	0	0	0	0	0	0	0	0	0	0	0	0	0	0	0	0	0	0	0	0	0	0	1.009	0	0	0	0	0	0	0	0	0	0
C2_09100C_A	C2_09100C_A	0	1	0	0	0	1	0	1.725	0	0	1	0	0	0	0	1	0	0	1	0	1	0	0	1	0	0	2	2.446	0	1.166	0	0	0	0	0	0.999	0	0	1	0	0	0	1	0	0	4.956	2	2	0	0	1.805	1	0	3	2	0	1.233	0	0	0
C2_09110C_A	C2_09110C_A	0	0	0	0	0	0	0	0	0	0	1	0	0	0	0	0	0	0	0	0	0	0	1	0	0	0	0	0	0	0	0	0	0	0	0	0	0	0	0	0	0	0	0	0	0	0	0	0	0	0	0	0	0	0	0	0	0	0	0	0
C2_09120C_A	C2_09120C_A	0	0	0	0	1	1	0	0	0	1	0	0	0	0	1	0	1	0	0	0	0	0	0	0	0	0	0	1	1	0	1	0	0	0	0	0	0	0	0	0	0	0	0	0	0	0	1	0	0	0	0	1	0	0	0	0	0	0	0	0
C2_09130C_A	IFF6	0	0	1	0	0	0	0	0	1.003	0	0	0	0	0	0	0	0	0	0	0	0	1	0	0	0	1	0	0	2.823	0	0	0	0	0	0	1	0	1	1	0	0	0	0	0	0	0	0	0	1	0	1	0	1	0	0	1	0	4	1	0
C2_09140C_A	MET10	1	1	0	0	0	2	0	0	0	0	0	0	1	0	0	2	3	0	0	1	0	0	0	0	0	0	0	0	1.19	0	1	0	0	0	1	1	0	1	0	0	0	0	0	1	0	2	1	0	2.405	0	0	0	1	0	0	0	3.252	0	0	0
C2_09150W_A	MIT1	0	0	0	0	0	0	0	0	0	1	1	0	0	0	0	0	0	0	0	0	0	0	0	0	0	0	0	2.592	0	0	1	0	0	0	1	0	0	0	0	0	0	0	0	0	0	0	0	0	0	0	0	0	0	0	0	1	2.707	0	1.049	0
C2_09160W_A	C2_09160W_A	0	1	0	0	0	2	1.542	0	0	0	0	1	0	0	1	1	1	0	0	0	0	1	0	0	0	0	0	1.885	1	0	1	1	0	1	0	0	0	0	0	0	0	0	0	0	0	0	0	0	0	0	1	0	0	0	2	0	1	0	0	0
C2_09170W_A	SLP2	0	0	3	0	1	0	0	1	0	0	1	0	0	0	0	0	1	0	0	0	0	0	0	0	2	0	0	0	0	0	0	0	0	0	0	0	0	0	0	0	0	0	0	1	0	0	0	0	0	0	1	1	0	0	0	0	0	1	0	0
C2_09180W_A	C2_09180W_A	0	0	0	0	0	0	0	0	1	0	0	0	0	0	0	0	0	0	0	0	0	0	1	0	0	0	0	0	1	0	0	2	0	0	0	0	0	0	1	0	0	0	0	0	0	0	0	0	0	0	0	0	1	0	0	0	0	0	0	0
C2_09200W_A	tP(UGG)2	0	0	0	0	0	0	0	0	0	0	0	0	0	0	0	0	0	0	0	0	0	0	0	0	0	0	0	0	0	0	0	0	0	0	0	0	0	0	0	0	0	0	0	0	0	0	0	0	0	0	0	0	0	0	0	0	0	0	0	0
C2_09210W_A	C2_09210W_A	0	0	0	0	0	1	0	0	0	0	0	0	0	0	1	0	0	1	0	0	0	1	0	0	1	0	0	0	0	0	1	0	0	0	0	0	0	0	0	0	0	0	0	0	0	0	1	0	0	0.877	0	0	0	0	0	0	1	0	0	0
C2_09220W_A	DDR48	1	1	1	1	2	0	3	8	4	4	10	5	1	0	0	0	0	0	0	0	4	5	0	4	1	0	0	0	0	0	0.999	0	0	2	3	0	1	0	1	0	0	0	0	0	0	2	1	1	0	0	0	0	0	2	1	1	0	0	0	0
C2_09230C_A	KIS1	0	0	0	0	0	0	0	1	0	0	0	0	0	0	0	0	0	0	0	0	0	0	0	0	0	1	0	0	0	0	0	0	0	0	0	0	2	7.813	7	4	0	0	0	0	0	0	0	0	0	0	0	1	0	0	0	0	0	0	0	1.764
C2_09240C_A	C2_09240C_A	0	0	0	0	0	2	1	1	7	3	2	0	1	2	2	1	0	0	0	0	6	6	0	3	1	3	0	0	1	0	0	1	1	0	1	0	4	2	1	5	0	1	0	0	0.999	0	0	0	0	0	0	0	2	2	3	1	0	0	2	0
C2_09250W_A	C2_09250W_A	0	0	0	0	0	0	1	0	1	0	0	0	0	0	0	0	0	0	0	0	0	0	0	0	0	1	0	0	1	0	2	0	0	0	0	0	0	0	0	0	0	0	1	0	0	0	0	1	0	0	0	0	0	0	0	0	0	1	0	0
C2_09260C_A	GLO2	0	1	0	0	0	0	0	0	0	0	0	0	0	0	0	0	0	0	0	0	0	0	0	0	0	0	0	0	0	0	0	0	0	0	0	0	1	0	0	0	0	0	0	0	0	0	1	0	0	0	0	0	0	0	0	0	0	0	0	0
C2_09270C_A	SGT1	0	0	1	0	0	1	0	1	0	0	1	0	0	0	0	0	2	2	3	0	0	0	0	0	0	0	1	0	0	0	0	1	0	0	1	0	0	0	0	1	0	0	0	0	0	0	1	0	0	0	0	0	0	1	0	0	1	0	0	0
C2_09280C_A	C2_09280C_A	0.998	0	1.001	0	0	0	1	1	0	0	0	1	0	0	0	0	0	0	0	0	0	0	0	0	0	0	0	0	0	0	0	1	0	0	0	0	1	0	0	0	0	0	1	0	0	0	0	0	1	0	1.005	1	0	0	0	0	2.803	2	0	0
C2_09290W_A	C2_09290W_A	3	1	3	2	0	0	0	0	0	0	0	0	0	0	0	0	0	3	3	1	0	0	0	0	0	0	1	0	0	0	0	0	0	0	0	0	0	0	0	0	0	0	0	0	0	1	0	2	0	0	0	0	0	0	0	0	0	0	0	0
C2_09300W_A	MED18	0	1	0	0	1.001	0	1	1	0	0	0	0	0	0	0	0	3	4	5.97	4	0	0	0	0	2	0	0	0	0	0	0	0	0	0	1	0	0	0	0	0	0	0	0	0	0	0	0	0	0	0	0	0	0	0	0	0	0	1	0	0
C2_09310C_A	GTF1	0	0	0	0	0	0	0	0	0	0	0	0	0	0	0	0	1	0	0	0	0	0	1	0	0	0	0	0	0	0	0	0	0	0	0	0	0	0	0	0	0	0	0	0	0	0	0	0	0	0	0	0	0	0	0	1	1	1	0	1
C2_09320C_A	PES1	0	1	1	0	0	1	0	1	0	1	0	0	4	5	7	2	0	0	0	0	0	2	0	0	1	0	0	0	0	0	0	0	0	0	1	0	0	0	0	0	1	0	0	0	2	1	1.694	0	1	1	0	2	0	0	0	1	1	0	0	0
C2_09330C_A	C2_09330C_A	0	0	0	0	0	0	0	1	0	0	0	0	0	1	0	1	0	0	0	2	0	0	1	0	1	2	1	2	0	0	1	0	0	0	0	1	0	0	1	0	0	0	0	0	0	1	0	0	0	2	0	0	0	2	0	2	0	0	0	1
C2_09340W_A	C2_09340W_A	0	0	0	0	0	0	0	0	0	0	0	0	0	0	0	0	0	0	0	0	0	0	0	0	0	0	0	0	0	0	0	0	0	0	0	0	0	0	0	0	0	0	0	0	0	0	0	0	0	0	1	0	0	0	2	0	0	0	0	0
C2_09350W_A	TAZ1	1	0	0	0	1	0	0	1	0	0	0	0	1	0	0	0	0	0	0	0	0	1	0	1	0	2	1	1	2	0	0	0	0	0	0	0	0	0	0	1	0	0	0	0	0	0	0	0	0	0	1	1	0	0	0	0	0	0	1.373	2
C2_09360W_A	C2_09360W_A	0	1	0	1	2	0	1	0	1	0	1.002	0	0	0	0	1	0	0	0	0	0	0	2.473	1	3.002	0	0	0.976	0	0	2	1	3	0	0	1	2.851	0	0	0	0	0	0	0	0	1	0	1	2.149	0.992	0	0	2	0	2	0	1	1.402	2	0
C2_09370C_A	KAR3	1	0	0	1	1	0	0	0	0	0	0	0	0	0	0	0	1	0	0	0	0	0	0	0	1	0	1	1	0	0	1	1.012	0	0	1	0	0	1	0	0	0	0	1	0	2	1	0	1	1	0	0	0	1	0	0	0	1.858	0	1	0
C2_09380W_A	RRP15	0	0	0	0	0	0.999	0	2	0	0	0	0	0	0	0	0	4	10	3	4	0	1	0	0	0	0.921	0	0.998	0	0	0	0	0	0	2	0	0	0	0	0	0	0	1	0	0	0	0	0	1	0	0	1	0	0	1.398	0	0	1	2	0
C2_09390W_A	ABG1	1	1	0	0	1.017	2	3	0	2.978	2	1	3.994	0	1	0	1	1	1	0	0	1	1	1.99	0	1	3	1	1	0	1	1	1	0	0	0	1	0	0	1	1	0	0	0	0	0	0	0	1	1	0	0	0	0	1	0.999	1	0	3	1	3.79
C2_09400C_A	ERG24	0	1	0	1	0	1.452	1	0	0	0	0	1	1	0	0	0	1	2	1	1	0	0	0	0	0	0	0	0	0	0	0	0	0	0	0	1	0	0	1	0	0	0	0	0	0	0	0	0	1	0	0	0	0	0	0	0	1	2	0	1
C2_09410W_A	C2_09410W_A	0	0	0	0	0	0	0	2	0	0	0	0	0	0	0	0	0	0	0	0	0	0	0	0	0	0	0	0	0	0	0	0	0	1	0	0	0	0	0	0	0	0	0	0	0	0	0	0	0	1	0	0	0	0	0	0	0	0	0	0
C2_09420W_A	C2_09420W_A	0	0	0	0	1	2	0	1	0	0	0	0	0	2	0	0	1	0	0	0	0.997	0	0	0	3.583	1	1	0	0	0	2	1	2.646	0	1	0	0	0	0	0	0	1	0	0	2	0	0	0	0	3	1	0	0	1	0	0	2	4	0	3.35
C2_09430W_A	RPL3	0	0	0	0	0	0	0	0	0	0	0	0	0	0	0	0	0	0	0	0	0	0	0	0	0	0	2	2.59	0	0	0.993	0	0	0	0	0	0	0	0	0	0	0	0	0	0	1	0	0	0	0	1	0	3	5	1.372	3	0	0	0	0
C2_09460C_A	C2_09460C_A	1	0	0	0	1	1	1	3	0	1	0	0	0	0	0	0	0	0	1	0	0	0	0	1	2.037	2	1	0	0	1	3	0	0.997	1.543	2	0	0	1	0	0	0	1	0	0	1	0	0	0	0	0	3	3.009	2.346	2	0	1	1	0	1	0
C2_09470C_A	PMS1	0	1	2	0	2.002	0	0	0	2.845	0	0	1.999	0	0	1	1	0	2	0	0	0	1.054	0	2	0	2	2.999	0	0	1.253	0	1.005	1	2	1	1	0	0	0	0	0	0	0	0	1	0	3	0	3	2.682	0	1.866	0	0	1	0	4	0	1.411	2
C2_09480W_A	C2_09480W_A	1	1	1	1	0	0	0	0	1.999	0	0	0	0	0	0	0	0	1	0	0	0	1	0	0	0	0	0	0	2	0	0.843	0	0	1	0	0	0	0	0	0	0	0	0	0	0	0	1	0	0	0	1	0	0	0	0	0	0	0	0	0
C2_09490W_A	PHO13	0	0	0	0	0	0	1	0	1	1	0	0	0	0	0	0	0	0	0	0	0	0	0	0	0	0	0	0	1	0	0	0	0	0	0	1	0	0	0	0	0	0	0	0	0	0	0	0	0	0	0	0	0	1	0	0	1.346	0	1	0
C2_09500W_A	C2_09500W_A	0	0	0	1	2	0	3	2	0	0	0	0	0	0	0	0	0	0	0	0	0	0	0	0	1	0	0	1.995	0	0	0	1	0	0	0	0	0	0	0	0	0	0	0	2	0	0	0	0	0	0	0	0	0	0	0	2	0	1	0	0
C2_09510C_A	C2_09510C_A	1.141	0	0	0	0	0	1	1.115	0	0	0	0	1	0	3	1	0	0	1	0.976	1	0	0	0	0	0	0	0	0	0	0	0	0	0	0	0	1	0	1	1	0	0	0	0	1	1	0	0	2	0	0	0	0	1	0	0	0	0	0	2
C2_09520C_A	CCT2	0	0	0	0	1	0	0	0	0	1	0	0.999	0	0	0	0	1	0	0	0	1	1.835	1	1	1	0	1	1	0	0	1	0	1	0	1	0	1	1	0	0	0	0	0	0	0	0	1	0	0	0	1	0	1	0.999	0	0	2	0	0	0
C2_09530W_A	EAP1	0	1	1	0	1	0	0	0	0	0	0	0	0	0	0	1	2	0	0	0	1	0	0	0	0	0	0	0	0	0	0	0	0	0	0	0	0	0	0	1	0	0	0	0	0	0	0	0	0	0	1	0	0	0	0	0	1	0	0	0
C2_09540W_A	C2_09540W_A	0	0	1	0	0	0	0	0	0	0	0	0	0	0	0	0	0	0	0	0	0	0	0	0	0	0	0	0	0	0	0	0	0	0	0	1	0	0	0	0	0	0	0	0	0	0	0	0	0	0	1	0	2	0	2	1	0	0	0	0
C2_09550C_A	C2_09550C_A	0	0	0	0	0	0	0	0	0	0	0	0	1	0	0	0	3	3	1	0	0	0	0	0	0	0	0	0	0	0	0	0	0	0	0	0	0	0	0	0	0	0	0	0	0	0	0	0	0	0	0	0	0	0	0	0	0	0	0	0
C2_09560C_A	C2_09560C_A	0	3	2	4	0	8	4	3	0	0	1	1.015	0	0	0	0	0	0	0	0	0	0	0	2	0	0	0	0	2	0	0	1	1	0	0	1	1	0	0	0	0	0	0	0	0	0	0	1	0	1.193	0	1	0	2	0	3	0	0	0	0
C2_09570C_A	C2_09570C_A	0	0	2	0	1.999	1	2	1	0	0	0	0	0	0	0	0	0	0	1	0	3	2	0	0	0	0	0	1	0	1	0	1	1	1	1	0	0	0	0	0	0	0	0	0	2	1	2	0	2	1	0	1	0	0	1	0	0	2	1.605	2.635
C2_09580W_A	AGE2	0	0	0	0	1	1	4	3	0	0	0	0	1	0	0	0	0	0	1	0	0	0	0	0	0	3	0	0	0	0	0	0	0	0	0	0	0	0	0	0	0	0	0	0	2	0	0	0	0	0	0	0	0	0	0	1.056	0	0	0	0
C2_09590C_A	C2_09590C_A	0	0	0	1	1	1	0	0	1	0	0	0	0	0	0	1	0	0	0	1	0	0	0	0	0	1	0	0	1	0	0	0	1	0	1	0	0	0	0	0	0	0	0	0	0	1	1	0	0	1.249	0	0	0	2	0	0	2.906	0	2	1.786
C2_09600C_A	C2_09600C_A	0	0	0	0	0	0	0	0	0	0	0	0	1	0	0	0	0	1	0	0	0	0	0	0	1	0	1	1	0	0	0	0	0	0	0	0	0	0	0	0	0	0	0	0	0	0	0	0	1	2	0	0	0	0	0	0	1	0	0	0
C2_09610W_A	C2_09610W_A	0	0	0	0	0	0	0	1	0	0	2	0	0	1	0	0	1	1	0	0	0	1	0	1	2	0	0	1	0	0	0	0	0	1	0	0	0	0	0	0	0	0	0	0	1	0	0	0	2	0	0	1	1	0	1	0	1	1.139	1	0
C2_09620W_A	C2_09620W_A	0	0	2	0	1	0	1	0	0	1	0	1	0	0	0	0	3	1	1	2	0	0	3	2	2	1	1	1	1.191	0	0	0	2	0	0	0	0	0	0	2	0	0	1	0	0	1	1	1	0	0	0	1	1	0	1	0	0	3	4.785	0
C2_09630C_A	C2_09630C_A	0	0	0	0	0	0	0	0	0	0	0	1	0	0	0	0	0	0	0	0	0	0	1	0	0	0	0	0	0	0	0	0	0	0	0	0	0	0	0	0	0	0	1	0	0	0	0	1	0	0	0	0	0	0	0	0	0	0	0.989	0
C2_09640W_A	PMI1	0	1	0	0	0	0	1	0	0	0	0	0	0	1	0	1	0	1	0	3	1	0	0	1	1	1	2	0	0	0	1	0	0	0	0	0	0	0	0	0	0	0	0	0	0	0	0	0	1	0	0	0	0	0	2	0	1.651	0	0	0
C2_09650W_A	C2_09650W_A	0	1	0	2	1	1	0	1	1	5	2	4	0	0	0	0	13	3	6	5	4	8	4	1	1	0	0	0	3	1	0	5	0	0	0	0	1	2	0	1	0	0	0	0	0	1	2	1	0	0	0	0	1	1	0	0	0	0	0	0
C2_09660W_A	NOP16	0	0	0	0	0	0	0	0	0	0	0	1	0	1	1	0	0	0	1	0	1	2	1.669	1	0	0	0	0	0	0	1	0	2	0	1	1	1	1	1	1	0	0	0	0	1	0	0	0	1	3	1.019	0	0	0	0	1	1	0	1	0
C2_09670C_A	CFD1	0	0	0	0	0	0	0	0	0	0	0	0	0	0	0	1	0	0	0	0	0	0	0	1	0	0	0	1	1	1	0	0	0	0	0	0	0	0	0	0	0	2	0	0	0.998	0	0	1.002	0	1	0	2	0	0	0	0	1	0	0	1
C2_09680W_A	C2_09680W_A	0	0	0	0	1	0	0	0	0	0	0	0	0	0	0	1	0	0	0	0	0	0	0	1	2	2	1	2	0	0	1	0	0	0	0	1	0	0	0	1	0	0	0	0	0	0	2	2	0	0	0	0	0	1	1	0	1	0	2.837	0
C2_09690C_A	C2_09690C_A	0	0	0	0	1	1	0	0	0	2.242	0	3	0	0	1	0	0	0	0	0	0	1	0	0	1.001	0	0	0	1	0	0	1	0	0	0	0	0	0	0	0	0	0	0	0	0	0	0	0	1	0	0	0	0	1	0	0	0	0	1.266	0
C2_09700W_A	YEA4	1	0	1	0	4	0	0	0	0	0	0	0	0	0	0	0	0	0	1	0	0	0	0	1	2	0	0	0	0	0	0	0	1	0	0	2	0	0	0	0	0	0	0	0	0	0	0	0	0	0	0	0	1	0	0	2	0	0	0	0
C2_09710C_A	C2_09710C_A	0	0	0	0	0	0	0	0	7	3	4	4	0	0	0	0	0	0	1	0	0	0	3	1	0	0	0	0	1	0	0	0	0	1	0	1	1	1	0	0	0	0	0	0	1	1	3	1	0	0	0	0	4	4	4	1	0	1.719	0	1.645
C2_09720W_A	SUP35	0	0	0	0	1.221	2	1	3	0	2	1	0	0	0	0	0	1.191	0	0	0	1	1	2	3	0	0	0	1	0	0	0	0	0	0	0	0	0	0	0	0	0	0	0	0	2	0	0	0	0	0	0	0	0	0	0	0	0	0	0	0
C2_09730C_A	IPK2	0	0	0	0	0	0	0	0	0.948	0	0	0	0	0	0	0	1	0	0	1	0	0	0	0	0	0	0	0	4	5	1	1	0	0	0	0	0	0	0	0	0	0	0	0	0	0	0	1	1	0	0	0	3	0	0	1	0	1.351	0	0
C2_09740W_A	SSO2	0	0	0	0	0	1	0	0	0	0	0	0	0	0	0	0	0	0	0	0	0	0	0	0	0	0	0	1	0	0	0	0	1	0	0	0	0	0	0	0	0	0	0	0	0	0	0	0	0	0	0	1	0	0	0	0	0	0	0	0
C2_09750W_A	LEU42	0	0	0	0	3	6	3	3	2	0	3	1	0	2	0	0	1	3	5	3	0	0	0	0	1	0	0	0	1	0	0	1	0	0	0	1	0	0	0	0	0	2	0	0	2	1	1.265	1	2	0	2.644	0	4	0	2.998	2	1	0	1	0
C2_09760W_A	C2_09760W_A	0	0	0	0	1	0	0	0	0	0	0	0	0	1	0	0	0	0	0	0	0	0	0	0	0	0	1	0	0	0	1	0	0	0	0	0	0	0	0	0	1	0	1	0	1	2	0	1	0	0	0	0	1	0	0	0	0	0	1	0
C2_09770C_A	INP51	0	0	0	0	1	1	2.096	1.518	0	0	2	1	4	1	0	1.009	0	1	4	0.995	1	1	1	0	1	0	4.007	0	0	1	3.002	0	1.607	1	2	0	0	2	0	3	0	0	1	0	0	0	1.017	1	0	5.279	2.764	2	0	2	4.089	1	2	2	1	0
C2_09780C_A	IRC22-1	0	0	0	0	0	0	0	0	0	0	0	0	0	0	0	0	1	0	0	0	0	0	0	0	0	0	0	0	0	0	0	0	0	0	0	0	2	2	3	3	0	0	0	0	0	0	0	1	0	0	0	0	0	0	0	0	0	0.5	0.5	0
C2_09790W_A	C2_09790W_A	0	0	0	0	1.413	0	0	0	8	4	2	3	1	0.997	0	0	0	0	0	0	0	1	0	0	1	1	0	0	0	1	0	0	0	0	1	0	1	1	1	1	0	0	0	0	0	0	0	0	1	0	3.733	0	0	1.001	0	1	1	0	0	0
C2_09800C_A	C2_09800C_A	0	1	0	0	0	0	1	0	0	1	0	0	0	0	0	0	0	0	0	0	0	0	0	0	0	2	0	0	0	0	0	0	0	0	1	1	0	0	0	0	0	0	0	0	0	0	0	0	1	0	0	0	0	0	1.292	0	0	0	0	0
C2_09810C_A	C2_09810C_A	0	0	0	0	1	1	1	0	0	0	0	0	1	0	0	0	0	0	0	0	0	1	0	0	1	0	0	0	0	0	0.999	0	0	0	0	0	0	1	0	0	0	0	0	0	1	0	0	0	0	0	1	2.624	0.987	0	0	0	1.36	0	0	0
C2_09820W_A	C2_09820W_A	0	0	0	0	0	1	1	0	2	0	0	0	0	0	0	0	1	0	0	0	1	0	0	0	0	0	0	0	0	0	0	0	0	0	0	0	0	0	0	0	0	0	0	0	1	0	1	0	1	0	0	0	0	0	0	0	0	0	0	0
C2_09830C_A	C2_09830C_A	0	0	0	0	0	0	1	0	0	0	0	0	0	1	0	0	0	0	0	0	0	1	0	0	0	0	0	0	0	0	0	0	1	0	0	0	0	0	0	0	0	0	0	0	0	0	1	1	0	0	0	0	0	0	0	0	0	0	0	0
C2_09840W_A	MTW1	0	0	0	0	0	0	0	0	0	0	0	0	0	0	1	0	0	0	0	0	0	0	0	0	0	0	0	1	0	0	0	1	1	0	0	0	0	0	0	0	0	0	0	1	0	0	0	0	0	0	0	0	2	0	0	0	0	0	0	0
C2_09850C_A	C2_09850C_A	0	0	0.869	0	0.997	0	0	0	0	3	0	0	0	0	0	0	1	0	0	0	1	0	0	0	1.154	2	0	2.834	1	0	0	0	0	0	0	0	1	0	0	0	0	0	0	0	0	0	0	1	1	2.593	0	0	0	0	1.915	1.117	1	2	0	2
C2_09860C_A	C2_09860C_A	0	0	0	0	0	0	0	0	0	0	1	0	0	0	2	0	0	0	0	0	0	0	0	0	0	2	1	0	1	0	0	1	0	0	0	0	0	0	0	0	0	0	0	0	2.709	0	0	0	0	0	0	0	0	1	0	0	0	0	0	0
C2_09870W_A	C2_09870W_A	0	1	0	0	0	0	0	2.616	3	2	1	2	0	0	0	1	1	0	0	0	0	1.938	1	1	0	0	0	0	0	0	0	0	2	0	1	0	0	0	0	0	0	0	0	0	0	0	0	0	2	1.618	2.671	0	1	0	0	1	1	0	0	2.84
C2_09880C_A	C2_09880C_A	0	0	1	0	0	0	0	0	0	0	0	0	0	0	0	0	0	0	0	0	0	0	0	0	0	0	0	1.557	0	0	0	0	0	0	1	1	0	0	0	2	0	1	0	0	0	0	0	0	0	0	0	0	0	0	1	1	0	0	0	0
C2_09890W_A	SMM1	0	0	0	0	2	1	0	0	0	0	0	0	0	0	0	0	0	0	1	0	0	0	0	0	1	0	0	1	0	1	0	1	0	0	1	0	0	1	0	0	0	0	0	0	1	0	0	0	0	0	0	0	0	1	0	0	1	1	2	2
C2_09900C_A	TIM23	0	0	0	0	0	1	0	0	0	0	0	0	0	0	0	0	0	0	0	0	2	2	1	1	1	0	0	0	0	0	0	0	0	1	0	0	0	0	0	0	0	0	0	0	0	1	0	0	1.007	0	0	0	0	0	0	0	0	0	0	0
C2_09910C_A	C2_09910C_A	0	0	0	0	0	0	0	0	0	0	0	0	0	0	0	0	0	0	0	0	0	0	0	0	0	0	0	0	0	0	0	0	0	0	0	0	0	0	0	0	0	0	0	0	0	0	1	0	0	0.994	0	0	0	0	0	0	0	0	0	0
C2_09920W_A	C2_09920W_A	0	0	0	0	1	0	1	0	0	0	0	0	0	0	0	0	0	1	1	0	0	0	0	0	0	1	0	0	0	0	0	0	0	0	0	0	0	0	0	0	0	0	0	0	0	0	0	0	0	0	0	1	0	0	0	0	0	0	0	0
C2_09930W_A	C2_09930W_A	2	0	0	2	0	3.026	3	1	2.763	2	3	0	3	2	1	1	1	0	0	0	3	1	1.98	0	0	3	1	1	0	1	5	0	4	1	2	2.89	3	0	0	0	0	0	0	0	0	2	2	0	1	0	0	0	1	3	1	3	1	1	1	2.077
C2_09940W_A	GCN4	0	1	0	0	3	4	5	5	0	0	0	0	0	0	0	0	0	0	0	0	0	0	0	0	0	0	0	0	0	0	0	0	0	0	0	0	0	0	0	0	0	0	0	0	0	0	0	1	0	0	0	0	2	0	0	0	0	1	0	0
C2_09950W_A	FCY21	0	1	0	0	0	0	1	0	0	2	0	0	0	0	0	0	1	1	1	0	0	0	0	0	2	3	1	0	0	0	0	1	0	0	0	0	0	0	0	0	0	0	0	0	0	0	0	0	0	0	1	1	0	2	0	0	0	0	0	0
C2_09960W_A	C2_09960W_A	0	0	0	1	3	1	2	2	0	0	4	0	1	2	0	0	0	2.017	1	0	0	1	1	1	0	2	0	0	3	4	0	1	0	0	1.076	1	0	0	1	1	1	0	0	1	0	2	2	0	2	0	4	3	3	0	1	0	1	4.295	2	1.699
C2_09970C_A	C2_09970C_A	0	0	0	0	0.987	0	0	0	0	1	1	1	0	0	0	0	0	0	0	0	1	0	0	0	4	3	0	3	0	2	0	2	0	0	0	0	7	5	4	7	0	0	0	0	1	2	3	3	1	1	0	0	1	1	1	0	0	1	0	0
C2_09980W_A	C2_09980W_A	0	1	0	0	0	0	0	0	0	0	1	0	0	0	0	0	0	0	1	0	0	0	0	0	0	0	0	0	0	0	0	0	1	0	0	0	0	0	0	0	0	0	0	0	0	3	1	2	1	1	0	0	0	0	0	0	1	0	0	0
C2_09990C_A	YOR1	0	1	1	0	0	2	1	2	1	3.003	2	1	1	0	0	0	0	1.003	0	0.97	0.952	1	1	0	1.002	1	4	1.002	2.06	2.006	1	2.612	0	3.049	0	2	0	1.12	0	0	0	0	0	1	1	1.214	2	1	2	2	1.113	0	0	1	2	0	1.546	1	0	4.901
C2_10000C_A	C2_10000C_A	1	0	0	0	2	0	0	0	0	0	0	0	0	0	1	0	0	0	0	0	0	0	0	0	0	0	0	0	0	0	0	0	0	0	0	0	0	0	0	0	0	0	0	0	0	0	0	0	0	0	0	0	1	1	0	0	0	0	0	0
C2_10010C_A	IRC22-2	0	0	0	0	3	2	3	3	0	0	0	0	0	0	0	0	1	1	0	0	0	0	0	0	0	0	0	0	0	0	0	0	0	0	0	0	0	0	0	0	0	0	0	0	3	0	0	0	0	0	0	0	0	0	0	0	0	0.5	0.5	0
C2_10020C_A	C2_10020C_A	0	0	0	0	0	0	0	0	1	0	0	0	0	0	0	0	1	0	0	0	0	0	0	0	0	0	0	0	0	0	0	0	0	0	0	0	0	0	0	0	0	0	0	0	0	0	0	0	0	0	0	0	0	0	0	0	1	2.122	0	0
C2_10030C_A	MP65	0	0	0	0	1	0	0	0	0	0	0	0	0	0	0	0	0	1	1	0	2	0	0	0	1	0	0	1	0	0	2	0	0	0	0	0	0	0	0	0	0	1	0	1	0	0	0	0	0	0	0	0	1	0	0	0	0	0	0	0
C2_10040W_A	C2_10040W_A	0	0	0	0	0	0	0	0	0	0	0	0	0	0	0	0	0	0	0	0	0	0	0	0	0	0	0	0	0	0	0	1	0	0	0	0	0	0	0	0	0	0	0	0	0	0	0	0	0	0	0	0	0	0	0	0	0	0	0	0
C2_10050W_A	C2_10050W_A	1	1	1	0	1	2	3	1	4	1	0	0	0	1	3	0	2	6	3	4.353	3	3	2.01	1	2	1	0	0	1.001	2	1.225	0	0.993	0	0	0	0	0	2	0	0	0	0	0	0	0	1	1	0	1	0	0	1	1	0	1	2	0	1.152	2.489
C2_10060C_A	C2_10060C_A	1	1	0	2	2	4	1.995	3	0	1	0	0	0	0	0	0	0	0	2.006	1	0	0	0	2	0	0	0	0	0	2	1	0	2	0	0	1	1	0	0	0	0	1	0	0	0.694	0	0	1	0	0	0	0	2	0	1	0	1.651	2.949	2	2.89
C2_10070W_A	C2_10070W_A	0	0	0	0	0	0	0	1.172	0	0	0	0	0	0	0	0	0	0	0	0	0	0	0	0	0	0	0	0	0	0	0	0	0	0	0	1	0	0	0	0	0	0	0	0	0	0	0	0	1	0	3	0	0	0	1	1	0	0	2	0
C2_10080W_A	RAP1	0	0	0	0	0	1	1	0	0	0	0	0	0	0	0	0	0	0	0	1	0	1	0	1	0	1	0	0	0	0	0	1	0	0	0	0	0	0	0	0	0	0	1	0	0	0	0	0	0	0	0	1.209	0	0	0	0	1	0	1	0
C2_10090C_A	C2_10090C_A	1	1.543	2	0	0	0	1	0	0	0	3	1.97	1	1	1	0	0	2	0	1.544	4	4	2	2	2.473	2.029	0	2	0	2	0	1	2.117	1.006	3	1	0	0	0	0	0	0	2	0	0	1	1	0	3.105	1.724	0	1	1.001	2.045	2.001	1	3	2	0	1
C2_10100W_A	CWC22	1	0	0	0	0	0	0	0	1	0	0	0	0	1	0	0	0	0	0	1.03	2	1	0	0	1	0	1	1	0	0	0	0	1	0	1	0	0	0	0	0	0	0	1	0	1	0	0	0	0	0	0	2	1	0	1	1	1	1	1.139	0
C2_10110W_A	CYC1	0	0	0	0	2	3	4	0	0	0	0	0	0	0	0	0	0	0	0	0	0	0	0	0	0	0	1	0	0	0	0	0	0	0	0	1	0	0	0	0	0	0	0	0	0	0	0	0	0	0	0	0	2	2	2	4	0	0	0	0
C2_10120W_A	C2_10120W_A	0	0	0	0	0	0	0	0	0	0	0	0	0	0	0	0	0	0	0	0	1	0	0	0	0	0	0	1	0	0	0	0	0	0	0.837	0	0	0	0	0	0	1	0	0	0	0	0	0	0	0	1	0	0	0	0	1	0	0	0	0
C2_10130W_A	C2_10130W_A	0	0	1.976	0	3	1	0	0	2	0	0	1	0	0	0	0	0	0	0	0	0	0	0	1	1.131	0	2.234	0	0	0	0	0	0	0	1.225	2	0	0	0	0	0	0	0	0	0	0	0	2	0	0	1	1.115	0	0	0	0	0	0	0	2.063
C2_10140W_A	C2_10140W_A	2	0	1	1	0.999	0	0	1	2	1	0	1	0	0	1	0	1	0	0	0	0	0	0	0	2.263	1	0	0	1	0	0	1.002	0	0	0	0	0	0	0	0	0	1	0	1	0	1	0	0	0	0	1	1.312	1	3	2	1.174	0	1	0	0
C2_10150W_A	C2_10150W_A	0	0	0	0	0	0	0	0	0	0	0	0	0	0	1.996	1	1	0	2	0	0	0	0.76	0	1.12	0	0	0	1	0	1	0	0	1	1	0	0	1	0	0	0	0	0	0	1	0	0	0.989	0	0	1.844	1	0	0	0	1	1.317	5	0	2.763
C2_10160W_A	C2_10160W_A	0	0	0	0	0	0	0	0	0	0	1.747	2	0	0	0	0	0	0	1	0	0	0	0	0	3	2	2	3	0	0	1	0	0	0	1	0	0	0	0	0	0	0	2	0	0	0	0	0	0	1	1	0	1	0	0	0	0	0	0	0
C2_10170C_A	C2_10170C_A	0	1	0	0	0	0	1	0	0	0	0	0	0	0	0	0	0	0	0	0	0	0	0	0	0	1	0	0	0	0	0	0	0	1	0	0	0	0	0	0	0	0	0	0	0	0	0	0	0	0	0	1	0	1	0	1	0	0	0	0
C2_10180W_A	IFR1	0	0	1	0	0	0	0	1	0	0	0	0	1	0	0	0	0	1	0	0	0	0	0	0	0	0	0	1	0	0	0	0	0	0	0	0	0	0	0	0	0	0	0	0	1	0	0	0	1	0	0	2	2	1	2.306	0	1.325	1	0	0
C2_10190C_A	OCA1	0	0	0	0	0	0	0	0	0	0	0	0	0	0	0	0	0	0	0	0	0	0	0	0	0	0	0	0	0	0	0	0	0	0	0	0	0	0.949	0	0	0	0	1	0	0	0	0	0	1	0	0	0	0	0	0	0	0	1	1	0
C2_10200W_A	C2_10200W_A	0	0	0	0	1	0	2	1	0	0	0	0	0	0	0	0	1	0	0	0	0	0	0	0	0	0	1	0	0	0	0	0	0	0	0	0	0	0	0	0	0	0	0	0	0	0	0	0	2	0	0	0	1	0	0	1.089	0	0	0	0
C2_10210C_A	RAS1	0	0	0	0	0	0	0	0	0	1.018	0	0	0	0	0	0	0	0	0	1	0	0	0	0	0	0	0	0	0	0	0	0	0	0	0	0	0	1	0	0	0	0	0	0	0	1	0	0	1	0	1	1	0	1	0	0	1	0	0	0
C2_10220C_A	PHO23	1	0	0	0	3	4	1	4	6	3	3	3	0	0	0	0	0	0	0	0	0	0	0	0	0	0	0	0	1	0	0	0	0	0	0	0	1	0	0	0	0	0	1	0	0	0	0	0	0	0	0	0	0	1	0	0	0	0	1	1
C2_10230W_A	C2_10230W_A	0	1	1	0	0	0	0	0	0	0	0	0	0	0	0	0	0	1	0	0	2	0	0	0	2.228	0	0	0	0	0	0	0	0	0	0	0	1	2	3	1	0	0	0	0	0	0	0	1	1	1.217	2.648	1.701	1	2	0	1	1	0	0	1
C2_10240W_A	GPD1	0	0	0	0	0	0	1	0	0	0	0	0	1	0	1	0	0	0	0	0	0	0	0	0	0	0	0	1	0	0	1	0	0	0	0	3	0	0	0	0	0	0	0	0	0	0	0	0	0	0	0	0	0	0	0	0	0	0	0	0
C2_10250C_A	SET2	0	1	0	0	1	0	0	1	1	0	0	1	1	0	0	0	1.975	0	0	1	3.297	0	1.955	1	1.269	0	1	0	0	1	0	1.085	1	0	1	0	3	3	2	3	0	0	0	0	1.966	2	0	2	0	0	1.119	1	0	0.981	1.002	0	2	0	0	1.204
C2_10260C_A	CMK2	0	0	0	0	0	1	0	0	0	0	0	0	1	0	0	0	0	1	0	0	1	0	0	0	2	2	2	3	2	0	0	0	0	0	0	0	0	0	0	0	0	0	0	0	0	0	0	1	1.175	1.247	1	1	0	0	1	1	0	0	0	0
C2_10270W_A	PUS7	0	0	0	0	0	1.071	0	0	1	0	0	0	2	0	0	0	0	0	0	0	0	0	0	1	0.951	1.994	0	0	0	1	0	0	0	0	0	0	0	0	0	0	0	0	0	0	0	1	0	1	0	1	2	0	1	1.001	1	0.98	0	0	0	0
C2_10280C_A	SPT23	0	0	0	0	0	0	0	0	1	1	0	1	0	1	0	0	1.596	1	1	0	0	0	2	0	0	0	0	0	0	0	0	0	0	0	0	0	0	0	0	0	0	0	0	0	1	1	0	3	0	1	1	0	0	0	0	1	1	1	0	0
C2_10290W_A	SLR1	0	0	0	0	2	0	2	3	0	0	0	0	0	0	0	0	2	0	2	0	0	0	0	0	0	0	0	0	0	0	0	1	1	0	0	0	3	2	0	4	0	0	0	0	3	2	2	0	0	0	2	1	3	1	5	4	0	0	0	0
C2_10300C_A	C2_10300C_A	0	0	0	2	0	0	0	0	0	1	1	0	0	0	1.99	0	0	3	0	0	0	0	1	0	0	0	3	1.188	1	0	0	0	0	0	0	0.999	1	0	1	1	0	0	0	1	0	1	1	0	0	0	0	0	0	1.005	3	0	0	0	1.268	3.437
C2_10310C_A	KIP2	0	0	0	1	0	0	0	2	5.001	6	2	4	2	0	0	0	1	0	0.986	0	0	0	1	0	0	0	0	0	0	1	0	3.767	1.037	1	0	0	0	0	1	0	0	0	0	2	0	0	0	0	0	0	0	0	0	1	0	1	1	1	0	2.656
C2_10320C_A	C2_10320C_A	1	0	0	0	1	0	0	0	0	1	0	0	0	0	0	0	1	1	0	1	0	1	0	0.999	1	0	0	0	1	1	1.435	0	0	0	0	0	0	0	0	0	0	0	0	0	1	0	0	0	1.334	1	2	1	1	1	1	1	1.077	2.62	0	0
C2_10330C_A	C2_10330C_A	0	0	0	0	0	0	0	0	0	0	1	0	0	0	0	0	0	0	0	0	0	0	0	0	0	0	1	0	0	0	0	0	0	0	0	0	0	0	0	0	0	0	0	0	0	0	1	0	0	0	0	0	0	1	0	0	0	0	0	0
C2_10340W_A	HEM4	0	0	0	0	0	0	0	4	0	1	0	0	0	0	0	0	1	0	0	0	1	1	0	2.012	1	0	0	0	1	1	0	0	1	0	1	1	0.999	0	0	0	0	0	0	0	0	0	1	1	0	0	0	0	0	0	1	1	1.289	1.436	2	3
C2_10350C_A	ACS1	0	0	0	0	4	2	0	5	12	9	9.786	7	4	1	1	1	4.808	0	1	2	2	4	2	1	4	2	6	8	5	9	4	6	4	10	6	5	10	24	12	9	1	0	1	0	7	7	5	8	2	1.097	0	0	13	7	9	7	0	0	0	0
C2_10360C_A	HEM3	0	0	0	0	1	1	2	0	0	0	0	0	0	0	0	0	0	1	0	0	0	0	0	0	0	0	2	0	0	0	1	0	0	0	0	0	0	0	1	0	0	0	0	0	0	0	0	0	0	0	0	0	0	0	0	0	0	1	0	0
C2_10420W_A	FGR6-4	0	0	0	0	0	0	0	0	0	0	0	0	0	0	0	0	0	0	0	0	0	0	0	0	0	0	0	0	0	0	0	0	0	0	0	0	0	0	0	0	0	0	0	0	0	0	0	0	0	0	0	0	2.75	0	0	0	0	0	0	0
C2_10430C_A	FGR29	1	0	1	0	2	2	0	0	0	0	0	0	0	0	0	0	1	0	1	1	0	1	0	1	1.005	0	0	3	0	1	0	0	0	0	0	0	0	0	2	1	0	0	0	0	1	0	0	0	1	1.512	0	0	0	1	0	4	0	1	0	0
C2_10440C_A	RAD1	0	1	0	1.007	4.037	1	2	0	0	2.002	0	2.686	1	1	0	0	1	0	0	2	3	3	3	0	0	2	1.203	4.185	0	1	2	2	0	2	1	1.148	1	0	0	1	0	0	0	0	0	2	0	0	3	1.146	0	0	3.001	0	0	0	2.002	0	2	2.422
C2_10450W_A	NCE4	0	1	0	0	0	2	0	0	0	0	1	0	0	0	0	0	0	0	0	0	1	0	4	2	0	0	0	0	0	0	0	0	0	0	0	0	0	0	1	0	0	0	0	1	0	0	0	0	0	0	0	0	0	0	0	0	0	0	0	0
C2_10460C_A	C2_10460C_A	0	0	1	0	0	0	0	0	0	0	0	0	0	0	0	1	0	0	0	1	1	1	0	0	0	0	0	0	0	0	0	0	1	0	0	0	0	0	0	0	0	0	0	0	0	0	0	0	1	0	0	0	1	1.998	0	1	2	2	0	1
C2_10470C_A	ATG27	0	0	0	1	0	0	0	0	0	0	0	0	0	0	0	0	0	0	0	1	0	0	0	0	0	0	0	0	0	0	0	0	1	0	2	0	0	0	0	1	0	0	0	0	1	0	0	1	0	0	0	0	1	0	0	0	0	0	0	0
C2_10480W_A	MDH1-3	0	0	0	0	1	0	0	0	0	0	0	0	0	1	0	0	0	0	0	0	0	0	0	0	0	0	0	0	0	0	0	2	0	0	0	0	0	0	0	0	0	0	0	0	0	0	0	0	0	1	0	0	0	0	0	0	0	0	0	0
C2_10490C_A	tV(UAC)1	0	0	0	0	0	0	0	0	0	0	0	0	0	0	0	1	0	0	0	0	0	0	0	0	0	0	0	0	0	0	0	0	0	0	0	0	0	0	0	0	0	0	0	0	0	0	0	0	0	0	0	0	0	0	0	0	0	0	0	0
C2_10500W_A	tF(GAA)4	0	0	0	0	0	0	0	0	0	0	0	0	0	0	0	0	0	0	0	0	0	0	0	0	0	0	0	0	0	0	0	0	0	0	0	0	0	0	0	0	0	0	0	0	0	0	0	0	0	0	0	0	0	0	0	0	0	0	0	0
C2_10530C_A	KIN3	0	0.999	0	0	0	0	0	0	1	0	2.018	2	0	0	0	1	1	1.729	1	2	2	0	0	2	1	3	4	1	2	1	2	1	0	0	0	0	1	2	1	0	0	0	0	0	2	3	3	5	0	0	0	0	7	6	7	4	0	3	0	0
C2_10540W_A	C2_10540W_A	0	0	0	1	2	3	1	4	0	0	0	0	0	0	0	0	0	0	0	0	0	0	0	0	3	1	2	2	0	0	0	1	0	0	0	0	0	1	1	0	0	0	0	0	1	0	0	0	1	0	0	0	1	1	1	0	0	0	0.836	0
C2_10550C_A	GCN1	0	2	0	0	2	2	4	4.129	0	1	0	2	1	0	1.998	2	1.966	0	0	0	0	1	1	0	3	1.025	1.166	3	0	0	0	0	0	0	0	0	0	1	0	0	0	0	0	1	1	1	0.999	1	0	0	0	0	4.337	6.666	4	0	2.043	3	0	1
C2_10560C_A	ZSF1	0	0	0	0	0	0	0	0	0	0	0	0	0	0	0	0	0	1	0	0	0	0	0	0	0	0	0	0	0	0	0	0	0	0	0	0	0	0	0	0	0	0	0	0	0	0	0	0	0	0	0	0	0	0	0	0	0	0	1	0
C2_10570W_A	SGS1	0	0	0	0	0.948	0	2.216	0	1	1	0	0	0	0	0	2	0	1.123	0	0	0	0	0	2	1	0	1	1	0	1	1.229	1	1	0	0	0	0	0	0	0	0	0	1	1	2	0	1	0	0	1	3	0	6.001	7	5	6	2.113	0	0	0
C2_10580W_A	UBC15	0	0	0	0	0	0	0	0	0	1	0	0	1	0	0	0	0	0	0	0	0	0	0	0	0	0	0	0	0	0	1	0	1	0	0	0	0	0	0	0	0	0	0	0	0	1.001	0	0	0	0	0	0	0	0	1	0	0	0	1	0
C2_10590W_A	GAL4	0	0	0	0	0	1	0	0	0	0	0	0	0	0	0	0	0	0	0	0	0	0	0	0	0	0	0	0	0	0	0	0	0	0	0	0	0	0	0	0	0	0	0	0	0	1	2	2	0	0	1	0	0	0	0	0	0	0	0	0
C2_10600W_A	C2_10600W_A	2	1	0	3	3	4	4	1	5	1	3	3	1	9	2	2	0	0.983	1	6	0	3	0	1	4	3	2	2	8	4	2	4	1	6	3	0	5	2	2	2	2	1	1	0	8	3	1	1	5	5	1	4	2.076	8.58	4	6	7	0	8	3.435
C2_10610W_A	GYP5	0	0	0	0	1	0	0	0	1	0	0	0	5	5	4	5	0	1	0	1.004	3	1	3	3.669	0	0	1	2.703	0	0	0	0	3	4	5	5	1	0	0	0	0	0	0	0	0	0	1.212	0	1	2	0	1.738	1	1	0	0	2	1.334	2	2
C2_10620W_A	RPS4A	0	0	0	0	0	0	0.5	0	0	0	0	0	0	2	0	0	3	3	2	1	1	2	0	0	0	0	0	0	0	0	0	0	1	3	4	2	0	0	0	0	0	0	0	0.5	0	1	0	0	0	0	0	0	0	2	1	0	0	0	0	0
C2_10630W_A	C2_10630W_A	0	0	0	0	1	0	0	0	0	0	1	1	0	0	0	0	0	0	1	1	0	0	2	2	0	0	0	0	1	0	0	0	1	1	0	0	0	0	0	1	0	1	0	0	0	0	0	0	1	1	0	0	0	0	0	0.999	1	0	1	0
C2_10640C_A	MTR2	0	0	0	0	1	0	0	0	0	0	0	0	0	0	0	0	0	0	0	0	0	0	0	0	0	0	0	0	0	0	0	1	1	2.976	0	0	0	0	0	0	0	0	0	0	3	0	2	0	0	0	0	0	0	0	0	0	0	0	0	0
C2_10650W_A	C2_10650W_A	0	0	1	0	0	0	0	0	0	0	0	0	0	0	0	0	0	0	0	0	4	3	2	1	0	0	0	0	0	0	0	0	0	0	0	0	0	0	0	0	0	0	0	0	0	0	0	0	0	0	0	0	0	0	0	0	0	0	0	0
C2_10660W_A	ASH1	0	0	1	0	0	0	0	0	0	1	0	0	0	0	0	1	0	0	0	1	0	0	0	0	0	0	0	0	1.322	1	1	0	0	0	0	0	0	0	0	0	0	0	0	0	0	0	0	0	0	0	0	0	0	1	2	3	0	1	0	0
C2_10670W_A	C2_10670W_A	0	0	0	0	0	0	1	0	0	0	0	0	0	1	1	0	0	0	0	1	0	0	0	0	0	1	0	0	0	3	2	1	0	0	0	1	0	0	0	1	0	0	0	0	0	0	0	1	1	1	0	1	0	0	0	0	0	0	0	0
C2_10680W_A	C2_10680W_A	0	0	0	1	0	1	0	0	0	0	0	0	0	0	0	0	0	0	0	0	1	0	0	0	0	1	0	0.997	1	0	0	0	0	1	0.964	0	0	0	0	0	0	1	0	0	0	0	0	0	0	1	1	0	0	0	0	0	1	0	0	0
C2_10690W_A	TPS3	0	0	0	0	0	1	0	0	1	2	0	0	0	0	0	0	0.976	0	0	0	1	0	2	1	0	0	0	1	1	1	0.998	1	0	0	0	0	0	0	1	0	0	0	0	0	1	0	0	0	0	0	1.341	0	1.008	0	0	1	0	1	1	2
C2_10700C_A	C2_10700C_A	0	0	1	0	4	3	3.869	3	3	3	1	1	1	0	1	0	0	0	0	0	1	3	4	1	0	0	0	0	0	1	0	0	0	0	0	0	0	0	0	0	0	0	0	0	3	0	0	0	0	0	1	0	0	0.997	0	0	0	0	0	1
C2_10710W_A	TIF11	0	0	0	0	0	0	0	0	0	0	0	0	0	0	0	0	0	0	0	0	0	0	0	0	0	0	0	1	0	0	0	0	0	0	0	0	0	0	0	0	0	0	0	0	2	6	3	2	0	0	0	0	0	0	1	0	0	0	0	0
C2_10720C_A	C2_10720C_A	0	0	0	0	0	1	0	0	0	0	0	0	0	0	0	0	0	0	0	0	0	0	0	0	0	0	0	0	0	0	0	0	0	0	0	0	0	0	0	0	0	0	0	0	0	0	0	0	0	0	0	0	1	0	0	0	0	0	0	0
C2_10730W_A	C2_10730W_A	0	0	0	0	0	1	0	0	0	0	0	0	0	0	0	0	1	0	3	0	0	0	0	0	0	0	0	1	0	0	1	2	0	0	1	0	0	0	0	0	0	0	0	0	0	1	0	0	0	0	1	0	0	0	0	0	0	1	0	0
C2_10740C_A	C2_10740C_A	0	0	0	0	0	0	0	0	1	0	0	0	0	0	0	0	1	0	0	0	0	0	1	0	0	1	1	0	0	0	1	0	0	0	0	0	0	0	1	0	0	0	0	0	1	0	0	0	0	1.101	0	0	0	0	0.691	1	0	1	1	1
C2_10750C_A	AKL1	0	0	0	0	2	0	1	0	5	8.006	2	3	1	0	0	0	0	0	0	1	2	1	0	0	0	0	0	0	0	0	2	0	0	0	0	0	0	0	0	1	0	0	0	0	1.269	0	0	0	1	1	1.223	0	0	0	1	0	1.74	0	2	0
C2_10760C_A	C2_10760C_A	0	1	0	0	0	0	0	0	0	0	0	0	0	1	0	0	0	0	0	0	1	0	0	0	0	1	0	0	0	1	0	2	0	0	0	0	0	0	0	0	0	0	0	0	0	1	1	0	0	0	0	0.913	1	1	1.61	1	0	1.376	0	0
C2_10770W_A	RPC11	0	0	0	0	0	0	0	0	0	0	0	0	0	0	0	0	0	0	0	0	0.999	0	0	0	1	4	2	0	0	0	0	0	0	0	0	0	0	0	0	1	0	0	0	0	0	0	0	0	0	1	0	0	2	0	0	1	0	0	0	1
C2_10780C_A	PSO2	1	2	3	4	2	4	5	2	0	0	0	0	0	1	0	0	0	0	0	1	0	3	0	0	0	0	1	0	2	0	4	1.034	0	0	0	0	0	0	0	0	0	0	0	0	1.054	2	1	3	0	0	0	0	1.01	0	0	0	0	0	0	1
C2_10790C_A	ALG14	0	0	0	0	1	0	1	0	0	0	0	1.617	0	0	0	1	0	0	0	2	0	1	0	0	0	0	0	0	0	0	0	1	2	1	5	4	0	0	0	0	0	0	0	0	1	1	1	0	0	0	0	0	0	0	0	0	0	0	0	0
C2_10800W_A	C2_10800W_A	0	0	0	0	0	0	0	0	0	0	0	0	0	0	0	0	0	0	0	0	0	0	0	0	0	0	0	0	0	0	0	0	0	0	0	0	0	0	0	0	0	0	0	0	0	0	0	0	0	0	0	0	2	3	0	0	0	0	0	0
C2_10810W_A	SLT11	0	0	0	0	0	0	0	0	1	0	0	0	0	0	0	0	0	0	0	0	1	1	0	0	0	0	0.981	0	0	0	0	0	4	6	3	4.501	0	0	0	0	0	0	1	0	0	1	0	0	0	0	0	1	1	0	0	0	0	0	0	0
C2_10820C_A	C2_10820C_A	0	0	0	0	0	0	2	1	3	0	1	1	0	0	0	0	0	1	0	0	1	5.001	4	4	1	0	3	0	1	3	1.288	0	0	0	2	1	0	0	0	0	1	0	0	0	0	0	0	0	1	0	1	1	2	2.394	0	0	0	0	0	0
C2_10830W_A	C2_10830W_A	0	0	0	0	0	0	1	1	0	0	0	0	0	0	0	0	0	0	0	0	0	0	0	0	0	1	0	0	0	0	0	0	0	0	0	0	0	0	0	0	0	0	0	0	0	0	0	0	0	0	0	0	1	0	0	1	0	0	0	0
C2_10840W_A	RDH54	0	0	0	1	1	0	2	2.17	0	1	1.978	0	0	0	0	1	0	0	0	0	1	1	2	0	0	1	2	1	0	1	1	1	1	0	0	0	1	0	0	1	0	2	0	0	0	0	0	0	0	0	0	1	2	2	1.006	1	0	0	1	0
C2_10850C_A	C2_10850C_A	0	0	1	0	0	0	0	1	0	0	0	0	0	0	0	0	3	6	1	1.415	0	0	0	0	0	0	0	0	1	0	1	0	0	0	1	1	0	1	0	0	0	0	0	0	0	2	1	2	0	0	0	0	0	0	0	0	1	2	0	1
C2_10860C_A	C2_10860C_A	0	0	0	0	1	0	0	0	2	1	1	0	0	0	0	1	1	0	0	0	0	0	0	0	0	1	0	0	0	0	0	0	0	0	0	0	1	2	0	0	0	0	0	0	0	0	0	0	0	0	0	0	0	0	0	1	0	0	0	1
C2_10870W_A	C2_10870W_A	0	1	0	0	0	0	0	0	1	0	0	1	1	0	0	0	1	0	0	0	0	0	0	0	0	0	0	0	0	1	1	0	0	0	1.076	0	0	0	0	0	0	0	0	0	0	0	0	0	0	0	0	0	0	1	1	0	0	1.156	0	0
C3_00010C_A	C3_00010C_A	0	0	0	0	0	0	0	0	0	0	0	0	0	0	0	0	0	0	0	0	0	0	0	1	0	0	0	0	5.87	5	4	5	0	0	0	0	0	0	0	0	0	0	0	0	0	0	0	0	0	0	0	0	0	0	1	1	0	2	0	0
C3_00020W_A	C3_00020W_A	0	0	0	0	0	0	0	0	0	0	0	0	0	0	0	0	0	0	0	0	0	0	0	0	0	0	0	0.742	0	0	0	0	0	0	0	0	0	0	0	0	0	0	0	0	0	0	0	0	0	0	0	0	0	0	0	0	0	0	0	0
C3_00030C_A	C3_00030C_A	0	1	1	0	0	0	0	0	0	0	0	0.993	0	1	0	0	0	0	1	0	1	0	0	0	0	0	0	0	0	0	0	0	1	0	0	1	0	0	1	0	0	0	0	0	2	1	1	1	0	0	1	0	0	1	0	0	3	1	0	0
C3_00040W_A	C3_00040W_A	0	0	1	0	0	0	0	0	0	0	0	0	0	0	0	0	0	0	0	1	0	0	0	0	0	0	0	0	0	0	0	0	0	0	0	0	0	0	0	0	0	0	0	0	0	0	0	0	0	0	0	0	0	0	0	0	0	0	0	0
C3_00050C_A	C3_00050C_A	0	0	0	0	0	0	0	0	0	0	0	0	0	0	0	0	0	0	0	0	0	0	1	0	0	0	0	0	0	0	1	0	0	0	0	0	0	0	0	0	0	0	0	0	0	0	0	0	0	0	0	0	0	0	0	0	0	0	0	0
C3_00060W_A	TLO7	0	0	0	0	0	0	0	0	0	0	0	2	0	0	0	0	3	2	1	0	0	0	0	0	0	0	0	0	0	0	0	0	0	0	0	0	0	0	0	0	0.333	0	0	0	0	0	0	0	0	0	0	0	0	0	0	0	0	0	0	0.333
C3_00090W_A	RPS24	0	1.134	0	0	0	0	4	4	1	4	2	7	1	0	0	0	7	4	9	1	4	3	1	5	0	0	0	0	0	1	0	0	0	0	0	0	0	0	0	0	0	0	0	0	2	2	4	1	0	0	0	0	1	2	1.037	2	0	0	0	0
C3_00100W_A	C3_00100W_A	0	0	0	0	1	0	1	0	0	0	0	0	0	0	0	0	0	1	0	0	0	0	0	0	0	0	0	0	0	0	0	0	6	5	4	1	1	0	0	1	0	0	0	0	1	1	1	4	0	0	0	1	0	1	0	0	0	1	1	1.489
C3_00110C_A	SEC6	0.872	0	0	0	0	1	0	2	0	0	0	1	0	0	0	1.001	0	0	0	0	0	0	0	0	2	0	0	1	1	0	1	0	3	2.039	4	3	0	0	1	0	0	0	0	0	0	0	0	1	0	0	2	0	1	3.823	4	4	0	1	0	0
C3_00120W_A	C3_00120W_A	0	0	0	1	0	0	0	0	0	0	0	0	0	0	0	0.997	0	0	0	0	0	1	1	0	0	0	0	0	0	0	0	0	0	0	0	0	0	0	0	0	0	0	0	0	0	0	0	0	0	0	0	0	0	0	0	0	0	0	0	0
C3_00130C_A	C3_00130C_A	0	0	0	0	0	0	0	0	1	0	0	0	0	0	0	0	0	0	0	0	0	0	1	0	0	2	0	0	0	0	1	0	0	0	0	0	0	0	0	0	0	0	0	0	1	0	0	0	1	0	0	0	0	1	2.011	2	0	0	0	0
C3_00140W_A	C3_00140W_A	0	0	0	0	0	0	0	1	0	0	0	0	0	0	0	0	0	0	0	0	0	0	0	0	1	0	0	0	0	0	0	0	0	0	0	0	0	0	0	0	0	1	0	0	0	0	0	0	0	0	0	0	0	0	0	0	0	0	0	0
C3_00150W_A	C3_00150W_A	0	0	0	0	0	0	0	0	0	0	0	0	0	0	0	0	0	0	0	0	0	0	0	0	0	0	0	0	0	0	0	0	0	0	0	0	0	0	0	0	0	0	0	0	0	0	0	0	0	1	1	0	0	1	0	0	0	0	0	0
C3_00160C_A	C3_00160C_A	0	0	0	0	0	0	0	0	2	4	4.886	2	0	0	0	0	1	0	0	0	0	0	0	0	0	0	1	1	1	2	3	0	0	0	0	1	0	0	0	1	0	0	0	0	3	0	2	1	0	0	0	0	0	1	1	0	1	1.149	1.713	2
C3_00170C_A	C3_00170C_A	1	1	0	0	4	2	1	2	0	0	3	2	2	3	1	3	0	0	0	0	1	4	1	1	0	0	0	0	2	1	1	2	4	5	3	2	5	5	11	5	0	0	0	0	0	0	1	1	0	0	0	0	1	0	0	2	0	0	0	0
C3_00180C_A	DAL1	0	0	0	0	0	1	0	0	1	0	0	0	0	0	0	0	1	1	2	1	0	0	2	0	0	0	1	0	1	0	0	0	1	0	0	1	0	0	0	0	0	0	0	0	1	0	0	0	0	0	0	0	2.755	0	2	0	1	1	0	0
C3_00190W_A	C3_00190W_A	0	0	0	0	0	0	0	0	0	0	0	0	0	0	0	0	0	0	0	0	0	0	0	0	0	0	0	0	0	0	0	0	0	0	0	0	0	0	0	0	0	0	0	0	0	0	0	0	0	0	0	0	0	0	0	0	0	0	0	0
C3_00200C_A	ETR1	0	0	1	0	0	0	0	0	0	0	0	0	0	0	0	0	2	1	1	1	5	2	3	4	0	0	0	1	1	0	1	0	0	0	0	0	0	0	0	1	0	0	0	0	1	0	0	0	0	0	0	0	0	1	1	1	0	0	0	0
C3_00210C_A	C3_00210C_A	0	1	0	1	0	0	0	0	0	0	0	0	0	0	0	0	0	0	0	0	0	0	0	0	0	0	0	0	0	0	0	0	0	0	0	0	0	0	0	0	0	0	1	0	1	0	0	0	0	0	0	0	0	0	0	1	0	0	0	0
C3_00220W_A	HGT19	0	0	0	0	0	0	0	0	1	0	0	0	0	0	2	1	0	0	2.125	0	2	0	0	2	0	0	0	1	0.995	1	3.871	1	2	0	0	0	0	0	0	0	0	0	0	0	0	1	0	0	0	0	0	0	0	1	0	0	1.001	1	1	1.22
C3_00230C_A	C3_00230C_A	0	0	0	0	0	0	0	0	0	0	0	0	0	0	0	0	0	3	1.875	3	0	0	0	0	0	0	0	0	1.005	0	1.129	1	0	0	0	0	0	0	0	0	0	0	0	0	0	0	0	0	0	0	0	0	0	0	0	0	0.999	0	0	0
C3_00240C_A	GLO3	0	0	0	0	0	1	1	0	0	0	1	0	0	0	0	0	1.628	0	0	0	0	0	0	0	2	0	1	4	0	0	0	0	0	0	0	0	0	0	0	0	0	0	0	0	2	0	1	0	1	0	0	0	0	0	0	0	0	0	0	0
C3_00250C_A	TIM44	0	0	0	0	0	0	0	1.032	0	0	0	0	1	0	0	0	0	0	0	0	1	0	0	0	0	0	0.979	0	0	0	0	0	0	0	0	0	0	0	0	0	0	0	0	0	0	0	0	0	0	0	0	0	0	1	1	0	0	1	1	0
C3_00260C_A	BNA4	0	0	0	0	0	1	3.999	0	0	0	0	0	1	0	0	0	0	0	0	1	1	0	1	0	0	0	1	0	0	0	0	0	1	0.999	0	1	0	0	0	0	0	1	0	0	0	0	0	0	0	2	0	1	0	0	0	0	0	0	0	0
C3_00270C_A	C3_00270C_A	0	2	0	0	0	1	0	0	0	0	1	0	0	0	0	0	0	0	0	0	0	0	1	0	0	0	0	0	0	0	0	0	0	0	0	0	0	1	0	0	0	0	0	0	0	0	0	1	0	0	0	0	1	0	0	1	0	0	0	2
C3_00280C_A	ULP3	13	9	10	11	23	25	16	11	19	15	8.374	10.001	16	11	14	12	10	16	16	11	21	14.039	17	13	28	20.749	15	20.443	13	10	17.886	19	11	6	12	12	13	10.004	12.989	10	12	7	7	2	16	13	10	4	29	25.891	14.954	12.915	29	23	35	23	39.949	35.968	32.821	39
C3_00290W_A	RPT2	0	0	0	0	2	0	1	4	2	0	1	3	2	0	2	0	0	0	0	2.001	0	0	0	0	0	0	3	0	1	2	0	0	0	0	0	0	0	0	0	0	0	0	0	0	6	2	3	4	0	0	0	1	1	2	4	2	2	0	0	0
C3_00300W_A	C3_00300W_A	1	0	1	0	3.19	3.005	2	0	0	0	1	0	0	1	0	0	1	0	0	0	0	1	1	0.997	0	0	0	1	1	1	1.003	1	0	0	0	0	0	1	0	0	0	0	0	2	0	1	0	2	0	0	0	0	0	2	0	2	0	0	1	1.122
C3_00310C_A	C3_00310C_A	0	0	0	0	0	0	0	0	1	0	0	0	0	0	0	0	1	1	0	3	0	0	0	0	0	0	0	0	0	0	0	0	0	0	0	0	0	0	0	0	0	0	0	0	0	0	0	0	2	0	0	0	0	0	0	0	0	0	0	0
C3_00320W_A	RHR2	0	0	0	0	0	0	0	1	0	0	0	0	0	0	0	0	0	0	0	2	0	0	1	0	0	1	0	0	1	0	1	1	0	0	0	1	0	0	0	0	0	0	0	0	0	0	0	1	0	0	0	0	0	0	0	0	0	0	0	0
C3_00330W_A	UTP8	0	0	0	0	0	0	0	0	1	0	0	0	1.431	0	0	0	0	0	0	0	0	1	0	0	0	0	0	0	1	0	0	0	0	0	1	1	0	0	0	0	0	0	0	0	0	1	0	0	0	0	0	0	0	1.781	1	0	0	1.167	0	0
C3_00340W_A	MZM1	0	1	0	0	0	0	0	0	0	0	0	0	0	0	0	0	0	1	0	0	0	0	0	0	0	0	0	0	0	0	0	0	0	0	0	0	0	0	0	0	0	0	0	0	0	0	0	0	0	0	0	0	0	0	0	0	0	0	0	0
C3_00350W_A	TPT1	0	0	0	0	0	1	1	0	0	0	0	0	0	0	0	0.998	0	0	0	0	0	0	0	0	0	0	0	0	0	0	0	0	0	0	0	1	0	0	0	1	0	0	0	0	0	0	0	0	0	0	0	0	0	0	0	0	0	0	0	0
C3_00360W_A	C3_00360W_A	0	0	0	0	1	0	0	0	0	0	1	0	0	0	0	0	0	0	0	0	0	0	0	0	0	0	1	0	0	0	0	0	0	0	0	0	0	0	0	0	0	0	0	0	0	0	0	0	0	0	0	0	0	0	0	0	0	0	1	0
C3_00370C_A	BUD21	1	0	2	0	1	1.999	0	1	0	1	1	0	0	2	0	0	0	3	4	2	0	1.98	1	1	1	1	1	1	2	0	1.004	2	1	0	0	0	1	0	0	0	1	0	1	0	0	1	0	0	0	1	2.853	0	0	4	1	1	0	1	2.823	0
C3_00380C_A	C3_00380C_A	0	0	0	0	2	0	1.003	3	0	0	0	0	0	0	2.988	0	0	0	0	1	0	0	1	1	0	2	0	0	0	0	0	0	0	0	1.001	1	0	0	0	0	0	0	0	0	1	2	1	0	0	0	1.269	1	2	1	1	0	0	0	2	0
C3_00390W_A	C3_00390W_A	0	0	0	0	0	0	0	1	0	0	0	0	1	0	1	0	0	0	0	1	0	0	0	1	0	0	0	0	0	0	0	0	1	0	0	0	0	0	0	0	1	1	0	0	0	1	2	1	0	0	0	0	0	0	0	0	0	0	0	0
C3_00400C_A	C3_00400C_A	0	0	1	0	0	0	2.5	0	0	2	1.044	0	0	0	1	0	0	0.954	0	2	1	0	0	0	0	0	0	0	1	0	1	0	0	0	1	0	0	1	0	0	0	1	1.185	0	0	2	0	0	0	0	0	0	1	0	2	1	0	2	3.61	2.381
C3_00410C_A	C3_00410C_A	0	0	0	0	0	0	0	0	0	0	0	0	0	0	0	0	0	0	0	1	0	0	0	0	0	0	0	0	0	0	0	0	0	0	0	0	0	0	0	0	0	0	0	0	0	1	0	0	0	0	0	0	0	0	0	0	0	0	0	0
C3_00420W_A	C3_00420W_A	1	1	1	1	1	0	2.016	0	1	0	0	1	0	0	1	0	0	1	0	0	0	0.659	1	1	0	1	0	0	0	1	0	0	0	0	0	2	0	2	1	0	0	0	0	0	0	0	1	0	0	1.158	1.482	0	4	3	2.001	4	1.314	1.385	4.415	0
C3_00430W_A	EST3	0	0	0	0	0.996	0.998	0	0	0	1	0	0	0	0	0	0	0	0	0	0	0	0	0	0	0	0	0	0	0	0	0	0	0	1	0	0	0	0	0	0	0	0	0	0	0	0	0	0	0	0	0	0	0	0	0	0	0	0	0	1
C3_00440W_A	C3_00440W_A	0	0	0	0	0	1	0	0	0	0	0	0	0	0	0	0	0	0	0	0	1	0	0	0	0	0	0	0	0	0	0	0	0	0	0	0	0	0	0	1	0	0	0	0	0	0	1	0	1	0	0	0	0	0	0	0	0	0	1	0
C3_00450C_A	C3_00450C_A	2	0	0	0	1	0	0	1	0	1	0	0	0	0	1	0	0	0	0	0	0	1	0	0	0	1	0	1	0	0	0	0	0	0	0	0	0	0	1	0	0	0	1	0	0	0	0	0	0	0	1	0	2	0	0	3	0	0	0	0
C3_00460W_A	ATP5	0	0	0	0	0	0	0	0	0	0	0	0	0	2	0	1	0	0	0	0	0	0	0	0	0	0	0	0	0	0	0	0	0	0	0	0	0	0	1	0	0	0	0	0	0	0	0	0	0	0	0	0	0	0	0	0	0	0	0	0
C3_00470W_A	C3_00470W_A	0	0	0	0	8	3	7	6.659	0	0	0	1	0	0	0	0	0	1	1	0	0	0	0	0	2	1.2	0	0	0	0	0	0	1	0	0	1	2	0	1	0	0	0	0	0	0	0	1	0	0	0	0	0	0	1	0	2	0	0	0	0
C3_00480C_A	DOT5	0	0	0	0	0	0	0	0	1	1	1	0	0	0	0	0	4	1	2	2.005	0	1	0	0	0	0	1	0	0	0	0	1	0	0	0	0	0	1	1	0	0	0	0	0	0	0	1	0	0	0	0	0	2	2	0	0	0	0	0	0
C3_00490W_A	ESA1	0	0	0	0	2.986	0	0	1	2	3	1	0	0	0	0	0	0	0	0	1	0	0	0	0	0	0	0	0	0	1	1.947	0	0	2	0	0	0	0	1	0	0	0	0	0	0	0	0	0	1	0	0	1	0	0	0	0	1.061	1	0	1
C3_00500C_A	PRP46	0	0	0	0	0	0	0	0	0	0	0	0	0	0	0	0	0	0	0	0	0	0	0	0	0	0	0	0	0	2	0	1	0	0	0	0	0	0	0	0	1	0	0	0	0	0.996	0	0	0	0	0	0	1	0	1	0	0	0	1	1.002
C3_00510W_A	C3_00510W_A	0	0	0	0	0	0	0	1	0	0	1	0	2	0	0	0	0	0	0	0	0	0	0	0	0	0	0	0	0	0	0	0	1	0	0	0	0	0	0	0	0	0	0	0	0	0	0	0	0	0	0	0	0	0	0	1	0	0	1	1
C3_00520W_A	C3_00520W_A	0	0	0	0	0	0	0	0	0	0	0	0	0	0	0	0	0	0	0	0	0	0	0	0	0	0	0	0	0	1	0	0	0	0	1	0	0	0	0	0	0	0	0	0	0	1	0	0	0	1	0	0	0	0	0	0	0	0	0	0
C3_00530C_A	PAC1	0	0	0	0	0	0	0	0	0	2	0	0	1	0	0	0	0	0	0	0	0	0	1	0	0	0	0	2	0	0	0	2	0	1	0	0	0	0	1	0	0	0	0	0	1	0	0	0	0	0	0	1.773	0	0	0	0	0	1	0	1.762
C3_00540C_A	IST1	0	0	0	0	1	0	0	0	0	0	0	0	0	0	0	0	0	1	0	0	0	1	0	0	2.986	0	0	0	0	0	0	0	0	0	0	0	0	0	0	0	0	0	0	0	1	0	0	0	0	0	0	0	1	0	0	1	0	1	0	0
C3_00550C_A	HRK1	0	0	0	0	4.002	4	2	3	3	3	1	1	2	3	1	2	0	0	0	0	0	2	0	0	0	0	0	0	0	1.303	0.908	2	1	0	0	0	1	1	0	1	0	0	0	0	0	0	0	0	0	0	0	0	0	0	0	0	0	0	0	0.975
C3_00560C_A	SOF1	0	1	0	0	0	0	0	0	0	0.999	0	0.814	1	0	0	0	2	1	0	0	0	0	0	0	1	1	0	0	0	0	0	0	0	0	0	0	0	0	0	0	0	0	0	0	2	2	1	0	0	0	0	0	0	1	0	2	3.754	0	0	0
C3_00570C_A	C3_00570C_A	0	0	0	0	1	0	0	0	0	0	0	0	0	0	0	1	5	1	7	2	1	2	3	0	2	0	1	1.073	0	0	0	0	6	4	1	1	4	2	2	2	0	0	0	0	0	0	0	0	0	1	0	1	0	1	0	0	1	0	0	0
C3_00580W_A	FLO9	0	0	0	2	1	0	0	0	0	0	0	0	0	2	0	0	0	0	0	0	1	0	0	0	0	1	0	0	0.996	1.952	0	0	0	1	0	0	0	0	0	1	0	0	0	0	0	0	0	1	0	0	0	0	2	0	2	0	1.108	0	1	1
C3_00590W_A	C3_00590W_A	0	0	0	0	0	0	0	0	0	0	0	0	0	0	0	0	0	0	0	0	0	0	0	0	0	0	0	0	0	0	0	0	0	0	0	0	0	0	0	0	0	0	0	0	0	0	0	0	0	0	0	0	0	0	0	0	0	0	0	0
C3_00600W_A	IFF11	0	0	0	0	0	0	0	0	0	0	0	0	0	0	0	0	1	0	0	0	0	0	1	0	0	0	0	0	1	0	0	0	0	1	0	0	0	0	0	0	0	0	1	0	0	0	0	0	0	1.955	0	0	0	0	0	0	0	0	0	0
C3_00610W_A	C3_00610W_A	0	0	0	1	0	0	0	1	0	0	0	0	0	0	0	0	1	0	1	0	0	0	0	1	0	0	0	0	0	0	1	0	0	0	0	1	0	0	0	0	0	0	0	0	0	0	0	0	1	0	1	0	1	0	0	1.89	0	0	1	0
C3_00620C_A	C3_00620C_A	0	0	0	0	0	0	0	0	0	0	0	0	0	0	0	0	0	0	0	0	0	0	0	0	0	0	0	0	0	0	0	0	0	0	0	0	0	0	0	0	0	0	0	0	0	0	3	1	1	0	0	2	0	0	0	0	0	0	0	0
C3_00630W_A	C3_00630W_A	2	0	2	1	0	0	1	0	2	3	1	2	1	0	1.997	0	2	5	2	5	1	2	2	1	0	3.353	0	0	0	0	0	2	1	1	0	0	0	0	0	1	1	0	0	0	0	0	0	0	3.735	1	2.508	1.24	2	2	2	1	0	1	3.31	0
C3_00640W_A	C3_00640W_A	0	0	0	2	2	0	0	0	1	1	0	0	0	0	2.001	0	0	0	0	0	2	0	0	0	2	0	2	2	0	0.741	0	3.82	1	0	0	1	0	1	0	0	0	1	0	0	1	0	0	0	0	1	0	0	2	0	1	0	2	0	2	0
C3_00650W_A	NGT1	6	7	6	8	5	4	5	8	13	10	7.64	10	0	1	3	1	10.936	8	13	11	13	8	7	8.957	3	5	3	2.278	9	20.869	10	9.392	0	0	0	1.001	22	17.002	18	12	0	0	2	0	8	13	9	3	2	0	0	0	1	0	4.072	4.005	1	0	1	1
C3_00660W_A	RSE1	3	1	0	1.169	5	0	1.141	2	1.998	5	0	2.017	4	3.004	3	1.28	1	1	3	0	1.039	3	3	3	4	0	3	5	1	2.342	4	4.923	0	3	1	0	0	1.699	0	2	0	0	0	0	0	1	2	0	4.79	6	1.111	7	2	3	2	0	3.996	6	2	6
C3_00670C_A	FKH2	0	0	0	0	0	0	0	0	0	0	1.148	0	1	0	0	1	0	0	0	0	0	1	1.148	1	0.929	0	0	1.148	0	1	0	0	0	0	0	0	0	0	0	0	0	0	0	0	0	0	0	0	0	0	0	0	0	0	0	0	0	0	0	0
C3_00680C_A	C3_00680C_A	0	0.972	0	0	1	0	0	0	0	0	0.852	0	0	0	0	0	1	0	1	0	0	0	0.852	0	0.899	0	0	0.852	2	0	0	0	0	0	0	0	0	0	0	0	0	0	0	0	0	0	0	0	0	0	1	0	0	0	0	2	0	0	0	0
C3_00690C_A	SWD1	0	0	0	0	0	0	0	0	0	0	1	0	3	3	0	0	0	0	0	1	0	0	0	0	2	1	0	0	1	0	0	0	0	0	0	1	0	0	0	0	0	0	0	0	0	0	0	0	0	0	0	0	0	2	3	0	0	0	0	0
C3_00700W_A	VPS8	0	1	0	2	4.128	3.414	1	4	2	0	0	2	1	0	2	0	3	1.01	0	3	0	2	2.849	0	4.999	4	5	3.404	1	2	2	3.705	3	2	4.001	0	0	1	3	1	0	0	0	0	3	3	2	2	0	7.841	0	0	5	4	5	3	3.695	1.138	5.094	3.551
C3_00710W_A	CHS8	0	0	0	0	0	1	0	1	9	9.086	4	7	6	4	6	5	0	0	3	0	1.001	2.996	4	0	1	2.359	0	2	2	2.004	2	1	0	1	0	2	0	0	2	1	0	0	0	0	1	0	0	0	0	0	1	0	0	0	0	0	0	1.193	0	0
C3_00720W_A	PMA1	0	0	0	0	0	0	0	0.997	0	1	0	1	0	0	0	0	0	0	1	0	1	0	0	0	1	0	1	0	1	0	0	0	5	2	2	3	0	0	0	0	0	0	0	0	1.999	0	1	1	0	0	0	0	1	1	0	0	0	1	0	0
C3_00730W_A	C3_00730W_A	0	0	0	0	1	1	1	1	0	0	0	1	0	0	1	0	0	0	0	0	0	0	0	0	0	0	0	0	0	0	1	0	0	0	0	0	0	0	0	0	0	0	0	0	0	0	3.735	0	0	0	0	1.436	0	0	0	0	0	0	0	0
C3_00740W_A	C3_00740W_A	0	0	0	0	0	0	0	0	0	0	0	0	0	0	0	0	0	0	0	0	0	0	0	0	0	0	0	0	0	0	0	0	0	0	0	0	0	0	0	0	0	0	0	0	0	0	0	0	0	0	0	0	0	0	0	0	0	0	0	0
C3_00750W_A	LYS144	0	0	0	1	0	1	0	0	0	2	1	0	1	0	0	0	0	0	0	0	0	2	0	0	0	1	1	0	0	0	1	0	0	0	0	0	0	0	0	0	0	0	0	0	0	1	0	1	1	1	0	1.301	4	0	0.999	1	0	1	0	3
C3_00760W_A	ERG4	0	0	1	0	0	1	1	0	0	0	0	0	0	0	0	0	0	1	0	0	1	0	2	1	0	1	0	0	0	0	1	0	0	0	0	0	0	0	0	0	0	0	0	0	1	0	2.93	0	0	1	0	0	0	0	0	0	1	0	0	0
C3_00770C_A	SCL1	0	0	0	0	0	1	2	2	0	2	1	0	0	0	0	1	8	0	4	6	0	0	0	0	0	1	0	0	1	0	0	0	1	0	0	0	0	0	0	0	0	0	0	0	1.035	0	0	0	0	0	0	1	0	1.164	2	1	1.529	1	0	3
C3_00780W_A	HOS2	0	0	0	0	0	0	0	0	1	0	0	0	0	0	0	0	0	0	0	0	0	0	1.267	0	1	0	0	2	0	1	1	0	1	0	0	0	1	0	0	0	0	0	0	0	0	0	0	0	0.975	0	1.787	1	0	0	0	2	0	3	1	0
C3_00790W_A	C3_00790W_A	0	0	0	0	1	1	0	0	0	0	0	0	1	0	0	0	0	0	0	0	0	0	0	0	0	0	2	0	0	0	0	0	0	0	0	1	0	0	0	0	2.522	0	0	1	1.215	0	2	2	0	0	0	1	1	0	1	0	3	2	1	0
C3_00800W_A	MIH1	0	0	0	0	0	0.998	0	0	0	0	0	0	0	0	0	1	0	0	1	0	1	0	1	0	1	0	1.227	0	0	0	0	0	0	0	0	0	0	1	0	1	0	0	0	0	0	0	0	0	0	1	0	0	0	0	3	1.001	0	0	2	0
C3_00810C_A	FOX2	1	0	0	0	0	0	0	1	0	0	0	0	0	1	0	0	0	0	0	0	4	0	0	2	0	1	0	0	0	0	1	0	0	1	0	0	0	0	1	0	0	0	0	0	0	0	0	0	0	0	0	0	0	1	0	0	0	2	1	0
C3_00820W_A	SCT1	0	0	1	1	4	1	2	3	0	1	1	0	1	1	0	2	0	1	0	0	0	1	0	1	0	0	0	0	1	0	0	3	2	1	0	0	0	0	0	1	0	0	0	1	0	2	0	0	0	0	2	0	1	0	0	1	0	0	0	3
C3_00830C_A	C3_00830C_A	0.987	0	1	0	0	0	1.002	2.92	1	1	0.998	0	1	1	0	0	0	1	1	0	0	0	0	0	0	0	0	1	1	0	0	0	1	1	0	0	0	0	1	0	0	0	0	0	0	0	0.959	0.967	1	2	1	1	0	0	0	1.332	1	0	0	0
C3_00840C_A	AIM11	0	0	0	0	0	1	0	0	0	0	1	0	0	0	0	0	0	0	0	0	0	0	0	0	0	0	0	0	0	0	0	0	3	1	2	2	0	0	0	0	0	0	0	0	0	0	0	0	0	0	1	0	2	1	2	1	1	0	0	0
C3_00850C_A	C3_00850C_A	0	0	0	1	0	1	0	1	6.798	8	8	5	9	10	3	7	7	8	3	6	0	0	0	0	3.86	2	3	1.995	4	0	4	2	1	0	0	1	6	4	4.061	5.128	1	0	0	0	8	10	4	5	0	0	0	0	6	3	4	8	0	0	0	1.227
C3_00860W_A	CSE4	0	0	0	0	1	0	0	0	0	0	0	0	0	0	0	0	0	0	0	0	1	0	0	0	2	1	0	0	0	0	0	1	0	0	1	0	0	0	0	0	0	0	0	0	0	0	0	0	0	0	0	0.754	0	0	0	2	1	0	0	0
C3_00870W_A	C3_00870W_A	1	0	0	1	1	0	0	0	0	1	0	0	0	0	0	0	1	0	0	0	1	0	1	1	2	1	1	0	1	1	0	1	0	0	0	0	0	0	0	0	0	0	0	0	0	0	0	0	0	1	0	1	4	2	0	5	0	2.99	0	3
C3_00880W_A	KGD1	0	0	0	0	1	0	0	1	0	0	0	0	0	0	0	0	0	0	0	0	0	0	0	0	1	0	0	0	5	3	1	4	0	0	0	0	0	1	0	0	0	0	0	0	0	0	0	0	0	0	0	0	0	0	1	1	0	0	0	0
C3_00890C_A	C3_00890C_A	0	0	0	0	1	0	1	1	1	1	0	1.009	0	2	0	0	0	0	1	1	2	0	0	1	3	0	0	0	0	1	0	0	0	0	0	1	0	0	0	0	0	0	0	0	0	1	1	0	0	1	1.081	1	1.987	2	1.153	0	1	1	0	2
C3_00900C_A	AYR1	0	0	0	0	0	0	0	0	0	0	0	0	0	0	0	1	1.013	0	0	0	0	0	0	1	0	0	0	1	0	0	0	1	0	0	0	0	0	0	0	0	0	0	0	0	0	0	0	0	0	0	1	1	0	0	1	0	0	0	0	0
C3_00910W_A	C3_00910W_A	0	0	0	0	0	1	1.184	0	0	1	0	0	0	0	0	0	0	0	0	0	2	0	0	0	0	0	2	2	0	1	1	1	0	0	1	0	2	0	0	0	0	1	0	0	0	0	1	0	1.592	2	1	0	1	1	0	0	0	5	2	1
C3_00920W_A	ATO1	0	0	0	0	0	0	0	0	0	0	0	0	0	0	0	0	0	0	0	0	0	0	0	0	0	0	0	0	1	0	0	0	0	1	0	0	0	0	0	0	0	0	0	1	0	0	0	0	0	0	0	0	0	0	0	0	0	0	0	0
C3_00930W_A	ATO2	0	0	0	0	0	0	0	0	0	0	0	0	0	0	0	0	0	0	0	0	0	0	0	0	2	2	1	1	2	0	0	1	0	0	0	0	0	0	0	0	0	0	0	0	1	0	0	0	1	0	0	1	0	0	0	1	0	3	1	0
C3_00940W_A	C3_00940W_A	0	0	0	0	0	0	0	0	1	0	0	0	0	1	0	0	1	0	0	0	1	0	0	0	0	1	1	0	0	0	0	1	0	0	0	0	0	0	0	0	0	0	0	0	0	1	0	0	1	1	0	1.883	1	0	1	0	0	0	0	0
C3_00950C_A	C3_00950C_A	0	0	0	1	0	0	0	0	0	0	1.994	0	0	0	0	0	0	1	0	0	0	0	0	2	2	0	0	0	0	0	0	1	0	0	1	0	0	0	0	0	0	0	1	0	0	0	0	0	1	0	2	0	0	1	0	1	0	0	0	0
C3_00960W_A	C3_00960W_A	0	0	0	0	0	0	0	1	0	0	0	0	0	0	0	0	0	0	0	0	0	0	0	0	0	0	1	1	0	2	0	0.897	0	0	0	0	1	0	1	0	0	0	0	0	0	0	0	0	0	0	0	0	0	0	0	0	0	0	0	1
C3_00970W_A	tG(UCC)1	0	0	0	0	0	0	0	0	0	0	0	0	0	0	0	0	0	0	0	0	0	0	0	0	0	0	0	0	0	0	0	0	0	0	0	0	0	0	0	0	0	0	0	0	0	0	0	0	0	0	0	0	0	0	0	0	0	0	0	0
C3_00980W_A	FLC1	0	0	1	0	0	0	0	0	1	1	1	0	1	0	0	0	0	1	0	3.07	1	3	0.998	0	1.024	2	0	1	5	3	4	4.551	0	0	1	0	0	0	0	0	1	0	0	0	2.533	0	2	1	1	1	0	0	4	2	4.001	1	0	2.399	0	1.146
C3_00990C_A	C3_00990C_A	1	0	0	1	0	0	2	1	2	0	2	3	2	0	1	1	0	2	0	4	1	2	2	1	5	1	1	3	4	0.985	3.999	3	2	0	1	0	0	2	2.686	1	0	0	0	0	2	2	1	0	1	3	0	0	3.001	0	1.977	0	2.767	0	0	1.882
C3_01000W_A	BMS1	3	1	1	1	1	1.032	1.138	3.262	0	1	1	0	0	1.095	0	1	1	0	2.333	1	3	2	8.338	5	2.265	4.429	1	0	1	4	0	2	13	12	8.437	4	0	0	0	2	2.74	0	0	2	1	1	1	0	1.149	2.301	3	0	3	1	6.567	2.017	1.625	2.261	0	3.164
C3_01010W_A	C3_01010W_A	0	0	0	0	0	0	0	0	0	0	0	0	0	0	0	0	0	0	0	0	0	1	0	0	0	0	0	0	0	0	0	0	0	0	0	0	0	1	0	0	0	0	0	0	0	0	0	0	0	0	0	0	0	0	0	0	0	0	0	0
C3_01020W_A	C3_01020W_A	0	0	0	1	0	0	0	1	0	0	0	0	0	0	0	0	0	0	1	0	1	0	0	0	1.042	0	1	0	0	0	1	0	0	0	0	0	0	0	0	0	0	0	0	0	2	0	1	1	0	0	0	1	0	0	2	0	0	0	1.368	0
C3_01030W_A	ARP9	0	0	1	3	0	0	0	1	0	1	1	0	0	1	0	0	0	1	0	0	0	0	3.219	0	1	0	0	0	1.512	0	1	1.807	2	0	0	0	0	0	0	1	0	0	1	0	0	1	1	2	0	0	2	0	0	0	1	0	0	1.502	2	0
C3_01040C_A	PRM9	0	0	0	0	0	0	0	0	1.099	0	0	0	0	0	0	0	0	2.096	0	0	0	2	0	1	0	0	0	0	0	0	0	0	0	0	0	0	0	0	0	0	0	0	0	0	0	2	1	0	0	1	0	1.999	1.237	1.129	0	1	2.334	0	0	0
C3_01050C_A	C3_01050C_A	0	0	0	0	0	0	0.796	1	0	0	0	0	0	0	1	0	0	0	0	1	0	0	0	0	0	0	0	0	0	0	0	0	0	1	0	0	0	0	0	0	0	0	0	0	0	0	0	1	0	0	0	0	0	0	0	0	0	0	0	1
C3_01060W_A	C3_01060W_A	0	0	0	0	0	0	0	0	0	0	0	0	0	0	0	0	0	0	0	0	0	0	0	0	0	0	0	0	0	0	0	0	0	0	0	0	0	0	0	0	0	0	0	0	0	0	0	0	0	0	0	0	0	0	0	0	0	0	0	0
C3_01070C_A	C3_01070C_A	0	0	2	0	2.004	1	1	2	1	0	1	0	1	0	0	1	1.006	2	3	1	2.007	0	1	0	0	0	1.347	0	1	2	1.099	3	0	3	3	1	1	1	0	1	0	1	0	0	4	0	1	0	0	0	0	0	5	2	0	2	2	0	1.413	0
C3_01080W_A	MRPL33	0	0	0	0	0	0	0	0	0	0	0	0	0	0	0	0	0	0	0	0	0	2	0	1	0	0	0	0	0	0	0	0	0	0	0	0	0	0	0	0	0	0	0	0	0	0	0	0	0	0	0	1	0	0	0	0	0	0	0	0
C3_01090W_A	C3_01090W_A	0	0	0	0	1	0	0	0	0.769	0	0	1	0	0	0	0	0	0	0	1	0	0	1	0	0	0	0	0	0	0	1	0	0.98	0	0	0	0	0	0	0	0	0	0	0	0	0	0	0	1	0	0.947	0	1	0	0	0	0	0	0	0
C3_01100W_A	C3_01100W_A	0	0.864	1	0	0	0	0	0	0	0	0	0	0	0	0	0	0	0	0	0	1	0	0	0	0	0	0	0	5	3	2	5	0	0	0	0	0	0	0	0	0	0	0	0	0	0	0	0	1.529	0	0	0	2	1.865	0	0	0	0.839	0	0
C3_01110C_A	C3_01110C_A	0	0	0	0	1.001	2	3.917	2	0	1.246	2	1	0	1	1.791	1	0	2	3.051	2.029	2	3	4	1	1.049	3.574	0	0	1	2	1.045	1	0	1.876	1.008	0	0	0	1	2	0	0	1	0	0	0	1	0	0	3.865	0	1.001	2.063	0	0	0	4	1	0	1
C3_01120W_A	C3_01120W_A	0	0	1	0	5	6	8	4	0	1	0	0	0	0	0	0	0	0	0	0	0	0	0	0	0	0	0	0	0	1.001	0	1.028	0	0	1	1	1	2	3	5	0	0	0	0	0	0	1	0	0	0	1	2	1	0	1	1	0	1.487	2	0
C3_01130C_A	C3_01130C_A	0	0	2	0	1	0	1	0	0	2	0	0	0	0	0	0	0	0	0	1.449	2	0	0	0	0	1	0	1	0	0	0	0	0	0	1.074	0	0	0	0	0	0	0	0	0	3	0	0	0	0	0	0	1.147	0	3	0	0	0	0	1.888	0
C3_01140W_A	C3_01140W_A	1	1.013	0	0	0	1	1	1	1	3	0	1	0	0	0	2	0	0	0	0	1.577	1	1	0	0	0	1	0	0	0	0	0	0	0	0	0	0	1	0	0	0	0	0	0	2	2	2	0	4.447	0	0	1	1	1	0	1	1	0	0	1
C3_01150C_A	C3_01150C_A	1	0	1	0	0	1	1.999	2	1	1	1	0	0	0	0	2	3	0	1	0	1	0	2.837	4	4	3	2	1.132	1	1	0	2	0	0	0	0	1	2.859	1	0	1	1.772	1	0	0	0	0	0	2.717	1.651	0	2	1	2.878	3.641	0	2	4.944	1.335	3
C3_01160W_A	MSS4	0	0	0	0	1	0	0	1	0	0	2	0	0	0	0	0	0	0	0	1.393	0	1	0	0	3	2	0	1	0	2.675	0	2	1	0.967	0	1	0	0	0	0	1	0	0	0	2	4	1	1	0	1	1.235	0	0	0	0.999	2	0	1.199	0	0
C3_01170W_A	AIM24	0	0	0	0	1.007	0	1	0	1	0	0	1	0	0	0	0	1	0	1	0	0	0	0	0	1.003	0	1	0	0	0.999	0	0	0	0	1	1	0	0	0	0	0	0	0	0	0	0	2	0	0	0	0	0	0	0	0	0	0	0	1	0
C3_01180C_A	C3_01180C_A	1	2	0	0	2.003	6	6	4	0	1.052	0	0	1	0	0	0	0	1	0	0	0	0	0	1	0	0	3	1	0	0	1.022	0	0	0	1	0	0	0	0	0	0	0	0	0	0	0	2	0	1.375	0	0	1	5.781	0	0	1	0	1.103	3.609	0
C3_01190C_A	C3_01190C_A	0	0	0	1	0	0	0	0	0	0	0	1	0	0	0	0	1	0	0	0	1	0	0	1	1	1	1.628	0	0	0	0	0.999	0	0	0	1	0	0	1	0	0	0	0	0	0	0	0	1	1	0	1	1.1	0	0	0	1	1	0	0	0
C3_01200W_A	UTP20	2.273	1	0	0	3.024	0	1.994	2.065	0	1.128	0	0	1	0	1.209	1	1	0	2.997	0	1	0	1	0	1	1	1	1	2.299	4	7.453	4.287	0	1	1.001	1	2	1	0	0	0	0	0	0	2	1	1	1	0	2.483	0	1.207	1.098	4	1	5.158	1.043	0	3.157	5.387
C3_01210C_A	C3_01210C_A	0	1	0	1	1	2	1	2	0	3	1	1.895	0	1	0	0	3	0	2	0	5.819	0	4	3	3	2.134	2	2	2	3	0	1	0	3	3	0	1.996	1	0	1	0	0	1.86	0	1	1	3	1	3	2	0	1.001	2	3	4.003	3	3.84	2.906	0	3.863
C3_01220W_A	C3_01220W_A	0	1.002	0	0	1	0	1	2	0	2	0	0	0	0	1.022	0	0	0	0	0	0	0	0	0	0	1	1	0	0	0	1	0	0	1	1	1	0	0	0	0	0	2	0	0	0	0	0	0	0	0	0	1	1	2	0	0	0	1.956	2.136	0
C3_01230C_A	C3_01230C_A	1	0	0	0	1	0	0	0	0	1	0	0	0	0	0	0	0	0	0	0	1	0	0	0	0	0	0	0	0	0	0	0	1	0	2	0	0	1	0	0	0	0	0	0	0.999	0	0	0	0	0	0	0	0	0	0	0	2	1.612	0	0
C3_01240C_A	tR(CCU)1	0	0	0	0	0	0	0	0	0	0	0	0	0	0	0	0	0	0	0	0	0	0	0	0	0	0	0	0	0	0	0	0	0	0	1	0	0	0	0	0	0	0	0	0	0	0	0	0	0	0	0	0	0	0	0	0	0	0	1	0
C3_01250W_A	PMC1	0	1	0	1	1	1	2	0	9	5.001	3	5	0	1	1	0	2	1	0	3.002	8	5	3	6.865	10.611	8	9.017	7	1.359	3	3	6	1	2	2	1	0	0	0	2	0	1	0	1	1.026	5	6	7	0	0	1	1	5.83	6	8	4	1.302	0	0	1.444
C3_01260C_A	C3_01260C_A	0	0	1	0	0	0	0	0	0	0	0	0	0	0	0	0	0	0	0	0	0	0	0	0	1	0	0	0	1	0	0	0	0	0	0	0	0	0	0	0	0	0	0	0	0	0	0	0	0	0	0	0	0	0	0	0	0	0	0	0
C3_01270W_A	C3_01270W_A	0	0	0	0	0	0	0	0	0	0	0	0	0	0	1	0	0	0	0	0	0	0	2.016	0	1	0	1	0	0	1	0	0	0	0	0	0	0	0	0	0	0	0	0	0	0	0	0	0	0	0	0	2	0	3	0	0	0	0	0	0
C3_01280W_A	C3_01280W_A	0	0	0	2	0	0	0	0	0	0	1	0	0	0	0	0	1	1	0	1.706	1	0	0	0	0	0	0	0	0	1	0	1	0	1	0	0	0	0	0	0	0	0	0	0	0	0	0	1	0	0	1	0	1	0	1	0	0	0	0	1
C3_01290W_A	C3_01290W_A	0	0	0	0	0	0	0	0	0	0	0	0	0	0	0	0	0	0	0	0	1	0	0	0	0	0	0	0	0	0	0	0	0	0	0	0	0	0	0	1	0	1	0	0	0	0	0	0	0	0	0	0	1	0	0	0	0	0	0	0
C3_01300C_A	NCE103	0	0	0	0	0	0	0	0	0	0	0	0	0	1	0	2	0	0	0	0	0	1.004	0	0	1.008	0	0	1	1	0	0	0	0	0	0.999	0	0	0	0	1	0	0	0	0	0	0	0	0	1.814	0	0	0	2	1	1.909	1	1	0	0	0
C3_01310W_A	C3_01310W_A	0	2	0	0	1	0	1	4	0	0	0	0	0	0	0	0	0	2	0	1	1	0	0	0	0	1	0	0	1	1	0	0.991	0	0	0	1	2	1	0	2	1	0	0	0	0	1	0	2	1	1	0	0	1.002	0	1.138	1	0	1	0	0
C3_01320C_A	SGA1	0	0	1.452	0	1	1	0	0	0	0	0	0	0	0	0	0	0	0	0	0	2	0	0	0	2.008	0	1	0	0	0	0	0	1	0	1.104	1	0	0	0	0	0	0	0	0	0	0	0	0	1	0	2.605	0	0	1.001	0	0	0	1.833	0	0
C3_01330W_A	ZCF8	1	0	1	0	3	2	2	3	1	0	1	0	4	0	1	0	0	3	0	0	2.001	0	0	0	1	1	0	1	2.004	0	0	0	0	1	0	0	0	0	0	0	0	0	0	0	1	0	0	1	2	0	3	0	0.99	0	1	2.234	1	2.66	0	1.34
C3_01340W_A	C3_01340W_A	1	0	1	1	1	1	0	0	2.001	2	2	0	2	0	0	0	0	1.998	0	0	0	0	0	0	0	0	3	0	1	2	0	0	0	1	1	0	0	0.991	0	0	1	0	0	0	0	0	0	0	0	1	0	0	0.765	0	1.085	1	0	1	1	1
C3_01350C_A	URA3	1	0	1	0	0	0	0	0	0	0	1	1.985	0	0	0	0	0	0	1	0	1	0	0	0	0	0	0	1	1	0	1	0	0	1	0	0	1	0	0	0	0	0	0	0	0	0	0	0	0	0	0	0	0.999	0	0	0	0	0	0	0
C3_01360C_A	IRO1	0	0	1	0	1	0	0	0	1	1	0	0	1	1	0	0	1	1	0	0	0	1	0	0	0.856	0	0	0	0	0	0	0	0	0	0	0	0	1	0	1	0	0	0	0	0	2	1	2	0	0	0	0	1.998	0	0	1	0	0	0	0
C3_01370C_A	PGA44	0	0	0	0	2	0	0	0	0	0	0	1	0	0	0	0	0	0	0	0	0	0	0	0	1	0	0	1	0	0	0	1	0	0	0	0	1	0	0	0	0	0	0	0	0	0	0	0	0	0	0	0	0	0	1	0	0	0	1	0
C3_01390C_A	GEA2	0	0	1	0	2.658	0	0	0	0	0	1	1	0	1	1	0	0	1	0	0.999	0	1	1	1	2.001	0	3	2	1	0	0	2	2	1	0	3	1	0	1	0	1	0	0	0	2	1.001	1.016	1	1.166	0	0	3	1	2	2.236	0	3	0	0	0
C3_01400W_A	END3	0	0	0	0	0	0	0	1	1	0	0	1	2	0	0	0	0	0	1	0	1	0	0	0	2	3	4	0	0	0	1	0	0	0	1.001	0	0	0	0	0	0	0	0	0	0	0	1	0	1.754	0	2	1.694	0	1	0	3	0	0	0	2
C3_01410C_A	ALI1	0	0	0	0	0	0	0	0	1	0	0	0	0	0	0	0	0	0	0	0	0	0	0	1	0	1	2	2	1	2	2	0	0	0	0	0	0	0	0	0	0	0	0	0	0	0	0	0	0	0	0	0	1	2	4	2	1	0	1	0
C3_01420C_A	C3_01420C_A	0	0	0	0	0	0	0	0	0	0	0	0	0	0	0	0	0	0	0	0	0	0	0	0	0	1	1	0	0	0	0	1	0	0	0	0	6	5	1	5	0	1	0	0	1	0	0	0	0	0	3	0	1	0	1	0	0	0	0	0
C3_01430W_A	RRT14	1	0	0	0	0	0	0	0	0	0	0	0	0	0	0	0	2	1	3.638	0	0	0	0	0	0	0	1	0	0	0	1	1	0	0.992	0	0	0	0	0	0	0	0	0	1	0	0	0	1	1	0	0	0	0	1	0	0	1	0	0	0
C3_01440C_A	C3_01440C_A	0	0	0	0	0	0	0	0	0	0	0	0	0	0	0	0	0	0	0	0	0	0	0	0	0	0	0	0	0	0	0	0.988	0	0	0	0	0	0	1	0	0	0	0	0	0	0	0	0	0	0	0	0	0	0	0	0	0	1	0	0
C3_01450C_A	MET18	1	0	0	1.342	0	0	1	1.623	0	0	0	1	0	1	4	0	0	0	0	0	0	0	0	0	0.999	0.842	0	0	1	0	2.136	0	0	0	0	2	1	0	0	0	0	1	0	0	0	0	0	0	0	1.97	2.395	2.806	4.025	0	0.998	0	0	0	4.529	2
C3_01460C_A	FOX3	0	0	0	1	0	1	0	0	0	0	0	0	0	0	0	0	0	0	0	0	0	1	0	0	1.992	0	0	1.001	4	2	2	1	0	0.927	1	0	0	0	1.805	0	0	0	0	0	0	1	0	0	1	0	0	0	1	1	2	3.026	0	0	1	0
C3_01470W_A	ARF3	0	0	0	0	0	0	0	0	0	0	0	0	0	0	0	0	0	0	0	0	0	0	0	0	0	0	0	0	0	0	0	0	0	0	0	0	0	0	0	0	0	0	0	0	0	0	0	0	2	0	0	0	0	0	0	0	0	1	0	0
C3_01480C_A	RKI1	0	0	0	0	0	0	0	1	0	0	0	1	0	0	0	1	1	0	0	0	0	1.271	0	0	0	0	0	0	5.892	2	5	2	0	0	0	1	0	0	0	0	0	0	0	0	0	1	0	0	0	0	1	0	0	0	0	0	0	0	0	0
C3_01490W_A	RPS7A	0	0	0	0	1	1	0	1	1	0	1	0	1	1	1	0	0	0	1	0	4	2	1	1	2	0	0	0	0	0	1	4	0	0	1	0	0	0	0	0	0	0	0	0	0	0	1	1	0	0	0	0	0	2	1	0	0	0	0	1
C3_01500C_A	BZZ1	0	0	0	0	0.864	1	1	3	0	1	0	0	0	1	1	0	0	0	0	1.508	0	0	0	1.734	0	2.014	0	2	1.331	0	0	0	6	4.919	2	2	0	1	0	0	0	1	0	0	0	0	0	0	0	1.582	0	0	5	5.009	3	5	1	0	0	0
C3_01510W_A	C3_01510W_A	1	0	0	0	0	2	0	0	0	0	0	2	0	0	0	0	0	0	0	0	0	0	0	0	0	0	1	1	0	0	0	0	0	0	0	0	0	1	0	1.795	0	0	0	0	0	0	0	1	0	0	0	2	0	2	0	0	0	0	0	2
C3_01520C_A	C3_01520C_A	0	0	0	0	0	0	1	1	0	1	0	1	0	2	0	0	0	0	0	0	0	1	0	0	0	2	1	0	0	1	0	1	0	0	0	1	1	0	2	0	0	0	0	0	0.999	0	0	4	0	1	2	0	0	0	0	0	0	1	2	0
C3_01530C_A	CAS4	0	1	1	1	6	11	10.859	6	1	0	0	0	0	0	0	2	5.264	2	3.002	9.607	0	2	3	3	4.023	6.002	11	4	4	2	1.053	3.09	1.004	1	3	2.567	1	0	1	0	0	1	0	0	1	0	1	0	3.291	1.02	5.176	0	2	0	1.229	0.991	1.218	1.236	2	3.238
C3_01540W_A	C3_01540W_A	1	0	0	0	0	0	0	0	0	0	0	0	0	0	0	0	0	0	0	0	0	0	0	0	0	0	0	0	0	0	0	0	0	0	0	0	0	0	1	0	0	0	0	0	0	0	0	0	0	2	1	0	0	0	0	0	0	0	1	0
C3_01550C_A	TOS1	1	2	0	0	0	1	0	0	0	0	0	0	0	0	0	0	0	0	0	0	0	0	0	0	1	0	0	0	0	0	0	1	0	0	1	1	0	0	0	0	0	0	0	0	0	1	1.115	2	0	0	0	0	0	0	0	0	0	0	1	0
C3_01560W_A	C3_01560W_A	0	0	0	1	0	1	1.789	1.319	0	0	0	1	0	0	0	1	0	0	0	0	1	1	1	1	0	0	0	0	0	1	0	3	0	0	1	1	0	0	0	0	0	1	0	0	0	0	0	0	2	1	0	0	1	0	0	1	2.07	0	0	1
C3_01570W_A	C3_01570W_A	1	0	0	0	0	1	0	0	0	0	1	0	0	1	0	1	1	1.999	0	2	0.999	0	0	0	0	3	1	3	0	0	0	1	0	0	0	0	0	0	0	0	0	0	0	0	1	0	0	0	0	0	0	1	0.892	0	0	0	0	1	0	0
C3_01580W_A	ZCF7	0	0	0	0	1	3	1	0	0	0	0	1	0	0	0	0	0	0	1	0	0	0	1	0	1	0	0	1	1.455	0	2	2	4	1	0	0	0	0	0	0	1	0	0	0	0	1	1	1	1	1	2	1	1	0	0	1	1	0	0	0
C3_01590W_A	C3_01590W_A	0	0	0	0	0	0	0	0	0	0	0	0	0	0	0	0	0	0	1	0	0	0	0	0	1	1	0	1	2	0	0	1	1	0	0	0	0	1	0	0	0	0	0	1	0	0	0	0	2	0	0	1.478	0	2	0	1.703	0	1.223	0	1.215
C3_01600W_A	PPH21	0	0	0	0	0	1	0	0	0	0	1	0	0	0	0	0	0	0	0	0	0	0	0	0	0	0	1	0	0	0	0	0	0	0	0	0	0	0	0	0	1	0	0	0	0	0	0	0	0	0	0	0	0	0	0	0	0	0	0	0
C3_01610W_A	C3_01610W_A	0	0	0	0	0	0	0	0	1	0	0	0	1	1	0	1	0	0	0	0	0	0	2	0	1	0	0	0	0	0	0	2	0	0	0	0	0	0	0	0	0	0	1.467	0	0	0	1	0	0	0	0	1.247	1	0	1	1	1	0	0.918	0
C3_01620W_A	C3_01620W_A	0	0	0	0	0	2	0	0	0	0	0	0	0	0	0	0	0	0	0	0	0	0	0	0	0	0	0	0	1	0	0	0	0	0	0	1	0	0	0	0	0	0	0	0	0	0	0	0	0	0	1	0	0	0	0	0	0	0	0	0
C3_01630W_A	TFP1	0	0	0	0	0	1	0	0	0	0	0	0	0	0	0	0	1	0	0	0	4	6	2	2	0	0	1.103	0	0	0	0	0	0	0	0	0	0	0	0	0	0	0	1	0	2	1	1	1	0	0	0	0	0	0	0	1	1	0	0	0
C3_01640C_A	C3_01640C_A	0	0	0	0	0	0	0	0	0	0	0	0	1	0	0	0	1	0	0	0	0	1	0	0	1	0	0	1.895	1	0	0.978	0	1	1	0	0	0	0	0	0	0	1	0	0	0	0	0	0	0	2	0	0	0	0	0	1	0	0	0	0
C3_01660W_A	C3_01660W_A	0	0	0	0	0	0	0	0	0	0	0	0	0	0	0	0	0	0	0	0	0	0	0	0	0	0	0	0	0	0	0	0	0	0	0	0	0	0	0	0	0	0	0	0	0	0	0	0	0	0	0	0	0	0	0	0	1	2.989	0	0
C3_01670W_A	C3_01670W_A	1	0	0	0	0	0	0	0	0	0	0	0	2	2	2	4	0	0	1	0	0	0	1	0	0	0	0	0	0	1	0	0	0	0	0	0	0	0	1	0	0	0	1	0	3	0	1	2	0	0	0	0	0	1	1.696	1	0	0	0	0
C3_01680C_A	C3_01680C_A	0	0	0	0	0	1	0	0	1	0	1	0	0	0	0	0	1	0	0	0	0	1	0	2	0	0	0	0	0	0	0	0	0	0	0	0	0	0	0	0	0	0	0	0	0	0	0	0	2	2	0	0	1.003	0	2	1	0	0	0	1
C3_01690W_A	C3_01690W_A	0	0	0	1	0.993	0	0	2	0	0	0	0	0	0	1	1	0	1	0	0	0	0	0	0	0	0	0	0	1	0	0	0	0	0	1	0	0	0	1	0	0	1	0	0	1	1	1	0	0	0	0	3.073	1	0	0	0	0	2	0	0
C3_01700W_A	CDC53	1	1	0	0	0	0	0	1	0	1	0	0	0	0	0	1	1.405	1	1	0	0	0	2	5	1	0	1	2	1	0	1.001	0	0	0	0	0	0	0	0	1	0	0	0	0	0	0	1	0	2	1	2	0	0	0	1.999	0	1	0	0	1
C3_01710C_A	PPT1	2	0	0	0	1	3.996	2.225	2.906	0	0.982	0	1	5.977	4	2.002	0	5	0	4.676	3	2.004	0	2	0.985	10.881	2	2	1	7.334	1.004	5	3.568	0	0	2	1	0	2	2	2	1	1	1	2	1.123	0	3	1	1	3.899	0	0	4	0	2.736	5	2	0	3.617	2
C3_01720C_A	C3_01720C_A	0	0	0	1	1.066	1	1	1.045	2	0	3	4	0	2	0	1	0	0	0	0	0	2	2	4	2.472	1	0	1	0	1.006	1	1	0	2	0	0	0	0	0	0	0	0	1	0	1	2	2	1	1.211	1	1.413	2	0	1.187	2.061	0.992	2	1	1.126	2
C3_01730C_A	UTR2	0	1	0	0	0	1	1	0	1	1	0	1	0	0	0	0	0	0	0	1	1.571	1	0	0	1	0	0	1	1	0	0	0	1	0	0	0	0	0	0	0	0	0	0	0	1	0	0	0	0	1	1	0	0	0	0	0	0	0	1	1
C3_01740C_A	C3_01740C_A	0	0	0	0	0	0	0	0	0	0	0	0	0	0	0	0	0	0	0	0	0	0	0	0	0	0	0	0	0	0	0	0	0	0	0	0	0	0	0	0	0	0	0	0	0	0	0	0	0	0	0	0	0	0	0	0	0	0	0	0
C3_01750C_A	BRO1	1	1.149	0	0	0	0	1	1	7	5	2	3	4	0	1	0	0	0	1.101	0	1.732	0	0	1.01	0	1	1	1	2	1.659	2	0	1	1	2	1	0	1	1	0	0	0	1	0	5	1	2	0	0	0	0	1.113	3	0	2.027	3	2	0	0	0
C3_01760W_A	AFG3	0	0	0	0	1	1	1	3	1	2	2	2	0	0	1	0	0	0	0	0	0	0	0	0	1	0	0	1	0	0	2	2.248	0	0	0	0	0	0	0	1	0	0	0	0	6	2.002	1	4	1.996	0	0	0	1	0	1	1	1	0	2	1.166
C3_01770C_A	C3_01770C_A	1	0	1	0	0	0	0	0	2	2	1	1.259	0	0	0	0	0	0	0.998	0	0	0	1	0	0	0	1.028	0	1	4	1	1.813	0	0	0	0	0	1	0	1	0	0	0	0	3	0	0	0	1	0	2	1	2	0	0	1	0	2	1	3.344
C3_01780C_A	C3_01780C_A	0	0	0	0	0	0	0	0	0	0	0	0	0	0	0	0	0	0	0	0	0	0	0	0	0	0	0	0	0	1	0	0	0	0	0	0	0	0	0	0	0	0	0	0	0	0	0	0	0	0	0	0	0	0.957	0	0	0	0	0	0
C3_01790C_A	C3_01790C_A	0	0	0	0	3	0	0	2	1	0	0	0	1	0	0	0	1	0	0	3	0	0	1	0	0	1	0	0	1	0	1.95	1.001	4.017	0	2	0	0	1	0	0	1	0	0	0	3.389	2	4.006	4	3.551	0	5.382	0	3.075	1	0.99	0	2.167	4.646	5.348	2
C3_01800C_A	C3_01800C_A	0	0	0	2	0	0	0	1.83	0	0	0	0	0	0	0	0	0	0	0	0	1	0	4	1	3	2	3	3	3	2	4	3	0	0	0	0	0	0	0	0	0	0	0	0	3	1	4	0	0	2	0	1	0	0	0	0	0	1	3	0
C3_01810C_A	MNT1	2	0	0	0	0	0	0	0	0	1	1	0	0	0	0	0	0	0	1	0	0	0	0	1	0	0	0	0	0	0	0	0	0	0	0	0	0	0	0	0	0	0	0	0	0	0	0	0	0	0	0	0	1	2	4	3	0	0	0	1
C3_01820W_A	C3_01820W_A	0	0	0	0	0	0	1.238	0	1	1	1	2	0	0	1	0	4.925	3	1	1	1	1	4	0	2.991	0	0	2	0	0	1	0	0	0	0	0	0	0	1	0	0	0	0	0	0	0	1	0	2.892	4	2.431	0	1	0	2	0	1.714	0	6	3.722
C3_01830C_A	MNT2	0	0	0	0	0	0	1	1.239	1.507	2	0	0	0	0	0	0	0	1	0	2	0	0	1	1	1	0	1	0	0	0	1	2	0	1	1	0	0	0	0	0	0	0	0	0.984	0	0	0	0	0	0	0	0	1	0.964	0	0	1	0	0	0
C3_01840C_A	tV(AAC)2	0	0	0	0	0	0	0	0	0	0	0	0	0	0	0	0	0	0	0	0	0	0	0	0	0	0	0	0	0	0	0	0	0	0	0	0	0	0	0	0	0	0	0	0	0	0	0	0	0	0	0	0	0	0	0	0	0	0	0	0
C3_01850W_A	C3_01850W_A	0	1	2	1.89	0	3.926	2.836	1	1.035	0	1	2	0	0	1	1	2.291	0	1	0	2	2	0	1	1	1	3	1	0	1	1.23	0	0	0	1	1.006	0	0	2	0	1	1	0	0	0	0	0	0	2	0	1	1.605	3	2	0	0	1	1	2.749	2.598
C3_01860C_A	DBP5	1	0	0	0	0	2	0	0	1	2	0	1	0	0	0	0	1	0	1	0	0	0	0	0	3	0	0	0	0	1	1	1	0	0	0	0	0	1	0	0	0	0	0	0	0	0	0	0	0	0	0	0	0	0	1	0	3	3	0	1
C3_01870C_A	tK(UUU)1	0	0	0	0	0	0	0	0	0	0	0	0	0	0	0	0	0	0	0	0	0	0	0	0	0	0	0	0	0	0	0	0	0	0	0	0	0	0	0	0	0	0	0	0	0	0	0	0	0	0	0	0	0	0	0	0	0	0	0	0
C3_01880W_A	ALG8	1	0	2	0	0	0	0	1	0	2	0	0	0	0	0	0	0	0	1	1	0	1	0	0	0	0	0	0	0	0	0	0	0	2	0	0	0	1	0	0	0	0	0	0	1	0	0	1	2	3	1.336	1.316	2	0	0	0	0	2	0	0
C3_01890C_A	C3_01890C_A	0	0	0	0	0	0	0	3	0	1	0	0	2	0	0	1	0	4	3	1	0	1	1	1	0	0	0	0	1	1	1	1	0	0	0	0	8	7	3	4	0	0	0	1	1	2	3	1	1	0	0	1	0.963	0	1	0	0	0	0	0
C3_01900C_A	C3_01900C_A	0	0.991	0	1	1	0	1	0	2	3	0	0	0	0	0	0	1	0	0	0	0	0	0	0	0	1	0	1	0	0	0	1	0	0	0	0	0	0	0	0	0	0	0	0	0	1	0	1	0	0	2	1	1	0	1	1	0	4.825	2.123	1
C3_01910C_A	C3_01910C_A	0	0	0	0	0	0	0	0	0	0	0	0	0	0	0	0	0	0	0	0	0	0	0	0	0	0	0	0	0	0	0	0	0	0	0	0	0	0	0	0	0	0	0	0	0	0	0	0	0	0	0	0	0	0	0	0	0	0	0	0
C3_01920C_A	tY(GUA)2	0	0	0	0	0	0	0	0	0	0	0	0	0	0	0	0	0	0	0	0	0	0	0	0	0	0	0	0	0	0	0	0	0	0	0	0	0	0	0	0	0	0	0	0	0	0	0	0	0	0	0	0	0	0	0	0	0	0	0	0
C3_01930W_A	PXP2	1	0	1	1	0	0	0	0	3	1	0	3	0	1	0	0	0	0	0	0	0	0	0	0	0	0	1	0	0	0	0	0	0	1	0	1	0	0	0	0	0	0	0	0	1	2	0	2	1.919	0	0	0	0	0	0	0	1	0	0	0
C3_01940C_A	C3_01940C_A	0	0	0	0	0	0	1	0	1.995	0	0	0	0	0	0	0	0	0	0	0	0	0	0	0	0	0	0	1	0	0	0	1	0	0	0	0	0	0	0	0	0	0	0	0	1	0	0	0	1	0	1	0	0	0	0	0	0	0	0	0
C3_01950C_A	C3_01950C_A	3	3	1	2	0	1	0	0	0	0	0.996	1	0	0	0	0	2	0	0	0	0	0	1	1	0	0	0	0	0	2.767	0	0	4	7	4	3	7	3	1	1	1	1	1	0	0	4	1	1	1	1	1	0	5	1	3	4	0	2	0	1
C3_01960C_A	POX1-3	0	0	1	0	3	2	2	2	1	0	1	0	0	0	0	0	0	1	0	0	0	1	0	0	0	0	0	0	0	0	0	0	1	0	0	0	0	0	0	0	0	0	0	0	0	3.006	2	1	0	0	0	0	0	5	4.463	2	0	0	0	0
C3_01970C_A	C3_01970C_A	0	0	0	0	0	0	0	0	0	0	0	0	0	0	0	0	0	0	0	0	0	0	0	0	0	0	0	0	0	0	0	0	0	0	0	0	0	0	0	0	0	0	0	0	0	0	0	0	0	2	0	0	0	0	0	0	0	0	1	1
C3_01980C_A	TOM6	0	0	0	0	0	0	0	0	0	0	0	0	0	0	0	0	0	0	0	0	0	0	0	0	0	0	0.901	0	0	0	0	0	0	0	0	0	0	0	0	0	0	0	0	0	0	0	3	2	0	0	0	0	0	0	0	0	0	0	0	0
C3_01990W_A	RNA1	0	0	0	0	0	0	0	0	2	0	0	0	0	0	0	0	0	0	0	0	1	0	0	0	0	0	0	1	0	0	0	0	4	5	3	0	0	0	0	0	0	0	0	0	4	1	1	1	0	0	0	0	0	1.998	0	0	0	0	1	0
C3_02000W_A	RAD50	2	0	0	0	1	1	2	0	2	7	6	0	1	0	0	0	0	1	0	1.021	0	1	0	0	5	2	5	1	0	0	0	2	1	0	0	0	0	1	0	0	0	0	0	0	1	0	3.371	0	1	1	0	1.178	0	0	0	1	0	1.192	0	0
C3_02010C_A	C3_02010C_A	0	0	0	0	0	1	0	0	0	1	0	0	0	0	1	0	0	0	0	0	0	1	0	0	0	1	0	2	0	0	0	1	1	0	0	0	0	0	0	0	0	0	0	1	0	0	0	0	0	0	2	0	0	0	0.939	0	0	0	1	1.402
C3_02020W_A	MRD1	3	1	6	1	0	0	0	0	2	0	0	2	0	0	1	0	0.925	0	0	0	0	1	0	0	2	0	1	2	0	0	0	1	1	0	0	0	0	1	0	0	0	0	0	0	0	0	0	0	2	0	0	0	0	0	1	0	1	1	0	0
C3_02030W_A	C3_02030W_A	1	0	0	1	0	2	2.767	0	0	0	0	0	0	0	0	0	1	0	1	1	0	2	1	3	0	0	0	0	0	1	0	0	2	0	0	2	1	1	0	0	0	0	0	0	0	0	0	0	0	0	0	0	0	1	0	0	0	1	1	0
C3_02040C_A	LOC1	0	0	0	0	0	0	0	0	0	1	0	0	0	0	0	0	0	0	0	0	0	0	0	0	0	0	0	0	0	0	0	0	0	0	0	0	0	1	0	0	0	0	0	0	0	1	0	0	0	0	0	0	0	0	1	0	0	0	0	0
C3_02050C_A	tE(UUC)2	0	0	0	0	0	0	0	0	0	0	0	0	0	0	0	0	0	0	0	0	0	0	0	0	0	0	0	0	0	0	0	0	0	0	0	0	0	0	0	0	0	0	0	0	0	0	0	0	0	0	0	0	0	0	0	0	0	0	0	0
C3_02060W_A	C3_02060W_A	0	0	1	0	1.094	1	0	0	0	1	1	0	0	0	0	1	0	0	0	0	0	0	0	0	0	0	0	0	1	1	0	0	1	0	0	0	0	0	0	0	0	0	0	0	1	0	0	0	0	0	0	0	0	0	0	2	0	0	1	1.349
C3_02070C_A	C3_02070C_A	0	1	0	0	0	1	0	2	0	0	0	0	0	0	0	0	0	0	1	0	0	0	0	0	0	0	1	0	0	1	1	0	0	0	0	0	0	0	0	0	0	0	0	0	0	1	1	0	1	1	0	0	1	0	1.011	0	0	1	1	0
C3_02080W_A	C3_02080W_A	0	0	0	0	0	0	0	0	1	0	0	0	1	0	0	0	0	0	1	1	1	1.261	0	0	0	1	3	2	0	0	0	0	0	1	2	0	0	1	0	0	0	1	0	0	0	0	0	0	0	1.324	1	1	0	2	0	2	1	0	2	0
C3_02090C_A	C3_02090C_A	1	0	0	0	1	0	0	1	2	5	2	3	0	0	0	0	0	0	0	1	0	0	0	0	1	1	1	0	0	0	0	0	0	0	0	0	0	1	0	0	0	0	0	0	1	0	1	2	0	0	1	1	0	2	1	0	2	0	1	0
C3_02100W_A	STE50	0	0	0	1	0	0	0	0	1	0	0	0	0	0	1	0	0	0	0	0	1.133	0	0	0	0	0	0	0	0	0	0	1.001	0	0	0	0	1	1	4	0	0	0	0	0	0	0	0	0	0	0	0	0	0	0	0	1	0	0	0	0
C3_02110W_A	RPL12	1	3	1	1	2	2	3	2	0	0	0	0	0	0	0	0	7	4	5	3	0	0	0	0	0	0	0	0	0	0	0	0	0	0	0	0	4	0	1	1	0	0	0	0	0	1	0	0	0	0	0	0	0	0	0	0	0	0	0	0
C3_02120W_A	C3_02120W_A	0	0	0	0	0	0	0	0	0	0	2	0	0	0	0	0	0	0	0	0	0	0	1	0	0	0	0	0	0	0	0	0	0	0	0	0	0	0	0	0	0	0	0	0	0	0	0	1	1	0	0	0	0	0	0	0	0	0	0	1
C3_02130W_A	UTP4	0	0	0	0	1.002	1	0	4.684	0	2	1	0	0	0	0	0	0	0	0	0	0	0	0	0	1	0	0	0	1	0	0	0	1	0	0	1	0	0	0.999	0	1	0	1	0	0	0.983	1	0	0	1.002	1	0	1.998	0	0	0	1.237	0.997	2.62	0
C3_02140C_A	C3_02140C_A	0	1	0	1.007	0	0	1	1.008	0	0	1	0	1	0	0	0	1	0	0	0	0	1	0	0	1	0	4	0	0	1.999	1.191	0	0	0	0	0	0	0	0	0	0	0	0	1	0	2	0	0	0	0	2	0	2.056	0	0	0	1	0	0	0
C3_02150C_A	ERG6	0	0	0	0	1	1	0	0	2.071	0	0	0	1	0	0	0	0	0	0	0	0	0	2	0	1	0	0	0	0	1	0	1	0	0	1.006	0	0	0	0	0	0	0	0	0	1	0	1	1	0	0	0	0	2	1	0	0	3	0	3.464	1.84
C3_02160C_A	C3_02160C_A	0	0	0	0	0	0	0	1	0	0	2	0	0	0	2.018	0	0	0	0	0	0	0	1	1	0	2	4	0	0	0	0	0	0	0	1	0	0	0	0	0	0	0	0	0	0	1.118	0	0	1	0	0	2	0	1	0	1	2	1	0	0
C3_02170C_A	LAP41	0	0	0	1	0	0	1	0	1	1	0	0	0	1	1	0	0	0	0	0	0	0	0	2	0	0	0	0	1	0	0	0	0	0	1	0	1	0	0	0.973	0	0	0	0	0	0	0	0	1	0	0	0	0	0	0	0	0	0	0	0
C3_02180C_A	C3_02180C_A	0	0	0	0	0	1	0	0	10	3	5	2	0	2	1	1	0	0	0	1	0	0	0	1	1	1	0	0	0	1	0	1	1	0	0	0	1	1	0	0	0	0	0	0	0	0	0	0	1.783	1	2	1	0	0	0	1.999	0	1	1	1
C3_02190C_A	C3_02190C_A	1	1	0	3	0	0	0	0	2	3	6	5	0	1	2	2	0	0	0	0	0	0	0	0	0	0	0	0	0	0	0	0	0	0	0	0	0	0	0	0	0	0	0	0	1	1	2	1	1	0	0	0	0	1	0	1.944	0	1	0	0
C3_02200W_A	C3_02200W_A	0	0	0	0	0	0	0	0	0	0	0	0	0	0	0	0	0	0	0	0	0	0	0	0	1	0	0	0	0	0	0	0	0	0	0	0	7	3	1	1	0	0	0	0	0	0	0	0	0	0	0	0	0	0	0	0	0	0	0	0
C3_02210C_A	C3_02210C_A	2	1	0	0	0	2	4.001	0	1	0	1	1	4	1.905	3.999	3	1	1	1	1	2	1	6.016	3	5.035	1	2.985	1	0	5.854	5.001	0	1	1	2	0	0.913	0	1	1	1.087	0	0	1	0	2.015	0	3	3	0	1.128	2	0	6	4.003	0	7.415	0	2	0
C3_02220W_A	CAP1	0	0	0	0	0	0	0	1	1.008	0	0	0	0	0	0	0	1	0	1	0	0	0	1	0	0	0	0	1	0	0	2	0	0	0	1	0	0	0	0	0	0	0	0	0	0	0	0	0	0	0	0	0	0	0	1	2	0	1.933	1	2
C3_02230C_A	YCG1	4	2	2	1	1.992	1	0	1.001	0	0	0	0	2.963	0	1	0	1.006	1	0	0	1.052	0	0	0	8.195	4.003	3	5	2	0	1	1	0	0	0	1	1	0	1	0	0	0	0	0	0	1	3	0	1.072	0	0	0	1.161	0	1	2.982	0	0	3	0
C3_02240C_A	GPA2	0	0	0	0	0	0	0	0	2	0	2	2	2	3	2	1	2	2	5	2	0	1	0	0	0	0	1	0	2	1	4	2	0	1.004	0	0	0	1	0	1	0	0	0	0	0	0	0	1	1	0	0	0	3	1	0	2	0	0	0	1.74
C3_02250C_A	C3_02250C_A	0	0	0	0	0	0	0	0	0	0	0	0	0	1	0	0	0	0	0	0	0	0	0	0	1	0	1	1	0	0	0	0	0	0	1	0	0	0	0	0	1	0	0	0	0	0	0	0	1	0	0	1	0	0	0	0	1	0	1	0
C3_02260C_A	C3_02260C_A	2	1	2	1	0	0	1	0	2	1.002	0	0	0	0	1	1.993	1	0	0	1	3	3	3	1	1	1	1	0	0	0	1	1	0	0	0	2	6	4	3	1	0	0	0	0	2	0	2	1	0	0	0	1.494	1	1	0	2.827	0	0	1	2.534
C3_02270W_A	C3_02270W_A	0	0	0	0	0	0	0	0	0	0	0	0	0	0	0	0	0	0	0	0	0	0	0	0	0	0	0	0	0	1.953	0	0	0	0	0	0	0	0	0	0	0	0	0	0	0	0	0	0	0	0	0	0	0	0	0	0	0	0	0	0
C3_02280C_A	GFA1	1	2	0	2	0	0	1	1	3	1	3	3	0	0	0	0	7	7	12	3	1	0	0	0	0	0	0	1	9	2	8	3	1	2	1	0	0	3	3	2	0	0	1	0	0	2	0	0	0	0	2	1	2	5.01	4	2.003	1.089	0	0	0
C3_02290W_A	C3_02290W_A	0	0	0	0	1	0	1	1	0	0	0	0	0	0	0	0	0	0	0	0	0	0	1.002	1	6	2	9	4	1.001	3	2	5	1	0	0	0	0	0	0	0	0	0	0	0	5	4	6	5	0	1	0	1	0	1	0	0	1.056	0	0	1
C3_02300W_A	FGR23	0	0	0	0	1	2	0	0	0	0	0	0	0	0	0	0	0	0	1	1	1	0	0	0	2	0	1	1	0	1	0	2.233	0	0	0	0	0	0	0	1	0	1	0	0	0	1	1	0	0	1	0	0	3	1	0	2	1	1	2	0
C3_02310W_A	MEP1	0	0	0	0	0	0	1	0	0	1	0	0	0	0	0	0	0	0	0	0	0	0	0	0	0	1	0	0	0	0	0	0	0	1	0	0	0	0	0	0	0	0	0	0	0	1	1.749	0	0	1	1	0	1	2	1.001	1.148	0	0	0	1
C3_02320W_A	ILV2	0	0	0	0	0	1.078	1.453	0	1	1	0	0	0	0	0	0	0	0	0	0	3.805	2	1	2	0	0	0	0	3.576	0	0	0	1	0	0	0	1	0	0	0	0	0	0	1	1	0	0	0	0	0	0	0	3	4	3.433	1	0	0	0	2.434
C3_02330C_A	C3_02330C_A	0	0	0	0	0	0	0	0	0	0	0	0	1	0	0	1	1	1	0	0	0	0	1	0	0	0	0	0	1	0	1.923	0	1	0	0	0	1	0	0	0	0	0	0	0	0	1	3	1	0	1.117	0	0	0	0	1	0	1	1	0	0
C3_02340W_A	C3_02340W_A	0	1	0	0	1	2	1	0	0	1	0	2	0	0	0	0	0	0	1	0	2	0	0	0	1.001	0	1.849	0	2.117	0	1	0	0	0	0	0	0	1	1	1	0	1	0	0	1	0	0	0	0	0	1	0	0	1	1	1	1.546	1	0	1
C3_02350W_A	C3_02350W_A	1	0	1.92	1.215	0	0	0	0	1	0	0	0	0	0	0	0	1	0	0	0	0	0	0	1	2	0	1.001	1.163	0	0.957	0	0	0	0	0	1	0	0	1	0	0	0	0	0	0	0	1	1	1	2.826	0	0	1.479	0	0	1	2.456	1.025	0	0
C3_02360C_A	C3_02360C_A	0	0	0	0	0	0	0	0	0	1	1	0	0	1.833	0	0	0	0	2	0	0	1	0	0	2	0	0	0	0	0	0	0	0	1	0	0	0	0	0	0	0	0	0	2	0	0	0	0	0	0	3.097	0	0	0	0	0	2.328	0	0	1
C3_02370C_A	ALR1	0	0	1	0	0	0	1	2	0	2	0	0	0	1	3	0	0	4	2	6	3	1	4.02	2	0	3	1	1	2	0	3	0	2	2	5	3	5	3	6	6	0	0	0	1	3	1	1	1	0	0	3	0	1	3.145	4	3	0	0	1	2
C3_02390W_A	C3_02390W_A	0	0	1	0	0	1	2.001	1	0	1	0	0	1	0	0	0	0	0	1	1	1	0	0	0	0	0	0	1.225	0	1	0	0	1	0	0	3	1	0	0	0	0	0	0	0	0	0	1.003	0	0	0	0	0	2.266	1.233	1	0	1	0	1	1.273
C3_02400C_A	COX7	4	1	0	3	1	0	0	0	3	5	3	7	0	0	0	0	7	2	3	3	0	0	1	1	0	0	0	0	2	2	2	3	4	5	4	2	3	7	2	6	0	0	0	0	5	10	4	4	0	0	0	0	7	11	7	7	0	0	0	0
C3_02410C_A	C3_02410C_A	0	0	0	0	1	2	2	3	0	0	1	0	0	0	0	0	0	0	0	0	0	1	0	1	1	0	0	1	0	0	0	0	0	0	0	0	0	0	0	0	0	0	0	0	0	0	0	0	0	0	0	0	0	0	0	0	0	1	1	0
C3_02420C_A	C3_02420C_A	1	0	0	0	0	1	1	0	0	1	1	3.015	0	0	0	0	0	2	0	0	1.243	1.242	0	1.001	2	0	1.889	1	2	1	0	2	3	1	0	0	1	0	0	1.312	0	0	0	0	1	0	0	1	1	0	2.49	0	1.186	1	2	2.046	0	1.145	2	0
C3_02430W_A	APL2	0	0	0	1	1	0	3	1	1	1	0	1	0	1	1.998	0	0	0	0	1	1	3	0	0	0	0	0	1	0	0	0	0	0	2	1	1	0	0	0	1	0	0	0	0	0	0	0	0	2.69	2	1	0	1	1	2	0	0	0	0	0
C3_02440C_A	MED7	0	0	0.999	0	2	0	0	1	0	0	0	1	0	0	2	0	1	1	2	0	1.994	2	0	2	1	2	0	0	1.147	1	1	0	1	1	0	1	0	0	0	0	0	0	1	0	3.986	0	0.999	0	0	0	1	0	1	1	2	0	0	2	1	1
C3_02450W_A	HRT1	0	0	0	0	0	0	0	0	0	0	0	0	0	0	0	0	0	0	0	0	0	0	0	0	0	0	0	0	0	0	0	0	0	0	0	1	0	0	0	0	0	0	0	0	0	0	0	0	0	0	0	0	0	0	0	0	0	0	0	1
C3_02460C_A	PHA2	0	0	0	0	0	1	0	0	0	1	0	0	0	1	1	0	0	0	0	0	0	0	0	2	1	0	0	0	0	0	0	0	0	0	0	0	2	2	0	0	0	0	0	0	0	1	0	0	2	1	0	1	0	0	0	0	1	0	0	1
C3_02470C_A	RPL9B	0	0	0	0	0	0	0	0	0	0	0	0	0	0	0	0	0	0	0	0	0	0	0	0	0	0	1	0	0	0	0	0	0	0	0	0	0	0	0	0	0	0	0	0	0	1	0	2	0	0	1	0	0	0	0	0	0	0	1	0
C3_02480C_A	CCP1	0	0	0	0	4	3	4	2	3	2	1	3	6	2.904	3	4	0	0	0	0	0	0	1.998	1	0	0	1	0	2	0	1	2	0	0	0	1	0	0	1	0	0	0	0	0	2	1	3	1	0	0	0	0	2	2	4	3	0	0	2	0
C3_02490C_A	C3_02490C_A	2	2	2.987	1	5	3	3	3.018	0	0	0	0	1	1	0	0	0	1	0	0	2	3.975	0	1	1	0	1.001	0	0	1	0	0.999	1	1	0	0	0	0	0	0	0	0	0	1.216	6	4	4	7	0	1.69	0	0	1.155	2	3.6	3	1.215	0	1	0
C3_02500W_A	PAM17	0	1	0	0	0	1	0	0	0	0	0	1	0	0	0	0	0	0	0	0	0	0	0	0	0	0	1	0	0	1	1	0	0	0	1	0	0	0	0	1	0	0	0	0	0	0	0	0	0	0	0	0	0	0	0	0	0	0	0	1
C3_02510C_A	SAP8	0	0	0	0	1	1	0	0	0	0	0	0	0	0	0	0	0	0	1	0	0	0	0	0	0	0	0	0	0	0	0	0	0	0	0	0	0	0	0	0	0	1	0	0	0	0	1	0	0	0	0	0	1	0	0	0	0	0	0	0
C3_02520W_A	tM(CAU)1	0	0	0	0	0	0	0	0	0	0	0	0	0	0	0	0	0	0	0	0	0	0	0	0	0	0	0	0	0	0	0	0	0	0	0	0	0	0	0	0	0	0	0	0	0	0	0	0	0	0	0	0	0	0	0	0	0	0	0	0
C3_02530W_A	YSY6	0	0	0	0	0	0	0	0	0	0	0	1	1	0	0	0	0	0	0	0	0	0	0	0	0	0	0	0	0	0	0	0	0	0	0	0	0	0	0	0	0	0	0	2	1	0	0	0	0	0	0	0	0	0	0	0	0	0	1	0
C3_02540C_A	OXR1	0	0	0	0	1	0	0	0	4	2	2.068	1.009	0	0	0	0	0	0	0	0	0	0	0	0	0	0	0	0	0	0	0	0	5	3	1	7	0	0	0	0	0	0	0	0	0	0	0	0	0	0	1	0	0	0	1	1	1	1	1	1
C3_02550C_A	DCG1	0	1	0	0	0	1	0	0	0	0	0	1	0	0	0	0	0	0	1	0	0	1	0	0	1.638	0	0	0	1	0	0	0	0	0	1.857	0	0	0	0	0	0	1	0	0	0.954	0	0	0	0	0	1	0	1	0	0	0	0	1.369	1	1
C3_02560W_A	DDC1	0	1	0	1	1	2	0	1	0	0	2	0	0	0	0	0	0	0	0	0	0	0	0	0	1	1	1	1.001	1.244	4	1	0	0	0	0	0	0	0	0	1	0	0	0	0	1	0	0	0	0	0	1	0	0	0	1	1	0	0	0	1.284
C3_02570W_A	C3_02570W_A	0	0	0	0	1	0	0	0	0	0	1	0	0	0	0	1	0	0	0	0	1.984	0	0	1	0	0	0	0	0	1	1	2.138	0	0	0	0	1	0	0	1	0	0	0	0	0	2	0	0	1	1	1	0	1	1	0	2	2	0	0	0
C3_02580C_A	C3_02580C_A	0	0	0	0	0	0	0	0	0	0	0	0	0	0	0	1	0	0	0	1	0	0	0	1	0	1	0	0	0	0	0	0	0	0	0	0	0	0	0	0	0	0	0	0	0	0	0	0	0	0	0	0	0	0	1	0	0	0	1	0
C3_02590W_A	APL5	0	1	0	2.549	0	2	0	0	1	0	2	0	2	1	1	1	1	0	1	1.022	3	2.378	1	2	3	1.001	7	5	4	1	0	1	0	2	0	0	0	0	1	0	0	0	0	0	0	1	0	0	2.264	2.159	0	0	2.408	0	0	2	0	0	1.089	0
C3_02600C_A	SLC1	0	0	0	3	0	0	1.211	0	0	0	0	0	0	0	0	0	1	1	0	1	0	0	1	1	0	0	0	1	0	0	0	0	0	0	0	0	0	1	0	0	0	1	1	0	4	0	0	0	2.904	0	2	0	1.042	0	0	0	0	0	1	0
C3_02610C_A	GLX3	1	1	0	0	0	3.76	0	2.129	0	0	0	1	0	0	0	1	1	5	6.95	3	1	1	0	1	0	0	2.028	0	0	0	0	0	1	0	1	1	0	0	1.948	0	0	0	0	0	3	1	3	1.055	0	0	1	0	1	0	0	0	2	0	3.859	0
C3_02620C_A	C3_02620C_A	0	0	0	0	0	0	0	0	0	0	1	0	0	1	0	0	0	0	0	0	0	0	0	0	0	1	0	0	0	0	0	0	0	0	0	0	0	0	0	0	0	0	0	0	0	1	0	0	0	0	0	0	0	0	0	1	0	0	0.907	0
C3_02630C_A	C3_02630C_A	0	0	0	0	0	0	1	0	0	0	0	0.998	0	0	0	0	0	0	1	0	0	0	0	0	0	0	1	1	0	0	0	0	0	0	0	0	1	0	0	0	0	0	0	0	0	0	0	0	0	0	0	0	0	0	0	0	0	0	1	0
C3_02640C_A	ZCF1	0	1.102	0	2	0	0	0	2	1	0	1	1	3	0	1	1.033	0	0	2	1	0	0	0	0	1	1	1.008	0	0	2	1	2	0	1	0	1	0	0	1	1	1	2	1.093	0	1	0	1	1	0	2	1	2	0	2	4	0	1.112	2	0	2.825
C3_02650W_A	C3_02650W_A	0	1	0	1	3	0	0	1	2	0	0	1	1	1	3	0	1	1	0	1	0	1	0	0	1	3	1	0	1	0	0	0	0	0	0	0	0	0	2	3	2	0	0	0	3	2	0	1	4	2	1.505	1	2	1	2	1	6	2	4	5
C3_02660W_A	C3_02660W_A	0	0	1	0	0	0	0	0	0	0	0	0	0	0	0	0	0	0	0	0	0	0	0	0	0	0	1	0	0	0	0	1	0	0	0	0	0	0	0	0	0	0	0	0	1	0	0	0	0	0	0	0	0	0	0	0	0	0	0	0
C3_02670W_A	C3_02670W_A	0	0	0	0	0	0	0	0	0	0	0	0	0	0	0	0	0	0	0	1	0	0	0	0	0	0	0	0	0	0	1	0	0	0	0	0	0	0	0	0	0	0	0	0	0	0	0	0	0	0	0	0	1	1	0	1	0	0	0	0
C3_02680C_A	SLD1	1	0	0	1	0	0	0	1	0	0	0	0	0	0	0	0	0	0	0	2	0	0	0	0	0.99	0	0	0	1	0	0	0	0	0	1	0	0	0	0	0	0	0	0	0	0	0	1	0	1.429	2	0	0	1	1	2	0	0	2.315	0	0
C3_02690C_A	C3_02690C_A	0	1	3	0	0	1	0	0	0	2	2	1	0	3	0	0	0	0	1	0	0	0	0	0	0	1	0	0	0	0	0	1	0	0	1	0	0	0	2	0	0	0	0	0	1	0	1	0	0	0	2.338	0	0.99	0	0	1	0	3.341	0	0
C3_02700W_A	SMC3	0	0	0	0	0	0	0	0	0	0	1	3.074	0	1	1	0	2	0	2	0	1	1	0	0	1	2	2	0	1.998	1	0	1	0	1	0	0	0	0	0	0	0	0	2.306	0	0	0.998	0	0	2.137	0	0	3.421	1	0	0	2	5.561	1.084	1.129	0
C3_02710W_A	C3_02710W_A	0	0	0	0	0	2	1	1	0	0	0	0	0	0	0	0	0	0	0	0	0	0	0	0	0	0	0	0	0	0	0	0	0	0	0	0	0	0	0	0	0	0	0	0	0	0	0	0	0	0	0	0	0	0	0	0	0	0	0	0
C3_02720W_A	C3_02720W_A	0	1	2.013	0	0	1	0	0	0	2	0	0	0	0	0	0	0	0	1	0	0	0	0	0	0	0	0	0	0	0	0	1	0	1	0	0	1	0	3	0	1	0	0	0	0	1	0	0	0	0	0	2	0	0	0	0	1	0	0	0
C3_02730C_A	tF(GAA)1	0	0	0	0	0	0	0	0	0	0	0	0	0	0	0	0	0	0	0	0	0	0	0	0	0	0	0	0	0	0	0	0	0	0	0	0	0	0	0	0	0	0	0	0	0	0	0	0	0	0	0	0	0	0	0	0	0	0	0	0
C3_02740C_A	tR(UCU)1	0	0	0	0	0	0	0	0	0	0	0	0	0	0	0	0	0	0	0	0	0	0	0	0	0	0	0	0	0	0	0	0	0	0	0	0	0	0	0	0	0	0	0	0	0	0	0	0	0	0	0	0	0	0	0	0	0	0	0	0
C3_02750W_A	C3_02750W_A	1	0	0	1.002	2	0	1	0	1	1	1	1	0	0	1	1	0	1	0	1	0	0	0	0	2	0	1	1	0	1.304	0	1	1	1.01	1	1	0	0	0	0	0	0	0	1	0	0	1	0	0	1	0	0	1.245	2	0	3	0	0	1.413	1
C3_02760C_A	C3_02760C_A	1	0	0	0	1	1.588	1	0	3	0	2	1	2	1	2.058	1	0	0	0	0	2	2	2	2	0	1	0	4	3	1	3	0	1.998	0	1.183	0	0	0	0	0	0	0	0	0	0	0	0	0	0	4.314	3.543	0	1	0	0	2	2.17	3	3.017	3
C3_02770C_A	C3_02770C_A	0	0	0	0	1	1	0	0.87	0	0	0	1	2	7	0	4	0	0	0	0	0	0	0	0	0.989	0	0	1	0	0	0	0	0	0	0	0	0	2	0	0	0	0	0	0	0	0	0	0	0	0	1	0	1	4	0	1	0	0	0	0
C3_02780W_A	SES1	0	1	0	0	1	0	0	0.968	5.701	3.993	4	3	0	1	0	0	0	0	1	0	0	3	4	2	0	0	1	0	0	0	0	0	0	0	0	0	0	0	0	0	0	0	0	0	0	1	0	0	0	0	1	2	4.012	0	1	0	1	0	0	0
C3_02790W_A	C3_02790W_A	0.969	0	0	0	0	1	0	0	0	0	0	0	0	1	0	0	0	0	0	0	0	0	0	0	0	0	0	0	0	0	0	0	0	0	0	0	0	0	0	0	0	0	0	0	0	1	0	0	0	0	0	0	2	0	0	0	0	0	0	0
C3_02800W_A	ADH4	0	0	1	0	0	0	0	1	1	0	0	0	0	0	2	2	1	0	0	0	0	0	0	0	0	0	1	0	0	0	1	0	0	2	0	2	0	0	0	0	0	0	0	1	0	0	0	0	1	0	0	0	0	0	1	0	1.773	2	0	1
C3_02810C_A	FAA21	0	0	1	0	0	0	0	0	2	4	2	2	0	0	0	1.029	0	0	0	1	0	0	0	0	1	0	2	0	1	0	0	0	0	0	0	0	0	0	0	0	0	0	1	0	0	1	0	0	1	1	0	1	1	0	1	2	1.767	1	2.043	1
C3_02820C_A	NSG2	0	0	0	0	0	1	0	1	0	0	0	0	1	0	0	0	0	1	1	0	0	1	0	0	0	0	1	0	0	0	0	0	4	4	8	9	3	4	4	4	0	0	0	0	1	3	0	2	0	0	0	0	1	0	0	0	1	0	0	0
C3_02830W_A	TFC4	0	0	0	0	2	0	1	3	1	0	3.981	1	0	0	0	1	2	0	0	0	0	0	0	0	6.81	2	4	3	2	2.545	2	3	1	0	1	1	1.998	1	2	0	0	0	0	0	1	0	2	1	0	4.075	3	3.634	1.05	2	0	0	3	0	1.317	1.022
C3_02840W_A	C3_02840W_A	1	0	0	0	0	0	0	1	0	0	0	0	0	0	0	0	0	0	0	0	0	0	0	0	0	0	0	0	0	0	0	0	1	0	0	0	0	0	0	0	0	0	0	0	0	0	2	1	1	0	0	0	0	0	0	2	1	0	0	0
C3_02850C_A	C3_02850C_A	0	0	0	0	1	0	0	0	1.33	0	1	0	0	0	0	0	1	1	0	0	0	0	0	0	0	0	0	1	0	0	0	1.881	0	0	2	0	0	1	0	0	0	1	0	0	0	0	1	0	0	0	1	0	0	0.944	0	0	1	1	0	0
C3_02860W_A	THI6	0	0	0	0	1	0	0	0	0	1	0	0	2	0	0	0	0	0	0	0	0	1	2	0	0	0	0	0	0	0	1	0	0	2	1	0	0	0	0	0	0	0	0	0	0	0	0	0	0	0	0	0	0	0	0	0	0	1	0	0
C3_02870C_A	C3_02870C_A	0	0	1	0	0	0	0	1	0	2	1	0	1	0	0	0	0	0	1	0	0	1	1	0	1	0	1	0	1	0	0	0	0	0	0	0	0	0	2	1	0	0	0	0	0	0	0	0	0	0	0	0	0	0	0	0	0	0	0	0
C3_02880W_A	C3_02880W_A	0	0	0	1	0	0	0	0	0	0	0	1	0	0	0	0	0	0	0	0	0	0	0	0	0	0	0	0	0	0	0	0	0	0	0	0	0	0	0	0	0	0	0	0	1	0	2	0	0	0	0	0	0	0	0	0	0	0	0	0
C3_02890C_A	C3_02890C_A	0	0	0	0	0	1	0	0	0	0	0	0	0	0	0.457	0	0	0	0	0	0	0	0	0	1	0	0	1	0	0	0	0	0	0	0	0	0	0	0	0	0	0	0	0	0	0	0	1	0	0	0	0	0	0	0	0	0	0	0	0
C3_02900W_A	C3_02900W_A	0	0	0	0	0	0	0	0	0	0	0	1	0	0	0	0	1	0	0	0	0	0	0	0	0	0	0	0	0	0	0	0	0	0	0	0	0	0	0	0	0	0	0	0	0	0	0	0	0	0	0	0	0	0	0	0	0	0	0	0
C3_02910W_A	C3_02910W_A	0	0	0	0	0	0	0	0	0	0	0	0	0	0	0	0	0	0	0	0	1	0	0	0	0	0	0	0	0	0	0	0	0	0	0	0	0	0	0	0	0	0	0	0	0	0	0	1	1	0	0	0	0	0	0	0	0	0	0	0
C3_02920W_A	C3_02920W_A	0	0	0	0	0	0	0	0	1	0	0	0	1	0	0	0	0	0	0	0	0	0	0	0	0	0	1	1	0	1	0	0.831	0	0	0	0	0	0	0	0	0	0	0	0	0	1	1	0	0	0	0	0	2	0	0	0	0	0	0	0
C3_02930W_A	ATG10	0	0	0	0	0	0	0	0	0	0	0	0	0	0	0	0	0	0	0	0	2	0	1	0	0	0	0	0	0	0	0	0	0	0	0	0	2	0	0	0	0	0	0	0	0	0	0	0	0	0	0	0	0	0	0	1	0	0	0	0
C3_02940C_A	NUO2	0	0	2	1	0	0	0	0	0	0	0	0	0	0	0	0	0	0	0	0	0	0	0	0	1	1	2	3	0	0	0	1	0	0	0	0	0	0	0	0	0	0	0	0	0	0	0	0	0	0	0	0	0	0	0	0	0	1	0	0
C3_02950C_A	MET13	0	1	0	0	0	1	0	0	0	0	0	1	0	0	0	0	0	0	0	0	0	0	0	0	2	0	1	0	0	0	0	1	0	0	0	0	0	0	0	0	0	0	0	0	0	1	0	0	1	0	0	0	0	0	1	0	0	2	0	0
C3_02960C_A	KRE5	1	0	0	0	2	0	2	0	1.155	0	1	0	0	0	0	0	2	0	0	1	0	0	0	1.029	0	3	1	2	0	4	0	2.277	0	0	0	1	1	1	1	0	0	0	0	0	0	0	2	2.014	0	3.088	2.424	0	2	1.004	1	3	3	5	1	0
C3_02970C_A	C3_02970C_A	0	0	1	0	0	0	0	0	0	0	0	0	0	0	0	0	0	0	1	0	0	0	0	0	0	0	1	0	0	1	0	0	0	0	0	0	0	0	0	0	0	0	0	0	0	0	0	0	0	0	2	0	1	1	1	0	0	0	0	0
C3_02980C_A	C3_02980C_A	0	0	0	0	0	0	0	0	0	0	0	0	0	0	0	0	0	0	0	0	0	0	0	0	0	0	1.946	0	0	0	0	0	0	0	0	0	0	0	0	0	0	0	0	0	0	0	0	0	1	0	0	0	0	0	0	0	0	0	0	0
C3_02990C_A	C3_02990C_A	0	0	0	0	0	0	0	0	0	0	0	0	0	0	0	0	0	0	0	0	0	0	0	0	1.003	0	0	0	0	0	0	0	0	0	0	0	0	0	0	0	0	0	0	0	0	0	0	0	0	0	0	0	0	0	0	0	0	0	0	0
C3_03000W_A	C3_03000W_A	0	0	0	0	0	0	0	0	0	0	0	0	0	0	0.457	0	0	0	0	0	0	0	0	0	0	0	0	0	0	0	0	0	0	0	0	0	0	0	0	0	0	0	0	0	0	0	2	0	0	0	0	0	0	0	0	0	0	0	0	0
C3_03010C_A	DTD2	0	0	0	0	0	0	0	0	0	0	0	0	0	0	0	0	0	0	0	0	0	0	0	0	0	0	0	0	0	0	0	0	0	0	0	0	0	0	0	0	0	0	0	0	0	0	0	0	0	0	0	0	0	0	0	0	0	0	0	0
C3_03020W_A	C3_03020W_A	5	1	6	2	4	1	7	1.89	2.398	5	10.192	4.117	3	1	5	4	6	1	5	3.003	3	5	4	3	9	11	5	8	4	7	8	4	4.02	8	3	5	1	6	3	1	0	2	4	3	3	6	3	3	9	2	3	2	6	12	11	2.98	3	8	9	5.193
C3_03030C_A	ECM14	0	0	0	0	0	0	2	0	2.602	0	3.808	3.883	0	0	0	1	2	1	4	3.997	0	0	1	0	0	0	0	0	0	0	0	0	0	0	0	1	1	0	0	0	0	0	0	0	0	0	0	0	0	0	0	0	1.402	0	0	1.02	0	1	0	0.807
C3_03040W_A	AIP2	0	0	1	0	2	3	1	2.152	1	0	0	0	0	1	0	0	0	0	1	1	0	0	1	1	0	1	2	4	1	0	0	0	2	0	1	1	2	0	0	1	1	0	0	0	0	0	0	0	1	0	0	0	1	0	2	2	0	1	2	0
C3_03050C_A	PGA18	0	0	0	0	0	0	1	1	0	0	0	0	0	0	0	0	0	2	0	0	0	0	0	0	0	0	1	0	0	0	0	0	0	0	0	0	0	0	0	0	1	0	1	0	0	1.001	0	0	0	0	0	0	0	0	1	0	0	0	0	0
C3_03060W_A	C3_03060W_A	0	0	0	0	1	0	1	0	0	0	0	0	0	0	0	0	0	0	1.995	0	0	0	0	0	0	0	0	0	0	0	0	0	0	0	0	0	0	0	0	0	0	0	0	0	0	0	1	0	0	0	0	1	0	0	0	0	0	0	0	0
C3_03070W_A	C3_03070W_A	6	2	5	6	0	0	0	2	0	0	1	0	0	0.996	0	0	3	4	4	2	0	0	0	0	0	0	0	1	0	1	0	0	0	0	0	0	1	0	0	0	0	0	0	0	0	0	0	0	2	0	0	0	0	0	0	0	0	0	0	0
C3_03080W_A	C3_03080W_A	0	1	1	1	1	1	1.816	3.997	2	0	0	0	1	0	0	0	2	0	0	0	0	0	1.009	0	0	0	0	0	1.001	2	3	2	0	5	3	1.614	0	3	0	1	2	1	0	1	1	0	0	1	4.841	1.54	1	3	0	0	1	0	1.448	1	0	0
C3_03090W_A	USO5	0	0	1	0	1	0	0	0	0	1	0	0	0	0	1	0	0.919	0	0	0	0	0	0	0	0	1	1	2	0	0	0	0	0	1	2	0	1	1	0	0	0	0	0	0	0	1	1	0	0	0	2.115	0	0	1	3	1	1	0	2	0
C3_03100C_A	C3_03100C_A	0	1	0	0	1	0	0	1	0	0	0	0	0	0	0	0	1	1.001	0	0	2	0	0	0	0	0	0	1	1	2	0	1	0	1	0	0	0	0	0	0	0	0	0	0	0	1	0	1	0	1	0	1	0	0	0	1	0	0	0	0
C3_03110W_A	C3_03110W_A	3	4	3	2	1	0	0	1	2	1	2.999	1	0	0	0	0	2	1	0	1	2	2	1	2	0	0	4	1.005	1	0	2	2	1	0	0	0	0	1	0	0	0	0	1	0	0	0	0	1	3	0	2	2	3.212	1	0	3.814	0	0	0	0
C3_03120C_A	DAL5	0	0	0	0	0	1	0	0	1	0	0	0	0	0	1	0	2	1	0	0	0	0	1	0	0	0	0	1	0	0	0	1	0	0	1	0	0	0	0	0	0	0	0	0	0	1	0	0	0	0	1.33	0	0	0	1	0	1.097	0	1.489	0
C3_03130C_A	C3_03130C_A	3	0	0	0	1	0	0	1.061	0	0	0	0	0.5	0	0	0	0	1	0	1.026	0	0	0	0	1	0	0	0	0	0.5	1	1.813	0	0	0	0	0	0	0	0	0	0	0	0.5	0	0	0	0	0	0	0	0	2	0	0	0	0	0	0	0
C3_03140C_A	DAL4	0	0	0	0	0	1	0	0	0	2	0	0	0	0	0	0	0	0	1	0	0	0	0	1	0	0	0	0	1	0	0	0	1	0	0	0	0	0	0	0	0	0	0	0	0	0	0	0	0	0	1	0	0	0	0	1.05	0.5	0	0.5	0
C3_03150W_A	C3_03150W_A	0	0	0	0	0	2.505	0	0	1	1	0	1	1	0	0	0	2	1	1	0	2	0	2	1.156	2	0	0	0	0	1	2	1	0	0.917	0	0	0	0	0	0	0	0	0	0	0	4	3.002	2	0	0	1	1	2	0	1.011	1	0	0	0	1
C3_03160C_A	C3_03160C_A	0	0	0	0	0	0	0	0	0	0	0	0	0	0	0	0	0	0	0	0	0	0	0	0	3	0	0	0	0	1	0	0	0	0	1	0	0	0	0	0	0	0	0	0	0	0	0	0	0.679	0	0	0	1	0	0	0	0	0	0	1
C3_03170W_A	SEC13	0	0	0	0	0	0	0	0	0	0	0	0	0	0	0	0	0	0	0	0	0	0	0	0	0	0	1	4	0	1	0	1	0	0	1	0	0	0	0	0	0	0	0	0	0	0	0	0	0	0	0	0	0	0	0	1.009	0	1	1	0
C3_03180C_A	PNP1	1	1	1	2	0	0	0	0	0	0	0	0	0	0	0	0	2	1	2	2	0	0	1	0	0	1	0	0	0	0	0	1	0	0	0	0	0	0	0	1	0	0	0	0	2	1	1	3	0	0	1	0	0	0	0	0	1	0	1	0
C3_03190C_A	CAF17	0	0	0	0	0	0	1	1	0	2	0	1	0	0	0	0	0	0	0	0	0	0	0	0	0	0	0	1	1.004	0	0	0	1	1	0	0	0	0	0	0	0	0	0	0	0	0	0	0	0	0	0	0	0	0	0	0	0	0	0	1
C3_03200C_A	C3_03200C_A	0	0	0	0	0	0	0	0	0	0	0	0	0	0	1	0	0	0	0	0	0	0	0	0	0	0	0	0	0	0	0	0	0	0	0	0	0	0	0	0	0	0	0	0	0	0	0	0	0	0	0	0	0	0	0	0	0	0	0	0
C3_03210W_A	C3_03210W_A	1	0	0	0	0	0	0	0	0	0	0	0	0	0	0	0	0	0	0	0	0	0	0	0	0	0	0	0	0	0	0	0	0	0	0	0.998	0	0	0	0	0	0	0	0	0	0	0	0	0	0	0	0	0	1	0	0	0	0	1	0
C3_03220C_A	tK(CUU)1	0	0	0	0	0	0	0	0	0	0	0	0	0	0	0	0	0	0	0	0	0	0	0	0	0	0	0	0	0	0	0	0	0	0	0	0	0	0	0	0	0	0	0	0	0	0	0	0	0	0	0	0	0	0	0	0	0	0	0	0
C3_03230C_A	C3_03230C_A	1	0	0	0	0	0	1	0	0	0	0	1	0	0	1	0	0	2	0	0	0	0	0	0	1	0	0.998	1	0	1	2	0	1	0	0	0	3	3	1	0	2	0	0	0	0	0	0	0	0	0	0	3	0	0	1	0	0	0	2	1
C3_03240C_A	C3_03240C_A	13.998	12	10	8	24	13.951	13.016	12	11	11	25	10	8.996	4	7.942	11	13	15	23	21	17	21	17.986	10.133	28	17.003	17.961	23	16.898	19.603	22	20	22.967	15.297	21	16.713	10	15	20	8	7	9	7	5	11	3.985	13	11	32	17	21	23	23.025	26	29.008	26.346	44	42.008	40	21
C3_03250W_A	C3_03250W_A	1	0	0	0	0	0	0	0	0	0	1	1	0	4	0	0	0	0	0	0	0	0	0	0	2	1	0	0	5	3	0	3	1	1	1	1	0	0	0	0	0	0	0	0	0	0	0	0	0	1	1.12	2	0	1	1	3	2.217	0	1	2.25
C3_03260W_A	C3_03260W_A	0	0	0	0	1	1	1	0	0	0	0	0	0	1	0	1	2	1	0	1	0	1	2	1	2	2	0	0	0	0	0	2	1	0	0	1	0	0	0	0	0	0	0	0	1	1	2	2	2.517	1	0	1	0	0	0	1	4.617	0	1.001	2.442
C3_03270W_A	C3_03270W_A	0	0	0	0	0	0	0	0	0	0	0	1	0	0	0	0	0	0	0	0	0	0	0	0	0	0	0	0	0	0	0	0	0	0	0	1	0	0	0	0	0	0	0	0	0	0	0	0	0	0	0	0	1	2	1	0	0	0	0	0
C3_03280C_A	HTA3	0	0	0	0	0	0	0	0	0	0	0	0	0	0	1	0	0	0	0	0	1	1	0	1	0	0	0	0	1	0	0	0	0	0	0	0	0	0	0	0	0	0	0	0	0	0	0	0	0	0	0	0	2	2	1	1	0	0	0	0
C3_03290C_A	NPR2	0	0	0	0	0	0	1	2	0	0	2	0	0	0	0	0	0	0	0	0	0	0	0	0	0	1	0	0	0	0	0	0	0	1	2	0	0	0	0	0	0	0	0	0	1	0	0	0	2	1	1	0	0	1	0	0	0	1	0	1.149
C3_03300C_A	BBP	0	0	0	0	0	0	2	0	0	0	0	0	0	0	0	0	0	0	0	0	1	2	0	1	0	1	0	0	0	0	0	0	1	0	0	0	0	0	0	0	0	1	1	0	0	0	0	1	0	0	0	0	0	0	0	0	1	0	0	0
C3_03310C_A	C3_03310C_A	0	0	0	0	0	0	0	0	1	0	0	0	0	2	0	0	0	0	0	0	1	0	0	1	1	2	0	0	0	0	0	0	1	2	4	3	0	0	0	0	0	0	0	0	0	0	0	0	0	1	0	1	0	0	0	0	0	0	1	0
C3_03320W_A	RUB1	0	0	0	0	0	0	0	0	0	0	0	0	0	0	0	0	0	0	0	0	0	0	0	0	2	2	0	2	0	0	0	0	0	0	0	0	0	0	0	0	0	0	0	0	0	0	0	0	0	0	0	0	0	0	0	0	0	0	0	0
C3_03330C_A	CLF1	0	0	0	0	0	0	0	0	0	2	1	3	0	2	0	0	0	0	0	0	0	0	1	0	1	0	0.985	0	0	1	1	0	2	0	1	1	0	0	0	0	0	1	0	0	0	0	0	0	0	1	1	0	0	1	0	1	1	0	0	1
C3_03340C_A	C3_03340C_A	0	0	0	0	0	0	0	0	0	0	0	0	0	0	0	0	0	0	0	0	5	2	5	1	6	2	4	2	1	0	0	0	3	4	4	5	0	0	0	0	0	0	0	0	0	0	0	0	0	0	0	0	6	6	4	4	0	0	0	0
C3_03350W_A	tE(UUC)1	0	0	0	0	0	0	0	0	0	0	0	0	0	0	0	0	0	0	0	0	0	0	0	0	0	0	0	0	0	0	0	0	0	0	0	0	0	0	0	0	0	0	0	0	0	0	0	0	0	0	0	0	0	0	0	0	0	0	0	0
C3_03360W_A	FCY2	0	0	0	1	0	2	0	1	0	0	0	0	0	0	0	0	1	0	0	1	4	3	3	3	0	1	0	0.996	1	1.013	0	0	0	0	2.664	0	0	0	1	0	0	0	0	0	2	0	0	0	1	0	2	1.626	0	0	0	1.005	1	0	1	0
C3_03370C_A	C3_03370C_A	0	0	0	0	0	0	0	0	0	0	0	0	0	0	0	0	0	0	0	0	0	0	0.992	0	0	0	0	0	0	0	0	1.427	0	0	0	0	0	0	0	0	0	0	0	0	0	1	0	0	1	0	0	0	0	1	0	0	1.874	0	1	0
C3_03380W_A	C3_03380W_A	0	0	0	0	1	0	0	0.999	1	0	1	0	0	1	0	0	0	1	0	0	1	0	0	1	0	0	0	1	1	1	0	2	0	0	0	0	1	1	1	0	0	1	0	0	0	0	1	0	0	0	0	0	2	2	2	1.339	0	1	0	0
C3_03390C_A	YAH1	0	0	0	0	0	0	0	0	0	0	0	0	0	0	0	0	0	0	0	0	0	0	0	0	0	0	0	0	0	0	0	0	0	0	0	0	0	0	0	0	0	0	0	0	0	0	0	0	0	1	0	0	1	0	0	1	0	1	0	0
C3_03400C_A	VTI1	0	0	0	0	0	0	0	0	4	4	4	4	0	0	0	0	1	5	0	4	0	0	0	0	0	1	0	0	0	1	0	0	0	0	0	0	0	0	1	0	0	0	0	0	0	0	0	0	0	0	0	0	0	0	1	0	0	0	1	0
C3_03410C_A	C3_03410C_A	0	0	0	0	0	0	0	1	3	7	2	4	0	0	0	0	0	0	0	0	1	4	0	0	1	1	1	1	3.005	1	0.955	0	0	1	0	1	0	0	0	1	1.531	0	0	0	2	0	1	2	0	0	0	0	2	4.008	1.869	1	1	0	0	1
C3_03420C_A	NDE1	0	0	0	0	0	0	0	0	5	1	2	1	1	0	1	0	0	1	3	0	0	0	0	0	0	0	0	0	1	0	0.92	0	0	0	0	0	0	0	0	0	1	0	0	0	1	6	6	2	0	0	1	0	0	0	0	0	0	2	0	0
C3_03430C_A	C3_03430C_A	0	0	0	1	0	0	0	0	1	0	0	1	0	0	0	0	0	0	0	0	0	0	0	0	0	2	0	0	0	0	0	0	0	0	0	0	0	0	0	0	0	0	0	0	0	0	0	0	1	0	0	0	0	0	0	0	0	0	0	0
C3_03440C_A	C3_03440C_A	0	0	0	0	1	0	0	3	2	0	0	0	0	0	0	0	0	0	0	0	0	0	0	0	1.03	3	2.001	1	0	0	0	0	0	1	0	0	0	0	2	0	0	0	1	0	0	2	0	1	0	0	0	0	2.58	0	1.001	1.004	1	0	2.215	2
C3_03450C_A	BMT7	1	1	0	0	0	1	1	1	0	2	2	0	1	0	1	0	1	3	2	3.546	0	2	1.011	0	2.118	1	5	5	0	4	0	0	1	1	2	2	0	0	0	0	1	0	0	0	1	0	1.961	1	1.86	1	2.846	1	0	0	3.989	1	1	5.87	3	0
C3_03460C_A	C3_03460C_A	0	0	0	0	0	0	0	0	0	0	0	0	0	0	0	0	0	0	0	0	0	0	0	0	1	0	0	0	0	0	0	0	0	0	0	0	0	0	0	0	0	1	0	0	0	0	0	0	0	0	1	0	0	0	0	0	0	0	0	0
C3_03470W_A	C3_03470W_A	0	0	0	1	1	1	1	0	0	0	0	0	0	0	0	0	0	0	0	0	0	0	0	0	0	0	2	2	0	1	0	1	0	0	0	1	0	0	0	0	0	0	0	1	0	0	0	0	0	0	2	0	0	0	0	1	0	0	0	0
C3_03480C_A	ALT1	0	0	0	0	0	0	0	0	0	0	0	0	0	1	1	0	0	0	0	0	0	0	0	0	0	1	1	0	0	1	0	0	0	0	0	0	0	1	0	0	0	0	0	0	0	1	0	1	1	0	0	0	0	0	1	0	0	0	0	0
C3_03490W_A	RSN1	0	0	0	0	0	0	0	0	0	0	0	0	0	0	0	0	0	0	0	0	0	0	0	0	0	0	0	0	0	0	0	0	0.971	0	0	0	0	0	1	0	0	0	0	0	0	0	0	0	0	0	1	0	0	0	0	0	0	0	0	1
C3_03500W_A	SKN2	0	1	0	0	0	0	0	0	1	1	0	0	1.003	0	1	0	0	0	1	1	0	0	0	0	0	1	0	0	0	1	0	0	0	0	0	0	0	1	0	0	0	0	0	0	0	1	0	0	0	0	0	1	0	1	0	0	0	0	0	0
C3_03510C_A	C3_03510C_A	0	1	1	1	2	0	0	0	0	2	1	2	0	0	1	0	0	0.995	0	1	0	0	0	0	1	1	1.025	2.005	0	1.996	0	0.999	0	0	0	0	0	1	0	0	0	0	0	0	0	0	0	0	1	0	2.366	0	2.005	1	0	2	0	0	0	3
C3_03520C_A	PRE9	0	0	0	0	0	0	0	0	0	0	0	0	0	0	0	0	0	0	0	0	0	0	0	0	0	0	0	0	3	2	1	2	0	0	0	0	0	0	0	0	0	0	0	0	0	0	0	0	1	0	0	0	0	1	1	0	0	0	2	1
C3_03530W_A	C3_03530W_A	0	1	0	0	0	0	0	0	0	0	0	0	0	0	0	0	0	0	1	0	0	0	0	0	0	0	0	1	0	0	0	0	0	0	0	0	0	0	0	0	0	0	0	0	0	0	0	1	0	0	0	0	0	0	0	0	4	0	1	0
C3_03540W_A	C3_03540W_A	0	0	0	0	1	1	1	1	1	0	0	1.983	0	1.003	1.006	1	0	0	0	0	1	0	0	0	0	0	2	2	2	0	1	0	1	0	0	0	0	0	0	1	0	0	0	0	1	1	0	0	0	0	0	1.683	1.044	0	1.996	2.023	0	0	1	0
C3_03550C_A	ULP1	1	1	0	0	2	0	1	1	0	0	0	0	0	0	0	0	0	0	0	1	0	0	0	0	0	2	0	1.198	2	0	2	0	0	0	1	0	1	0	0	0	0	0	0	0	0	0	0	0	1.254	0	0	0	0	0	0	0	0	2	0	1.834
C3_03560W_A	C3_03560W_A	0	0	0	0	0	0	2	2	0	1	0	2	0	0	0	0	0	0	0	0.974	0	0	0	0	0	0	0	0	1	1.575	1	0	0	0	1	0	0	1	0	0	0	0	0	0	1	0	0	1	0	1	1	0	2.987	1	1	0	0	0	2	0
C3_03570C_A	C3_03570C_A	0	0	0	0	1.002	0	0	0	0	0	0	0	0	1	0	0	0	0	0	0	0	0	0	0	0	0	0	0	0	0	0	0	0	0	0	0	0	1	0	0	0	0	0	0	0	0	0	0	0	0	0	0	0	0	0	0	0	0	1	0
C3_03580C_A	GTT13	0	0	0	1	0	0	0	0	4	0	4	2	0	0	0	0	0	0	0	0	0	0	0	0	0	1	0	0	1	0	0	0	0	0	0	0	1	2	0	1	0	1	0	0	0	0	0	0	0	0	0	0	0	0.999	0	0	0	0	0	0
C3_03590W_A	C3_03590W_A	0	0	0	0	1	0	0	0.5	0	0	1	0	4	2	0.5	1	0	0	0	0	0	0	0	0	0	0	0	0	0	0	0	0	0	0	0	0	0	0	0	0	0	0	0	0	0	0	0	0	0	0	0	0	0	0	2	6	0	0	0	0
C3_03600C_A	GTT12	0	0	0	0	0	0	0	0	0	0	0	0	0	0	0	0	0	1	0	0	0	0	0	0	0	0	0	0	0	0	0	0	0	1	0	0	0	0	0	0	0	0	0	0	0	1	0	0	0	0	0	0	0	0	0	0	0	0	0	0
C3_03610W_A	FUR4	0	0	1	0	0	0	1.007	0	0	0	0	1	0	0	0	0	0	1	0	0	0	0	0	0	0	0	0	1	0	0	0	0	0	0	0	0	0	0	0	0	0	0	0	0	0	1	0	0	0	0	0	0	2	0	0	0	0.5	0	0.5	0
C3_03620C_A	C3_03620C_A	1	2	2	0	9	5	7	9	2	2	1	1	1	1	6	5	5	4	3	3	3	2	3	2	6	4	10	4	2	7	4.026	1	1	3	8	1	2.001	4	2	2	5	1	0	1	0	2.002	2	4	4	8	3	4	10	2	13	3	5	9	6	3.025
C3_03630W_A	ECM18	0	4	3	3	0	0	1	0	0	0	0	0	0.5	0	1	0	0	0	0	0	0	0	0	1	0	2	2	2.629	0	0.5	0	0	0	0	0	0	0	0	0	0	0	0	0	0.5	0	0	0	0	0	0	1.165	0	0	0	0	1	0	0	0	0
C3_03640W_A	DAL9	0	0	0	0	0	0	0	0	0	0	2	0	0	0	0	0	0	0	0	0	0	0	0	0	1	0	1	0	0	1	0	0	0	0	0	0	0	0	0	0	0	0	0	0	0	0	0	0	0	0	1	0	0	1	1	0	0	0	0	0
C3_03650W_A	HBR3	0	1	0	0	0	2	2	2	0	1	0	0	0	0	0	0	0	0	1	0	0	1	0	0	1	0	0	0	1	0	0	2	1	0	0	0	0	0	0	0	0	0	0	0	1	0	0	0	1	0	1	0	3	0	2.995	0	0	0	0	0
C3_03660W_A	IRS4	3.967	1	0	2	4	1	4	7	0	0	0	1	1	1	0	0	0	0	0	0	0	0	0	1	0.998	1	0	1	1	3	5.829	2	1	0	0	0	0	0	1	0	1	1	0	1	2	0	3	1.003	3	1	0	0	1	1	0	0	0	0	0	0
C3_03670W_A	C3_03670W_A	0	0	1	0	1	0	0.995	0	0	0	1	0	0	0	1	0	0	0	2	0	0	0	1	0	0	0	2	1	2	1	0	2	1	0	0	2	4	3	4	3	0	0	1	0	0	0	0	0	1	0	0	0	1.138	1	0	0	1	0	2.365	0
C3_03680W_A	C3_03680W_A	0	0	0	0	2	0	0	0.999	0	2	0	0	0	0	0	0	0	0	0	0	0	0	0	1	1	0	0	1	2	2.325	3	2.971	0	0	0	1	1	1	2	4	0	0	0	0	0	1	0	0	0	0	1.372	0	0	1	0	0	1	0	0	0
C3_03690W_A	C3_03690W_A	2	0	2	0	0	0	0	0	1	0	2	0	0	0	0	0	0	0	0	0	0	0	0	0	0	0	0	0	2.001	1	2	0	0	0	0	0	0	0	0	1	0	0	0	0	0	1	0	0	2	1	0	1	0	0	1	0	1	0	1	2.902
C3_03700C_A	C3_03700C_A	0	0	0	0	0	0	0	0	0	0	1	1	0	0	0	0	0	0	0	0	2	1	0	0	0	0	0	0	1	0	2	0	0	0	0	0	0	0	0	0	0	0	0	0	0	0	0	0	0	0	1	0	0	1	0	0	0	1	0	0
C3_03710W_A	CCC1	0	0	0	0	0	0	0	0	0	0	0	0	0	1	0	0	0	0	0	0	0	0	1	0	0	0	0	1	0	0	0	0	0	0	1	0	1	0	0	0	0	0	0	0	0	0	0	0	0	0	1	1	0	1	2	0	0	1	0	0
C3_03720W_A	GTT11	0	0	0	0	0	0	0	0	0	0	0	0	0	0	0	0	0	0	0	0	1	1	0	0	0	0	0	0	0	0	0	0	0	0	0	0	0	0	0	0	0	0	0	0	0	0	0	0	0	0	0	0	0	0	0	0	0	0	0	0
C3_03730C_A	PHB1	0	0	0	0	0	0	0	0.5	0	0	0	0	0	0	0.5	0	0	0	0	0	0	0	0	0	2	0	0	0	0	0	1	0	0	0	0	0	0	0	0	0	0	0	0	0	0	0	0	0	0	0	0	1.638	3	4	0	0	0	0	0	0
C3_03740W_A	C3_03740W_A	0	0	0	0	0	0	0	0	0	0	0	0	0	0	0	0	0	0	0	0	1	1	1	2	0	0	1	0	0	0	0	0	0	0	0	0	0	0	0	0	0	0	0	0	0	0	0	0	0	0	0	0	0	0	0	0	0	0	0	0
C3_03750C_A	ORC3	0	0	0	0	2	0	0	0	0	0	1	3	0	0	0	0	1	0	0	0	0	0	0	0	0	1	0	0	0	0	0	0	1	0	0	0	0	0	0	0	1	0	0	0	0	0	0	0	0	1	0	0	0	1	2	0	2	3.185	1	0
C3_03760W_A	C3_03760W_A	0	1	0	1	3	1	0	2	0	1	2	0	0	0	0	0	1.001	0	0	0	0	3	1	0	1	0	0	1	0	0	0	0	2	0	0	0	0	0	0	0	0	1	1	0	1	0	1	2	0	1	3	0	5	3	5	5.999	0	2	2.693	2.369
C3_03770C_A	C3_03770C_A	0	0	0	0	2.188	2	2	0	0	0	0	0	0	0	1	0	0	0	0	0	0	0	0	0	0	0	1	0	0	0	1	1	0	0	0	0	2	3	3	5.046	0	0	0	0	0	2	0	0	0	0	1	0	0	0	0	0	0	0	0	0
C3_03780W_A	C3_03780W_A	0	0	1	0	0	0	0	0	0	0	0	0	0	0	0	0	0	0	0	0	0	0	0	0	0	0	0	0	0	0	0	0	1	0	0	0	0	0	0	0	0	0	0	0	1	0	1	0	0	1	0	1	0	0	0	0	0	0	0	0
C3_03790W_A	MEU1	0	0	0	0	0	0	0	0	1	0	0	0	0	0	0	0	0	0	0	0	0	0	0	0	0	0	0	0	0	0	0	1	0	0	0	0	0	0	0	0	0	0	0	0	0	0	0.994	0	0	0	0	0	0	0	0	0	0	0	0	0
C3_03800W_A	PTR22	1	1	0	0	1	3	1	4	1	0	2	2	0	0	0	0	1	0	0	0	1	1.341	1	1	0	1	0	1	1	0	1.669	0	0	0	1.001	0	0	0	0	0	0	0	0	0	2	1	0	3	0	0	0	0	0	1	3	2	1	0	0	2
C3_03810W_A	RAD53	0	0	0	0	1	0	0	1	0	0	0	1	0	0	0	0	0	0	0	0	0	0	0	0	1	0	0	0	1	0	0	1	0	1	0	0	1	1	0	1	0	0	0	0	0	0	0	0	0	0	0	1	0	0	0	0	0	1	0	0
C3_03820C_A	C3_03820C_A	0	1	1	0	0	0	0	1	0	1	0	0	0	2	0	0	0	0	0	0	0	0	0	0	0	1	0	0	1	1	1	0	0	0	0	0	0	0	0	0	0	0	0	0	0	2	0	0	0	2	0	0	0	1	0	0	0	0	1	1
C3_03830W_A	RRD2	0	0	0	0	1	0	0	0	0	0	0	0	0	0	0	0	0.925	0	0	0	0	0	0	2	1.004	0	0	0	0	0	0	0	0	0	0	0	0	1	0	0	0	0	0	0	0	0	0	0	0	1.758	0	0	1	1	0	0	1	1.324	1.854	0
C3_03840C_A	CLP1	0	0	2	0	0	0.728	1	0	0	1	1	0	0	0	0	0	3	4	4	6	0	0	0	0	0	0	0	0	2	0	0	0	0	0	0	0	4	1.049	1	0	0	0	1	0	0	1	0	1	0	0	0	1	0	1	0.972	0	0	0	0	0
C3_03850C_A	SOL1	0	0	0	1	0	0	0	0	0	0	0	0	0	1	0	0	0	1	0	1	0	0	0	0	1	0	0	0	0	0	1	0	0	0	0	0	0	0	0	0	0	0	0	0	0	0	1	1	0	0	1	0	0	0	0	0	0	1	1	0
C3_03860W_A	C3_03860W_A	0	0	0	0	0	1	0	0	0	2	0	0	1	0	0	0	0	0	0	1	0	1	0	0	0	1	0	0	0	0	1	0.999	0	0	0	0	0	0	0	0	0	0	0	0	1	1	0	0	0	1	0	0	0	0	0	0	0	0	0	0
C3_03870C_A	SAP9	0	0	0	0	0	1	1	0	0	0	0	1	0	0	0	0	0	0	0	0	0	0	1	0	0	0	0	0	0	1	0	1	0	0	0	0	0	0	0	0	0	0	1	0	1	0	0	2	0	0	0	0	2	2	1	0	0	1	0	0
C3_03880C_A	PEP8	0	0	0	0	0	0	1.336	1	0	0	0	0	0	0	1	0	0	0	0	0	0	0	0	1	2	0	0	0	0	0	0	0	0	0	0	0	0	0	0	0	0	0	0	0	0	0	0	0	0	2	1	0	0	1	1	1	1	1	0	0
C3_03890W_A	CSC25	1	0	1.018	0	4	1	4	1	0	0	1	0	0	1	0	0	1	0	0	0	4	4	1	4	0	1.01	2.023	3	4	3	0	1	0	0	2	1	0	1	1	0	0	0	0	0	2	1	4	2	1	3	0	2	2	2	3.017	0	1	5	5.323	0
C3_03900C_A	HTB1	0	0	1	0	0	0	0	0	0	0	0	0	0	0	0	0	1	4	2	4	2	1	1	2	1	0	2	0	0	0	0	0	0	0	0	0	0	0	0	0	1	0	0	0	0	0	0	3	0	1.981	0	0	0	0	0	0	0	0	0	0
C3_03910W_A	HTA1	0	0	0	0	0	0	0	0	0	0	0	0	0	0	0	0	2	1	2	1	0	2	1	0	0	0	0	0	0	0	1.032	0	0	0	0	0	0	0	0	0	0	0	0	0	0	0	0	0	0	0	0	1	0	0	0	0	0	0	0	0
C3_03920W_A	C3_03920W_A	0	0	0	0	3	1	2	3	0	0	0	0	0	0	0	0	2	4	3	1	0	5	3	1	0	0	0	0	0	0	0	0	0	0	0	0	0	0	0	0	0	0	0	0	0	1	0	0	0	0	0	0	2	1	2	5	0	0	0	0
C3_03930W_A	C3_03930W_A	0	1.924	0	0	0	0	0	0	0	0	1	0	0	0	0	0	0	0	0	1	1.917	0	0	0	0	0	2.933	0	0	0	0	0	0	0	1	0	0	0	0	0	0	0	0	0	0	0	0	1	1	0	0	0	0	0	1	1	0	0	1.476	0
C3_03940C_A	C3_03940C_A	0	0	0	0	0	0	0	0	0	0	0	0	0	0	0	0	0	0	0	0	0	0	0	0	0	0	0	0	0	0	0	0	0	0	0	0	0	0	0	0	0	0	0	0	0	0	0	0	0	0	0	0	0	0	0	0	0	0	0	0
C3_03970W_A	C3_03970W_A	0	0	0	0	0	0	0	0	0	0	0	0	0	0	0	0	0	0	0	0	0	0	0	0	0	0	0	0	0	0	0	0	0	0	0	0	0	0	0	0	0	0	0	0	0	0	0	0	0	0	0	0	0	0	0	1	0	0	0	0
C3_03980C_A	C3_03980C_A	0	0	0	0	1	0	0	0	2	0	0	0	0	1	2	0	0	1	0	0	0	1	1	0	0	0	0	0	0	2	0	0	0	1	0	1	0	0	0	0	0	0	0	0	0	0	0	1	2.644	0	0	0	0	0	0	0	0	0	0	0
C3_03990C_A	AAP1	0	2	0	0	3	0	0	0	0	0	0	0	1	0	0	0	4.007	4	2	4.001	1	1	0	0	1.051	2	1	0	0	0	0	3	0	0	0	0	1	0	0.954	0	1	0	0	0	0	0	2	0	1	0	0	0	0	1	0	1	0	2	4.484	1.561
C3_04000C_A	CTN3	1	1	0	1	1	0	2	0	0	0	1	0	0	0	0	2	0	1	0	0	2	1	0	2	15	4	4	3	0	0	4	0	2	1	1	4	3	6	2	2	0	0	0	1	0	1	0	1	0	0	0	1	0	1	0	2.001	0	0	0	0
C3_04010C_A	tE(UUC)6	0	0	0	0	0	0	0	0	0	0	0	0	0	0	0	0	0	0	0	0	0	0	0	0	0	0	0	0	0	0	0	0	0	0	0	0	0	0	0	0	0	0	0	0	0	0	0	0	0	0	0	0	0	0	0	0	0	0	0	0
C3_04020C_A	ZCF16	1	0	1	1	2	2	3	2.668	0	1	0	0	0	1	1	1	0	0	1	0	3	3	4	5	6.985	2.013	3	2	1.079	0	1.999	1	0	0	0	0	0	0	3	0	0	0	0	0	1	1.999	0	3	4.246	0	2	0	5	2	2.188	2	0	2.425	0	1.177
C3_04030C_A	PEX8	0	0	1.128	0	1	2	1	0	0	0.997	0	1	2	0	1	1	0	0	0	0	1.959	0	1	0	1	0	0	0	0	0	3.457	0	0	0	0	0	1	0	2	1	0	0	0	2	1	0	0	0	0	2.248	2.5	2.682	0	0	1	1	1	2.3	1	1.12
C3_04040W_A	C3_04040W_A	0	0	0	0	0	0	1	0	0	0	0	0	0	0	0	0	0	0	0	0	0	0	0	0	2	0	1	0	0	0	0	1	0	0	0	0	0	0	1	0	0	0	0	0	0	0	0	0	1	0	0	0	0	0	1	0	0	0	0	1.194
C3_04050W_A	tA(AGC)2	0	0	0	0	0	0	0	0	0	0	0	0	0	0	0	0	0	0	0	0	0	0	0	0	0	0	0	0	0	0	0	0	0	0	0	0	0	0	0	0	0	0	0	0	0	0	0	0	0	0	0	0	0	0	0	0	0	0	0	0
C3_04060C_A	HEM13	0	0	0	0	0	0	0	0	0	0	0	0	0	0	1	0	0	0	0	0	0	0	0	0	0	0	0	0	0	0	0	0	0	0	0	0	2.422	1.998	2	4	0	0	0	1	1	2	2	0	0	1	1	0	0	0	0	0	1	0	0	2
C3_04070C_A	CDR11	1.144	0	0	1	0	0	1	3.002	2	3.035	0	1.03	1	0	0	0	0	0	0	1	0	0	1	0	0	0	0	2	3	2	3	3	7	6	4	5	0	0	0	1	0	0	0	0	4	2.106	1.039	5	1	1.235	4.56	0	5.999	0	2	3	2.358	1.379	3.785	0
C3_04080W_A	C3_04080W_A	0	0	0	0	0	0	0	0	4	1	1	0	0	0	0	0	0	0	0	0	0	0	0	0	0	0	0	0	0	0	0	0	0	0	0	0	0	0	0	0	0	0	0	0	0	0	1	1	0	0	0	0	0	0	0	0	0	0	0	0
C3_04090W_A	SBP1	0	1	0	0	5	4	2	3	2	4	0	2	2	2	2	4	5	4	5	5	1.363	1	3	2	2	5	3	3	0	0	0	0	0	0	0	0	0	0	0	0	1	0	0	0	3	0	5	1	0	0	0	0	8	10	9	9	1	0	1	0
C3_04100W_A	C3_04100W_A	0	0	0	0	0	0	0	0	0	0	1	0	0	0	0	0	0	1	1	0	0	0	0	0	0	0	0	0	0	0	0	0	0	0	0	0	0	0	0	0	0	0	0	0	0	0	1	0	0	0	0	0	0	0	0	0	0	0	0	0
C3_04110C_A	MBP1	0	0	0	0	0	0	0	0	0	0	0	0	0	0	0	0	0	0	0	0	0	0	0	0	0	1	0	0	0	0	0	1	0	0	0	1	0	0	0	0	0	0	0	0	1	0	1	0	1	0	0	0	1	0	1	0	0	0	0	0
C3_04120C_A	C3_04120C_A	0	0	0	0	0	0	0	1	0	0	0	0	0	0	0	0	0	0	0	0	0	0	0	0	0	0	0	2	0	2	0	0	0	0	0	0	0	0	0	0	0	0	0	0	1	1.208	0	0	0	1	0	0	0.677	0	0	0	0	0	0	0
C3_04130W_A	C3_04130W_A	0	0	0	0	0	0	0	0	0	0	0	0	0	0	0	0	0	0	0	0	0	0	0	0	0	0	0	0	0	0	0	0	0	0	0	0	0	0	0	1	0	0	0	0	0	0	0	0	0	1	1	1	0	1	0	0	0	0	0	0
C3_04140C_A	EGD2	0	0	0	0	0	0	0	0	0	0	0	1	0	0	0	0	0	0	0	0	0	0	0	0	0	0	0	0	0	0	0	0	0	0	0	0	0	0	0	0	0	0	0	0	1	1	0	1	0	0	0	0	0	0	1	0	0	0	0	0
C3_04150W_A	C3_04150W_A	0	0	0	0	2	3	2	4	0	0	0	0	0	0	0	0	1	1	3	1	0	0	1	0	0	0	0	0	1	1	0	3.008	0	0	0	0	5	1	5	3	0	0	0	0	0	0	0	1	0	0	0	0	4	2	2	3	0	0	0	0
C3_04160W_A	DAL8	1	0	0	0	0	0	1	0	0	0	1	0.991	3.997	0	1	1	0	0	1	0	0	0	0	0	1	1	2.746	1	1	0	0	0	0	0	0	0	1	0	0	0	0	0	1	0	0	0	0	1	1	1	0	0	0	0	1	2	0	0	2.003	2
C3_04170W_A	C3_04170W_A	0	0	0	0	0	0	0	1	0	1	0	0	0	1	0	0	0	0	0	0	0	0.999	0	0	0	1	0	1	0	0	0	0	0	0	0	1	0	0	0	0	0	0	0	0	0	0	0	0	0	1	1	0	0	0	0	0	1	0	0	0
C3_04180W_A	KRE9	1	1	0	0	0	0	0	0	0	0	0	0	0	0	0	0	0	0	0	0	0	0	0	0	2	0	1.032	0	0	1	0	0	0	0	0	0	0	0	0	0	0	1	0	0	0	0	0	0	1	1	0	0	0	0	1	0	0	0	0	1
C3_04190W_A	C3_04190W_A	0	0	0	0	0	0	0	0	0	0	0	0	0	0	0	0	3	4	9	2	0	0	0	0	0	0	0	0	0	0	0	0	0	0	0	0	0	0	0	0	0	0	0	0	0	0	0	0	0	0	0	0	0	0	0	0	0	0	0	0
C3_04200W_A	AFP99	0	0	0	0	0	0	0	0	0	0	0	1	0	0	0	0	0	0	0	0	0	0	0	0	0	1	0	0	0	0	0	0	0	0	0	0	0	0	0	0	0	0	0	1	0	0	0	0	1	1	0	0	2	0	2	0	0	0	0	0
C3_04210W_A	C3_04210W_A	0	0	0	0	0	0	0	0	0	0	0	0	0	0	0	0	0	0	1	0	1	1	0	0	0	0.999	1	0	0	0	0	0	0	0	0	0	0	0	0	0	0	0	0	0	0	0	0	0	0	0	0	0	0	0	0	1	0	0	0	0
C3_04220C_A	URK1	0	0	0	0	1	0	0	1	2	0	0	1	0	0	0	0	0	0	0	0	1	0	1	0	1.781	0	1	0	1	0	0	1	1	1	1.163	0	1	0	0	1	0	0	0	0	0	1	1	0	0	2	0	0	0	0	0	0	0	0	0	0
C3_04230W_A	C3_04230W_A	0	0	1	1.224	2	1.998	2	1.982	2	1	0	0	0	0	0	0	0	0	0	0	0	1	0	1	0.965	0	0	0	1.814	0	1	1	0	0	0	1	0	0	0	0	0	0	0	0	0	1	0	1	0	1	0	0	1.202	1	0	1	1.149	2	0	0
C3_04240C_A	C3_04240C_A	1	0	0	0	0	0	0	0	0	0	0	0	1	0	0	0	0	0	0	1	0	0	0	0	0	0	0	0	0	0	0	0	0	0	0	0	0	0	0	0	0	0	0	0	0	0	1	1	0	0	0	0	0	0	0	0	0	0	0	0
C3_04250W_A	WSC1	0	0	0	0	2	4	3	1	0	0	0	0	0	0	0	0	1	0	0	0	1	0	0	1	2	2	0	1	0	0	0	0	0	0	0	0	0	0	0	0	0	0	0	0	1	0	1	0	0	0	0	0	0	1	1.988	1	0	0	0	2.124
C3_04260W_A	C3_04260W_A	0	0	0	0	0	1	0	0	0	0	1	0	0	1	0.983	0	0	0	0	0	1	0.999	1	1.725	1	0	1	1	0	1	0	2	0	1	0	0	0	0	1	0	0	0	0	0	0	0	0	0	0	1	0	0	0	0	2	0	0	0	0	0
C3_04270C_A	CTP1	0	0	0	0	1	0	0	0	0	0	1	0	0	0	0	0	0	0	0	0	0	0	0	1	0	0	0	0	0	0	1	0	0	0	0	0	0	0	0	0	1	0	0	0	0	0	0	0	0	0	0	1.016	0	0	0	0	0	2	0	0
C3_04290C_A	SNF5	0	0	1	0	0	2	2	0	0	0	0	0	0	1	0	0	0	0	0	1	1	1	0	1	0	1	0	0	0	0	0	0	0	0	2	0	0	0	1	2	0	0	0	0	2	1	0	1	0	0	0	0	0	0	1	0	0	0	0	0
C3_04300C_A	POL1	0	0	0	0	3	2	1	0	2	0	2	3	0	0	1	0.998	0	0	0	2	0.999	1	0	0	6.463	2	3.532	1.893	0	0	2.309	1	0	0	0	1	0	1	1.118	0	0	0	0	0	0	0	1	0	1.802	1	0	0	3	1	2	1	1	3.337	2.461	1
C3_04310C_A	C3_04310C_A	0	0	0	0	0.994	0	0	0	0	0	0	0	0	0	0	0	0	0	0	0	2	0	0	0	0	0	2	0	0	0	0	0	1	0	0	0	0	0	0	0	0	0	0	0	0	0	0	0	0	0	1	1	0	0	0	0	0	0	0	0
C3_04320W_A	VAM3	0	0	0	1	2	2.97	7	5	0	2	0	0	0	0	0	0	0	0	0	0	0	1	1	0	1	0	0	0	0	1	0	1	0	0	0	1	0	0	0	0	0	0	0	0	0	0	0	0	0	0	0	0	0	0	0	0	0	1	0	1
C3_04330C_A	C3_04330C_A	0	1	0	0	0	0	0	0	0	0	0	0	0	0	0	0	0	0	0	0	0	0	0	0	3	1	3	2	0	0	0	0	8	8	4	6	1	0	1	1	0	0	0	0	0	0	0	0	0	0	0	0	0	1	0	1	0	0	0	0
C3_04340W_A	ATF1	0	0	1	0	0	0	0	0	0	0	0	0	0	0	1	0	0	0	0	0	0	0	1	0	0	1	2	1	0	0	1	0	0	0	0	1	0	0	0	0	0	0	0	0	0	0	0	0.881	0	0	0	0	0	1	0	1	0	0	0	0
C3_04350C_A	C3_04350C_A	0	0	0.993	0	0	0	0	0	0	0	0	0	0	0	0	0	0	0	0	0	0	0	0	1	0	0	0	1	0	0	0	0	0	0	0	0	0	0	0	0	0	0	0	0	0	0	0	0	1.537	0	1	0	0	0	0	0	1	0	0	0
C3_04360W_A	C3_04360W_A	1	0	0	1	0	0	0	0	0	0	1	0	0	0	1	0	0	0	0	0	0	0	0	0	1	0	0	0	1	0.995	1	0	0	0	0	0	0	0	0	0	0	0	0	0	0	1	1	0	0	0	1	1	0	1.03	0	1	0	0	0	0
C3_04370C_A	C3_04370C_A	0	0	0	0	1	1	1	2	2	0	1	0	3	0	0	1.276	1	2	1	0	0	0	0	0	0	1	1	1	2	1	2	1	0	1	0	0	0	0	0	0	0	0	2	0	0	1	0	0	1.249	0	1	0	1	0	0	0	0	2	0	0
C3_04380C_A	SNU13	0	0	0	0	0	0	0	0	1	0	0	0	0	0	0	0	0	0	0	1	0	0	0	0	0	0	0	0	0	0	0	0	0	0	0	0	0	0	0	0	0	0	0	0	0	0	0	0	0	0	0	0	0	0	0	0	0	0	0	0
C3_04390W_A	CUP5	1	4	1	7	0	2	1	1	7	2	8	6	0	0	0	1	0	2	3	1	1	1	1	0	0	0	0	0	2	1	1	2	13	11	14	8	0	2	0	0	0	0	0	1	4	1	4	1	0	1	0	1	2	2	3	1	0	1	0	0
C3_04400C_A	NUP85	0	0	0	0	1	1	0	1	0	1	0	0	0	1	0	0	0	0	0	0	0	1	1.008	0	0	0	0	1	2	0	1.401	0	0	0	0	2	1	0	0	0	0	0	0	0	1	0	0	0.988	1	0	0	1.915	2	1	0	0	0	0	1.973	1
C3_04410C_A	C3_04410C_A	0	0	0	0	2	0	0	0	0	1	0	2	1	0	0	0	1	0	0	1	1.107	1	1	0	1.049	2	4	0	2	0	1.043	1	0	0	0	0	0	0	2	0	0	0	0	0	0	0	0	0	0	1	1	2.668	0	0	2	1	1	1	1	1
C3_04420W_A	C3_04420W_A	1.001	0	0	0	2	0	0	1.008	2	5	5	2	0	0	0	0	2.028	0	0	0	0	0	1	1	1	0	2	3.728	0	0	0	1	3	0	0	0	0	1.052	1.988	2	0	0	0	0	3	2	4	1	0	0	0	0	4	7	5	4	1.255	0	1.103	1.138
C3_04430W_A	RIP1	1	0	0	0	0	0	0	0	1	0	0	0	0	0	0	0	0	0	0	0	0	1	0	0	0	0	0	0	0	0	0	0	0	0	0	0	0	0	0	0	0	0	0	0	2	2	6	4	0	0	0	0	2	6	7	4	0	0	0	0
C3_04440C_A	C3_04440C_A	0	0	1	0	0	0	0	0	0	1	2	0	0	0	1	0	0	0	0	0	0	0	0	0	0	0	0	0	0	0	1	0	0	0	0	0	0	0	0	0	0	0	0	0	1	0	0	1	1	0	0	0	1.024	1	0	0	1	1	0	1
C3_04450C_A	C3_04450C_A	0	0	0	0	0	0	0	1	0	0	0	0	0	0	0	0	0	0	0	0	0	0	0	0	0	0	0	0	0	0	0	0	0.891	0	0	0	0	0	0	0	0	0	0	0	0	0	0	0	0	1	0	0	0	0	0	0	0	0	0	1
C3_04460W_A	C3_04460W_A	1	0	0	1	0	1	0	0	0	0	1	1	0	0	1	1.053	0	0	0	0	1	0	0	0	1	0	0	0	0	0.991	0	2	0.999	0.992	1	0	0	0	0	0	0	0	0	0	1.138	0	0	1	0	1	1	1	0	1	0	0	0	1.092	0	0
C3_04470W_A	PKC1	0	0	0	0	1	0	0	0	0	0	0	0	0	1	1	0	0	1	0	0	1	0	0	0	3.77	0	0	4	3	0	1.047	0	0	0	0	0	1	1	0	0	0	0	0	0	0	0	0	0	1	0	3.704	2.366	0	0	0	3.998	0	2	0	0
C3_04480C_A	RAS2	0	1	0	0	1	0	0	0	0	0	0	0	0	2	0	1	0	0	0	0	0	0	0	0	0	0	1	1	0	0	0	0	0	0	0	0	0	0	0	0	0	0	0	0	0	1	0	0	1	0	0	1	0	0	0	0	0	0	0	0
C3_04490W_A	RAX1	1	0	0	0	0	1	0	1	0	0	0	0	0	0	0	0	1	0	0	0	0	1	0	2	3	0	3	0	0	0	1	0	0	0	0	0	1	0	0	0	0	0	0	0	0	0	0	0	0	0	2.748	0	0	1	0	1	2.821	0	1	0
C3_04500C_A	RPL19A	0	0	0	0	0	1	2	1	2	0	1	2	0	0	0	0	1	2	1	0	0	5	2	0	0	0	0	0	0	0	1	0	0	0	0	0	0	0	0	0	0	0	0	0	1	0	1	0	0	0	0	0	0	1	2	4	0	0	0	0
C3_04510W_A	C3_04510W_A	0	0	0	0	0.96	1.018	0	0	0	0	0	1	0	0	0	0	0	1	0	0	0	0	0	1	3	0	0	2	1	0	0	0	0	0	0	1	0	0	1	1	1	0	0	0	0	0	0	0	0	0	1	0	0	0	0	0	0	1	0	2
C3_04520C_A	ADE2	0	0	2	0	2	1	0	3	0	1	0	1	0	0	0	0	0	0	0	0	1	3	2	3	0	0	0	0	2	0	0	1	0	0	0	0	0	0	0	1	0	2	0	1	1	1	3	2	0	1.078	0	0	1	0	0	0	0	0	0	0
C3_04530C_A	TEC1	4	3	3.056	3	0	2	1	1.802	0	0	1	0	1	0	0	0	3	3	3	2	1	0	1	0	3	2.999	4	1	0	0.971	0	1	0	1	0	0	2	0	0	0	0	0	0	0	0	0	0	2.001	0	0	0	1	1	1.998	0	2	1.064	0	0	3
C3_04540C_A	C3_04540C_A	0	0	0	0	1	0	1	0	0	0.984	0	0	0	0	0	0	1	0	0	0	0	0	1	1	0	0	0	1.531	0	0	0	1	0	0	0	1	2.005	0	0	0	0	1	0	1	0	1	2	1.228	3	2.248	1.17	0	0	2	1	3.342	0	0	2.434	3
C3_04550C_A	CMK1	1	0	1	0	1	1	0	0	0	0	0	1	0	0	0	0	0	0	0	0	0	0	1	0	2	2	3	1	0	0	0	0	0	1	1	0	1	0	0	0	0	0	0	0	0	0	0	0	0	0	0	0	1	1.577	1	0	0	0	0	1.233
C3_04560W_A	MAK21	0	0	0	0	0	0	1	2.109	0	1.079	1	0	0	0	0	1	2	2	5.055	4	1	0	1	0	1	3	3	2	0	1	0	0	0.925	0	0	0	0	0	0	0	0	1	0	0	5.645	2	1	0	0	0	0	0	1	0	0	2.983	1	0	1	0
C3_04570C_A	DUR35	0	0	0	1	0	1.177	0	0	0	0	0	0	4	2	0	2	1	0	0	0	0	0	1	0	0	1	0	1	0	0	1	0	1	0	1	1	1	0	2	1	0	0	0	0	0	0	0	0	1	0	0	1	0.847	0	0	1	2	2	1	0
C3_04580C_A	STP1	0	0	1	0	0	0	0	0	0	0	0	0	0	0	0	0	1	2	0	1	0	0	1	0	0	0	0	0	0	0	0	1	0.94	0	0	0	0	0	0	0	0	0	0	1	0.986	2	1	1	0	0	0	2	1	0	0	0	0	0	0	0
C3_04590W_A	C3_04590W_A	0	0	0	0	1.939	1	0	1	2	5	5	1.84	0	0	1	0	0	0	0	0	1	1	1	1	0	1	0	1	0	2	3	1	0	1	0	0	0	0	0	0	0	0	0	0	2.964	1	1	1	0	1	0	0	1.99	0	0	1.153	0	1.538	0	2.595
C3_04600C_A	C3_04600C_A	2	2	0	3	1	2	0	2	2	1	2	1	0	0	3	0	1	0	2	0	1	3	2	1	6	3	3	5	1	3	3	1	0	0	1	1	2	2	3	1	0	2	1	1	1	0	2	0	2	0	1	5	4	3	3	3	3	2	3	4
C3_04610W_A	MEA1	0	0	0	0	0	2	2	1.68	0	0	1	1	0	0	0	0	0	0	1	0	0	0	0	0	3	0	2.473	0	4	1	0	0	0	0	0	0	1	0	0	1	0	0	0	0	2.611	1	0	0	1	1.701	0	0	0	0	0	2.188	0	0	0	0
C3_04620C_A	C3_04620C_A	1	1	0	0	0	0	0	1.97	0	0	0	0	0	0	0	1	0	0	1	0	0	0	0	0	0	0	1	0	0	0	0	0	0	0	0	0	0	0	0	0	0	0	0	0	0	0	0	0	0	0	0	0	0	0	0	1	0	0	0	0
C3_04630W_A	C3_04630W_A	0	2	0	0	0	0	0	0	0	0	0	0	0	0	0	0	0	0	0	0	0	0	0	0	0	0	1	0	0	0	0	0	0	0	1	0	0	1	1	2	0	0	0	0	1	0	0	0	0	0	1	0	1	0	0	1	0	0	0	0
C3_04640W_A	ZCF31	0	2	1	0	2	0	0	1.03	0	2	2	0	0	0	0	1	0	0	0	0	0	0	0	0	2.013	0	0	0.946	1.082	1	4	0	0	0	0	1	0	1	0	0	0	0	0	1	0	0	0	0	0	0	0	2.273	2	1	0	0	1.165	0	0	0
C3_04650W_A	C3_04650W_A	0	0	0	0	0	0	1	0	0	2.055	0	0	1	0	0	0	0	0	0	0	0	0	0	0	1	1	0	0	0	0	0	0	0	0	0	0	0	0	0	0	0	0	1	0	1.85	0	0	0.999	1	1	0	0	0	0	0	1	0	1	0	0
C3_04660C_A	ARG11	0	0	0	0	0	0	0	0	0	0	0	0	1	0	0	0	0	0	0	0	0	1	0	0	0.97	0	1	0	0	0	0	1	0	0	0	0	0	0	1	0	1	0	1	0	0	0	0	0	0	0	0	0	1	1	0	0	0	1	1	0
C3_04670C_A	RPS15	0	0	0	1	1	1	0	0	0	0	0	0	0	0	0	0	0	0	0	0	0	0	0	0	0	0	0	0	0	0	0	0	0	0	0	0	0	0	0	0	0	0	0	0	0	1	0	0	1	0	0	0	0	0	0	0	0	0	0	0
C3_04680W_A	RPP2B	1	1	0	2	1	1	0	1	2	1	3	2	3	1	3	3	0	1	2	1.993	0	3	2	1	1	2	1	2	0	0	0	0	0	0	0	0	0	0	0	0	0	0	0	0	0	1	0	0	0	0	0	0	0	0	0	0	0	0	0	0
C3_04690C_A	C3_04690C_A	0	0	0	0	0	0	1.024	0	0	0	0	0.932	0	0	1	0	0	0	0	1	0	1	0	0	2	0	1	0	0	0	1	0	0	0	0	1	0	0	0	0	0	1	0	0	0	0	0	0	0	0	1.461	0	1	1	0	0	0	1	0	1
C3_04700W_A	C3_04700W_A	0	0	0	0	0	1	0	0	0	0	0	0	0	0	0	0	0	0	0	0	1	0	0	1	0	0	0	0	0	0	0	0	1	0	0	0	0	0	0	0	0	0	0	0	0	0	0	0	0	0	0	0	0	0	0	0	0	0	0	0
C3_04710W_A	ARV1	0	1	0	1	1	0	0	1.008	0	0	1	1	0	0	0	0	0	0	0	0	0	0	0	2	0	0	0	1	0	0	1	0	0	0	0	0	1	0	0	1	0	0	0	0	0	0	0	0	0	0	1.791	0	0	0	0	1	0	1	0	0
C3_04720C_A	C3_04720C_A	0	0	0	0	0	0	1	0	1	1	1	0	1	0	0	1	0	0	0	0	0	0.996	0	0	0	0.985	0	0	2	1	1.001	0	0	0	0	0	0	0	0	1	0	0	0	1.096	0	0	1	3	0	2.314	0	0	0	2	0	0	1.152	1.486	4.235	3.985
C3_04730C_A	C3_04730C_A	0	0	0	0	0	1	2	1	0	0	0	1	0	0	0	0	0	0	0	0	1	0	0	0	1	0	0	0	0	0	0.974	0	0	0	0	0	0	0	0	0	0	1	0	0	1	0	0	0	0	0	0	0	0	0	0	0	2	0	1.393	0
C3_04740C_A	C3_04740C_A	4	1	2	1	1	0	2	2	2	0	0	0	0	1	0	0	0	1	1	1	2	0	0	1	2	0	0	1	2	0	3	1	0	1	1	0	0	1	1	1	0	0	0	0	2	0	0	0	0	1	1.409	1.67	2	1	0	1	3	1	2	1.437
C3_04750W_A	C3_04750W_A	0	0	0	0	0	0	0	1	0	0	0	0	0	0	0	0	1	0	2	0	0	0	1	0	0	0	1	0	2	0	2	0	0	0	0	1	1	0	0	0	0	0	0	1	0	0	2.171	1	0	0	0	0	1.399	0	0	0	1	0	1.288	0
C3_04760C_A	SEN1	2.429	2	0	1	1	3.946	3.962	3.535	0	2	0	0	1	1	0	1	1	2	0	4.477	0	0	1	2	1	0	0	1.099	1	4.73	4	3	3	0	0	1	2	1	0	0	0	0	0	0	2	1.839	3.983	1.979	2	2.336	0	3.865	2.021	3	1.99	2	3	2.654	2.07	0
C3_04770C_A	ZCF32	0	0	0	0	1	0	0	1.002	0	0	0	1	0	0	0	1	0	0	0	0	1.049	0	0	0	1.078	1	0	1	1	0	1	0	0	2	0	0	0	0	0	0	0	0	0	0	0	1	0	0	0	0	0	1.156	0	0	0	2.986	0	1	0	1.439
C3_04780C_A	C3_04780C_A	0	0	0	0	0	1	0	0	0	0	0	0	0	0	0	0	0	0	0	0	0	0	0	0	0	2	2	1.002	1	0	0	0	2	1	3	2.927	1	1	0	0	0	0	0	0	0	1	0	1	0	0	0	1	0	1	3.053	0	0	0	1	0
C3_04790W_A	C3_04790W_A	0	0	0	0	0	1	1	0	0	0	0	0	0	0	0	0	0	0	0	0	0	0	0	0	0	0	0	2	0	0	0	1	0	0	0	0	0	0	0	0	0	0	1	0	0	0	0	0	0	2	0	0	0	2	1	1	1	0	0	1
C3_04800C_A	C3_04800C_A	3	0	2	0	0	0	1	0	1	0	0	0	0	0	1	1	0	0	0	0	0	0	0	0	0.979	0	0	1	6.552	5.431	1	4	0	0	0	1	0	0	0	0	0	0	0	0	0	1	0	0	0	0	3.001	0	3	2.134	2	1.248	2.617	0	0	0
C3_04810C_A	C3_04810C_A	0	0	1	0	0	0	3	1	0	0	0	0	0	0	0	0	2	3	5	2	3	7	6	2	0	0	0	0	0	0	0	0	1	0	0	0	0	2	2	2	0	0	0	0	1	1	0	1	0	0	0	0	0	1	1	1	0	0	0	0
C3_04820C_A	SEC7	0	0	2	0	4.005	0	0	1	0	0	0	0	1	0	2	0	0	2	1	0	2	0	0	1	0	1	0	0	2.001	3.079	2	0	1	1	0	1	2	0	1.183	1	0	1	0	0	4.046	2	3	6.025	1.14	2.289	2.561	1.302	2.792	2.118	1.999	1	2.434	4.466	0	0
C3_04830C_A	FAS2	0	0	1	0	1.763	2	1.098	3	2	0	3.153	2	7.016	5	5	4	7.259	7	9	14	3.048	4	10	2	0	0.998	0	0	7	3	6.001	3	0	0	0	0	1	4	2.984	0	0	0	0	0	3.47	2	0	4	0	1.008	0	0	2	4	4	3	0	0	0	0
C3_04840C_A	C3_04840C_A	1	0	0	0	0	0	1.161	0	0	1	0	0	0	0	0	0	0	0	0	1	1	0	0	1	1	0	0	0	1	0	0	0	2	0	0	0	0	1	0	0	0	0	0	0	0	0	0	0	0	0	0	0	1	0	1	0	0	1	1	1
C3_04850C_A	tK(CUU)2	0	0	0	0	0	0	0	0	0	0	0	0	0	0	0	0	0	0	0	0	0	0	0	0	0	0	0	0	0	0	0	0	0	0	0	0	0	0	0	0	0	0	0	0	0	0	0	0	0	0	0	0	0	0	0	0	0	0	0	0
C3_04860W_A	SFP1	0	0	0	0	0	0	0	0	0	1	0.998	0	1	0	0	0	0	0	0	0	1	0	0	0	0	0	2	1	0	1	0	0	0	0	0	0	0	0	0	0	0	0	0	0	1	0	0	0	0	0	0	0	1	0	1.872	0	0	0	0	1
C3_04870W_A	C3_04870W_A	0	0	0	0	0	1	0.994	0	0	0	1	0	0	1	0	0	0	2	0	0	0	0	0	1	0	0	0	0	0	1	1	0	0	0	1	0	2	0	0	1	0	0	0	0	0	0	0	0	0	0	0	0	0	0	0	0	0	0	0	1.578
C3_04880W_A	PIN3	0	0	0	0	0	0	0	0	0	0	0	0	1	0	0	0	0	0	0	0	0	0	0	0	0	0	0	0	1	0	0	0	0	0	0	0	0	0	0	0	0	0	0	0	0	1	0	0	0	0	1	0	0	1	2	0	0	0	0	1
C3_04890W_A	CDR2	0	0	0	0	0	1.001	0	0	0	0	1.08	1	0	0	0	0	0	0	0	0	1	0	0	1	1.247	1	0	0	0	0	0	0	1	0	1	0	0	0	0	0	0	0	0	1	0	0	0	1	0	0	2	1	0	0	1	0	0	0	0	1
C3_04900W_A	NOP14	0	0	1	1	1	1	0	2	0	1	0	1	1	0	0	0	1	0	0	0	0	0	0	0	2.294	0	0	1	0	2.42	1	0	0	0	2	1	0	0	0	0	0	0	0	0	1	1	1	0	2	0	1	1	1	2	0	0	0	0	2.743	5.463
C3_04910C_A	NCE102	1	1	0	0	6	2	4	7	8	8	7	13	1	2	3	0	0	0	0	0	0	0	1	1	16	6	5	4	11	4	12	10	5	10	7	5	2	2	2	2	0	0	0	0	2	1	5	5	0	0	0	0	8	4	5	3	0	0	0	0
C3_04920C_A	C3_04920C_A	0	0	0	0	0	0	0	1	0	1	0	0	0	0	0	0	0	0	0	0	1	0	0	5	0	0	0	0	0	2	1	0	0	0	0	0	0	0	0	0	0	0	0	0	0	0	0	0	0	0	0	0	0	0	0	0	2	0	0	0
C3_04930C_A	HGT4	0	0	0	0	1.388	0	2	2	0	0	0	1	0	0	0	0	0	0	0	0	0	0	1	0	0	0	0	2.2	0.999	2	2	0	1	0	0	0	1	1	1	0	0	0	0	0	2	1	0	1	1	0	0	1	0	0	1.032	0	2	0	0	0
C3_04940W_A	C3_04940W_A	0	0	0	0	0	0	0	0	0	0	0	0	0	0	0	0	1.021	1	0	1	0	0	0	0	0	0	0	0	0	0	0	0	0	0	0	0	1	0	0	0	0	0	0	0	0	0	0	0	0	0	0	0	1	0	0	1	0	0	0	0
C3_04950W_A	ARF2	0	0	0	0	2	1	2	4	2	2	1	1	0	1	0	0	0	1	0	0	0	0	0	0	0	3	1	3	0	0	0	3	0	1	0	0	3	4	3	1	0	0	0	0	2	2	1	2	1	0	0	0	0	0	0	0	0	0	0	1
C3_04960W_A	RPL35	0	0	0	0	3	4	7	3	0	0	0	0	0	0	0	0	0	0	0	0	0	1	1	0	0	0	0	0	0	0	0	0	1	0	0	0	0	0	0	0	0	0	0	0	0	0	0	0	0	0	0	0	0	0	0	0	0	0	0	0
C3_04970C_A	C3_04970C_A	1	0	0	0	0	1.013	0	1	1	0	0	1	2.57	0	1	1	1.175	0	0	1	0	0	0	0	1	5	1	1.05	5	0	3	0	1	1	0	0	1	2	1	1	0	0	0	1	0	1	1.065	1	1.432	2	0	0	1	0	0	1.264	1	0	0	2.114
C3_04980W_A	C3_04980W_A	0	0	0	0	1	0	1	0	0	2	0	0	0	0	0	0	0	1	0	1	0	0	0	0	0	0	0	0	0	1	0	0	0	0	0	0	0	0	0	0	0	0	0	0	0	0	0	0	1	0	1	0	1	0	1	0	0	0	0	1
C3_04990W_A	FGR44	0	0	0	0	0	0	0	0	0	0	1	0	0	0	0	1	2	2	4	6.425	1	0	0	0	1	0	0	0.997	0	0	0	0	0	1	2	0	0	0	0	0	0	0	0	0	2	0	1	0	0	0	0	0	0	1	0	1.998	1	0	0	1
C3_05000W_A	RDI1	0	0	0	0	1	2	1	0	9.914	5	7	4	2	1	1	1	0	0	0	0	0	0	0	0	0	0	0	0	0	0	0	0	0	0	0.896	0	0	0	0	0	0	0	0	0	0	0	0	0	0	0	0	0	1	1	2	1	0	0	0	0
C3_05010C_A	C3_05010C_A	0	0	0	0	0	0	2	0	2	1	1	0	1	1	0	1.065	0	0.983	2	0	0	0	1	1	0	1	0	0	1	1	1	0	7	4	3	6	0	0	0	1	0	0	0	0	1	0	0	4.966	0	1	2	2.399	2.003	2	0	1	2	0	1	1.209
C3_05020W_A	MTC6	0	1	1	0	0	0	0	2	1	1	1	1	0	0	0	1.232	0	0.999	0	0	0	0	0	0	1	0	2	0	2	0	2	1	0	0	0	0	0	0	0	0	0	0	0	0	2	3	1	0	0	0	0	2	0	0.992	3	0	2	0	0	0
C3_05030W_A	PHB2	0	1	0	0	0	0	1	0	1	1	6	1	0	0	0	0	0	0	0	0	0	0	1	0	1	2	2	3	0	0	0	0	0	0	0	0	0	0	0	0	0	0	0	0	0	0	0	1	0	0	0	0	0	0	0	0	0	2.964	0	1
C3_05040C_A	ATG9	0	0	0	1	0	0	1	1	1	0	0	0	0	2	0	0	0.998	1.003	4.237	5.221	0	1.981	0	0	2	2	0	0	1.166	0	1	2	0	1	0	0	0	0	2.788	0	0	1	3	0	2	1	4	2	2.478	1.357	1	1	3.112	4	3.326	5.018	2.097	2.153	1.005	1
C3_05050W_A	TRY4	1	0	0	1	1	0	2	0	1	3	1	1	0	0	0	0	0	0	0	0	0	0	0	0	0	0	0	0	0	0	0	0	0	1	0	0	0	0	0	0	1	0	0	0	0	0	0	0	0	0	0	0	0	0	0	0	1	0	0	0
C3_05060W_A	C3_05060W_A	1	0	0	0	0	0	0	0	0	0	0	0	0	0	0	0	1	0	0	0	1	0	0	0	0	0	0	0	0	1	0	0	0	0	0	0	0	0	1	0	0	0	0	0	1	2	0	0	0	0	1	0	1	4.001	0	0	0	1	0	1
C3_05070W_A	CEM1	0	0	0	0	0	0	0	1	0	1	0	0	0	0	0	0	0	0	0	0	1	1	0	0	1	0	1	0	2	0	1	0	0	0	0	0	0	0	0	0	0	1	1.226	0	0	0	0	0	0	0	0	1	0	0	2	0	1	0	0	1
C3_05080W_A	C3_05080W_A	0	0	0	0	1	0	0	0	0	1	0	0	0	0	0	0	0	0	0	0	0	0	0	0	0	0	0	0	0	0	0	1	0	0	0	0	0	0	0	0	0	0	0	0	0	0	0	1	0	0	1	0	0	0	0	0	0	0	0	0
C3_05090C_A	C3_05090C_A	1.091	0	0	0	1	0	0	0	0	1	0	0	0	0	0	0	0	0	0	0	0	0	0	0	1	0	0	0	0	0	1	1	2	0	0	1	1.471	0	0	0	0	0	0	0	1	0	0	0	0	0	0	0	0.987	0	0	0	0	0	0	0
C3_05100C_A	RPL18	0	0	0	0	0	0	0	0	0	0	0	0	0	0	0	0	0	0	1	0	0	0	0	0	0	0.998	0	0	0	0	0	0	0	0	0	0	0	0	0	0	0	0	0	0	0	0	0	0	0	0	0	1	2	0	4	2	0	0	0	0
C3_05110W_A	C3_05110W_A	1	0	0	0	0	0	0	1	0	0	0	0	0	0	0	0	0	0	0	1	0	0	1	2	0	0	0	0	0	0	0	0	0	0	0	0	2	0	0	1	0	0	0	0	0	0	0	0	0	0	1	0	2	1	0	0	0	0	0	1
C3_05120C_A	C3_05120C_A	0	0	0	0	1	0	0	0	3	0	3	2	1	0	0	0	0	0	1	0	0	0	0	0	1	0	0	0	0	0	0	0	0	0	1	0	0	0	0	0	0	0	0	0	1	1	1	0	1	0	0	1	0	0	0	0	0	0	0	0
C3_05130C_A	THI4	0	0	0	0	0	0	0	0	0	1	0	0	0	0	0	0	0	0	0	0	0	0	0	0	0	0	0	0	1	0	0	0	0	0	0	0	0	0	0	0	0	0	0	0	0	0	0	0	0	0	1	0	0	0	0	0	0	0	1	1
C3_05140C_A	C3_05140C_A	0	0	1.001	1	0	1	1	1	0	0	1	0	0	1	0	0	0	1	0	0	1	0	0	0	1	0	0	1	1	0	0	0	0	0	0	0	0	0	2.419	1	0	0	0	0	0	0	0	1	0	0	0	0	0	0	0	2	0	1.235	0	1
C3_05150W_A	C3_05150W_A	0	0	0	0	1	0	0	0	0	0	1.992	0	0	0	0	0	0	0	0	0	0	0	0	0	2	0	0	0	1	0	0	0	0	0	0.691	0	0	0	0	0	0	0	0	0	0	0	0	0	0	0	0	1	1	0	0	0	1	0	1	0
C3_05160C_A	DBP10	0	0	1	0	0	0	0	1	1	1	0	2	2	3	0	2	0	0	0	0	0	0	0	0	3	0	0	1	0	0	0	0	0	0	0	0	1	0	0	1	0	0	0	0	0	0	0	0.997	0	0	0	0	0	2	0	0.993	0	4.56	0	0
C3_05170W_A	WOR2	0	0	0	0	0	0	0	0	0	0	0	0	0	0	0	0	0	1	0	0	0	0	1	0	0	0	1	0	1	0	0	0	0	0	0	0	0	0	0	0	0	0	0	0	0	0	1	0	0	1	0	0	0	0	0	0	0	0	0	0
C3_05180W_A	RHB1	0	0	0	0	0	0	0	0	0	0	0	0	0	0	0	0	0	0	0	0	0	0	1	0	0	0	2	0	0	0	0	0	0	0	0	0	0	0	0	0	0	0	0	0	0	0	0	1	0	0	0	0	0	0	0	0	0	0	0	0
C3_05190C_A	MCA1	0	0	0	0	1	3	2	1	1	0	1	0	0	0	0	1	0	0	0	1	0	0	0.999	0	0	0	0	0	0	0	1	0	0	0	1	0	0	0	0	1	0	0	0	0	1	0	0	0	1	0	0	0	0	0	0	0	2.999	0	2	0
C3_05200W_A	RPS19A	0	0	0	0	0	0	0	0	0	0	0	0	0	0	0	0	2	3	0	3	0	0	0	0	0	0	0	1	0	0	0	0	0	0	0	0	0	0	0	0	0	0	0	0	0	0	0	0	0	0	0	0	0	0	0	0	0	0	0	0
C3_05210C_A	DYN1	4	5	0	1	1.022	1.338	2	0	2.013	3	0	1.301	1	2	1	1	5	7	13.177	11	0	2	2.034	0	7.319	9	17.031	10.192	10.985	7.103	8.961	4.571	2.003	0	1	1	2	1.012	0	3	3	1	1	0	0	2.106	2.251	1	3.314	1.323	1.124	0	12.251	13.154	15.009	7.153	6.301	5.166	3.815	1.091
C3_05220W_A	CDR1	0	0	0	0	0	0	0	0	6	3.009	7.92	5	0	0	2	0	1	0	0	0	0	1.384	0	0	2	2	2	5	2.886	2	0	1	6	4	3	4	0	0	1	1	0	0	0	0	0	0	1	1.007	1.108	0	0	0	1.167	0	0	2	0	0	2.084	0
C3_05230W_A	SAP3	1	0	0	0	0	0	0	0	0	0	0	0	0	0	0	1	0	0	0	0	0	0	0	0	1	1	0	0	0	0	0	0	0	0	0	0	0	0	0	0	0	0	0	0	0	0	0	0	0	0	0	0	0	0	0	0	0	0	0	0
C3_05240C_A	RPL8B	0	0	0	0	1	1	0	0	5	1	1	3	1	0	0	2	2	2	6	4	1	0	0	0	0	0	0	0	0	0	0	0	1	0	0	1	0	1	0	0	0	0	0	0	3	1	1	0	0	0	0	1	4	1	2	1	0	0	0	0
C3_05250C_A	C3_05250C_A	1.044	0	0	1	1	0	3	0	0	1	1	0	0	0	1	0	3.005	1	0	0	1	0	0	2	2	2	0	5	1	0	3.417	1	0	1	1	0	1	2	0	1	1	0	0	0	0	1	0	1	1	2.608	2	0	3.786	0	1	1	0	1	2	2.273
C3_05270C_A	HGT5	0	0	0	0	0	2	0	0	1	0	2	0	0	0	0	0	0	0	0	1	0	0	0	0	2	0	0	0	1.008	1	2.006	0	0	0	0	0	0	1	1	0	0	0	0	0	2.293	0	0	0	0	1	1	1	3	2	0	4	0	0	1	1
C3_05280C_A	C3_05280C_A	2	0	1	0	0	2	1	1	0	0	1.969	0	0	1	0	1	1	0	0	0	0	0	0	0	1	0	1	0.998	1	1	0	1	2	0	1	0	0	0	0	0	0	0	0	0	1	0	0	1	0	0	1	1	2.867	4	2	2	1.246	3	1	1
C3_05290C_A	C3_05290C_A	0	1.15	0	0	2	2	0	0	1	1	1	0	0	0	0	0	1	0	0	0	1	0	0	1	0	0	2.193	1	1	0	0	0	1	1	0	0	0	0	0	0	0	0	0	1	0	1	0	0	0	0	2	1	1	2	0	0	2	1.28	1.066	1.075
C3_05300C_A	C3_05300C_A	4	2	2	5	9.005	5	6.814	6	4.997	8	1	5	7.037	6	5	3	4	1	3	7	0	2	3	3	7	6.792	8	6.001	10	10.867	7.83	8.802	9.96	10	2.318	6	8	2	1	6	1	1.366	0	1	2	5	4	5.758	9.513	6.381	10	11.74	9.76	7.215	2	6.966	20.917	9	10.045	20.271
C3_05310W_A	USO6	0	2	0	0	0	1.5	1.054	2	1.185	1	0	0	0	1	0	0	6.993	3	6	3	0	0	3	1	1.897	0	0	3	2	1	3.52	2	0.972	0	1	2	4.001	7	2	5	0	0	0	1	0	0	0	5	0	0	2	3.223	1	2	2.05	4	2	2	1	0
C3_05320W_A	C3_05320W_A	0	0	0	0	2	1	0	2.209	0	1	0	0	0	0	0	0	0	0	0	1	0	0	0	0	3.004	1	0	2.641	0	1	0	0	0	0	2	2	2	0	1	0	0	0	0	0	0	0	0	0	2	0	1.44	0	0	1	0	0	0	0	0	1.505
C3_05330C_A	C3_05330C_A	1	0	0	0	1.334	1.263	0	0	0	0	0	0	1	0	0	0	0	0	0	3	0	0	0	1.04	0	0	0.998	0	0	1	0	0	0	0	0	0	0	0	0	0	0	0	0	0	0	0	0	0	0	0	0	1	0	0	0	0	2	0	1.331	0
C3_05340W_A	DIE2	0	0	0	0	2.757	0	1	0	0	1.911	3	0	2.038	1	0	0	0	1	0	0	1	1	1	1	2	0	1	1	1	0	0	3	0	0	1	0	0	0	0	0	0	0	1	0	0	0	2	0	0	0	1	1	0	0	1	2.072	1	0	2	1
C3_05350C_A	SMI1B	4	1	1	5	1	0	2	0	2	3	2	2	2	0	0	0	1	0	0	1	1	0	1	0	0	1	1.004	0	0	0	0	1	2	0	0	1.142	0	1	0	0	0	0	0	0	0	1.337	0	1	0	0	1	0	2	0	0	0	1.084	0	1	0
C3_05360C_A	C3_05360C_A	0	0	0	1	0	3.487	4.111	0	0	0	1	0	1	0	0	0	3	0	1	1	0	0	1.092	0	2.609	0	1	0	0	0	1	0	1	0	0	3	0	0	0	1	0	1	0	0	0	0	0	1	2	0	0	0	2.234	1	0	2	0	0	2.908	4
C3_05370C_A	YST1	0	0	0	0	0	0	0	0	9	3	8	4	0	0	0	0	0	0	0	0	2	0	0	1	0	0	0	0	0	0	0	0	0	0	0	0	0	0	0	0	0	0	0	0	0	0	0	0	0	0	0	0	0	0	0	0	0	2	0	0
C3_05380W_A	C3_05380W_A	0	0	0	0	0	2	2	0	0	0	1	0	0	0	1	0	0	1	0	0	0	0	1	0	0	0	0	1	0	1	0	0	0	0	0	0	0	0	0	0	0	1	0	0	0	1	1	0	1.394	2.533	3.84	0	0	0	2.968	0	2	1	0	0
C3_05390C_A	GPI1	0	0	0	1	0	0	0	1	1	0	0	0	0	0	0	0	0	0	0	0	1	0	0	0	1	0	0	1.004	2.003	1	2	0	0	1	0	1	0	0	0	1	0	0	0	0	0	0	0	0	0	0	0	0	2	1.999	0	1	0	2	1.688	0
C3_05400C_A	C3_05400C_A	0	0	0	0	0	0	0	1	0	0	0	1	0	0	0	0	0	0	0	0	0	0	0	0	0	0	0	0	0	0	0	0	0.804	0	0	0	0	0	0	0	0	0	1	0	1	0	0	0	1.959	0	0	0	0.939	0	0	0	0	0	0	0
C3_05410W_A	C3_05410W_A	0	0	0	1.658	0	0	0	2	0	1	0	0	0	0	0	0	0	0	0	1.998	0	0	0	0	0	0	0	2	0	1	0	0	0	0	0	0	0	0	0	0	0	0	0	0	0	2.045	0	0	0	1	0	1	1	0	1	2.046	0	0	0	0
C3_05420W_A	C3_05420W_A	0	0	0	0	2	0	0	0	0	0	0	0	0	0	1	0	0	1	0	0	0	0	0	0	0	1.996	1.001	0	0	0	0	0	1	1	0	0	1	1	0	0	0	0	0.976	0	0	1	0	1.038	0	0	1	1.451	1	0	0	0	1.49	0	0	0
C3_05430W_A	C3_05430W_A	1	1	1	0	0	0	0	0	1	0	0	0	0	1	1	0	1	1	0	3	0	1	0	0	1	1	1	0	0	0	0	0	4	8	5	13	1	0	0	1	0	0	1	0	0	1	0	0	2.613	0	2	1.422	0	0	0	0	3	0	3.599	1
C3_05440C_A	AIM23	0	0	0	0	1	0	0	0	0	0	0	1	0	0	0	0	0	0	1	1	1	0	0	0	0	0	0	0	0	0	1.687	0	0	0	2	0	0	0	0	1	0	0	1.686	0	0	0	0	0	1.672	0	0	2	0	0	0	0	3.379	2.019	2.626	0
C3_05450C_A	C3_05450C_A	0	0	0	0	0	0	0	0	1	1	0	1	0	0	0	0	0	0	0	0	0	0	0	0	0	1	0	0	0	2	0	0	1	0	0	0	1	0	0	0	0	0	0	0	4	4	3	2	0	0	0	0	0	0	0	0	0	0	0	0
C3_05460W_A	C3_05460W_A	0	0	1.445	0	3	0	3.001	3.181	1	0	1	1	0	0	2.359	1	2	1	0	0	1	2	1	1	3	1	8.952	6.993	3.996	3	1	3.001	3	2	2	0	1	1	3.006	2	0	0	0	2	0	1	0	0	0	2.694	3	4	2.65	3	4	2	6.526	4	5.333	4.765
C3_05470W_A	TEA1	1	0	0	0	6.934	4.007	4	4	0	1	0	1	0	0	1	0	0	0	0	1	0	0	1	0	1	1	2.005	0	0	0	2	0	0	0	0	1.179	2	0.996	1	0	0	0	2	0	1	0	2	1	2.211	0	0	0	1	0.889	3.01	1	1	0	2.455	1.181
C3_05480C_A	tV(AAC)5	0	0	0	0	0	0	0	0	0	0	0	0	0	0	0	0	0	0	0	0	0	0	0	0	0	0	0	0	0	0	0	0	0	0	0	0	0	0	0	0	0	0	0	0	0	0	0	0	0	0	0	0	0	0	0	0	0	0	0	0
C3_05490C_A	tV(AAC)6	0	0	0	0	0	0	0	0	0	0	0	0	0	0	0	0	0	0	0	0	0	0	0	0	0	0	0	0	0	0	0	0	0	0	0	0	0	0	0	0	0	0	0	0	0	0	0	0	0	0	0	0	0	0	0	0	0	0	0	0
C3_05500W_A	SNR6	0	0	0	0	0	0	0	0	0	0	0	0	0	0	0	0	0	0	0	0	0	0	0	0	0	0	0	0	0	0	0	0	0	0	0	0	0	0	0	0	0	0	0	0	0	0	0	0	0	0	0	0	1	0	1	0	0	0	0	0
C3_05510W_A	C3_05510W_A	0	0	1	0	0	0	0	0	0	2	0	1	0	0	0	0	0	0	0	0	1	0	0	0	1	0	0	0	1.001	0	1	0	0	0	0	0	0	0	0	0	0	0	1	0	1	0	0	0	0	0	1.19	1	0	1.402	0	1	0	2	0	0
C3_05520C_A	DNM1	0	0	0	0	0	0	0	1	2	3	2	8	0	0	2	0	0	1	0	0	0	0	0	0	0	0	2.001	0	0	0	0	1	0	1	0	0	0	0	0	0	0	0	0	0	1.001	2	2	1	1	0	0	0	0	2	2	0	0	0	0	0
C3_05530W_A	OST1	0	0	0	0	1.994	0	0	0	0	0	0	0.865	1	0	0	0	0	0	0	0	2	0	0	0	0	0	0	0	1	1	1	0	0	0	0	0	0	0	0	0	0	0	2	0	2	3	2	2	0	0	0	1	0	0	0	0	0	0	0	0
C3_05540C_A	C3_05540C_A	0	0	0	0	0	0	0	0	0	0	0	0	0	0	0	0	1	0	0	0	0	0	0	0	0	1	0	0	0	1	1	0.829	0	0	0	0	0	0	0	0	0	0	1.024	0	0	0	0	0	0.969	0	0	0	0	0	0	0	1	0	0	0
C3_05550C_A	C3_05550C_A	0	0	0	0	0	0	0	0	0	0	1	1	0	0	0	0	0	0	0	0	0	0	0	0	1	0	0.976	0	0	0	1	0	0	0	0	0	0	0	0	0	0	0	0	0	0	1	1	0	0	0	0	1	0	1	0	0	0	0	0	0
C3_05560W_A	PRE3	0	0	0	0	0	0	0	0	0	0	0	0	0	0	0	0	0	0	0	0	0	0	0	0	0	1	0	0	1	0	1	0	0	0	0	0	0	0	0	0	0	0	0	0	0	2	0	2	0	0	0	0	4	5	1	0	0	0	0	0
C3_05570W_A	QDR2	1	0	0	0	2	1	4	6	0	1	1	0	0	0	1	0	0	0	0	0	0	0	0	0	1	0	0	0	1.262	0	0	1.001	1	2	2	1	0	0	0	0	0	0	0	0	1	0	0	1	0	1	0	0	0	0	0	1	2.648	5.267	0	2
C3_05580C_A	GAP2	0	0	0	0	0	0	1	0	0	0	0	0	0	0	0	0	0	0	0	0	0	0	0	0	0	0	0	1	0	0	0	0	0	1	0	0	0	0	0	0	0	0	0	0	0	0	0	2	0	0	0	0	0	1	0	0	1	0	1	0
C3_05590C_A	BAT22	0	0	0	0	0	1	0	0	0	0	0	0	0	0	0	0	0	0	0	0	0	0	0	0	0	1	0	0	0	0	1	1	0	0	0	0	0	0	0	1	0	0	0	0	4.998	0	0	2	3	0	0	1	0	0	2	1	0	0	0	0
C3_05600W_A	ATO6	0	0	0	0	1	1	0	0	0	0	0	0	0	0	0	0	0	0	0	0	0	0	0	0	0	0	0	1	0	0	0	0	0	0	0.999	0	0	0	0	0	0	0	0	0	0	0	0	0	0	0	0	0	0	0	1	0	0	1	2	0
C3_05610W_A	MNN14	0	0	0	0	0	1	1	1	0	0	0	0	1	1	0	0	1	4	1	3	1	0	3	1	2	1	3	2	0	3.257	0	0	5	4.916	4	4	0	1	0	1	0	0	0	0	0	0	1	0	1.006	0	0	0	1	1	1	2	0	2	1	1
C3_05620W_A	ATO5	0	0	0	0	0	0	0	2	0	0	0	0	0	0	0	0	0	0	0	0	0	0	0	0	0	0	0	0	0	0	0	0	0	0	1	0	0	0	0	0	0	0	0	0	0	0	0	0	0	0	0	0	0	0	0	0	0	0	3.525	0
C3_05630W_A	GTT1	1.839	0	0	1	1	0	0	0	0	1	1	1	0	0	0	0	0	0	0	0	0	0	0	0	0	0	0	0	0	1.492	0	0	1	0	1	0	0	0	0	0	0	0	0	0	1	0	0	0	3	0	0	2.816	0	1.001	0	0	2	1	4.681	1
C3_05640W_A	C3_05640W_A	0	0	1	0	0	1	1	0	0	0	0	0	0	0	0	0	0	0	0	0	1	0	1	0	1	0	1	0	2	2.043	1	0	0	1	0	1	0	0	0	1	0	0	0	0	0	0	1	0	0	0	0	0	1	0	0	1	0	0	0	0
C3_05650W_A	YCK2	0	0	0	0	2	3	2	2	0	0	0	0	0	1	0	0	0	1	0	0	2	0	0	0	0	2	1	1	5	10	2	7	9	6	6	5	0	0	0	0	0	0	1	0	3	6	3	4	1	0	0	0	0	2	1	0	0	0	0	0
C3_05660C_A	C3_05660C_A	1	0	0	0	1.931	0	0	1	0	0	0	0	0	0	0	0	0	0	0	0	0	0	1	0	0	0	0	0	0	2	1	0	0	0	0	1	0	0	0	0	0	0	0	0	0	0	0	0	0	0	1	0	1	0	0	0	1	1	0	1
C3_05670C_A	C3_05670C_A	4	6.495	5.129	3.101	1.045	3	16.985	6.48	5	3.261	8.628	2.1	4.088	3.192	3.903	1.024	2.011	5.121	9.167	8.524	4.052	4	3.118	5.113	6.618	10.668	8.153	14.662	7	11.13	7.507	12.55	6.205	8.193	10.835	6.08	3.315	2.088	1.058	5.134	5	2.088	2.04	5	2.155	3.015	15	6.324	11.692	7.295	7.16	10.575	20	10.619	7.348	2.039	7.41	4.196	15.122	12.438
C3_05680W_A	C3_05680W_A	0	0	0	0	0	0	0	0	1	0	0	0	0	0	0	0	0	0	0	0	0	2	0	0	0	0	0	0	0	0	0	0	0	0	0	0	0	0	0	0	0	0	0	0	0	0	0	0	0	0	0	0	0	0	0	1	0	0	0	0
C3_05700W_A	CHS4	0	0	0	1	3.704	2	1	2	0	1.948	0	0	4.003	2	5	4	0	0	0	0	0	2	0	0	0	0	3.003	0	1.183	0	1	0	0	0	0	0	0	0	0	0	0	0	0	0	2.361	0	1	0	1	0	0	2	0	2	0	3.017	1.252	0	4	0
C3_05710W_A	RCT1	3	1	4	1	5	3	4	2	5	6	8	11	1	2	2	4	8	9	10	8	0	0	0	0	3	4	1	1	2	3	4	1	0	0	0	0	3	6	1	4	0	0	0	0	5	6	2	1	0	0	0	0	3	6	8	1	0	0	0	1
C3_05720C_A	KIP3	0	1	0	0	3.999	0	0	0	0	0	0	2	1	0	0	0	0	2	2	0	1.727	0	1	1	0	1	1	0	0	0	2	0	0	0	1	0	0	1	0	1	0	2	0	0	0	0	0	0	1	0	0	0	0	1	1	0	0	0	0	1.048
C3_05730C_A	LAC1	1	0	1	1	3.835	1	0	2	0	0	0	0	0	1	1	2	0	0	0	0	1	0	0	0	0	0	0	0	1	0	1	0	3.035	6	5	7	2	2	2	3	0	0	0	0	4	4	3	4	0	1	0	2	1	0	1	0	0	1.693	1.719	0
C3_05740C_A	SSN8	0	0	0	0	2	2	1	2	0	0	0	0	0	0	0	0	0	0	2	0	0	0	0	0	1	0	2	0	1.335	2	0	0	0	0	0	1	0	0	1	1	0	0	0	0	0	0	0	0	0	1	0	1	0	3	0	0	0	0	0	0
C3_05750C_A	C3_05750C_A	0	0	0	0	0	0	0	0	0	0	0	0	0	0	0	0	0	0	0	0	0	0	0	0	0	0	0	0	0	1	0	0	0	0	0	0	0	0	0	0	0	0	0	0	0	0	0	0	0	0	0	0	0	0	0	0	0	0	0	0
C3_05760W_A	C3_05760W_A	0	0	0	0	0	0	0	1	0	0	0	0	0	0	0	0	0	0	0	0	0	0	0	0	0	2	2	2	0	0	0	0	0	0	0	0	0	1	1	0	0	0	0	0	0	0	0	0	0	0	0	0	0	0	1	0	0	0	0	0
C3_05770C_A	SAM50	0	0	0	0	0	3	0	0	0	1	0	0	0	0	0	0	0	0	0	0	0	0	0	0	0	0	0	0	0	0	3	1.557	1	0	0	0	0	0	0	0	0	0	0	0	0	0	0	0	2.303	0	0	0	0	0	1	0	0	0	0	1
C3_05780C_A	CRZ1	0	0	0	0	0	0	1	2	0	0	0	0	0	0	1	0	0	2	0	0	0	0	0	0	1	1	0	2	0	0	1	0	1	0	1	0	0	1	1	0	0	0	0	0	0	0	1	0	1	0	0	2.812	4	1	2.001	1.001	0	0	0	1.246
C3_05790C_A	SGF11	0	0	0	0	0	0	0	0	0	0	1	0	0	0	0	0	0	0	0	0	0	0	0	0	0	0	1	0	0	0	0	0	0	0	0	0	0	0	0	0	0	0	0	0	0	0	0	0	0	0	0	1	0	0	0	0	0	1	0	0
C3_05800W_A	C3_05800W_A	1	0	1	0	1	0	2	2	1	4	0	0	0	0	0	0	2	0	0	0	0	1	2	0	3	0	4	1	5	0	5	0	1	0	1	0	0	1	0	0	1	0	0	0	2.82	0	1	2	2.231	1	1	0	5	3	4	4	5	4.858	5	1
C3_05810C_A	SKN1	1	0	1	0	0.995	2.114	0	0	0	0	0	0	0	0	0	0	0	1	0	1	0	0	0	0	0	0	0	0	0	0	0	2	0	0	0	0	0	1.06	0	0	0	0	0	0	0	0	0	0	1	0.998	0	0	0	0	2	3.004	1.293	0	2	1.19
C3_05820W_A	C3_05820W_A	1	0	0	0	1	0	0	0	0	0	0	0	0	0	0	1	0	0	0	0	0	0	0	0	0	0	1	0	0	0	0	0	0	0	0	1	0	0	0	0	0	0	0	0	0	0	0	0	0	0	0	0	2	0	0	0	0	1	0	0
C3_05830W_A	KRE6	0	0	0	0	0	0	0	0	1	0	0	0	0	0	0	1	0	0	0	0	2.002	0	0	0	0	1	0	0	0	0	1.216	0	0	1	0	0	0	0	0	0	3	0	0	0	0	0	0	1	0	0	0	1	0	1	0	0	1.062	1	1.109	0
C3_05840W_A	C3_05840W_A	0	0	0	0	0	0	0	0	0	0	0	0	0	0	0	0	0	0	0	2	0	0	1.845	0	2	0	1	0	0	0	0	0	1	0	0	1	0	0	1	0	0	0	0	0	0	1	0	0	0	0	1	0	1	0	1	1	0	0	0	0
C3_05850W_A	FYV10	0	0	0	0	0	0	0	1	0	0	0	0	1	0	0.999	0	0	0	0	0	0	2	1	1	1	1	0	1	0	1	0	0	0	0	0	0.968	0	1	0	0	0	0	0	0	0.983	0	0	0	0	0	0	0	0	0	0	1.744	1	0	0	0
C3_05860C_A	C3_05860C_A	0	0	0	0	0	0	1	0	0	0	0	0	1	1	0	0	0	0	0	0	0	0	0	0	0	0	0	0	0	1	1	0	0	0	0	0	0	0	0	0	0	0	0	0	0	0	0	0	0	0	1	0	1	0	0	0	2.534	1	0	0
C3_05870C_A	UBP1	0	3	1	1	1.007	0	0	1	0	0	0	3	0	1.096	1	1	8.205	3	10.014	3	1	3.894	2	0	0	2	0	1	0.999	0.999	2	1	1	0	1	2	0	0	0	0	1	0	0	0	0	0	1	0	0	1	0	0	1.7	1.995	0	2	0	2.479	0	2
C3_05880C_A	C3_05880C_A	0	0	0	0	0	0	0	0	0	1	0	0	1	0	0	0	0	0	0	0	0	0	0	0	0	0	0	1	0	0	0	0	0	0	0	1	0	0	0	0	0	0	0	0	0	0	0	0	0	0	1	0	0	0	1	0	0	0	0	3
C3_05890W_A	TRM12	0	0	1	1	1	1	1.005	1	2	1	0	1	1	1	0	0	0	1	1	0	2	0	1	2	6.004	4.775	2.244	2	1	2.776	0	0	0	0	1	1	1	0	0	0	2	1	0	2	2	2.686	5	2	1	0	1.569	2	2.198	1	0	2.998	0	4	1.531	1
C3_05900W_A	C3_05900W_A	0	0	0	1	0	0	0	0	0	0	0	0	0	0	0	0	0	0	0	0	0	0	1	0	1.022	0	2	0	0	0	0	1	0	0	1	0	0	0	0	0	0	0	0	0	0	0	0	0	3	0	0	0	0	0	0	0	0	0	1	1
C3_05910W_A	ZCF35	0	2	1	0	3.405	0	1.084	1	4	0	1	4	0	1	1	0	1	0	1	1	0	0	0	1.366	2	2.028	1	1	2.942	4	5	2	2	0	0	0	0	0	0	5	1.14	0	2	0	1.001	0	2	0	0	2.778	3.333	2	2.321	3	4.17	0	5.917	2.505	2	0
C3_05920W_A	MRR1	0	2	0	0	0	0	0	2	1	0	1	0	1	1	2	3	1.001	0	0	0	1	2	0	1.372	3.998	0	0	4	3.295	5	2.118	10	0	5	0	3	4.001	1	3	4	0	0	0	1	0	0	0	0	0	0	0	1	0	1	0	2	1.008	2	1	0
C3_05930W_A	CTA4	1	0	0	0	0	0	2	0	1	1	1	2	0	0	0	0	0	2	0	0	1.999	1	0	0	0	1.885	0	0	0	0	0	0	0	0	0	1	0	1	2	1	1	0	1	0	0	0	0	0	1.185	0	0	1	1	0	1	0	0	0	0	0
C3_05940C_A	C3_05940C_A	0	0	0	0	0	0	0	1	0	0	0	0	0	0	0	0	0	0	0	0	0	0	1	0	0	0	0	2	0	1	0	1	0	0	0	0	0	0	0	1	0	0	0	0	0	0	0	0	0	0	2	0	0	0	0	0	0	0	0	1
C3_05950W_A	C3_05950W_A	0	0	0	0	0	1	0	1	0	0	3	0	1	0	0	2	0	1	0.992	2	1	0	1	0	0	2	0	0	1	1	0	0	0	1	0	0	1	0	0	0	0	0	1	0	4	0	0	0	1	0	0	0	0	1	1	0	1	0	1.292	1
C3_05960W_A	ASE1	0	0	0	1	1	0	1.328	0	0	1	0	0	0	0	0	0	0	0	0	0	0	0	2.586	0	0	0	0	0	0	1	1	0	1	4	0	0	1	0	0	0	0	0	0	1	0	0	1	0	0	0	0	0	1	0	1.219	1	0	2	0	2
C3_05970C_A	HAL3	0	0	0	0	1	0	2	0	0	0	0	0	1	0	0	0	0	0	0	0	0	0	0	2	0	0	1	0	2.344	1	0	0	3	8	3	2	0	0	0	0	0	0	0	0	0	1	0	0	0	1	0	1	0	0	1	0	2	1	1	0
C3_05980C_A	FAA2	0	0	1	0	2	0	0	0	1	2	0	0	0	0	0	0	1.649	0	2	0	1	0	1	1	1	0	0	0	3	0	0	0	0	0	0	1	0	0	0	1	0	0	1	0	0	0	0	0	1	2.174	0	0	3	0	2	1.241	1.263	0	3	0
C3_05990C_A	C3_05990C_A	0	0	0	0	1	0	0	1	0	2	0	0	0	0	0	0	0	1	1	0	0	0	0	1.123	1	0	2	0	0	0	1	0	0	0	0	0	0	0	0	0	1	0	0	0	1	0	0	1	0	0.943	0	3	2.108	1	0	0	0	0	1	0
C3_06000W_A	AHR1	0	1	0	0	0	1	1.256	2	0	0	0	0	0	1	0	0	0	0	0	0	1.086	0	1	0	1.992	0	2	0	1	2	2	1	0	2	1	1	0	0	0	0	0	0	0	0	0	1	0	1	1	0	1	1.445	1.955	0	1	1	1	2	0	1
C3_06010W_A	CAM1	0	0	1	0	1	1	0	0	2	1	2	1	0	0	0	0	0	0	0	0	0	0	0	0	0	0	0	0	2	1	1	2	0	0	0	0	0	0	0	0	0	0	0	0	3	0	2	0	0	0	0	0	0	0	0	0	0	0	0	2
C3_06020W_A	MNN9	0	0	2	0	0	0	0	0	0.995	1	0	0	1	0	0	1	0	0	0	0	0	0	3	1	0	3	0	1	1	0	0	0	0	0	0	0	0	0	0	0	0	0	0	0	0	0	0	0	0	0	2.866	0	0	0	0	0	0	0	1	0
C3_06030W_A	NOG1	0	0	0	0	0	0	0	0	0	0	0	0	0	0	0	0	0	0	0	0	0	0	0.991	0	1	1	2	3	0	0	0	0	0	0	1	0	0	0	0	1	0	0	0	0	1	0	0	0	0	1.342	0	1	1	0.951	0	0	1	0	0	1
C3_06040W_A	C3_06040W_A	0	0	0	0	0	0	0	0	0	1	0	1	0	0	0	0	0	1	0	1	1	0	0	0	0	0	0	1	0	0	0	0	0	0	0	1	0	0	0	0	0	0	0	0	0	0	1	1	0	0	0	0	0	0	0	1	0	0	0	0
C3_06050C_A	C3_06050C_A	0	0	0	0	0	0	0	0	0	0	0	0	0	0	0	0	0	1	0	0	0	0	0	0	0	0	0	0	0	0	0	0	1	0	0	0	1	0	0	0	0	0	0	0	0	0	0	0	0	0	0	0	0	0	0	0	0	1	0	1
C3_06060W_A	ELP3	0	0	0	1.992	0	0	0	1	0	0	2	0	0	0	0	2	0	2	1	0	0	1	1	0	0	1.999	0	0	2	1	0	0	1	0	0	0	0	0	0	1	0	0	0	0	1.156	0	0	0	0	0	1	1	2.735	0	1.372	0.992	0	2	0	1.101
C3_06070C_A	PBS2	0	0	0	0	1	0	0	0.915	1	1.811	0	1	1	0	0	0	0	0	0	0	0	0	0	0	1	1	0	0	0	0	0	0	0	0	0	0	0	0	0	0	0	0	0	1	2	0	1	0	1	0	1.502	0	0	1	0	0	0	2	1	1
C3_06080W_A	REV3	0	0	1	0	4	3	2	1	1	1	1	0	0	2	0	1	2	0	0	0	0	1	0	1	3.352	3.478	3	2.15	2.543	3	0	1	0	1	1	1.026	0	0	1	0	1.275	0	0	1	0	0	0	1	1.083	0	1	0	2.997	2	4	1	2.481	2.072	2.619	2
C3_06090C_A	OCH1	1	0	0	1	4	0	0	0.986	0	0	1	1	0	0	2	1	0	1	0	1	0	0	0	0	3	0	3	6	1	2	1	0	0	1	0	2	0	0	1	6	0	0	0	0	1	1	0	0	1	0	0	1	0	0	1	1	1	2	1	0
C3_06100C_A	DED1	0	0	0	0	0	0	0	0	0	0	0	0	0	0	1	0	0	1	0	1	0	0	0	0	0	0	1	0	0	0	1	0	0	0	0	0	1	0	0	0	0	0	0	0	0	0	0	0	0	0	0	0	0	0	0	0	0	0	0	0
C3_06110C_A	C3_06110C_A	0	0	0	0	0	0	1	0	0	0	0	0	0	1	0	0	0	0	0	1	1	1	1	0	1.698	0	0	1	0	0	0	0	0	0	1	0	0	0	0	0	0	0	0	0	1.086	0	0	0	1.205	0	0	1	3.999	1	0	0	0	0	0	1
C3_06120C_A	GDA1	0	0	1	0	1	1.133	0	0	0.992	0	1	0	0	0	0	0	0	0	0	0	2	3	2	3	0	0	1.262	1	1	0	0	0	1	0	0	1	0	1	0	1	0	1	0	0	0	0	1	0	0	0	0	1	1	1	0	1	1	0	0	0
C3_06130W_A	C3_06130W_A	1	1	1	0	5	6	2.111	8	1.999	2	0	0	0	2.001	0	1	2	0	0	0	2	2	1	0	4.764	2	1	4	2	2	2	1	2	2	1	0	2	0	2	1	0	0	0	1	2	3	3	3	3	5	2	2.927	1	3	4.986	4	2	3.284	1	0
C3_06140W_A	C3_06140W_A	0	0	0	1	0	0	0	0	0	0	0.946	0	0	0	0	1	1	0	2	0	0	0	0	0	1	1.054	0	0	0	0	2	1	0	0	0	0	0	0	0	0	1	0	0	0	0	0	0	0	1	0	1.573	1.173	0	0	0	1	0	1.814	2.603	0
C3_06150W_A	C3_06150W_A	0	0	0	0	0	2	1	0	1	0	1	2	1	0	1	0	0	0	0	0	0	0	2.781	0	2.001	0	3	3.609	1	1	0	4	2	0	0	1	1	0	0	0	0	0	1.333	0	1	0	1.921	1	2	0	3	0	0	1	5.001	1	0	0	2	1.441
C3_06160C_A	NSA2	0	0	0	0	0	0	1	0	0	0	0	0	0	0	0	0.5	1	0	0	0	0	0	0	0	0	0	0	0	0	0	0	0	0	0	0	0	0	0	0	0	0	0	0	0	0	0	0	0	0	0	1	0	0	0	0	0	0	0	0.458	0
C3_06170C_A	C3_06170C_A	0	0	0	0	0	0	0	0	0	1	0	0	0	0	0	0	0	0	0	0	0	0	0	0.481	0	0	0	0	0	0	0	0	0	0	0	0	0	0	0	0	0	0	0	0	0	0	0	0	1	0	1	0	0	0	0	1	1	0	0	0
C3_06180C_A	TSA1	0	0	0	0	0	1	0.5	0	0	0	0	0	2	0	5	0	0	0	0	0	0	0	0	0	0	1	0	0	0	0.5	0	0	0	0	0	0	4	4	0	0	0	0	0	0	0	1	0	1	0	0	0	0	2	0	1	0	0	0	0	0
C3_06190C_A	ALS6	0	0	0	0	0	0	0	2	0	0	0	0	1	1	0	0	0	0	0	0	0	0	0	0	0	0	1	0	1	0	0	1.988	1	0	0	0	0	0	0	0	0	0	0	0	0	0	0	0	0	1	0	1.183	0	0	0	0	0	1	1	0
C3_06200C_A	MMS21	1	0	0	0	0	1	0	1	0	0	0	0	0	0	1	0	0	0	1	0	0	0	0	1.922	0	0	0	0	0	0	1	1	0	0	0	0	1	0	0	0	0	0	0	0	0	0	0	0	0	0	1	0	0	1	1	1	1	0	1	0
C3_06210C_A	MUB1	0	0	0	0	0	0	0	1.003	0	0	1	0	0	1.006	1.003	1	2	0	4	4	0.999	0.999	1.011	1	0	0	0	0	3	2.009	1	2	0	0	0	0	3	2	3	7	1	0	0	0	3	0	0	0	1	0	1.068	2	0	0	0	0	1.112	0	2	0
C3_06220C_A	OAC1	0	0	0	0	0.907	2	1	0	0	0	2	0	0	0	0	0	0	1	0	1	0	0	1	0	0	1	1	0	0	0	1.022	1	0	1	0	1	0	0	0	0	0	0	0	0	0	0	1	0	1	0	0	0	0	0	0	1	2	0	0	1
C3_06230W_A	CYM1	0	0	0	0	1	1.048	2	0	1	0	0	0	0	0	0	1	0.982	1.148	0	0	1.993	0	0	0	0	1	3	0	0	0	0	1	0	0	0	1	0	1	0	0	1	0	0	1	0	0	0	0	0	1	0	1.138	0	0	0	3	1.348	0	1	0
C3_06240C_A	C3_06240C_A	0	0	0	0	0	0	0	0	0	0	0	0	0	0	0	0	0	0	0	0	0	0	0	0	0	0	0	0	0	0	0	0	0	0	0	0	0	0	0	0	0	0	0	0	0	0	0	0	0	0	0	0	0	0	0	0	0	0	0	0
C3_06250W_A	ERV25	6	6	8	7	0	0	0	0	1	2	1	0	0	0	0	0	1	0	0	0	0	0	0	0	0	2	1	0	1.006	0	1	1	2	3	2	2	0	0	0	0	0	0	0	0	1	1	0	0	0	1	1	1	1	0	0	2	0	0	4	0
C3_06260C_A	C3_06260C_A	1	0	1.555	0	1	0	0.875	2	1	0	0	0	1	0	2	0	0	0	1	1.013	0	0	1	0	0	1.002	1	0	2.883	1	2	2	0	4	5	2	3	3	2.043	5	0	0	0	0	2.012	3	5	6	0	0	0	1	0	1	0	2.051	3	2	1	0
C3_06270C_A	C3_06270C_A	0	0	0	0	0	0	1	0	0	0	2	0	1	0	0	0	0	0	0	0	1	0	0	1	1.767	0	0	0	0	0	0	1.012	0	0	0	0	0	0	0	0	0	0	0	0	0	1	1	0	1	1	0	0	0	0	0	0	1	0	1	1
C3_06280W_A	C3_06280W_A	0	0	0	0	0	0	1	0	0	0	0	0	0	0	0	0	1	0	0	0	0	0	1	0	0	0	1	1	1	0	2	3	0	0	0	1	0	0	0	0	0	0	0	0	2	0	2	1	0	0	0	0	0	0	0	0	0	1	0	0
C3_06290W_A	C3_06290W_A	1	0	0	0	1.144	0	0	0	0	0	0	1	0	0	0	0	0	0	0	1	0	0	0	0	2	3	1	1	0	0	1	0	0	0	0	0	0	1	1	0	0	0	0	0	4.996	1	0	0	2	0	0	0	3	0	2	2	0	0	0	0
C3_06300W_A	DOT1	0	0	2	0	1	1	0.998	2	1.2	1	0	0	0	0	0	0	0	1	0	2	7	3.001	2	4.001	0	4.641	1	1	0	2.001	0.878	2	1	0	1	1	1	0.999	0	0	0	0	1	0	0	0	1	1	1.176	1.032	1.204	1	3	1	1.236	3.002	0	3	2.171	2.56
C3_06310C_A	ISW2	1.055	0	1	1	0	0	1	4	1	1	0	0	0	0.999	0	0	4	0	0	0	1	1.001	0	0	2.126	0.817	0	1.255	1.998	1	2	1	2.864	2.161	1	0	0	1	2	0	0	1	2	0	3	0	2	2	2	2.757	1	0	1	1	1	2	1.039	0	0	0
C3_06320W_A	ALS7	1	3.008	0	0	0	0	1.213	0	0.865	0	0	0	0	0	0	0	1	0	0	0	0	0	0	1	0	0	1	1	1	0	0	0	2	0	0	2	0	1	0	0	2.444	0	0	0	2	0	0	0	4.621	0	0	1	0	0	0	2	3.196	0	0	1.081
C3_06330W_A	TSA1B	0	0	0	0	0	0	0.5	0	0	0	0	0	0	1	0	2	0	0	0	0	0	0	0	0	4	1	3	4	0	0.5	0	0	0	0	0	0	0	0	6	5	0	0	0	0	0	0	3	0	0	0	0	0	0	0	0	2	0	0	0	0
C3_06340W_A	HNT2	0	0	0	0	0	0	0	1	0	0	0	0	0	0	0	0	0	0	0	0	0	0	0	0	0	0	0	0	0	0	0	0	0	0	0	1	0	0	0	0	0	0	0	0	0	0	0	0	0	1	1	0	0	0	0	0	0	0	0	0
C3_06350W_A	MED6	0	0	0	0	0	0	0	0	0	0	0	0	0	0	0	0	0	0	0	0	0	0	1	0.481	0	0	0	0	0	0	0	1	0	0	0	0	0	0	0	0	0	0	0	0	0	0	0	0	0	0	1	1.388	0	0	0	0	1	0	0	0
C3_06360C_A	CYP5	1	0	1	1	0	0	0	0	0	0	0	0	0	0	0	0	8	6	2	8	0	0	0	0	0	0	0	0	0	0	0	0	0	0.999	0.999	0	0	0	0	0	1	0	0	0	0	0	0	0	0	1	0	0	0	0	0	0	0	0	1	0
C3_06370C_A	C3_06370C_A	0	1	0	0	0	1	2	1	0	0	1	0	0	3	0	0	0	0	1	1	0	0	0	0	3	1	0	0	0	2	0	2	1	1	0	0	0	0	0	1	0	0	1	1	0	1	0	1	1	3	0	2	2	3	4	2.651	3	3	1	2
C3_06380W_A	NSA2	0	0	0	0	0	0	0	0	0	0	0	0	0	0	0	0.5	1	2	1	2	0	0	1	0	0	0	0	0	0	0	0	0	0	0	0	1	0	0	0	0	0	0	0	0	0	0	0	0	0	0	1	0	0	0	0	0	0	0	0.458	0
C3_06390W_A	C3_06390W_A	0	0	0	0	0	0	0	0	0	0	0	0	0	0	0	0	0	0	0	0	0	0	0	0	0	0	0	0	1	0	0	0	0	0	0	0	0	0	0	0	0	0	0	0	0	0	0	0	0	0	0	1	1	0	0	0	1	0	0	0
C3_06400C_A	C3_06400C_A	0	0	0	0	0	1	0	0	0	0	1	0	0	0	3	1	0	0	0	0	0	1	0	1	0	0	1	1	0	0	0	1.053	0	0	0	0	1	0	0	0	1	0	0	0	1	0	1	0	0	0	0	0	1.81	0	0	2	1.771	2	3	1
C3_06410C_A	C3_06410C_A	0	0	0	1	0	0	0	0	0	0	0	0	0	0	0	0	0	0	0	0	0	0	0	1	1	0	0	0	0.998	0	0	1	0	0	0	0	0	0	0	0	0	0	0	0	0	0	0	0	0	0	0	0	4	0	0	0	0	1	0	0
C3_06420C_A	C3_06420C_A	1	2	3	2	0	0	0	0.775	1	0	0	1	0	0	1	0	0	0	0	0	1	0	0	0	0	0	0	2	0	0	1	1	2	1	0	0	0	3	1	0	0	0	0	0	1	0	1	0	0	1	1	0	0	0	0	0	0	0	0	0
C3_06430W_A	APN1	1	0	0	0	0	1	0	0	0	0	0	0	0	0	0	0	0	0	0	0	0	0	0	0	0	0	0	0	0	0	2	0	0	0	0	0	0	1	0	0	0	0	0	0	0	1	1	2	0	0	0	0	1	0	1	1	1	0	1	0
C3_06440W_A	C3_06440W_A	0	0	0	0	0	2	0	1	0	0	0	0	0	0	0	0	1	2	2.634	1	1	0	1	0	1	1	0	0	0	2.001	2	0	0	0	1.211	0	3	1	1	1	0	0	0	0	0	1	0	1	0	0	1	3.26	0	0	0	0	2.255	1	2	4.235
C3_06450W_A	GLG2	0	0	0	0	0	0	0	0	0	0	0	0	0	0	0	0	0	0	0	1	0	0	0	0	0	0	1	1	0	0	0	0	6	6	7	5	0	0	0	0	0	0	0	0	0	0	0	0	0	0	0	1	0	0	1	0	0	0	1	0
C3_06460C_A	tH(GUG)3	0	0	0	0	0	0	0	0	0	0	0	0	0	0	0	0	0	0	0	0	0	0	0	0	0	0	0	0	0	0	0	0	0	0	0	0	0	0	0	0	0	0	0	0	0	0	0	0	0	0	0	0	0	0	0	0	1	0.5	0	0
C3_06470W_A	AAF1	1	1	1	0	1	0	0	0	0	0	0	1	0.997	0	0	0	3	4	4	0	0	0	0	0	0	0	0	0	1	3	1	4	0	1	1	1	0	0	1	0	0	0	0	0	4	0	1	1	0	0	0	0	0	0	0	1	0	0	0	1.436
C3_06480C_A	ECM15	0	0	0	0	0	0	0	0	0	0	2	2	0	0	0	0	0	0	0	0	1	0	0	0	0	0	0	0	0	0	0	0	0	0	0	0	0	0	0	0	0	0	0	0	0	0	0	0	0	0	0	0	0	0	0	0	0	0	0	1
C3_06490W_A	C3_06490W_A	3	0	0	1	0	0	0	0	0	0	0	0	0	0	0	0	0	1	0	0	0	0	0	0	0	0	0	0	0	0	0	0	0	0	0	0	0	0	0	0	0	0	0	0	0	0	0	0	0	0	0	0	0	0	0	1	0	0	0	1.715
C3_06500W_A	UBA1	0	1	1	0	0	0	0	0	0	0	0	0	1	0	0	1	0	1	0	0	0	0	1	0	1	0	1	0	0	2	0	1	0	0	3	1	0	0	0	0	0	1.025	0	0	0	0	0	0	0	0	0	2	3	0	0	0	0	0	1.421	0
C3_06510C_A	HST6	2	1	0	0	0	0	1	1.345	1.017	0.834	1	1	0	0	0	0	0.974	0	0	0	2	0	0	1	0	3	1	1	1.556	1.113	3	5.208	0	1	1.197	0	0	0	0	0	1	0	0	0	1	0	1	0	1	0	0	0	0	1	0	3	0	0	0	1.236
C3_06520C_A	C3_06520C_A	0	2	0	0	0	0	2	0	0	0	0	0	1	0	0	0	0	0	0	0	0	0	0	0	1	0	0	1.006	1	2	0	0	0	0	0	0	0	0	0	0	0	0	0	0	0	0	0	0	0	1	0	1	0	0	1	0	0	0	0	0
C3_06530W_A	C3_06530W_A	0	0	0	0	0	0	0	1	0	0	0	0	0	0	0	0	0	0	0	2	0	1	0	0	0	0	0	1	0	0	1	0	0	0	0	0	0	0	0	0	0	0	0	0	0	0	0	0	0	0	0	1	0	0	0	0	1.352	0	1	0
C3_06540C_A	C3_06540C_A	0	1	0	0	1	1	0	2	0	0	0	1	1	0	0	0	0	0	0	1	2	0	1	0	0	1	1	0	0	2	2	3	0	1	0	1	0	1	0	0	0	0	1	0	2	3	0	1	1	0	0	2	0	1.002	1	1.008	1	1	1	1
C3_06550C_A	C3_06550C_A	0	0	0	0	0	0	0	0	2	0	1	1	1	0	0	1	0	0	2	1	0	0	1	1	0	0	0	1	0	1	0	1	0	1	0	1	0	1	0	0	0	0	1	1	0	1	1	0	2	0	3	1	1.002	0	1	0.997	1	0	2	0
C3_06560W_A	C3_06560W_A	0	0	0	1	1	1	0	0	0	1	0	0	4	1	6	4	4	0	3	2	1	1	1	2	4.992	1	4	0	0	0	1	2	1	3	1	3	0	0	0	0	0	0	0	0	0	0	0	0	0	0	0	0	0	1	2	0	2	0	0	1
C3_06570C_A	OPI3	0	0	0	0	0.872	0	0	0	0	0	0	0	0	0	0	0	0	0	0	0	0	0	0	0	0	0	0	0	0	1	0	0	0	0	0	0	0	0	1	0	0	0	0	0	0	0	0	0	1	0	1	0	0	0	0	0	0	1	0	0
C3_06580W_A	JEN1	0	1	0	1	0	0	1	0	0	0	0	0	0	0	0	0	3	3	5	2	0	2	0	0	0	0	0	0	0	1.315	0	0	1	0	1	0	0	0	0	1	0	0	0	0	0	1	1	1	0	1	1	0	0	3	1.02	0	0	1	1	0
C3_06590W_A	LYS9	0	1	0	0	0	1	0	1.494	0	0	0	0	0	0	0	0	0	0	1	0	0	0	0	0	0	0	1	0	0	1	0	0	3	2	1	1	0	0	0	1	0	0	0	0	0	1	0	0	0	0	0	0	0	0	0	0	0	0	1	0
C3_06600C_A	DML1	0	0	0	0	0	2	0	0	1	1	1	0	1	1	0	1	0	0	0	0	0	0	0	0	0	0	1	0	1	1.418	0	0	1	0	1	0	0	0	0	0	0	0	0	0	0	2	0	0	0	3	0.959	1	1	0	0	0.997	2	0	1.577	0
C3_06610W_A	C3_06610W_A	0	0	0	0	0	0	1	0	1	0	0	0	0	0	0	0	0	0	0	0	0	0	2	0	0	0	2	0	1	0	0	0	0	0	0	0	0	0	0	0	0	0	0	0	0	0	0	0	0	0	0	0	0.999	0	0	0	0	1	0	0
C3_06620W_A	FUN31	0	0	2	0	2.878	0	1.113	2	0	0	0	0	0	1	0	0	0	1	1	0	2	0	1	0	1	1.716	2.426	2	0	0	1.046	1	0	0	0	0	0	1	0	0	1	0	2	0	1	2	0	1	0	0	0	2.324	1.002	0.774	1	2.006	0	0	3.504	0
C3_06630W_A	C3_06630W_A	1	0	0	1	1	1	0	0	0	0	1.997	0	1	0	0	0	0	0	1	0	0	1	0	0	0	0	0	0	0	1	0	0	1	0	0	1	1	0	0	0	0	0	0	0	0	0	0	0	0	0	0	0	0	1	2	0	0	0	0	1
C3_06640W_A	C3_06640W_A	0	0	0	0	0	0	0	0	0	0	0	0	0	0	1	1	0	0	0	1	0	0	0	0	0	0	0	1.001	0	0	0	1	0	0	0	0	0	0	0	0	0	0	0	0	1	0	0	0	0	0	1	0	0	0	0	0	1	0	0	0
C3_06650C_A	TAF60	1	0	0	0	0	1	0	0	0	0	0	0	0	0	0	0	0	0	1	0	0	1	0	0	0	0	0	0	0.999	1.582	4	2	0	0	0	0	1	0	1	1	0	0	0	0	0	0	0	0	0	0	0	0	0	0	0	0	0	0	0	1.187
C3_06660C_A	C3_06660C_A	0	0	0	0	0	0	0	0	0	0	1	1	5	6	5	3	0	0	0	0	0	0	1	0	0	0	0	0	0	0	0	0	2	1	1	0	0	0	1	0	0	0	0	0	0	0	0	0	0	0	0	1	0	0	0	0	0	0	0	1
C3_06670C_A	C3_06670C_A	1	0	0	1	0	0	0	1	1	0	0	0	0	1	0	0	0	0	0	0	0	0	0	0	1	0	1	0	0	0	0	0	0	0	0	0	0	0	0	0	0	0	0	0	0	0	0	0	2	1	0	0	1	0	0	2	1.722	0	1.036	0
C3_06680C_A	C3_06680C_A	0	0	0	1	0	0	0	1	0	0	0	0	0	0	0	0	1	0	0	0	0	0	0	0	0	0	0	0	0	0	0	0	0	0	0	0	0	1	0	0	0	0	0	0	0	0	0	0	0	0	0	0	0	0	1	0	0	2	0	2
C3_06690C_A	C3_06690C_A	0	0	0	0	0	0	0	0	0	0	0	0	0	0	0	0	0	0	0	0	0	0	1	0	0	0	0	0	2	1	2	5	0	0	0	0	0	0	0	0	0	0	0	0	0	0	0	0	1	0	0	0	0	0	0	0	0	0	0	0
C3_06700C_A	RMD9	1	0	0	0	0	0	0	0	0	0	1	1	0	2	1	0	0	0	0	0	0	0	0	0	0	0	0	1.174	1.118	1	0	0	1	1	0	0	0	0	0	0	0	0	0	0	0	0	0	0	0	0	0	0	0	0	0	2	0	0	0	0
C3_06710W_A	C3_06710W_A	0	0	0	0	0	1.137	0	2	0	0	0	0	0	0	0	0	0	0	0	0	1	0	0	0	1	0	1.999	2	0	0	1	0	0	0	0	0	0	0	0	0	0	0	0	0	0	0	1	0	1	2.405	0	0	3	1	3	4	0	0	0	0
C3_06720W_A	PRP5	0	0	0	0	1	0	1.016	0	1	2	1	1	1	0	1.001	0	0	0	2	0	0	0	0	0	1	0	4	2	0	1	0	0	0	3	0	1	0	0	0	1.009	0	0	0	0	3	5	3	5	3.464	2	2	0	2	3	1	1	2.83	2.428	2	2
C3_06730W_A	C3_06730W_A	1	0	0	0	0	0	0	0	0	0	0	0	0	0	0	0	0	1	0	0	0	0	0	0	0	0	0	0	0	0	0	0	0	1.005	1	0	0	0	1	0	0	0	0	0	0	5	0	0	0	1	0	0	0	0	0	0	1	0	0	1.405
C3_06740W_A	C3_06740W_A	0	0	0	0	0	0	0	2	6	4	4	6	0	0	1	0	0	0	0	1	0	1	0	0	1	0	1	1	0	0	0	0	0	1	2	0	0	1.001	0	0	0	0	0	0	1	0	0	0	2	1.122	0	1	1.999	0	0	0	0	0	1.253	0
C3_06750W_A	C3_06750W_A	0	0	0	0	0	0	0	2	0	0	0	0	0	0	0	0	0	0	0	0	0	0	0	0	0	0	0	0	4	3	2	0	0	0	0	0	1	0	1	0	0	0	0	0	1	1	0	1	0	0	0	0	1	0	2	2	0	0	0	0
C3_06760W_A	C3_06760W_A	0	0	0	1	1	0	1	1	0	0	0	0	0	1	1	0	1.015	1	1	0	0	0	0	0	0	0	0	0	0	0	0	0	0	0	0	0	0	0	0	0	0.997	0	0	0	0	2	0	0	0	1	0	0	1	0	1	0	0	0	0	0
C3_06770W_A	SLU7	0	0	0	1	1	2.856	0	2	0	0	0	0	0	0	1	1	0	0	0	0	0	1	2	0	0	0	0	0	2	1	0	0	0	0	1	1	1.001	0	0	0	0	0	0	0	0	0	0	0	1	2.625	0	1	1	0	0	0	0	1	1	1
C3_06780C_A	SLF1	2	0	0	0	0	0	0	0	0	0	0	0	0	0	0	1	0	1	0	0	0	0	0	0	1	1.001	0	0	0	1	1	0	2	0	0	0	0	0	0	0	0	0	0	0	0	0	0	1	0	0	1	0	1.802	0	0	0	1	0	2	1
C3_06790W_A	TRY6	0	0	0	0	1	1.261	0	2	0	0	0	0	0	0	0	0	0	1	0	0	0	3	0	0	0	0	2	0	0	1.005	2	2	0	0	0	0	0	0	0	0	0	0	0	0	1	0	0	0	0	0	0	0	0	0	0	1	0	0	1	1.485
C3_06800C_A	DCN1	0	0	0	0	0	0	1	0	0	0	0	0	1	0	0	0	0	0	0	0	1	0	0	0	0	0	0	1	0	0	0	0	0	0	1	0	0	0	0	0	0	0	0	0	0	0	0	0	0	0	0	0	1.036	0.998	0	0	1.203	0	1	0
C3_06810W_A	C3_06810W_A	0	1	0	3	3.003	0	1	0	0	0	0	0	0	0	0	0	0	0	0	0	0	0	0	0	0	0	0	0	0	1	0	0	0	1	0	0	0	0	1	1	0	0	0	0	0	0	0	0	1.937	0	0	1	0	1	2	1	1	0	0	0
C3_06820C_A	TAF12	0	0	0	0	0	0	0	0	2	3	2	2	2	3	1	1	1	0	0	0	0	0	1	0	2	1	0	2	0	0	1	0	0	0	0	0	0	0	0	0	0	0	0	0	0	0	0	0	0	1	0	2	1	0	0	0	1	0	0	1
C3_06830C_A	C3_06830C_A	1	2	0	0	5	3	7.786	2.081	2.008	1	1	3	0	2	0	2.907	2	0	1	0	3	2	3	2	2	3	1	1.009	1.15	0	1	1	8.016	4	9	4.84	3	0	1.073	1	1	0	0	0	4	2	0	1	2.491	4.931	4.085	4.651	4.975	5	4.948	2	0	5.033	3	3.165
C3_06840C_A	tW(CCA)2	0	0	0	0	0	0	0	0	0	0	0	0	0	0	0	0	0	0	0	0	0	0	0	0	0	0	0	0	0	0	0	0	0	0	0	0	0	0	0	0	0	0	0	0	0	0	0	0	0	0	0	0	0	0	0	0	0	0	0	0
C3_06850W_A	FCR1	0	0	0	0	0	1	0	0	0	0	0	0	0	0	0	0	0	0	0	0	0	0	0	0	1	0	2.744	0	0	1	0	0	0	0	0	0	0	0	0	0	0	0	0	0	0	0	0.977	0	2.49	0	1	2	0	0	1	0	0	1	1	0
C3_06860C_A	C3_06860C_A	0	0	0	0	1	0	0	0	0	0	0	0	0	0	0	0	0	0	0	0	0	0	0	0	0	0	0	1	0	0	0	0	1	0	0	2	0	0	0.992	0	0	0	0	0	0	0	0	0	0	1	0	0	0	0	0	1	0	0	0	0
C3_06870W_A	TDH3	0	0	0	0	2	1	1	3	3	4	4	3	0	0	0	0.971	5	2	2	0	1	2	0	2	4	0	1	2	0	2	1	4	1	6	4	2	0	0	1	1	0	0	0	0	1	1	1	3	1	0	0	0	2	3	0	6	0	0	0	0
C3_06880W_A	C3_06880W_A	1.371	0	0	0	0	1	2	1	0	0	0	0	1	0	0	0	1.786	0	0	1	0	0	0	0	0	0	0	0	0	1.64	0	1	0	0	0	0	0	0	1	0	0	0	0	0	0	0	0	0	1	3.07	0	0	0.997	0	1	0	0	1	1.779	0
C3_06890W_A	PMT2	0	0	0	0	1	0	1	0	0	0	1	1	0	0	0	0	0	0	0	0	0	0	0	0	0	1	0	0	1	0	0	0	0	0	0	1	0	0	1	0	0	0	0	0	0	0	0	1	0	0	0	0	1	0	0	0	1	0	0	0
C3_06900W_A	ISA2	0	0	0	0	0	0	0	0	1	1	4	1	0	0	0	0	0	0	0	0	0	0	0	0	0	1	0	0	0	0	0	0	1	0	0	0	0	0	0	0	0	0	0	0	0	0	0	0	0	0	1	0	1	0	0	0	0	0	0	0
C3_06910C_A	TPD3	0	0	0	0	1	0	0	0	0	1	0	0	0	0	0	2.012	0	0	0	0	0	0	0	0	0	0	0	0	0	1	0	1	0	0	0	1	0	0	1	0	0	0	0	0	0	0	0	0	0	1	0	0	0	0	0	0	1	1	0	0
C3_06920W_A	C3_06920W_A	0	0	0	0	0	0	0	1	0	0	0	2	0	0	0	0	0	0	0	0	0	0	0	0	0	0	0	0	1.223	0	0	0	0	0	0	0	0	0	0	0	0	0	0	0	1	1	0	0	1	0	0	0	0	0	0	0	0	1	0	0
C3_06940W_A	C3_06940W_A	0	1	0	0	0	1.082	1	0	1	4	2.999	1	0	1.686	0	1	0	0	1	0	10	3	2	2	0	1	1	0	0	0.999	0	1	0	1	0	0	0	0	0	1	0	0	2	0	3.883	2	1	0	0	0	0	1	1	0	1	3.994	0	1	1.168	0
C3_06950W_A	C3_06950W_A	1.985	0	0	1.303	1	0	0	0	1	2	1	1	0	1	2	0	0	0	0	1	1	1	0	1	3	1	2	1	1	2	2	1	0	0	0	0	0	3	0	0	0	0	1	0	0	0	1	2	1.619	0	0	0	0	1	0	1.111	0	5.452	1	3.778
C3_06960C_A	tY(GUA)3	0	0	0	0	0	0	0	0	0	0	0	0	0	0	0	0	0	0	0	0	0	0	0	0	0	0	0	0	0	0	0	0	0	0	0	0	0	0	0	0	0	0	0	0	0	0	0	0	0	0	0	0	0	0	0	0	0	0	0	0
C3_06970W_A	C3_06970W_A	0	0	0	0	1	0	2	0	1	1	1	0	1	1	1	0	0	0	0	0	0	0	1	0	0	1.341	1	0	1	2	0	0	0	0	0	0	0	0	0	0	0	0	0	0	1	0	0	0	0	0	0	1	0	1	1	1.525	1.129	0	0	0
C3_06980W_A	HUT1	0	1	0	0	0	0	0	0	0	0	0	0	0	0	0	0	0	1	0	0	0	0	0	0	1	2	0	1.036	0	0	0	0	0	0	0	0	0	0	0	0	0	0	1	0	0	1.314	0	1	1	1	0	0	1.717	0.986	3	0	2	1	1	0
C3_06990W_A	PFA3	0	0	0	1	2	0	0	0	1	0	0	0	1	0	0	0	0	0	1	0	0	0	0	0	0	0	1	0	0	1	0	0	1	0	0	0	0	0	0	0	0	0	0	1	0	0	0	0	0	0	1	0	1.119	0	0	0	0	0	0	0
C3_07000W_A	RPD31	1	0	0	1	1	0	1	0	0	1	0	0	0	0	0	1	0	0	0	0	0	1.994	0	1	0	0	0	0	1.213	1	0	1	0	0	0	0	1.002	1	1	2	0	0	0	0	3	1	2	1	0	0	0	1	0.911	1	0	0	0	0	1	0
C3_07010W_A	POS5	0	0	0	0	1	0	0	0	0	0	0	0	0	0	0	0	0	1	0	1	0	0	0	0	0	0	1	0	1	1	1	2	2	0	0	0	1	0	1	0	0	0	0	0	0	0.997	0	0	1.056	0	1	1	3	1	2	6	0	0	2.495	0
C3_07020W_A	SSN6	1	3	3	0	0	0	0	0	2	2	2	2	0	3	3	4	4	6	8	10	1	2	0	0	2	1.111	3	1	9	9	9	12	1	0	0	0	1	2	2	2	0	0	0	0	4	4	6	6	0	2	1	3	0	0	1	0	0	0	1	1
C3_07030C_A	C3_07030C_A	2	0	2	2	2	2	0	0	1	0	0	0	1	0	0	0	0	0	1	0	1	0	0	0	0	1	1	0	0	0	1	0	0	0	1.001	0	0	0	0	0	0	0	0	0	0	0	0	1	0	0	0	1	1	0	1	0	0	0	1	1
C3_07040C_A	YSA1	0	0	0	0	0	0	0	0	0	0	0	0	0	0	0	0	0	0	0	1	0	0	1.99	0	0	0	0	0	0	0	0	0	1	0	0	0	0	0	0	0	0	0	0	0	0	0	0	0	0	0	0	0	0	0	0	0	0	0	0	1
C3_07050W_A	SUS1	0	0	0	0	0	0.985	0	0	0	0	0	0	0	0	0	0	0	0	0	0	0	0	1	0	0	0	0	0	0	0	0	0	0	0	0	0	0	0	0	0	0	0	0	0	0	0	0	0	0	0	0	0	0	1	0	0	0	0	0	0
C3_07060W_A	FESUR1	1	0	0	0	0	1	0	0	4	3	2	3	1	3	1	0	1	0	0	0	0	0	0	0	0	0	0	0	1	1	0	0	1	0	0	0	0	0	0	1	0	0	0	0	2	5	7	3	0	0	0	0	9	6	6	4.009	0	1	0	0
C3_07070C_A	C3_07070C_A	0	0	0	0	1	0	0	0	0	1	0	0	0	0	0	0	0	0	0	0	1	1	0	0	0	2	1	1	0	0	0	1	8	5	12	5	0	1	0	0	0	0	0	0	0	0	0	0	0	0	0	0	0	1	0	1	0	1	2	2.884
C3_07080W_A	RRD1	0	0	0	0	0	1	0	0	0	0	0	0	0	0	0	1	0	0	0	1.196	0	0	0	0	0	0	0	2	1	0	1	0	0	0	0	0	0	0	1	1	0	0	0	0	0	0	0	0	0	0	0	0	0	0	1	0	1	0	0	0
C3_07090W_A	HHT1	0	0	0	0	0	0	0	0	0	0	0	0	0	0	0	0	0	0	0	0	0	0	0	0	4	4	2	3	0	0	0	0	0	0.788	0	0	0	0	0	0	0	0	0	0	0	2	2	2	0	0	0	0	0	0	1	0	0	0	0	0
C3_07100C_A	C3_07100C_A	1	0	0	1	0	2	1	1	0	2	2	2	0	1	2	3	0	1	2	0	2	1	0	0	0	0	1	2	0	1.247	0	1	2	0	0	0	0	1	1	0	0	0	1	0	1.029	0	1	2	2	1.121	0	4	3	2	1.998	3.178	3.446	2	0	1.346
C3_07110W_A	C3_07110W_A	1	1	0	1	3.01	2	0	1	0	0	2	1	1	1	0	0	0	0	0	0	1	0	1	0	2	2	2.009	1.401	1	0	0	1	0	3	1.231	1	2	3	2	0	0	0	0	0	1	0	1	0	0	2	0	2	0	0	2	1.003	1	1	1.354	0
C3_07120W_A	C3_07120W_A	0	0	0	1	0	1	0	0	0	0	0	0	0	0	1	0	0	0	0	0	0	1	0	0	0	0	0	0	0	0	0	0	0	1	0	0	2	0	3	2	0	0	0	1	0	0	0	1	0	0	0	0	0	0	0	1	0	0	1	0
C3_07130W_A	C3_07130W_A	0	0	0	0	0	0	0	0	0	0	0	0	0	0	0	0	0	0	0	0	0	0	0	0	0	0.991	0	0	1	0	0	0	0	0	0	0	0	0	0	0	0	0	0	0	0	0	0	0	0	1	0	0	0	0	0	0	0	0	1	0
C3_07140C_A	C3_07140C_A	1	0	0	0	5	3.757	11	2	0	0	1	0	0	0	0	1	0	1	1	0	1	1	0	0	0	0	0	0	0	0	1	0	0	0	0	1	0	0	0	0	1	0	1	0	1	0	0	0	0	1	0	0	1.999	2	0	0	0	0	0	1
C3_07150C_A	RPS12	0	0	0	0	1	3	3	4	0	0	0	0	2	4	2	1	8	0	6	1	0	0	0	1	0	0	0	0	0	0	1	0	0	0	0	0	0	0	0	0	0	0	0	0	0	0	0	0	0	0	0	0	0	0	0	0	0	0	0	0
C3_07160W_A	PGA32	0	0	0	0	0	0	0	0	0	0	1	1	0	1	0	0	0	0	0	0	0	0	0	0	0	0	0	0	0	0	0	0	0	0	0	0	0	0	0	0	0	0	0	0	0	0	0	0	0	0	0	0	0	0	0	0	0	0	0	0
C3_07170C_A	C3_07170C_A	0	0	0	0	0	0	0	0	0	3	0	5	0	0	0	0	1	0	0	0	0	0	0	1	0	0	2	0	1	0	1	1.079	1	1	2	0	1	1	0	0	0	0	0	0	1	4	1	2	0	0	1	1	3.932	2	1	1	0	1	0	0
C3_07180C_A	BMT1	2	1	0	0	1	0	1	1	0	0	1	0	0	0	1.998	0	0	1	0	0	0	0	0	1.573	5	3	3	2	0	0	1	1.003	1	0	0	0.998	0	2	0	0	0	0	2	0	3	1.005	5	2	0	0	0	1	0	1	0	0	0	1.195	0	1
C3_07200C_A	ZFU2	0	0	0	1	0	0	0	1	0	0	0	1	2	0	0	0	1	0	0	0	0	0	0	1	3	2	1	2	1	1	0	0	0	0	1	2	0	0	1	0	0	0	0	0	0	1	1	2	0	0	2	0	1	0	1	1	1	3	0	2.075
C3_07210W_A	MET8	0	0	0	0	0	0	0	0	0	0	0	0	0	0	0	1	1	0	0	0	0	0	0	0	0	0	0	0	0	0	0	0	0	0	0	0	0	0	0	0	0	0	0	0	0	0	0	0	0	0	0	1	0.936	0	0	0	2.968	2	0	0
C3_07220C_A	PRO2	0	0	0	1	0	0	0	1	3	0	0	0	0	0	0	0	0	0	0	0	0	0	0	0	0	0	0	0	1	1	1	0	3	0	0	0	0	0	0	1.001	1	0	0	0	0	1	0	0	1	0	2.872	2	1.958	0	2.032	1	0	0	0	0
C3_07230W_A	C3_07230W_A	0	0	0	0	1.242	2.035	0	1	0	1	0	0	0	0	0	2.011	0	1	0	0	0	0	0	0	1	0	2	0	4.001	5	2.287	0	0	0	2	0	0	0	3	2.001	1	1	0	0	1	0	0	0	1.238	1	0	0	0	4	1	0	3.137	2	0	0
C3_07240W_A	C3_07240W_A	0	0	0	0	0	0	0	1	2	0	0	0	0	0	0	0	0	0	0	0	0	0	0	0	0	1	0	0	0	0	0	0	0	0	0	0	0	0	0	0	0	0	0	0	0	0	0	0	0	0	0	1	1	0	0	0	1	0	0	1
C3_07250W_A	GCD2	0	0	0	0	1	0	0	0	0	0	0	0	5	2	1	0	0	0	0	0	0	0	0	0	0	0	0	1	0	0	0	0	1	0	0	0	0	0	1	1	0	0	0	0	0	0	0	1	0	0	1.678	0	0	0	2.882	0	0	0	0	0
C3_07260C_A	ECM29	0	1	0	0	0.997	4	1	0	1	0.672	0	0	0	2	0	0	0	0	1	0	5	2.001	2	2	2	1	2	0	0	1	0	1	1	2	1	0	2	0	0	0	0	0	0	0	1	0	0	0	2	1	2	0	2.16	2.043	1.177	1.184	1.112	1.817	2.405	2.52
C3_07270C_A	UBI4	0	0	0	0	0	6	2	3	0	0	0	0	2	1	4	3	0	0	1	1	0	0	0	0	2	0	3	0	0	0	0	0	0	0	0	0	0	0	0	0	0	0	0	0	0	1	1	1	0	0	0	0	2.002	4	9.993	3	0	0	1	0
C3_07280C_A	C3_07280C_A	0	0	0	0	0	0	1	0	0	0	0	0	0	0	0	0	0	0	1	0	0	0	1	0	0	0	1	1	0	2	1	1	0	0	0	0	0	0	0	0	0	0	0	0	0	0	0	0	0	0	1	0	1	1	0	0	1	1	1	0
C3_07290W_A	OCA5	0	0	0	1	0	1	0	0	4	7	3	7	0	0	0	1	0	4	2	1	0	0	0	0	1	0	2.246	1	0	0	1	1	0	0	1	2	0	0	0	0	0	0	0	0	1.002	1	0	1	1	2	0	0	0	0	0	2.368	1.667	0	1	0
C3_07300W_A	NOP13	0	0	0	1	0	0	0	0	0	1	0	0	0	0	0	0	0	0	0	1	0	0	0	0	0	0	0	0	3.008	4	0	6	0	0	0	0	0.748	0	0	0	0	0	0	0	0	0	0	1	0	2	0	0	2	0	1	0	1	0	1	0
C3_07310C_A	SLK19	0	1	1	0	8	7	6	4	10	9	5.604	6	20	14	27	14.813	8	19	6	10	2	4	5	0	10	10	18	15.991	17	11.16	13.021	21	1.076	0	0	1.16	4	6.187	8	14	0	0	0	0	8	12	8	5	1	0	0	0	14.005	17	17	10.271	2	0	2	1.175
C3_07320W_A	MDS3	0	0	0	0	3	2	3.072	4	0	0	0	1	2	0	0	0	0	0	1	1	0	1	1	0	0	1	1	0	0	0	0	0	0	1	0	1	1	0	0	0	0	0	1	1	2.587	2	2	3	0	2.193	0	0	1	1	0	0	1.119	0	0	1.226
C3_07330W_A	C3_07330W_A	0	0	0	0	0	0	1	0	0	0	0	0	0	0	0	0	0	0	0	0	0	0	0	0	1	0	0	0	0	0	0	0	0	0	0	0	0	0	0	1	0	0	0	0	0	0	0	0	0	1	0	0	0	0	0	0	1	0	1	0
C3_07340W_A	GCY1	0	0	0	0	0	0	0	0	0	0	0	0	0	0	0	0	0	0	0	0	0	0	0	1	0	0	0	0	0	0	0	0	0	0	0	0	0	0	0	0	0	0	0	0	0	0	0	1	0	0	0	0	0	0	0	1	0	0	0	0
C3_07350W_A	C3_07350W_A	0	3	1	3	0	0	0	0	0	0	0	0	0	0	0	0	4	4	6	8	0	1	0	0	0	0	0	0	1	0	1	0	0	0	0	0	0	0	0	0	1	0	0	0	0.967	0	0	0	0	0	0	0	0	1	0	1	1	0	1	1
C3_07360W_A	DLD2	0	0	0	0	0	0	0	0	0	0	0	0	0	0	0	0	1	0	1	2	1	0	0	0	0	0	1	1	1.088	0	0	0	0	0	0	1.016	0	1	0	0	1	1	0	1	1	0	0	0	1	1	1	0	0	0	0	1	0	0	0	0
C3_07370W_A	C3_07370W_A	0	0	0	0	0	0	0	0	4	0	2	3	0	0	0	1	0	0	0	1	1	1	0	0	0	0	0	0	1	0	0	0	0	0	0	0	0	0	0	0	0	0	0	0	1	0	0	0	1.002	1	1	0	0	0	0	0	0	0	0	0
C3_07380W_A	C3_07380W_A	0	0	0	0	0	0	0	0	1	0	0	0	0	0	0	0	0	0	0	0	0	1	0	0	0	0	0	0	0	0	0	0	0	0	0	0	1	1	1	2	0	0	0	0	0	0	0	0	1	0	0	0	0	0	0	0	0	0	0	1
C3_07390C_A	RSM10	0	0	0	0	0	0	0	0	0	1	0	0	0	0	0	0	0	0	1	0	0	0	0	0	3	1	0	1	0	0	1	1	0	0	0	0	0	0	0	1	0	0	0	0	0	0	0	0	0	0	0	0	0	0	0	0	0	3	1	0
C3_07400W_A	C3_07400W_A	0	0	0	0	0	0	0	0	1	0	0	0	0	1	0	0	0	0	0	0	0	0	1	1	0	1	0	0	0	0	0	0	0	0	0	0	0	0	0	0	0	0	0	0	0	0	0	0	1	0	1	1	2	0	0	0	1	0	0	1
C3_07410C_A	KRS1	1	0	1	0	0	0	1.502	0	0	0	0	0	1	0	0	0	0	0	0	0	0	0	0	0	0	0	0	0	0	0	0	0	0	0	0	0	0	0	0	0	0	0	0	0	0	0	0	0	0	1.975	0	0	1	0	1	1	1.64	0	1	0
C3_07420W_A	C3_07420W_A	0	0	0	0	0	3	4	4	0	0	0	0	0	0	0	0	0	0	0	0	1	0	0	0	0	0	0	0	0	0	0	0	0	0	0	1	0	0	0	0	0	1	0	0	0	0	0	1	0	0	0	0	2	2.871	5	3	0	0	0	0
C3_07430W_A	C3_07430W_A	0	0	0	0	1.001	0	0	0	1	0	0	0	0	0	0	0	0	0	1	0	0	2	1	2.645	3	3	0	0	0	0	1	0	0	0	0	0	3	3	3	3	0	0	0	0	0	1	0.844	0	0	0	2	0	1.02	0	1	0	0	0	0	0
C3_07440W_A	TPI1	0	0	0	1	0	0	0	0	8	7	7	8	0	0	0	0	0	0	0	0	0	0	0	0	1	2	0	1	1	1	3	4	0	0	0	0	0	0	0	0	0	0	0	0	3	2	0	0	1	0	0	0	0	0	0	0	0	0	0	0
C3_07450C_A	C3_07450C_A	0	0	0	0	0	0	0	1	0	0	0	0	2	1	5	4	1	0	0	0	5	2	2	2	0	1	0	1	1	2	4	2.02	0	0	0	0	0	0	0	0	0	0	0	0	0	0	0	1	0	0	0	0	1	2	1	0	0	0	2	0
C3_07460W_A	C3_07460W_A	0	0	0	0	2	0	1	0	0	0	0	0	1	4	2	0	0	0	0	0	1	1	2.188	3	0	0	0	0	0	1	0	0	0	0	0	0	0	0	0	0	0	0	0	0	0	0	0	0	0	0	1.077	0	0	0	0	0	1	1	0	0
C3_07470W_A	C3_07470W_A	0	0	0	0	3	3	3	2	0	0	0	1	1	0	0	0	0	0	0	0	0	0	0	0	4	2	8.894	3	1	1	0	0	0	0	0	0	0	0	0	0	0	0	1	0	0	0	0	0	0	0	0	0	1	0	0	0	0	0	0	0
C3_07480W_A	C3_07480W_A	0	0	1	0	1	0	0	0	0	0	0	0	0	0	0	0	0	2	1	0	0	0	0	0	0	1	0	0	1	0.998	0	0	0	0	0	1	0	0	0	0	0	0	0	0	0	1	0	0	0	0	0	0	0	0	0	0	2.424	2	0	0
C3_07490W_A	C3_07490W_A	0	0	0	0	0	0	0	0	0	0	0	0	0	0	0	0	0	0	0	0	0	0	1	0	2	2	1	2	0	0	0	0	4	8	4	3	0	0	0	0	0	0	0	0	0	0	0	0	4	1	0	0	2	0	0	0	1	0	0	1
C3_07500W_A	VAN1	0	0	0	0	1	0.993	0	1	1	1	0	0	1	0	0	0	4.548	1	1	0	0	2.952	3	4	0.999	0	6.929	0	1	0	3	0	2	0	1	0	2	0	0	0	0	0	0	1.707	1	0	2	0	0	0	0	0	2.923	3.716	0	1.001	0	1.543	1	3
C3_07510C_A	SNR52	0	0	0	0	0	0	0	0	0	0	0	0	0	0	0	0	0	0	0	0	0	0	0	0	0	0	0	0	0	0	0	0	0	0	0	0	0	0	0	0	0	0	0	0	0	0	0	0	0	0	0	0	0	0	0	0	0	0	0	0
C3_07520W_A	tR(UCU)5	0	0	0	0	0	0	0	0	0	0	0	0	0	0	0	0	0	0	0	0	0	0	0	0	0	0	0	0	0	0	0	0	0	0	0	0	0	0	0	0	0	0	0	0	0	0	0	0	0	0	0	0	0	0	0	0	0	0	0	0
C3_07530W_A	tF(GAA)5	0	0	0	0	0	0	0	0	0	0	0	0	0	0	0	0	0	0	0	0	0	0	0	0	0	0	0	0	0	0	0	0	0	0	0	0	0	0	0	0	0	0	0	0	0	0	0	0	0	0	0	0	0	0	0	0	0	0	0	0
C3_07540C_A	C3_07540C_A	0	0	0	0	0	0	0	0	1	0	0	0	0	0	1	0	4	2	5	2	0	0	0	0	0	0	0	1	0	0	0	0	0	0	0	0	0	0	1	0	0	0	1	0	0	0	0	0	0	0	1	0	0	1	2	0	0	0	0	0
C3_07550C_A	GEP3	0	1	1	0	1	0	0	0	0	1	0	2	0	0	1	0	0	1	0	0	0	0	1	0	0	1	1.382	1.848	2	0	1	0	0	0	0	0	0	0	1	2	0	0	0	0	0	1	0	0	1	0	0	0	3	2	2	2	3	0	1.147	0
C3_07560W_A	TCC1	0	0.986	0	0	0	0	1.001	0	0	0	0	1	1	2.776	0	0	0	1	1	0	0	0	0	1	0	0	1.317	0	1	0	0	0	0	0	0	1	0	0	0	0	0	0	0	0	0	1	0	0	0	0	0	0	0	0	0	0	0	0	0	2
C3_07570C_A	C3_07570C_A	0	0	0	1	1	0	0	1	0	0	0	0	0	0	0	1	0	0	1	0	0	0	0.849	0	1	0	0	0	0.912	0	2	0	0	0	0	0	0	1	0	0	0	0	0	0	0	0	0	0	2	0	0	0	0	0	0	1	0	0	1	0
C3_07580W_A	C3_07580W_A	0	0	0	0	3	1	1	2	0	0	0	0	0	0	0	0	0	1	0	0	0	0	0	0	0	0	0	0	0	0	0	0	2	0	0	0	0	0	0	0	0	0	0	0	0	0	0	0	0	0	0	0	3	2	2	3	0	0	0	0
C3_07590W_A	C3_07590W_A	0	0	0	0	0	0	0	0	0	0	0	0	0	0	0	0	0	0	0	0	0	0	0	0	0	0	0	0	0	0	0	0	0	0	0	0	0	1	0	0	0	0	0	0	0	0	0	0	0	0	0	0	0	0	0	0	0	0	0	0
C3_07600W_A	C3_07600W_A	0	0	0	0	0	0	0	0	0	1	0	0	2	0	0	2	0	0	0	0	0	0	0	0	0	0	1	0	0	0	1	0	0	0	0	0	0	1	0	0	0	0	1	1	0	0	0	0	1	0	0	0	0	0	0	0	0	0	0	1
C3_07610W_A	TIP120	0	0	0	0	8	1	5.725	5.729	1	0	1.001	0	0	0	0	0	4	4	4	3	0	0	1.63	0	0	0	0	1.113	1	0	2.625	0	1	0	2	1	0	1	0	0.954	0	0	0	0	1	0	0	0	1.2	1.019	1	0	1.006	0	1	0	1.134	0	0	1
C3_07620C_A	RIT1	0	1	0	0	0	0	0	0	1	0	1	0	0	0.987	0	0	0	0	0	0	0	1	0	0	0	0	0	0	0	0	1	1	0	0	0	1	0	0	0	0	0	0	0	0	0	0	0	0	1	0	1.322	0	1	1	0	0	1.271	0	1.146	1.271
C3_07630C_A	C3_07630C_A	1	0	0	0	0	1.006	0	1	2	4	4	2	0	1	0	0	1	0	0	0	0	0	1	0	0	0	1	1	3	3	1.004	0	0	0	0	0	0	1	0	0	1	0	0	0	0	0	0	0	0	0	0	0	3	0	0	1	1	0	0	0
C3_07640C_A	FUM12	0	0	0	0	2	2	4	3	0	0	0	0	0	0	0	1	0	0	0	0	3	1	3.576	3	0	0	0	0	7	9	5	7	3	5	0	0	0	0	0	1	0	0	0	0	3.85	4	1	0	1.208	0	0	0	2	2	2	3	0	2	0	1
C3_07650C_A	C3_07650C_A	1	0	0	2	0	0	0	0	0	1	0	0	0	0	0	0	0	1	1	0	0	0	1	0	0	0	0	2	0	0	1	0	0	0	0	3	0	0	0	1	0	0	0	0	0	2	1	0	1.217	1	0	0	0	0	0	2	0	0	1	2
C3_07660W_A	C3_07660W_A	0	0	0	0	0	0	0	0	1	1	0	0	0	0	0	0	1.004	0	1.268	0	0	1	1.043	0	1	0	0	0	0	1	1	0	0	0	1	2	0	0	0	0	0	0	0	0	1	0	0	0	2	0	0	0	0	1	1	1	0	2.766	1	1
C3_07670W_A	C3_07670W_A	0	0	0	0	5	7	1	4	1	0	0	0	1	0	0	0	0	0	0	0	0	0	0	1	1	1	1	1	0	0	0	0	1	0	0	0.999	0	0	0	1	0	0	0	0	1	1	0	0	1	0	0	0	1.002	1	3	1	1	0	0	0
C3_07680W_A	HIR3	0	0	1	1.054	0.952	1.307	2	2	0	0	2	2	0	0.901	0	1	0	0	0	0	1	0	1.544	0	1	2	2	3	2	1.002	3.03	1	2	1	0	3.696	1	0	0	0	0	0	0	1	0	0	0	1	3	2	4	1.177	3	1	1	1	1.069	1.259	4.393	0
C3_07690C_A	C3_07690C_A	0	0	0	0	0	0	0	0	0	0	0	0	0	0	0	0	0	0	0	0	0	0	0	0	0	0	0	0	0	0	0	0	0	0	0	0	0	0	0	0	0	0	0	0	0	0	0	0	0	0	0	0	0	0	0	1	0	0	1	0
C3_07700W_A	C3_07700W_A	0	0	0	0	1	0	0	0	0	0	1	0	0	0	0	0	0	0	0	0	0	0	0	0	0	0	0	1	0	0	0	0	0	0	0	0	0	0	0	0	0	0	0	0	0	0	0	0	0	1	0	0	0	0	0	0	0	0	1	0
C3_07710W_A	ABD1	0	0	0	1	0	1	0	1	0	0	0	0	0	0	1	1	0	0	0	0	0	0	0	0	2	0	0	0	1	0	0	1	0	0	1	0	0	0.998	0	0	0	0	0	0	1	0	1	0	0	2.002	0	2.887	0	1	0	0	0	0	0	0
C3_07720C_A	C3_07720C_A	0	0	0	0	0	0	0	0	0	0	0	0	0	0	0	0	0	0	0	0	0	0	0	0	0	0	0	0	0	0	0	0	0	0	0	0	0	0	0	0	0	0	0	0	0	0	0	0	0	0	0	0	0	0	0	0	0	0	0	0
C3_07730W_A	WOR4	0	0	0	0	0	0	0	1.087	0	0	0	0	0	0	0	0	0	0	0	0	0	0	0	0	0	1	1	0	0	0	0	0	0	0	0	1	0	0	0	0	0	0	0	0	0	0	0	0	0	0	0	0	0	0	1	0	0	0	0	0
C3_07740W_A	C3_07740W_A	1	0	0	0	0	0	0	0	5	6.811	2	2	0	0	0	0	2	1	3	1	0	0	1	1	0	2	1	1	0	1	0	0	0	0	1	3	0	0	0	0	0	0	0	0	0	0	2	2	0	0	0	0	0	0	0	0	0	0	0	1
C3_07750W_A	UTP9	0	0	0	0	0	0	1	0	0	0	0	0	0	0	0	0	1	0	0	0	0	1	0	0	0	0	3	0	0	0	1	0	0	0	0	0	2	1	0	0	0	1	1	0	0	1	0	0	2	1	0	1	0	1	0	0	1	0	0	0
C3_07760C_A	C3_07760C_A	0	0	0	0	0	0	0	0	1	1	0	0	0	0	0	0	0	0	0	0	0	0	0	0	0	0	0	0	0	0	0	1	0	1	0	1	0	0	0	0	0	0	0	0	0	0	0	0	0	0	0	0	0	0	0	0	0	0	0	0
C3_07770C_A	C3_07770C_A	0	0	0	0	0	0	0	0	0	0	0	0	0	0	0	0	0	0	0	1	0	2	0	1	0	0	0	0	1.133	0	0	0	0	0	0	0	0	0	0	0	0	0	0	0	0	1	1	0	1	0	0	0	0	0	0	0	0	0	0	0
C3_07780C_A	NUP159	0	0	0	0	0	1.025	0	0	0	1	0	0	0	0	0	0	1.15	2	0	0	0	0	1	0	1.011	1	0.986	1	1	0	1	0	1	2	1.241	0	1	0	0	0	0	0	0	0	0	0	0	0	0	0	1.654	0	1	0	1	0	0	0	0	1.328
C3_07790W_A	STD1	1	0	0	0	0	0	0	0	0	0	0	0	0	0	0	0	0	0	1	0	0	0	0	1	1.144	5	1	3	1.006	0	0	0	0	0	0	0	0	0	0	0	0	1	0	0	0	0	0	0	1.61	1	0	0	0	0	0	1	1	0	1	0
C3_07800C_A	C3_07800C_A	0	0	0	0	0	0	1	0	0	0	0.998	0	0	0	0	0	0	0	0	0	0	2	0	1	0	0	0	0	0	0	0	0	0	1	0	1	0	0	0	0	0	0	0	0	0	0	0	0	0	0	0	0	0	1	0	0	0	0	0	2
C3_07810C_A	SEC61	6	6	2	0	2	1	1	0	1	0	0	0	0	3	0	1	0	1	0	0	2	6	3	0	3	1	0	1	3	1	1	2	0	0	0	1	3	4	3	5	0	0	0	0	0	0	0	1.339	0	0	0	0	0	2	2	0	0	0	0	0
C3_07820W_A	C3_07820W_A	1	0	0	0	0	0	0	0	0	0	0	0	0	0	0	0	0	0	1	0	0	0	0	0	0	2	0	0	0	0	0	0	0	0	0	0	0	0	0	0	0	0	0	0	0	0	0	0	0	0	0	0	0	0	0	0	0	0	0	0
C3_07830W_A	FBP1	0	0	0	0	4	9	6.928	6	15	7	4	10	5	5	6	4	4	4	5	11	1	1	2	1	0	0	0	1	4	2	0	5	1	0	3	4	0	0	0	0	0	0	0	0	6	6	8	6	0	0	0	0	8	4	9	18	0	0	0	0
C3_07840C_A	C3_07840C_A	0	0	0	0	0	0	0	0	0	0	0	0	0	0	0	0	0	0	0	0	0	0	0	0	0	0	0	0	0	0	0	0	0	0.97	0	0	0	0	0	0	0	0	0	0	0	0	0	0	0	0	0	0	0	0	0	0	0	0	0	0
C3_07850W_A	MCH1	1	0	0	0	0	0	1	0	0	0	0	1	0	0	0	0	0	0	1	0	1	0	0	0	0	2	1	0	0	1	0	0	0	0	0	0	0	0	0	0	0	0	0	0	0	0	0	1	0	0	0	0	0	2	2	1	1	0	0	0
C3_07860C_A	MRR2	0	0	0	0	0	0	0	0	2	1	1	2	0	0	1	0	0	0	0	0	0	0	0	0	0	0	1.936	1	0	0	0	0	0	0	1	0	1	0	0	0	0	1	0	0	0	0	0	0	0	0	1	0	1	1	0	0	1	0	1	0
C3_07870W_A	C3_07870W_A	0	0	0	0	0	0	0	0	0	0	0	0	0	0	0	0	0	0	0	0	0	0	0	0	0	0	0	0	0	0	0	0	0	0	0	0	0	0	0	0	0	0	0	0	0	0	0	0	0	0	0	0	0	0	0	0	0	0	0	0
C3_07880C_A	C3_07880C_A	0	0	0	0	1	1	0	0	0	0	1	2	0	0	0	0	0	0	0	1	1	0	0	0	0	1	0	0	0	0	0	0	2	0	1	0	2	0	0	0	0	0	0	0	1	0	0	0	0	1	0	0	0	0	0	0	0	2	1	0
C3_07890W_A	TIM8	0	0	0	0	0	0	0	0	0	0	0	0	0	0	0	0	0	0	0	0	0	0	0	0	0	0	0	0	0	0	0	0	0	0	0	0	0	0	0	0	0	0	0	0	3	1	1	1	0	0	0	0	0	0	0	0	0	0	0	0
C3_07900C_A	C3_07900C_A	0	0	0	0	2	8	7.008	9	0	0	0	0	1	0	0	1	0	0	0	0	0	0	0	1	0	0	1	1	0	0	0	0	1	0	0	0	0	0	0	0	1	0	0	0	1	0	0	2	0	1	3	0	0	0	0	0	1	0	0	0
C3_07910W_A	C3_07910W_A	1	0	0	0	0	0	0	0	0	0	0	0	0	0	0	0	0	0	0	0	0	0	0	0	0	0	1	0	0	0	0	0	0	0	0	0	0	0	0	0	0	1	0	0	0	0	0	0	0	0	0	0	0	0	0	0	0	0	0	0
C3_07920W_A	C3_07920W_A	0	1	0	0	0	0	0	0	0	0	0	0	0	0	0	0	0	0	0	0	0	1	0	0	0	0	0	0	1.004	0	0	0	0	0	0	0	0	0	0	0	0	0	0	0	0	0	0	0	0	1	0	1	0	0	0	0	0	1.419	0	0
C3_07930C_A	C3_07930C_A	0	0	0	0	0	0	0	0	0	0	0	0	0	0	0	0	0	0	0	0	0	0	0	0	0	0	0	0	0	0	0	0	0	0	0	0	0	0	0	0	0	0	0	0	0	0	0	0	0	0	0	0	0	0	0	0	0	0	0	0
C3_07940W_A	C3_07940W_A	0	0	0	0	0	0	0	0	0	1.085	0	1	0	0	0	0	1	0	0	0	0	0	0	0	0	0	0	0	0	0	0	0	0	0	0	0	0	0	0	0	0	0	0	0	0	0	0	0	0	0	0	0	0	0	0	0	0	0	0	0
C3_07950C_A	SRB1	0	0	1	0	8	6	9	4	0	0	0	0	2	8	2	3	0	0	0	0	0	0	1.004	2	0	0	0	0	0	0	0	0	0	0	0	0	0	0	0	0	0	0	0	0	1	0	0	0	0	0	0	0	2	0	0	2	0	0	0	0
C3_07970C_A	TLO8	0	0	2	0	0	0	0	0	0	0	0	0	0	0	0	0	0	0	0	0	0	0	0	0	0	0	0	0	1	2	3	0	3	2	7	5	0	0	0	0	0.333	0	0	0	0	0	0	0	0	0	0	0	5	4	1	1	0	0	0	0.333
C3_07980C_A	C3_07980C_A	0	0	0	0	0	1	0	0	2	2	2	4	0	0	0	0	0	0	0	0	0	0	0	0	0	0	0	0	0	0	0	0	0	0	0	0	0	0	0	0	0	0	0	0	0	1	0	1	0	0	0	0	0	0	0	1	0	0	0	0
C4_00010W_A	TLO9	0	0	0	4	0	0	0	0	0	0	0	0	0	0	0	0	0	0	0	0	0	0	0	0	0	0	0	0	6.576	1.43	3.988	2.419	0	0	0	0	0	0	0	0	0	2	0	0	0	0	0	0	0	0	0	0	0	0	0	0	0	0	0	0
C4_00020W_A	VMA6	1	0	0	0	0	0	0	0	0	0	0	0	5	4	8	4	0	0	0	0	0	0	1	1	0	0	1	1	0	0	0	0	0	0	0	0	0	0	0	0	0	0	0	0	1	1	3	0	0	0	0	0	1	0	0	0	0	0	1	0
C4_00030C_A	C4_00030C_A	0	0	0	0	0	0	0	1	0	0	0	0	1	0	0	0	0	0	0	1	0	0	0	0	0	1	0	0	0	0	0	0	0	1	0	0	0	0	0	0	0	0	0	0	1	0	0	0	0	0	1	0	0	0	0	0	0	2.692	0	1
C4_00040W_A	CNH1	1	0	1	0	0	0	0	0	0	0	1.008	1	0	2.007	0	0	0	0	2	1	0	0	0	0	3	2	1	0	1	1	0	0	0	0	1.322	0	0	0	0	0	1	0	0	0	2	1	2	0	0	1	2	1	0	2	0	0	0	1.25	1.198	0
C4_00050W_A	C4_00050W_A	0	0	0	0	1	2	6	4	0	0	0	0	0	0	0	0	0	0	0	0	0	0	0	0	0	0	0	0	1	1	2	3	1	0	0	1	0	0	0	0	0	0	1	0	2	1	3.984	1	0	0	0	0	0	0	0	1	1	0	0	0
C4_00060W_A	C4_00060W_A	0	3	1	6	1	0	0	0	2	0	2	0	0	0	0	0	1	1	6	3	1	0	0	0	0	0	0	0	1	0	0	0	0	1	0	0	0	0	0	0	0	0	0	0	7	1	5	2	0	0	0	0	4	5	1	4	0	0	0	0
C4_00070C_A	C4_00070C_A	0	0	0	0	0	0	1	0	1.002	1	3	6.989	0	0	0	0	0	0	0	0	0	1	1	0	2	2.007	0	1	0	0	0	0	0	0	0	0	1	0	0	0	0	0	0	0	2	1	0	0	2	0	1	0	0	1.342	0	1.002	0	2	0	1
C4_00080C_A	C4_00080C_A	0	0	0	0	0	0	0	0	0	1	0	0	0	0	0	0	2	0	2	1	0	1	0	1	2	1	7.062	3	0	0	0	1	7	11	6	7	1	3	2	3	0	0	0	0	0	0	0	0	0	0	0	0	1	1	0	0	0	0	0	0
C4_00090W_A	PHR3	1	0	0	0	0	0	2.79	0	0	1	2	1	0	0	0	0	0	0	3	0	2	3	1	4.877	0	0	0	2.247	2	2	0	1	2.001	5	1	2	2	0	1	2	0	0	0	0	1.017	0	0	0	0	0	1	0	2	2	0	1	2	0	0	0
C4_00100C_A	C4_00100C_A	0	0	0	0	1	0	0	1.001	0	0	1	0	0	0	0	0	0	0	0	0	0	1	1	1	0	0	0	0	0	0	0	0	0	0	1	0	2	0	0	0	2	0	0	1	2	0	0	1	1	2	1	1	1	0	0	0	0	0	0	1
C4_00110C_A	FRP1	0	0	1	0	0	0	0	0	0	0	1	0	0	0	0	0	3	1	3	1	0	0	0	1	1.711	0	0	1.391	1.735	1	0	0	1	0	0	1	0	0	0	0	0	0	0	0	0	1	0	0	1	1	1	0	1	0	0	0	0	1.527	1	0
C4_00120W_A	PGA7	0	0	0	0	0	0	0	0	0	0	0	1	0	0	0	0	0	0	1	0	0	0	0	0	0	0	0	0	0	0	0	0	0	0	0	0	0	0	0	0	0	0	0	0	0	0	0	0	0	0	0	1	1	0	0	0	0	0	0	0
C4_00130W_A	RBT5	1	1	2	0	1.492	0	1	1	0	0	0	0	0	0	0	0	1	0	1	1	0	0	0	0	0	0	1	0	0	0	0	0	0	0	0	0	0	0	0	0	0	0	0	0	1	0	1	0	0	0	0	0	0	0	0	0	0	0	0	1
C4_00140C_A	HIS4	1	0	0	0	4	2	3.039	1	0	0	0	0	0	0	0.993	0	0	0	1	0	0	0	2	0	0	0	0	2	0	0	0	0	0	0	0	2	0	0	0	0	0	0	0	0	0	1	2	0	2	1.053	0	2.346	0	0	0	0	2	1	0	0
C4_00150C_A	PEX5	0	0	0	0	0	0	0	0	4	5	1	2	0	0	0	0	2	0	1	0	2	3	1	1	0	0	0	0	0	0	1	1	0	0	0	0	3	1	3	0	0	0	0	0	0	1	1.437	0	0	0	1	0	0	0	1	0	0	0	0	0
C4_00160C_A	CAR2	0	0	0	0	0	0	0	1	1	2	1	1	2	0	1	1	0	1	0	0	1	1	4	4	0	1	0	1	0	0	0	0	0	0	1	0	0	0	0	0	0	0	0	0	1	0	0	1	0	0	0	0	0	0	0	0	0	0	1	1
C4_00170W_A	C4_00170W_A	0	0	0	0	0	1	0	1	0	0	0	0	0	0	0	0	0	0	0	0	0	0	0	0	2	3	2	3	0	0	0	0	0	0	0	0	0	0	0	0	0	0	0	0	0	0	0	0	0	0	0	0	0	0	0	0	0	0	0	0
C4_00180W_A	ECM7	1	0	0	0	0	1	1	0	0	0	0	0	0	0	1	0	0	0	0	0	2	1	0	1	0	0	0	1	0	0	0	1	0	0	0	1	0	1	0	0	2	0	0	0	0	0	2	0	0	0	0	0	1	0	0	0	0	0	0	1.172
C4_00190W_A	C4_00190W_A	0	0	0	1	0	0	0	0	0	1	0	0	0	0	0	0	0	0	0	1	0	2	0	0	0	0	0	0	1	0	0	1	0	0	0	0	0	0	0	1	0	0	0	0	3.019	1	0	3	1	0	1	1	0	1	0	0	1	0	0	1
C4_00200C_A	MET15	0	0	0	0	0	0	0	0	0	0	0	0	0	0	0	0	0	0	0	0	1	0	0	0	0	0	0	0	1	0	0	1	0	0	0	0	0	0	0	0	0	1	0	0	0	0	0	0	0	0	1	0	0	1	0	0	0	0	0	0
C4_00210W_A	C4_00210W_A	0	0	0	0	0	0	0	0	0	0	0	0	0	1	0	0	0	0	0	0	0	0	0	0	0	0	1	0	0	0	0	0	0	0	0	0	0	0	0	0	0	0	0	0	0	0	0	0	0	0	0	0	0	0	0	0	0	0	0	0
C4_00220C_A	SUB2	0	0	0	0	3	2	3	0	0	2	0	0	0	0	0	0	0	0	0	0	0	0	0	0	0	0	0	0	0	0	0	0	0	0	0	0	0	0	0	0	0	0	0	0	0	0	0	0	0	1.049	0	0	1.004	1.001	0	1.918	4	0	0	0
C4_00230W_A	C4_00230W_A	0	0	0	0	1	0	1	0	0	0	0	1	0	1	1	1	0	0	0	0	1	0	1	0	1	2	0.996	0	1	1	3	1	1	0	0	0	0	1	0	0	0	0	0	0	0	1	1	0	0	2	1	0	0	0	0	0	0	1.705	2	3
C4_00240C_A	PRO3	1	1	0	0	0	0	0	0	0	0	0	0	0	0	0	0	0	0	0	0	2	3	5	3	1	0	0	0	0	0	0	0	1	0	0.997	0	0	0	0	0	0	0	0	0	0	0	0	0	0	1	0	0	0	0	0	0	0	0	0	0
C4_00250W_A	C4_00250W_A	0	0	0	0	0	0	0	0	0	1	0	0	0	0	0	0	0	0	0	0	0	0	0	0	0	0	0	0	0	0	0	0	0	0	0	0	0	0	0	0	0	0	0	0	0	0	0	0	0	0	0	0	0	0	0	0	0	0	0	0
C4_00260W_A	C4_00260W_A	0	0	0	0	0	0	0	1	1	1	0	0	0	0	0	0	0	0	0	0	1	1	0	1	0	0	0	0	0	1	0	1	1	0	0	1	0	0	0	0	0	1	0	1	2	1	1.104	1	0	0	3	2	0	0	0	0	2	0	0	0
C4_00270W_A	ATP2	4	2	4	0	4	4	3	4	1	0	3	1	0	0	0	0	1	2	2	3	0	0	0	0	0	0	0	1	3	3	3	1	0	0	0	0	0	0	0	0	0	0	0	0	0	0	0	0	0	1	0	0	1	3	1	2	0	1	0	0
C4_00280W_A	STE24	0	0	1	0	0	0	0	1.003	0	0	0	0	0	0	0	0	0	0	0	0	0	0	1	0	0	2	0	0	1	0	0	0.997	0	0	0	0	0	0	0	0	0	0	0	0	0	0	0	0	0	0	1	0	0	0	0	0	1	0	0	0
C4_00290C_A	C4_00290C_A	0	0	1	0	0	0	0	0	0	0	0	1	0	0	0	0	0	0	0	0	0	0	0	1	0	1	0	1	0	0	1	0	0	0	0	0	0	0	0	0	0	0	0	0	0	0	1.016	0	1	0	0	0	0	0	0	0	0	0	0	0
C4_00300C_A	SWI1	1	0	1	0	2	1	0	0	2	0	1	0	0	0	0	0.982	0	0	0	0	1	0	1	2	1	0.999	0	0	0	0	0	3.003	0	0	1	0	0	0	1.057	3	1.725	0	0	0	0	0	1	0	3	0	0	1.246	2	2	1.001	1	0	0	1	1
C4_00310C_A	MNN10	0	0	0	0	1	0	1	0	0	0	1	0	0	0	0	0	0	0	0	0	0	1	1	0	2	1.153	2	2	0	0	0	1.514	0	0	0	1.001	1	0	0	0	0	0	0	0	0	0	0	0	0	0	0	0	3	0	1	0	1	1	0	0
C4_00320C_A	C4_00320C_A	0	0	0	0	1	0	0	0	1	1	0	0	0	0	0	0	0	0	0	0	0	0	0	0	0	0	0	0	2	1	0	0	1	1	0	0	1	0	0	0	0	0	0	0	1	0	0	0	0	0	0	0	0	1	0	0	0	0	0	0
C4_00330C_A	C4_00330C_A	0	0	0	0	0	0	0	0	0	2	1	2	0	0	0	0	0	0	0	0	0	0	0	0	0	0	0	0	0	0	0	0	0	0	0	0	0	0	0	0	0	0	0	0	0	1	0	0	0	0	0	0	0	0	0	1	0	0	0	0
C4_00340W_A	PTC7	0	0	0	0	0	0	0	0	0	0	0	0	0	0	0	0	0	0	0	0	0	0	0	1	1	0	0	0	0	0	0	0	0	1	0	0	0	0	0	0	1	0	0	0	0	0	0	1	1	0	2	0	0	0	0	0	1.847	0	0	0
C4_00350W_A	PEP7	0	0	0	0	0	0	0	1	0	0	0	0	0	0	0	1	0	1.578	0	0	0	0	0	0	1	0	0	1	1	0	1	1	0	0	0	0	0	0	0	0	0	0	0	0	0	0	0	0	0	0	0	1	0	0	1	1	0	0	1	0
C4_00360C_A	RCH1	0	0	0	0	1	1.001	0	0	0	1	1	1	0	0	0	0	0	1	0	2	0	0	0	0	0	0	0	0	0	0	0	0	0	0	0	0	0	0	0	0	0	0	0	0	0	0	0	1	1	0	0	0	0	0	0	0	2	0	0	1
C4_00370W_A	HOF1	0	0	0	1	0	1	0	0	0	0	0	1	0	0	0	0	1	1	2	3	7	1	7	1	0	0	1	0	0	0	1	0	0	1	0	1	0	0	0	0	0	0	0	0	2	3	3	2	0	0	1	1	1	0	0	0	3	0	1	0
C4_00380W_A	C4_00380W_A	0	0	0	0	0	1	1	1	0	0	0	1	0	1	0	0	0	0	0	0	0	0	0	0	0	2	0	1.463	0	1	0	0	0	0	0	0	0	0	0	0	1	0	0	0	0.997	0	0	0	0	1	1	0	0	0	0	1	0	0	0	0
C4_00390W_A	C4_00390W_A	0	0	0	0	1	0	0	0	0	0	0	0	0	0	0	0	0	0	0.672	0	1	1	0	1	0	0	0	0	0	0	0	0	0	0	0	0	0	0	0	0	0	0	0	0	0	1	2	0	0	0	0	0	0	1	1	4	0	0	0	0
C4_00400W_A	MNR2	0	0	0	0	0	0	1	0	0	0	0	2	1	0	0	1	0	2	1	5	0	2	1.916	1	8	3	7	2	1.543	0	1	0	0	0	0	0	1	0	0	0	0	0	0	0	2	4	5	3	0	0	0	1.757	0	0	1	0	1	0	0	0
C4_00410W_A	C4_00410W_A	0	0	0	1	1	0	0	0	1	0	1	1	0	0	0	0	0	0	0	0	0	0	0	0	0	0	0	0	0	0	0	0	0	0	0	0	0	0	0	0	0	0	0	0	0	0	0	0	0	0	0	0	0	0	0	0	0	0	0	0
C4_00420C_A	C4_00420C_A	1	0	0	0	2	0	0	0	0	0	0	0	0	0	1	1	0	0	0	0	0	0	1	2.001	1	1	0	0	0	0	0	0	0	0	0	2	0	0	1	0	0	1	0	0	1	1	0	2	0	1	0	2	0	0	1	2	1	0	0	0
C4_00430W_A	MEP2	0	0	0	0	0	0	1	1.017	0	0	0	0	0	0	0	0	1	0	0	0	0	0	0	0	0	0	0	0	1	0	0	0	0	0	0	0	0	0	0	1	0	1	0	0	0	0	0	0	0	0	0	2	1	0	0	0	0	0	1	0
C4_00440C_A	OPT7	0	1	0	1	0.999	0	0	0	0	0	0	0	0	0	0	0	1	0	0	0	0	0	1	0	0	0	0	0	1	0	0	0	0	0	0	0	0	1	1	2	1.556	0	0	0	0	0	0	0	1	0	0	0	1	0	1	0	0	1	1.463	1.042
C4_00450C_A	PGA10	0	0	1	0	0	0	0	0	0	0	0	0	0	0	0	0	0	0	0	0	0	0	0	0	0	0	0	0	0	0	0	1	0	0	0	0	0	0	0	0	0	0	0	0	0	0	0	0	0	0	0	0	0	0	0	0	0	0	0	0
C4_00460C_A	C4_00460C_A	0	1	0.984	1	0	0	1	1	0	0	0	1	0	0	1.997	0	0	0	0	1	0	0	0	1	2.182	0	1.016	2.028	3	1	0	2	0	0	0	0	0	0	0	0	0	0	0	0	0	1	1	0	0	1	2	2	0	1	0	0	1	1	1.429	1.368
C4_00470C_A	C4_00470C_A	2	0	0	0	0	0	0	0	0	0	0	0	0	0	0	0	1	1	3	1	0	1	1	2	6	6	4	3	0	0	0	0	0	1.922	0	0	0	0	0	0	0	0	0	0	0	1	1	0	0	0	1	0	1	1	0	0	1	0	1.168	0
C4_00480W_A	DUR4	0	0	0	0	2	2.074	0	0	2	0	0	1	0	1	0	0.999	0	0	0	1	0	0	0	1	4	1	1	1	1.168	1	0	0	0	0	0	1	1	0	0	1	0	0	0	1.784	1	0	1	3	0	2.627	0	2	0	1	1.002	0	0	0	0	0
C4_00490W_A	C4_00490W_A	0	0	0	1	0	1	0	0	0	0	0	0	1	0	0	0	0	0	0	1	0	0	0	0	0	0	0	0	0	0	0	0	0	0	0	0	0	0	0	0	0	0	0	0	0	0	0	0	0	0	1	0.5	0	0	0	0	0	0	0.5	1.195
C4_00500W_A	C4_00500W_A	1.047	0	1	0	3	2.055	1	5	0	0	0	0	0	1	0	1	1.973	0	1	1	5	0	1	0	1.001	2.953	0	0	1	2	2.982	1	2.053	0	0	1	0	1	0	0	0	1	1	0	0	0	1	0	3	1.567	1	2	1	2	3	0	4.677	4.506	1.151	2
C4_00510C_A	RLP24	0	0	0	0	0	0	0	0	0	0	0	0	0	0	0	0	0	0	2	0	0	0	2	3	0	0	1	1	0	0	0	0	0	0	0	0	0	0	0	0	0	0	0	0	4	3	6	3	0	0	0	0	0	1	0	0	2	0	0	0
C4_00520W_A	PAM18	0	0	0	0	0	0	0	0	0	0	0	0	0	0	0	0	0	0	0	0	0	1	0	0.999	0	0	0	0	0	0	0	0	0	0	0.903	0	0	0	0	0	0	0	0	0	0	0	0	0	1	0	0	0	0	0	0	0	0	0	0	0
C4_00530C_A	C4_00530C_A	0	0	0	0	0	1	0	1	1	0	0	0	0	0	0	0	0	0	0	0	0	0	0	0	0	1.001	0	0	0	0	0	0	2	0	1	0	0	0	0	0	0	0	0	0	0	0	0	0	0	0	0	0	0	0	0	0	1.788	0	0	0
C4_00540C_A	NMD5	0	0	0	0	0	1	1	0	0	0	0	0	1	1	2	0	0	1	1	0	0	2	1	1	0	0	0	1	0	0	1	1.115	1	0.725	0	0	0	1	0	1	0	0	1	0	1	0	0	0	0	1	1	1	1	0	1	0	1	2	0	3
C4_00550C_A	tG(CCC)1	0	0	0	1	0	0	0	0	0	0	0	0	0	0	0	0	0	0	0	0	0	0	0	0	0	0	0	0	0	0	0	0	0	0	1	0	0	0	0	0	0	0	0	0	0	0	0	0	0	0	0	0	0	0	0	0	0	0	0	0
C4_00560C_A	MMM1	0	0	0	0	0	0	0	0	0	0	0	0	0	0	0	0	0	0	0	0	0	2	0	0	1	0	1	2	0	0	1.536	2	0	0	0	0	0	0	0	0	0	0	0	0	0	1	0	0	0	0	0	0	0	0	1	0	0	0	0	0
C4_00570C_A	PCT1	0	0	0	1	0	2	0	1	1	1	0	0	0	0	0	0	0	2	0	0	0	0	0	0	1.722	0	0	0	0	3	0	0	0	1	1	0.998	0	0	0	0	0	0	0	0	0	1	0	0	1	0	1	0	1	0	0	1	0	0	0	1.839
C4_00580W_A	C4_00580W_A	1	0	0	0	1	0	0	0	0	0	0	0	0	0	1	0	0	0	0	0	2	0	0	0	0	0	0	0	0	0	0	0	0	0	0	0	0	0	0	0	0	0	0	0	0	0	0	0	0	0	0	0	0	0	0	0	0	0	0	0
C4_00590C_A	C4_00590C_A	0	0	0	0	0	0	0	0	1	0	0	0	0	0	0	1	1	0	1	0	1.268	0	0	0	2	0	0	0	2	0	0	0	2	0	0	0	0	0	1	0	0	0	1	0	1	0	0	0	0	1	0	2	0	0	1	0	0	0	0	0
C4_00600C_A	MUC1	0	0	0	0	0	0	2	1	1	0	0	0	1	0	0	0	2	0	1	0	0	0	0	0	0	1	0	0	2.498	0	0	0	0	0	0	0	0	0	0	0	0	0	1.099	0	0	1	0	2	0	1	1	0	0	1.235	0	1	2	0	0	0
C4_00610W_A	C4_00610W_A	0	0	0	0	0	1	0	0	0	0	0	0	0	0	0	1	0	0	2	1	0	0	0	0	0	0	0	0	1	1	3	0	0	0	1	0	0	0	0	0	0	0	1	0	1	0	0	1	1	0	0	0	1	0	2	1	1	1	2	1
C4_00620C_A	SPC2	0	0	0	0.993	1	0	0	0	1	2	0	0	0	0	1	0	0	0	1	0	0	0	0	0	0	0	0	0	0	0	0	1	0	0	0	0	1	0	0	0	0	0	0	0	0	0	0	0	0	0	2	0	3	0	1	1	1	1	0	2
C4_00630C_A	SEC72	0	0	0	0	0	0	0	0	0	1.122	0	0	0	2	0	0	0	0	0	0	0	0	1	0	0	0	0	0	0	1	0	0	0	0	0	0	0	0	0	0	0	0	0	0	0	0	0	0	2	0	1	0	0	0	0	0	1	0	0	0
C4_00640W_A	C4_00640W_A	0	1	0	0	1	1	2	1.001	1	0	0	1	0	0	1	0	2	1.002	1	1	0	1	0	3.101	1	1	0	0	2	1	1	0	1	0	1.941	1	1	0	1	1	0	0	0	0	0	0	1	0	1	2	1.954	0	1	1	0	0	5.856	2	5	1
C4_00650W_A	HIS5	0	0	0	0	0	0	0	0	0	0	0	0	0	0	0	0	0	0	0	0	0	0	0	0	0	0	1	0	0	0	0	1	0	0	0	0	0	0	0	0	0	0	0	0	0	0	0	0	2	0	0	0	0	2	0	0	1.911	1	0	0
C4_00660W_A	C4_00660W_A	0	0	0	0	1	0	0	0	0	0	0	0	0	1	0	0	0	0	0	0	0	0	0	0	0	0	1	0	0	0	0	0	0	0	0	0	0	0	1	0	0	0	0	0	2	0	0	1	0	1	0	0	0.833	0	3.625	0	2	0	0	1
C4_00670W_A	TOK1	0	1	2	1	1	2	2.206	2	2	3.128	1	0	0	0	1	1	1	1	2	1	0	0	0	0	0	3	1	0	2	0	5	1.067	3.002	0	1	0	2	0	1	1	0	0	0	0	0	1	1	0	0	0	0	0	3.901	1.574	1.239	1	2.274	2.318	1.25	1
C4_00680W_A	C4_00680W_A	0	0	0	0	0	0	0	0	1	1	0	0	0	0	1	0	0	0	0	0	1	0	0	0	0	0	0	0	2	0	1.002	0	0	0	0	0	0	0	0	1	0	0	0	0	0	0	1	2	0	0	0	3	1	4	0	0	0	1	1	2
C4_00690C_A	DPH2	0	0	0	0	0	0	0	0	0	0	1	0	0	0	0	0	0	0	0	0	0	0	0	0	4.708	4	0	4	0	0	0	0	0	0	0	0	0	0	0	0	0	0	0	0	0	0	0	0	0	0	1	0.5	0	0	0	0	0	1	0.5	1.195
C4_00700C_A	C4_00700C_A	0	0	0	0	0	0	1	0	0	0	0	0	0	0	0	0	0	0	0	0	1	0	0	1	0	1	0	0	0	0	0	1	0	0	0	0	0	0	0	0	0	0	0	0	0	0	0	0	0	0	1	0	0	1	0	0	0	0	0	0
C4_00710W_A	C4_00710W_A	0	0	0	0	0	0	0	0	3	1	1	2	0	0	1	0	0	0	0	0	1	0	1.001	0	2	2	0	1	0	0	1	0	1.015	0	0	1	1.898	2	0	0.996	0	0	0	0	0	0	0	0	0	1	0	1	0	0	0	0	0	0	2	1.055
C4_00720W_A	CSP2	0	0	0	0	0	0	0	0	3	0	3	5	0	0	0	0	0	0	0	0	0	0	0	0	0	0	1	1	0	0	0	0	0	0	0	0	0	0	0	0	0	0	0	0	0	0	0	0	0	0	1	0	0	0	1	1.024	0	0	0	0
C4_00730C_A	C4_00730C_A	0	0	0	0	0	0	1	0	0	0	0	0	0	0	0	0	0	0	0	0	0	0	0	0	0	0	0	0	0	0	0	0	0	0	0	0	0	0	0	0	0	0	0	0	0	0	0	0	0	0	1	0	0	0	0	0	0	0	0	0
C4_00740W_A	C4_00740W_A	0	0	0	0	1	0	0	1	0	0	0	0	0	0	0	0	0	0	0	0	0	0	0	0	0	0	0	0	0	0	0	0	0	0	0	0	1	0	0	0	0	0	0	0	0	0	1	0	1.967	0	0	1	1	0	0	0	0	0	0	1.896
C4_00750C_A	C4_00750C_A	0	0	0	1	0	0	0	0	1	0	0.994	0	0	0	0	0	0	0	0	0	0	0	0	0	0	0	0	0	0	0	0	1	0	0	0	0	0	0	0	0	1	0	0	0	0	1	1	0	0	0	0	2	0	0	1	0	1	0	0	0
C4_00760W_A	ZCF21	0	0	0	0	0	0	0	0	0	0	0	0	0	0	1	0	0	0	2	0	0	2	2	0	1	2	1	1	0	0	0	0	0	0	0	0	2	0	1	0	0	0	0	0	2.034	5	0	2	1	0	1	0	0	1.001	0	0	1	0	0	0
C4_00770C_A	C4_00770C_A	0	0	2	0	0	1	0	0	0	1.002	0	1	5	0	4	3	0	0	1	1	1	0	0	0	3	4	2.749	0	1	0	3.969	0	0	0	0	0	1	1.005	2	2	0	0	0	0	1	0	0	0	1	0	0	0	0	1	1	0	1	1	1	0
C4_00780C_A	C4_00780C_A	1	0	1	0	0	0	0	0	0	0	0	2	0	0	2	1	1.035	3	3.998	2	0	0	0	1.078	4.122	1.949	0	0	2	3	0	1	0	1	0	0	1	0	1	0	0	0	1	0	0	1	2.727	0	0	1	1.2	1	0	0	0	0	0	0	0	1.31
C4_00790C_A	MLH1	0	0	0	0	2	1.697	1	1	0	0	0	0	1	0	2	0	0	0	1	0	0	0	0	0	1	0	2.828	0	2	0	3	0	0	0	1	0	0	0	0	0	0	0	1	0	0	0	0	0	1.342	1	1.082	0	0	1	1	2	3	3.786	1.154	2
C4_00800W_A	C4_00800W_A	0	0	0	1	1	0	1	1.007	0	0	0	0	0	0	0	0	2.348	0	0	0	0	1	0	0	1.176	0	1	1	0	0	0	0	0	0	0	1	1	0	0	0	1.996	0	0	0	0	0	1	1.789	0	0	0	0	3	3	1	1	0	1	0	0
C4_00810C_A	C4_00810C_A	2	0	0	0	0	0	0	1	1.004	0	0	1	0	0	0.999	0	0	0	0	0	0	0	0	1	1	0	0	2	0	0	0	0	0	0	0	0	0	0	0	1	2	0	0	1	0	0	0	0	1	1.285	1.392	0	1.999	0	0.966	0	0	0	0	0
C4_00820W_A	C4_00820W_A	0	0	0	1	1	0	1	0	0	0	0	0	0	0	0	0	0	1.025	4	0	0	0	0	0	1	0	0	2.887	0	0	0	0	0	0	0	0	0	0	0	0	0	0	0	2	0	0	0	0	0	0	0	0	0	0	3	0	0	0	0	0
C4_00830W_A	SPS20	0	0	0	0	0	0	0	0	1	0	0	0	0	0	0	0	0	0	0	0	0	0	0	0	0	0	0	0	0	0	0	0	0	0	0	0	0	0	0	0	0	0	0	0	0	0	0	0	0	0	0	0	1	0	0	0	0	0	0	0
C4_00840W_A	C4_00840W_A	0	0	0	0	2	1	0	0	1	1	0	0	0	0	0	0	0	0	0	0	0	0	0	1	0	0	0	0	1.033	0	1	0	2	1	3	1	0	0	0	0	0	0	0	0	1	0	0	0	0	1	0	0	0	0	0	0	0	0	0	0
C4_00850C_A	C4_00850C_A	0	0	0	0	1.121	0	0	1	0	0	0	0	2	1	1	1	0	0	0	0	1	0	1	0	1	0	0	1	0.992	1.138	2	1	0	0	1	0	0	1	0	0	0	0	0	0	1	1	0	0	1	0	0	1	0	0	0	0	1	3.32	0	0
C4_00860C_A	C4_00860C_A	0	0	0	0	0	0	0	1	0	0	0	0	0	0	0	0	0	0	0	0	0	0	0	0	0	0	0	0	0	0	0	0	0	1	0	0	0	0	0	0	0	0	0	0	0	0	0	0	0	0	0	0	0	0	0	0	0	0	0	0
C4_00870W_A	tG(UCC)2	0	0	0	0	0	0	0	0	0	0	0	0	0	0	0	0	0	0	0	0	0	0	0	0	0	0	0	0	0	0	0	0	0	0	0	0	0	0	0	0	0	0	0	0	0	0	0	0	0	0	0	0	0	0	0	0	0	0	0	0
C4_00880W_A	C4_00880W_A	0	0	0	0	0	0	0	0	0	0	0	0	0	0	0	0	0	0	0	0	0	1	0	0	0	2	0	0	0	0	0	2	0	0	0	0	0	0	0	0	0	0	1	0	0	0	0	0	1.15	0	1.226	1	0.996	1	1.001	0	0	0	0	2
C4_00890W_A	ARO1	0	0	0	0	4	0	1	2	0	0	1.015	0	1	0	0	0	0	0	0	1.001	0	0	1	0	1	1	1	0	0	0	0	0	0	0	0	0	0	0	1	0	0	0	0	0	1.577	0	1	0	0	0	0	1	0	0	1.019	0	0	3.459	0	0
C4_00900C_A	tG(GCC)5	0	0	0	0	0	0	0	0	0	0	0	0	0	0	0	0	0	0	0	0	0	0	0	0	0	0	0	0	0	0	0	0	0	0	0	0	0	0	0	0	0	0	0	0	0	0	0	0	0	0.167	0	0	0	0	0	0	0	0	0	0
C4_00910C_A	C4_00910C_A	0	0	2	0	0	2	2	0	1	0	0	0	0	0	0	1	0	1	1	0	1	0	0	0	0	1	0	1	1	0	1	0	1	0	2	0	0	0	0	0	0	0	0	0	1	0	2	4	1	0	1	1.232	1	0	0	2.056	0	3	0	0
C4_00920C_A	C4_00920C_A	0	0	0	0	0	1	1	0	0	0	0	0	0	0	0	0	0	1	0	0	0	0	1	1	0	0	1	0	1	0	0	1	1	0	2	0	0	0	0	0	0	0	0	0	0	0	0	0	0	0	0	1	0	0	0	0	0	0	1	0
C4_00930W_A	tG(GCC)4	0	0	0	0	0	0	0	0	0	0	0	0	0	0	0	0	0	0	0	0	0	0	0	0	0	0	0	0	0	0	0	0	0	0	0	0	0	0	0	0	0	0	0	0	0	0	0	0	0	0.167	0	0	0	0	0	0	0	0	0	0
C4_00940W_A	C4_00940W_A	0	0	0	0	0	0	0	0	0	0	0	0	0	0	0	0	0	0	0	0	1	1	1	0	2	0	0	1	0	0	0	0	0	0	0	0	1	0	0	0	0	0	1	0	0	0	2	0	0	0	0	0	0	0	0	0	0	0	0	0
C4_00950C_A	C4_00950C_A	2	1	0	0	1	0	0	2	1	1	0	0	0	1	0	1	0	0	0	0	0	0	0	2	0	2.107	0	0	2	2	1	0	0	0	0	3	1	0	1	1	0	0	0	0	1	0	0	0	2	0	2	0	0	0	2.337	0	3	0	0	1.073
C4_00960W_A	PTC8	0	0	0	0	0	0	0	2	0	0	0	0	0	0	1	0	0	0	0	0	0	0	0	0	0	0	0	1	0	0	0	0	1	1	0	0	0	0	0	0	0	0	0	0	0	0	0	0	1	1	0	0	0	0	0	0	0	2.117	0	0
C4_00970C_A	MDN1	1.057	2.039	2	0	3.248	3.009	2	5.117	3	2	3.421	1.212	0	1	1.125	1	0	1	1.088	5	4.004	3	3.126	1	4.948	1.464	5	2.965	3	5.006	3.925	3.146	1	4.081	2.002	2	6	4	6.001	5.091	3	2	1.13	1	6.036	2	1	5	1.109	4.407	4.598	2	4.186	2.227	3	1.012	7.13	8.466	1.162	3.969
C4_00980C_A	MRV1	0	0	0	0	2	1	1	1	0	0	1	0	0	0	0	0	0	0	0	0	0	0	0	0	0	0	0	2.003	0	0	1	0	0	0	0	0	0	0	0	0	0	0	0	0	0	0	0	0	0	0	0	0	0	0	0	0	0	0	0	0
C4_00990W_A	C4_00990W_A	0	1.999	3.007	0	3.532	0	1.749	0	1	1	0	1.941	1	0	0	0	3	1	0	0	1.107	0	1	1	1	1	3	1	0	0	0	0	0	1	1	3	0	0	0	0	1	0	0	0	0	0	1	1	0	2	0.945	4	3	0	1.624	2.285	2.345	1.912	2.161	2.495
C4_01000C_A	PGA57	0	0	0	0	0	0	0	0	0	0	0	0	0	0	0	0	0	1	0	1	0	0	0	0	0	1	1	0	0	0	0	0	0	0	0	0	0	0	0	0	0	0	0	0	0	0	0	0	0	0	0	0	0	0	0	0	0	0	0	0
C4_01010C_A	DAG7	0	0	0	0	0	0	0	0	0	0	0	0	0	0	0	0	0	0	0	0	0	0	0	0	0	0	0	0	0	0	0	0	1	0	0	0	0	0	0	0	0	0	0	0	0	0	0	0	0	0	0	0	0	0	0	0	0	0	0	0
C4_01020C_A	C4_01020C_A	0	0	0	1.091	3.814	1.304	2	0	6	9.998	3	3.987	1	0	0	1	0	0	1.727	0	0	0	0	0	1	0	0	1	2	0	1	0	0	0	0	1	1	0	0	0	1	1	2	2	2	1	5	0	1	1.664	0	0	3	1	1	1	0	1	1	1.45
C4_01030W_A	C4_01030W_A	2	1	0	1	0	1	1	1	0	0	0	1	2	0	0	0	1	0	0	1	0	0	3	1	1	1	0	1	2	1	0	0	0	0	1	0	0	0	1	1	0	0	1	0	1	0	0	0	0	0	0	0	0	1	2	2	3	3	2	2
C4_01050C_A	RPL40B	0	0	0	0	2	1	0	1	0	0	0	0	0	0	0	0	0	0	0	0	0	0	0	0	0	0	0	0	0	0	0	0	0	0	0	0	0	0	0	0	0	0	0	0	0	0	0	0	0	0	0	0	0	0	0	0	0	0	0	0
C4_01060W_A	MLP1	1	0	2	1	2	3	3	3	0	0	0	1	0	1.278	1	0	4	2	3	3	1	2	0	0	1.021	2	1	2	0	1	2	2	5	0	5	5	0	0	0	1	0	0	0	0	1	0	2.829	3	0	1	0	2.362	2	2	0	0	1.318	1.494	2	2.637
C4_01070W_A	HGT17	0	0	0	0	0	0	1	0	0	0	0	1	0	1	2.9	0	0	0	0	0	3	3	4	3	1	1	0	1	2	2	3	4	0	0	2.017	1	1	0	0	0	0	0	0	0	0	1	0	0	2	0	0	0	1.002	1	0	0	0	0	0	2.542
C4_01080W_A	RAT1	0	0	0	0	0	0	0	0	0	0	1	0	0	1	0	1	3	1	2	0	1	0	1	1	1	0	3	1	2	0	1	1.319	1.967	0	0	0	1	1	1	0	0	2	0	0	0	0	0	0	1	0	0	1	1	2	0	1	2	2	0	1.594
C4_01090C_A	C4_01090C_A	0	0	0	0	0	0	0	1	0	0	0	0	0	0	0	0	0	1	1.998	0	1	0	0	0	0	0	1	0	0.915	0	0	0	0	1	1	0	0	0	0	0	0	0	0	0	0	0	0	0	0	0	0	0	0	0	0	0	0	0	1	0
C4_01100C_A	AGP2	1	1	0	0	0	0	0	0	0	1	0	0	0	0	0	0	0	0	0	1	0	0	0	0	1	0	2.003	1.009	0	0	1	0	1	0	0	1	1	1	0	0	0	0	0	0	0	1	0	1.079	0	0	0	0	0	0	1	0	1	0	2	2
C4_01110W_A	tD(GUC)6	0	0	0	0	0	0	0	0	0	0	0	0	0	0	0	0	0	0	0	0	0	0	0	0	0	0	0	0	0	0	0	0	0	0	0	0	0	0	0	0	0	0	0	0	0	0	0	0	0	0	0	0	0	0	0	0	0	0	0	0
C4_01120C_A	C4_01120C_A	0	0	0	0	2	2	1	0	2	0	0	0	1	0	0	1	1	0	0	0	0	0	1	0	2	0	2	1	0	1	0	1	0	0	0	1	0	0	0	0	0	0	0	0	0	0	1	0	0	0	0	0	1	2	0	1	0	0	1.976	0
C4_01130C_A	C4_01130C_A	0	0	0	0	0	1	0	0	0	0	0	0	0	0	0	2	0	0	0	0	0	0	0	0	0	0	0	0	2	0	2	0	1	0	0	0	0	0	0	0	0	0	0	0	1	0	0	0	0	2	4.738	0	0	2	0	1	1	0	0	0
C4_01140C_A	C4_01140C_A	3	0	1	0	1	2	3	0	2	0	1	0	3	2	2	2	0	0.999	0	0	1	1	0	2	3	0	1	1	0	2	0	0	0	2	6	2	1	1	0	1	1	0	1	1	1	1	0	0	0	0	0	1	2	3	0	0	2	2	3	3
C4_01150W_A	ASK1	0	0	0	1	1	0	2	1	0	1	0	0	0	0	0	0	0	0	0	1	2	0	0	0	1	0	0	1	0	2	0	0	0	0	0	0	0	0	0	0	1.552	0	0	0	1	1	0	0	1	1.579	2	3	1	0	0	1	0	0	1	1
C4_01160W_A	CRD2	0	0	0	0	0	0	0	0	0	0	0	0	0	0	0	0	3	2	0	0	0	0	0	0	0	0	0	0	0	0	0	0	0	0	0	0	0	0	0	0	0	0	0	0	0	0	0	0	0	0	0	0	0	0	0	0	0	0	0	0
C4_01170C_A	BMT9	0	0	0	0	0	1	0	1	0	0	0	1.071	1	1	1	0	0	0	0	1.038	1	0	0	0	0	0	0	0	0	3.848	1	0	0	0	0	0	0	0	0	0	1	0	0	0	0	0	1	0	0	0	0	1	1.01	0	1	0	2	0	0	0
C4_01180W_A	C4_01180W_A	0	0	0	0	1.923	0	1	0	0	0	0	0	0	0	1	0	1	0	1	0	1	0	2	0	1	0	1	1	0	0	2	0	0	0	0	0	0	0	0	0	0	0	0	0	0	0	0	0	0	0	1	0	0	1	0	1	1	1	1	1
C4_01190W_A	CAS5	0	0	0	0	0	0	0	0	0	1	0	0	1	0	0	0	0	0	0	0	0	0	0	0	1.022	1	0	1	3	0	1	1	0	0	1	0	0	0	1	1	0	0	0	0	0	0	0	0	0	0	0	0	1	0	0	0	1.148	1.458	0	0
C4_01200C_A	AAT22	0	0	0	1	0	1	0	0	1	0	0	0	0	0	0	0	1	0	0	0	0	0	0	0	0	0	0	0	0	0	0.989	1	0	0	0	0	0	0	1	0	0	0	0	0	0	0	0	0	1.249	0	1	0	0	0	1	2	0	0	0	1.169
C4_01210C_A	tS(UGA)3	0	0	0	0	0	0	0	0	0	0	0	0	0	0	0	0	0	0	0	0	0	0	0	0	0	0	0	0	0	0	0	0	0	0	0	0	0	0	0	0	0	0	0	0	0	0	0	0	0	0	0	0	0	0	0	0	0	0	0	0
C4_01220C_A	C4_01220C_A	0	0	2	0	2	5	0	0	0	1	2.032	0	0	0	0	1	2	1	1	1	1	1	0	0	1	3	2.949	2	2.626	1	4.002	0	0	0	0	0	0.999	0	1.128	0	0	0	0	0	1	1	1	0	1.124	2.247	0	1	1	0	2	3	2.184	1	0	3
C4_01230C_A	C4_01230C_A	0	0	0	0	1	0	4	0	1	0	1	2	0	0	0	0	0	1	0	0	2	2	2	0	1	0	1	0	0	0	0	0	0	0	0	0	0	0	0	0	0	0	0	0	0	0	1	0	0	0	0	0	0	0	0	0	0	0	0	0
C4_01240C_A	C4_01240C_A	0	0	1	0	2	1	1	7	0	0	0	0	0	0	0	0	0	0	0	0	0	0	0	0	0	0	0	0	0	0	0	0	0	0	0	0	0	0	0	0	0	0	0	0	0	0	0	1	0	0	0	0	0	0	0	0	1	0	0	0.751
C4_01250W_A	NAT4	0	0	0	0	0	0	0	0	0	1	0	1	0	0	1	0	0	0	0	0	0	1	0	0	0	1	2	0	0	0	0	0	0	0	0	0	0	0	0	0	0	2	0	0	0	0	0	0	0	0	0	0	1	0	0	0	0	1	0	0
C4_01260W_A	RLM1	0	0	1.118	0	1	3.041	0	0	1	0	0	0.994	0	1	0	0	1	0	0	0	1	0	1	0	0.981	0	1	0	1	0	1	0	0	0	0	0	0	0	1	1	0	0	0	0	2	1	2	1	0	0	1	1	0	0	1	0	2	0	1	0
C4_01270W_A	RPS6A	0	0	0	0	3	3	0	2	0	0	0	0	0	0	0	1	0	0	0	0	5	3	5	2	0	0	0	1	0	0	0	0	0	0	0	1	0	0	0	0	0	0	0	0	1	1	3	1	0	0	0	0	0	0	1	2	0	0	1	0
C4_01280C_A	C4_01280C_A	0	1	0	0	0	1	1	0	0	2	0	1	0	1	0	0	5	3	6	3	1	2.427	0	0	2	1	0	0	2.055	0	4.174	0	1	0	0	0	0	0	0	0	1	0	0	0	0	2	0	0	1	0	0	0	2	0	2	0	1.564	0	0	1.527
C4_01290W_A	C4_01290W_A	2	3	1	2	0	0	1	1.997	2	1	0	1	0	0	0	0	1	0	0	0	0	1	0	0	0	1.004	1	1	5	1.926	2	4.999	1	0	0	0	1	0	0	0	0	0	1	0	0	0	0	0	0	2	0	0	2	0	0	0	0	1	1.325	0
C4_01300W_A	C4_01300W_A	0	1.155	0	0	0	0	2	1	5	2	2	7	2	1	5	5.837	1	7	5	2	0	1	2	0	0	0	1	0	0	1	0	0	2.01	0	1	0	0	1	0	0	2	1	0	0	0	1.027	0	0	0	2	0	0	0	0.952	0.998	0	0	1.163	1	1.999
C4_01310W_A	C4_01310W_A	0	0	0	0	0	1	0	0	0	0	0	1	1	0	0	1	0	0	2.042	1	0	0	0	1	0	0	1	1	0	0.999	1	1	0	0	0	0	0	0	0	1	0	0	1	2.483	3	4	2.629	1	0	0	2	0	1	1	3	1	1	0	0	0
C4_01320C_A	OPT6	4	3	1.002	2	3	1	0	3	3	4	1	0	0.912	4.002	0	1	4	2	2	1	2.378	0	0	3	7.554	5.551	3	4.808	4	1	2	1	0	4	0.846	2	3	2	0	2	0	0	3	3	1	1.939	1	0	4.647	2	4	0	1.122	4	3	2	4.243	3.827	3	3.69
C4_01330W_A	C4_01330W_A	0	0	0	0	0	0	0	0	0	0	0	0	1	0	0	0	0	0	0	0	0	1	0	0	0	0	0	0	0	0	0	0	0	0	1	0	0	0	0	0	0	0	0	0	0	0	0	0	0	0	0	0	0	0	0	0	0	0	0	0
C4_01340W_A	C4_01340W_A	0	0	0	0	0	0	1	1	0	0	0	0	0	0	0	0	0	0	0	0	0	0	0	0	1	0	0	0	0	0	0	0	0	0	0	1	0	0	0	0	0	0	0	0	0	0	0	0	0	0	0	0	0	0	0	0	0	0	0	0
C4_01350W_A	C4_01350W_A	0	0	0	0	0	0	0	0	0	0	0	1	0	0	0	0	0	0	0	0	0	0	0	0	0	0	0	0	0	0	0	1	0	0	0	0	0	0	0	0	0	0	0	0	0	0	0	0	0	0	0	0	0	0	0	0	0	0	0	0
C4_01360W_A	PGA53	0	1	0	0	0	0	0	0	0	0	0	0	0	0	0	0	0	0	0	0	0	0	0	0	0	0	0	0	0	0	0	1	0	1	1	1	0	0	0	0	0	0	0	0	0	0	0	0	0	0	0	0	0	1	0	0	0	0	0	0
C4_01370W_A	ILV6	0	0	0	0	0	0	0	0	0	0	1	0	0	0	0	0	0	0	0	0	0	0	0	0	0	0	0	0	0	0	0	0	0	0	0	0	1	0	2	2	0	0	0	0	2	1	2	0	0	0	0	0	0	0	1.004	0	0	0	0	0
C4_01380W_A	ZCF27	0	0	1	0	3	0	0	0	0	0	0	2.005	0	0	0	0	0	2.999	0	0	0	0	0	2	0	0	0	0	0	1	2	0	0	1	0	0	0	0	1	0	0	0	1	0	0	0	3	0	0	0	0	0	2.01	0	3.204	3	0	1.047	3.09	0
C4_01390W_A	HAP3	0	0	1	0	0	0	0	0	0	0	1	0	0	0	0	0	0	0	0	0	0.999	0	0	0	0	0	0	0	0	0	0	0	0	0	0	0	0	0	0	0	0	0	0	0	0	0	0	0	0	0	0	0	0	0	0	0	0	2	1	0
C4_01400W_A	UEC1	1	4.807	2	4.036	3	1	0	3	4	2	5	4	0	1	1	4	2	4	1	4	1	3	5	2	3	6.114	4	4	8	7	6	6	8	0	5	4	3	3	1	2	5	0	2	0	4	3	2	3	4	7	5	2.027	12.172	6.113	9	4	6	7	8	13.135
C4_01410W_A	BEM1	0	0	0	0	1	0	1	1	1	0	0	1	0	0	0	0	0	0	0	0	1	0	0	0	0	1.087	0	0	1	0	0	1.099	0	0	0	0	0	0	0	0	0	1	0	0	1.291	0	1.998	0.996	1.282	0	1	0	0	1	0	0	2.579	0	0	2.19
C4_01420W_A	C4_01420W_A	0	1	0	0	3	2	0	2.05	1	1.023	2	0	2	0	0	0	0	1.002	0	2	3.279	1	1	3.952	1	0	1	1.177	1.855	3.882	1	0	0	0	0	0	1.102	1	0	1	1	0	0	0	1	0.973	4	1	1.08	2.101	1.146	3	1.994	4.016	5	3	2	5.852	3.188	0
C4_01430C_A	C4_01430C_A	0	0	0	1	1	0	0	0	3	2	1	3	0	0	0	0	0	2	0	2	0	0	1	0	1	0	1	0	1	1	0	2	1	0	1	1	0	1	3	2	0	0	0	0	0	0	0	1	1	1	0	1	1	1	0	1	0	1	1	0
C4_01440W_A	NMT1	0	0	0	0	0	0	1	0	0	0	2	1	0	0	0	0	0	0	1	0	1	0	1	0	1	0	1	0	0	0	2	1.477	2	1	1.994	0	4.986	0	2	0	0	0	0	0	1	0	1	1.313	0	0	0	0	1.097	1	1	0	3.186	0	0	0
C4_01450W_A	PWP1	0	0	1	0	1	0	1	0	0	0	0	0.997	0	0	0	0	0	1	0	0	0	1	1	0	0	0	0	1.558	1.906	2	2	0	0	0	0	0	0	1	0	0	0	0	0	0	0	0.993	1.002	0	0	0	0	0	1	2	2	0	2	0	2	0
C4_01460C_A	C4_01460C_A	0	0	0	0	0	0	0	0	0	0	0	0	0	0	0	0	0	0	0	0	0	0	0	0	0	0	0	0	1	0	0	0	0	0	0	0	0	0	0	0	1	0	1	0	0	0	0	0	0	0	0	0	0	0	0	0	1	0	1	1
C4_01470W_A	C4_01470W_A	0	0	0	0	0	0	0	0	0	0	0	0	0	3	0	0	0.996	1	1	0	1	0	1	0	0	0	0	0	0	0	0	1	0	0	0	1	0	0	0	0	0	0	0	1	0	0	1	0	0	1.344	0	0	0	0	0.733	1	0	0	0	1
C4_01480C_A	C4_01480C_A	0	0	0	0	0	0	3	0	0	0	0	0	0	0	0	0	0	0	0	1	0	0	0	0	1	0	1.117	0	0	0	0	0	0	0	0	0	0	0	0	0	0	0	0.907	0	0	1	0	1	1	0	0	0	0	0	0	0	0	2	1.384	0
C4_01490W_A	NIP1	1	0	0	0	0	0	0	0	3	1	3	2	1	3	4	0	2.15	0	1	0	0	0	1	1.135	1	0	1	1	0	1	1	0	1	0	3	0	0	0	1	1	0	0	0	1	0	0	0	0	0	0	1.163	0	0	0	1	2	1	3	3.785	3.357
C4_01500W_A	NCS6	1	0	1	0	2	2	1	0	3	2	0	1.034	1	0	0	1	0	0	0	0	0	0	1	0	1.152	0	1	0	3	2	0	2	0	0	2	0	1	0	0	0	0	0	0	0	3.147	0	0	1	1	2	0	0	0	1	1.005	2	0	3	1	0
C4_01510W_A	C4_01510W_A	0	0	0	0	2	1	2	1	0	0	0	0	0	1	0	0	0	0	0	0	1	0	0	1	0	0	0	0	0	0	0	1	0	0	0	0	0	0	0	0	0	0	0	0	5	1	4	2	0	0	0	0	0	0	0	0	0	1	0	0
C4_01520C_A	RPL20B	1	1	0	1	0	2	0	0	1	1	0	0	1	1	0	0	0	0	0	0	0	0	0	0	1	0	1	0	0	0	0	0	1	0	0	0	0	0	0	0	0	0	0	0	0	0	0	0	0	0	0	0	0	0	0	0	0	0	0	1
C4_01530C_A	ERG251	1	1	0	0	0	0	0	1	0	0	0	0	0	0	0	0	0	0	0	0	0	0	3	2	4	4	4	4	2	3	2	2	0	0	1	0	0	0	1	0	0	0	0	1	1	0	1.631	1	0	0	0	0	7	3	2	1	1	0	0	0
C4_01550C_A	CPA1	0	1	0	1	0	0	1	0	1	0	1	0	0	1	1	0	0	0	0	0	0	0	0	0	0	1	1	1	4	0	2	0	0	0	0	0	0	0	0	0	0	0	0	0	0	0	0	0	0	1	0	1.63	1	0	0	1	1	0	0	0
C4_01560C_A	C4_01560C_A	1.998	0	1.975	2	1.005	2	2	4	1	1	0	1	0	1	1	1	1	0	1.763	2	1	2	3	1	1	2	1	2	6	0	5	0	3	1	1	2	1	0	2	1.219	0	0	1.103	1	0	0	1	3	3	3	5	3	6.227	3	0	1.135	3.34	0	2	0
C4_01570C_A	C4_01570C_A	0	0	1	1	0	2	0	1	2	1	0	0	6	5	4	5	1	0	0	1	0	0	0	1	2	1	2	3	3	2	1	2	0	1	0	0	0	0	0	0	0	1	0	0	6	7	9	5	0	0	0	0	11	7	4	1	1.004	0	0	0
C4_01580C_A	C4_01580C_A	0	0	0	0	0	0	0	0	0	0	0	0	0	0	0	0	0	0	0	0	0	1	1	0	0	0	0	0	2	3	2	0	0	0	0	0	2	4	1	4	0	0	0	0	0	2	0	1	0	0	0	0	7	6	10	4	0	0	0	0
C4_01590C_A	C4_01590C_A	0	0	0	0	0	0	0	0	4	2	0	1	0	0	0	0	0	0	0	0	0	0	0	0	0	0	0	0	0	2	1	0	0	0	0	0	0	0	0	0	0	0	0	0	1	1	0	1	0	0	0	0	4	0	2	0	0.924	0	0	0
C4_01600C_A	C4_01600C_A	0	0	0	0	1	2	3	6	6	9	3	5	8	5	5	3	17	16	12	16	17	16	17	13	6	3	10	5	3	5	5	5	0	0	0	0	2	2	1	4	0	0	0	0	5	5	4	5	0	0	0	0	14	11	12	8	0	0	0	0
C4_01610C_A	C4_01610C_A	0	0	0	0	0	0	0	0	0	0	0	0	0	0	0	0	0	0	0	0	0	0	0	0	0	0	0	0	0	0	0	0	0	0	0	0	0	0	0	0	0	0	0	0	0	0	0	0	0	0	0	0	0	0	0	0	0	0	0	0
C4_01620C_A	C4_01620C_A	0	0	0	0	0	0	0	0	0	0	0	0	0	0	0	0	0	0	0	0	0	0	0	0	0	0	0	0	0	0	0	0	0	0	0	0	0	0	0	0	0	0	0	0	0	0	0	0	0	0	0	0	0	0	0	0	0	0	0	0
C4_01630C_A	C4_01630C_A	0	0	0	0	0	0	0	0	0	0	0	0	1	6	1	1	1	0	0	0	0	0	0	0	0	2	1	1.688	0	0	0	0	0	0	0	0	0	0	0	0	0	0	0	0	0	0	0	0	0	0	0	0	0	0	0	0	0	0.995	0	0
C4_01640C_A	C4_01640C_A	0	0	0	0	6	10	10	5	1	0	0	0	7	3	1	2	10	10	12	15	1	4	2	4	0	1	0	0	3	4	5	3	0	0	0	0	6	4	3.83	3	0	0	0	0	8	11	9	12	0	0	0	0	11	7	11	9	0	0	0.903	0
C4_01650C_A	C4_01650C_A	0	0	0	0	0	0	1	0	0	0	0	0	0	0	0	0	0	0	0	0	0	0	0	0	2	4	0	7	1	2.001	0	1	0	0	1	2	0	0	0	0	0	0	0	1	0	0	1	0	1.576	0	0	1	0	1	0	0	0	0	0	1
C4_01660W_A	C4_01660W_A	2.598	0	1.322	0	0	3.999	2.001	3	0	1	0	0	0	0	0	0	1	0	1	0	2	1.001	0	0	2	1.016	0	2	0	1	1	1.032	0	2.31	1	0	0	0	0	1	1.469	0	0	1	0	0	0	1	0	2	1	3.573	0	1	1	1	0	4.388	3.123	2.614
C4_01670C_A	C4_01670C_A	0	1	0	0	1.001	0	1	0	1	0	0	1	1	0	0	0	0	0	0	0	0	0	1	1	0	0	2	0	1.002	0	0	0	0	0	0	0	0	0	0	0	0	0	0	0	1	0	1	0	1	0	0	0	1	1	0	3	1	1	0	1.66
C4_01680W_A	TOA2	0	0	0	0	0	0	0	0	0	0	0	0	0	0	0	0	0	0	0	0	1	0	0	0	1	0	1	0	0	0	0	0	0	0	0	0	0	0	0	0	0	1	0	0	0	0	1	0	0	1	0	0	0	0	0	0	0	1	0	0
C4_01690C_A	HRT2	0	0	0	0	4	4.987	0	0	1	0	1	0	0	0	0	0	0	0	1	0	0	0	0	0	0	0	2	0	0	0	0	0	0	1	0	0	0	0	0	0	0	0	0	0	1	2	1	0	0	0	0	0	0	1	0	1	0	1	0	0
C4_01700C_A	NHP6A	1	1	1	3	0	0	0	0	1	1	2	1	5	10	4	6	5	1	3	2	1	3	2	3	3	5	3	3	0	0	0	0	0	0	0	0	2	4	6	8	0	0	0	0	3	2	0	1	0	0	0	0	10	7	7	8	0	1	0.951	0
C4_01710C_A	C4_01710C_A	0	0	0	0	0	0	0	1	0	0	0	0	0	0	0	0	0	0	0	0	0	0	0	0	0	0	0	0	0	0	0	0	0	0	0	0	0	0	0	0	0	0	0	0	0	0	0	0	0	0	1	0	0	0	1	0	0	0	0	0
C4_01720C_A	C4_01720C_A	0	0	0	0	0	0	0	0	0	0	0	0	0	0	0	0	0	0	0	0	0	0	0	0	1	1	0	0	1	0	0	0	0	0	1	0	0	0	0	0	0	0	0	0	0	1	3	1	2	0	0	1	0	0	0	0	0	0	0	0
C4_01730C_A	C4_01730C_A	0	0	0	0	0.996	1	1.387	1	0	0	1	0	0	0	1	0	0	0	0	0	0	2	0	4	3	1.004	3.152	0	1	2.998	0	0	0	0	0	0	0	0	0	0	0	0	1	0	2	0	2	1	0	0	0	2	0	1	2	0	2.324	0	0	0
C4_01740W_A	TIM12	0	0	0	0	0	0	0	0	0	0	0	0	0	0	0	0	0	0	0	0	0	0	0	0	0	0	0	0	0	0	0	1	1	0	0	0	0	0	0	0	0	0	0	0	0	0	0	0	0	0	0	0	0	0	0	0	0	0	0	0
C4_01750C_A	FBA1	0	0	0	1	0	0	0	0	0	0	0	0	1	0	1	0	0	0	0	0	0	0	0	0	1	3	1	0	0	0	0	0	0	1	0	0	2	4	1	1	0	0	0	0	0	1	0	0	0	0	0	0	2	3.023	1	5	0	1	0	0
C4_01760W_A	C4_01760W_A	0	0	0	0	2.998	1	1	1	0	0	0	0	0	1	0	0	1	0	0	0	0	0	0	1	1	1	3	1	0	0	0	0	2	1	4	2	0	1	0	0	0	0	0	0	0	0	0	0	1	1	0	0	1	1	0	1.999	1	0	0	1
C4_01770W_A	POL30	2	3	5.999	1	0	0	1	0	0	0	0	0	0	0	0	0	0	1	0	0	0	1	0	0	0	0	0	1	0	1	0	0	0	0	0	0	0	0	0	0	0	0	0	0	0	0	0	0	2	0	0	0	0	1	1	0	0	1	0	2
C4_01780C_A	C4_01780C_A	0	0	0	0	0	1	0	0	0	0	1	1	4	3	2	3	0	0	0	0	0	0	0	0	0	0	1	0	2	0	0	0	0	1	0	0	0	1	4	0	0	0	0	0	0	1	0	0	2	0	1.431	0	1	0	0	0	0	1	0	0
C4_01790W_A	ATG11	2	1	0	1	1	1	1	0	0	0	0	0	0	1	1	0	1.004	1	0	2	1	0	0	0	2	2.001	0	0	0	1	1.006	0	1	0	0	0	0	0	0	2	0	0	0	0	1	0	1	0	0	0	2.576	1.318	0	1	1	1	2	4	2.206	1
C4_01800W_A	C4_01800W_A	0	0	0	0	1	0	1	0	0	0	0	0	0	0	0	0	0	0	0	0	0	0	0	0	0	0	0	0	0	0	0	0	0	0	0	0	0	0	0	0.675	0	0	0	0	0	0	0	0	0	0	0	0	1	0	0	0	0	0	0	1
C4_01820C_A	C4_01820C_A	0	0	0	1	0	0	0	0	0	0	0	0	0	0	0	0	1	1	0	0	0	1	0	0	0	0	0	0	1	3	2	4	0	0	0	0	0	0	0	0	0	0	0	0	0	0	1	0	0	0	0	0	4	12	6	7.029	0	0	0	0
C4_01830C_A	C4_01830C_A	0	0	0	0	0	0	1.998	0	0	0	0	0	0	0	0	2	0	1	0	0	0	3	1	0	2	1	0	0	0	0	1	1	0	0	0.999	0	0	0	0	0	0	0	0	0	1	0	1	1	1	1.679	0	0	0	0	2	1	0	1	0	0
C4_01840C_A	C4_01840C_A	0	0	0	0	1	0	0	0	0	0	0	0	1	0	1	0	0	0	1	0	0	0	1	0	0	0	0	1	0	0	0	0	0	0	0	0	0	0	0	0	0	0	0	0	0	0	0	0	0	0	0	0	0	0	1	1	0	0	0	0
C4_01850C_A	PDC12	0	0	0	0	1.273	0	0	0	0	0	0	1	1	0	1	1	1	0	0	0	0	0	0	1	0	0	1	0	1	0	0	0	2	0	0	0	0	0	0	1	0	0	0	0	0	0	0	0	0	0	1	1.443	0	0	0	0	1	1	0	1
C4_01860C_A	C4_01860C_A	5	2.307	5.102	1	0	0	0	0	0	0	0	0	0	0	1	1	1	2	2	1	0	0	0	1	0	1	0	1.107	4	3	1	4	4	2	1	1	0	0	0	0	1	0	1	0	0	0	1	2	2	0	0	0	1	2.834	0	0	0	0	1	3
C4_01870C_A	ERG8	1	1	0	0	3.811	0	3.124	2	0	0	1	0	0	0	1	0	0	1	0	0	0	0	1	0	2	0	0	0	1	1	0	1	0	0	0	0	0	0	0	0	0	1	0	0	1	0	1	2	1	1	1	0	0	0	0	2	4	2	0	3
C4_01880W_A	TYR1	1	0	0	0	0	1	0	0.997	3.039	1	0	1	0	0	1	0	0	0	0	0	0	0	0	0	0.997	0	0	0	0	0	0	0	0	0	1	0	0	0	0	0	0	0	0	0	0	0	0	0	0	1	1	0	1.42	1	1	0.997	0	0	0	0
C4_01890C_A	ARL1	0.701	0	0	0	0	0	0	0	0	0	0	0	0	1	0	0	0	0	0	0	0	0	0	0	1	0	0	0	0	0	1	0	0	0	0	0	0	0	0	0	0	0	0	0	0	0	0	0	0	0	0	0	0	0	0	0	0	2	0	0
C4_01900C_A	MDH1-1	0	0	0	0	0	0	0	0	0	0	0	0	0.705	0	0	0	0	0	0	0	0	0	0	0	0	0	1	0	0	0	0	0	0	0	0	0	0	0	0	0	0	0	0	0	0	0	0	1	0	0	0	0	1	0	0	0	0	0	0	0
C4_01910W_A	C4_01910W_A	0	1	0	0	0	0	1	1	0	0	0	0	0	0	0	0	0	0	0	0	1	1	0	0	1	2	0	0	0	0	0	0	0	0	0	0	0	0	0	0	1	0	0	1	0	0	1	1	0	0	1	0	3	1	0	0	2	0	0	0
C4_01920W_A	DPM3	0	0	0	0	0	0	0	0	0	0	0	0	0	0	0	0	0	0	0	0	0	0	0	0	0	0	0	0	0	0	0	0	0	0	0	0	0	0	0	0	0	0	0	0	0	0	0	0	0	0	0	0	0	0	0	0	0.851	1	0	0
C4_01930C_A	C4_01930C_A	0	0	1.969	0	1	1	1	0	1	0	0	0	0	0	1	0	0	0	0	0	1	0	1	1	0	3	0	0	0	0	0	0	1	0	0	0	0	0	0	0	0	0	0	0	0	0	0	0	0	0	0	0	0	0	0	0	0	2	0	0
C4_01940W_A	PHO89	1.094	2	0	0	0	1	0	0	2	0.945	0	0	0	0	0	0	4	1	2	4	0	0	0	0	0.988	1	1	0	1	0.999	0	0	0	0	0	0	0	0	0	0	0	0	0	0	0	0	0	0	0	1	0	0	0	0	0	0	0	0	1	0
C4_01950W_A	C4_01950W_A	0	0	0	0	0	0	0	1	0	0	0	0	0	1	0	0	0	0	0	1	0	0	0	0	0	0	0	0	0	0	0	0	0	0	0	0	0	0	0	0	0	0	0	0	0	0	0	0	0	0	0	0	0	0	0	0	0	0	0	1
C4_01960C_A	C4_01960C_A	0	0	0	0	0	0	0	0	0	0	0	0	0	0	0	0	0	0	0	0	0	0	1	1	0	0	0	0	0	0	0	0	0	0	0	0	0	0	0	0	0	0	0	0	0	0	0	0	0	1	2.149	0	0	0	1	1	0	0	1.01	0
C4_01970W_A	C4_01970W_A	0	0	0	0	0	0	2	0	0	1	0	3	0	0	0	0	0	0	0	0	0	0	0	0	0	0	0	0	0	1	0	1	0	0	0	0	1	1	0	0	0	0	0	0	0	0	0	0	0	0	1.612	0	1.863	0	0	0	1	0	0	0
C4_01980C_A	CLC1	0	0	0	1	1	0	0	0	0	0	0	0	0	0	0	0	0	0	0	0	0	1	0	0	1	1.913	1	0	1	0	1	0	1	0	1	2	0	0	0	0	0	1	0	0	2	2	0	0	0	0	0	0	1.012	1	2	1	0	0	1	1
C4_01990W_A	C4_01990W_A	0	0	0	0	0	0	0	0	0	0	0	0	0	0	0	0	0	0	0	0	0	0	0	0	0	0	0	0	0	0	0	0	0	0	0	0	0	0	0	0	0	0	0	0	0	0	0	0	0	0	0	0	0	0	0	0	0	0	0	0
C4_02000C_A	RGA2	0	2	2	1.961	2	1	1.078	0	5.738	2	3	7.985	1	0	0	0	0	1	0	1	0	0	0	0	0	0	2	0	1	2	2	1	0	0	0	1	0	2	0	0	2	0	1	0	1	0	1	2.976	0	0	1.146	0	3.126	0	0	2	1.056	0	1	0
C4_02010C_A	HSX11	0	0	0	0	0	0	1.922	0	0	1	0	0	1	0	0	0	2	0	2	1	0	1	1	0	4	2	0	1	4	0	1	1	1	2	1.817	0	1	0	0	2	1	0	0	1	1	1	0	0	0	0	0	0	0	0	0	2	1	4	1	1
C4_02020W_A	CAT2	0	0	0	0	0	0	0	0	2.002	0	2	1	1	1	0	0	0	0	0	0	0	0	0	0	0	0	0	0	0	0	0	0	0	0	0	0	0	0	0	0	0	0	0	0	0	0	0	0	0	0	1	0	0	0	0	0	0	1	0	1
C4_02030W_A	RFX2	1	0	0	0	0	0	1.997	0	0	1	0	0	0	0	0	1	1	0	0	0	0	1	0	0	0	0	2	0	1	1	1	1	0	0	0	0	2.074	0	0	0	0	0	0	0	1	0	0	0	1	1	1.279	2	3.944	2.92	3	2.904	0	1	0	0
C4_02040W_A	C4_02040W_A	1	0	0	1	0	0	0	0	0	0	0	0	0	0	0	0	0	1	0	0	0	0	0	0	2.012	0	4	2	0	0	0	0	0	0	1	1	0	0	0	0	0	0	0	0	1	0	3	2	2	1	2	0	0	1	1	0	1	0	2	0
C4_02050W_A	HGH1	0	0	1	0	1	0	0	0	0	0	0	0	0	0	0	0	0	0	0	0	0	0	0.977	0	0	0	0	0	1	0	0	1	0	0	0	0	0	0	0	1	0	1	0	0	0	1	0	0	0	1	0	0	0	0	1	0	0	0	1	0
C4_02060C_A	TFG1	4	5	2	5	5.065	4	4.001	11	3	3	7	2	6	5	8	3	0	0	0	0	3	4.001	3	5	4	2	0	1	6	3	0	2	0	0	0	0	2	3	1	3	1	0	0	0	5	8	9	4	0	0	3	1	0	3	1	4	0	0	0	0
C4_02070W_A	PHO114	0	1	0	1	0	0	1	0	0	0	0	0	1	0	0	0	0	0	0	0	0	0	0	1.616	0	2	0	0	0	0	0	0	0.966	0	2	0	0	0	0	0	0	0	0	0	0	0	0	1	1	0	0	0	0	0	1	0	0	3	0	2.299
C4_02080W_A	C4_02080W_A	0	0	1	0	0	0	0	1	1	0	1	0	0	0	0	0	0	0	0	0	0	0	0	0	1	0	0	0	0	0	0	0	0	0	0	0	0	0	0	0	0	0	0	0	0	0	0	0	0	1	1	0	0.999	2	2	0	0	0	0	0
C4_02090C_A	C4_02090C_A	0	0	0	0	0	1.676	0	0	0	0	1	0	0	0	0	0	1	0	0	0	0	0	0	0	0	0	0	0	0	0	1	0	0	0	0	0	0	1	0	0	0	1	0	0	0	0	0	0	0	0	0	0	0	0	1	0	0	0	0	0
C4_02100C_A	GPI14	0	0	0	0	0	1	0	0	0	1	0	0	0	1	1	1.01	0	1	0	0	2	0	0	3	0	1	0	1	0	0	0	0	0	0	0	0	0	0	0	0	0	0	0	0	0	0	0	0	1	0	0	0	1	0	0	0	0	0	0	0
C4_02110W_A	C4_02110W_A	0	0	0	0	0	0	0	0	0	0	0	0	0	0	0	0	0	0	0	0	0	0	0	0	0	0	0	0	1	3	1	1	2	3	3	1	0	0	0	0	0	0	1	0	0.763	0	0	0	0	0	0	0	0	0	0	0	0	0	0	0
C4_02120W_A	ERV29	0	0	0	0	3	0	0	1	0	1	0	0	0	0	0	0	0	0	1	0	0	0	0	0	0	2	1	2	0	0	0.999	0	1	1	0	0	1	0	1	0	0	0	0	0	0	1	0	0	0	0	2	0	0	0	1	0	0	0	0	1
C4_02130W_A	CYT2	0	0	0	0	0	0	0	0	1.682	0	0	0	0	0	0	0	0	0	1	0	0	0	0	0	0	0	0	0	0	0	0	1	0	0	0	0	0	1	0	0	1	0	0	0	0	0	0	0	0	0	0	0	1	1	0	0	0	0	0	1
C4_02140C_A	TIM10	0	0	0	0	1	0	0	0	3	2	2	3	0	0	0	0	0	0	0	0	0	0	0	0	0	0	0	0	0	0	0	0	0	0	0	0	0	0	0	0	0	0	0	0	0	0	1	0	0	0	0	0	0	0	0	0	0	1	0	0
C4_02150C_A	C4_02150C_A	0	0	0	0	0	0	1	1	0	0	2.263	0	0	0	1	1	1	0	1	0	0	0	0	0	0	1	0	0	0	1.506	0	1	1	0	1	0	0	0	0	0	0	0	0	0	0	0	1	1	0	1	0	0	1.1	1	0	0	0	0	1.012	0
C4_02160C_A	C4_02160C_A	1	0	0	0	1	0	1	0	2	1	0	0	0	0	2	0	0	0	0	0	0	0	1	0	0	0	0.75	1	0	0	2	0	0	1	0	0	0	0	0	1	0	0	0	0	0	0	0	0	1.222	0	1	1	4	5	2.999	2	0	1	1	0
C4_02170C_A	C4_02170C_A	0	0	0	0	0	1	2	0	0	1	1	1	0	0	0	0	0	0	0	0	1	0	0	0	0	1	0	0	0	0	0	0	0	1	2	0	0	0	0	0	1	1	0	0	0	0	0	0	0	0	0	0	2.001	1	1	1	1	0	2.722	2.865
C4_02180C_A	ZCF26	1	0	0	1	3	0	0	0	0	4.542	0	0	1	0	0	1	0	0	1	0	3	1	4.261	3	1	2	1	2	0	1	2.08	1	0	0	0	0	0	0	0	0	0	0	0	0	2.087	0	0	1	1	1	0	1	0	3	1.026	0	1.177	0	0	3.285
C4_02190C_A	C4_02190C_A	0	0	0	0	0	0	0	0	0	0	0	0	0	0	0	0	0	0	0	0	0	0	0	1	0	0	0	0	0	1	0	0	0	0	0	0	0	0	0	0	0	0	0	0	0	0	0	0	0	0	0	0	0	1	1	1	0	0	1.498	0
C4_02200C_A	C4_02200C_A	0	0	0	0	0	0	0	0	0	0	0	0	0	0	1	0	0	0	0	0	0	0	0	0	0	0	0	0	0	0	0	0	0	0	0	0	0	0	0	0	0	0	0	0	0	0	0	0	0	0	0	0	0	0	0	0	0	0	0	0
C4_02210W_A	C4_02210W_A	0	0	0	0	0	0	2	3	0	0	0	0	0	0	0	0	2	0	0	1	1	0	1	1	0	0	0	0	0	1	1	0	0	0	0	0	0	0	1.009	0	0	0	0	0	0	0	1	0	0	0	0	0	0	0	0	0	0	0	0	0
C4_02220C_A	ZCF25	1	0	0	1	1	1.989	0	0	0	0	0	0	1	1	1	0	0	1	1	0	1	1	0	0	0	1	0	2	2	3	0	1	1	1	1	0	1	0	0	0	0	0	0	0	1	0	0	0	1.077	0	1.611	1	0	0	0	1	0	0	0	0
C4_02230C_A	HQD2	0	0	0	1	0	0	0	0	0	0	0	1	0	0	0	0	0	0	0	0	0	0	0	0	0	0	0	0	0	0	0	0	0	0	0	0	0	0	0	0	0	0	0	0	0	0	0	0	0	0	0	0	0	0	1	0	0	2	1	1
C4_02240C_A	C4_02240C_A	1	0	1	0	1	0	0	0	0	0	0	0	1	0	1	0	1	0	0	1	0	0	0	0	3	0	0	0	2	0	0	1	1.034	2	0	0	0	0	0.937	1	0	0	0	1	0	0	1	0	0	0	0	0	0	1	1.002	1	0	0	0	1
C4_02250C_A	BGL2	0	0	0	0	3	4.586	1	3	1	1	0	0	0	0	0	0	0	0	0	0	0	1	0	1.999	0	2	2	3	0	1	1	1	2	1	1	0	1	0	0	0	0	1	0	0	0	0	0	0	2	2	0	0	2	0	0	0	0	0	1	1
C4_02260C_A	C4_02260C_A	2	0	0	0	0	0	0	0	0	0	0	0	1	0	0	0	0	0	0	0	0	1	0	0	0	0	0	0	0	0	0	0	0	0	0	0	0	0	0	0	0	0	0	0	0	0	0	0	1	0	0	0	0	1.03	2	0	1	0	0	1
C4_02270C_A	BFR1	0	0	0	0	0	0	0	0	0	0	0	0	0	0	0	0	0	0	0	0	0	0	0	0	0	0	0	0	0	0	0	2.075	0	0	0	1	0	0	0	0	0	0	0	0	0	0	0	1	0	0	0	0	2	1	1	2	0	0	0	1.84
C4_02280W_A	IDI1	0	0	0	0	0	0	0	0	0	0	0	0	0	0	0	0	0	0	0	0	1	0	0	0	0	1	0	0	0	0	1	1	0	0	0	0	0	0	0	0	0	0	0	0	0	0	0	0	0	1	0	0	0	0	0	0	1	0	0	0
C4_02290W_A	LAB5	0	0	0	0	1	0	0	0	0	0	0	0	0	0	0	0	0	0	0	0	0	0	1	0	0	0	0	0	0	0	0	1	0	0	0	0	0	0	0	0	0	0	0	0	0	0	0	0	0	0	0	1.001	0	0	0	1	0	1.449	2	0
C4_02300W_A	HOS3	0	0	0	0	0	1	1	0	0	1	0	0.993	1	0	1	0	1.002	0	0	1	0	1.014	0	0	0	3	0	0	0.998	3	0	1	0	0	0	0	0	0	0	1	1.52	0	1.368	0	2	2	1	0	3.296	1	2.743	0	2.072	1	0	2	2.733	1	0	0
C4_02310W_A	BEM3	0	0	0	2	0	1	2	1	0	0	0	0	0	0	0	1	0	0	0	2	1	2	0	1	0	0	0	1	1.113	1.269	1	0	1	0	1	0	0	0	0	0	0	0	0	0	1	1.894	0	0	2.465	0	2	0	0	2.122	2	0	0	0	3.336	0
C4_02320C_A	SOD1	0	0	0	0	3	1	4	5	0	0	0	0	0	0	0	0	0	0	0	0	0	0	0	0	0	0	0	0	0	0	0	0	0	0	0	0	0	0	0	0	0	0	0	0	2	2.999	2	1	0	0	0	1	0	0	0	0	0	0.75	0	0
C4_02330C_A	C4_02330C_A	0	0	0	0	0	0	0	0	0	0	0	0	0	0	0	0	0	0	0	0	0	1	0	1	0	0	0	0	1	0	1	0	0	0	0	0	0	0	0	0	0	0	0	0	0	0	1	0	0	0	0	0	0	0	0	2	1	0	0	0
C4_02340W_A	C4_02340W_A	0	0	0	0	0	0	0	0	0	0	0	0	0	0	0	0	0	0	1	0	0	0	0	0	0	0	1	0	0	0	0	0	0	0	0	0	0	0	0	0	0	0	0	0	0	0	0	0	0	0	0	0	1	0	0	0	0	0	0	0
C4_02360W_A	AMS1	1	0.961	1	0	0	1	1.674	1	0	0	1.022	0	1	0	0	0	0	0	0	1	0	0	0	0	2	0	0	2	3	3	6	2.377	1	0	0.922	1	0	1	0	0	0	0	0	0	3	3	3	2	0	0	0	0	0	1	0	0	1.203	0	0	3
C4_02370C_A	PGA59	1	0	0	0	0	2	1	1	0	1	0	0	0	1	0	0	1	0	0	0	0	0	1	0	0	0	0	0	0	0	0	0	1	1	0	0	0	1	0	2	0	0	0	0	1	1	2	1	0	0	0	0	2	1	0	0	0	0	0	0
C4_02380W_A	C4_02380W_A	0	0	0	0	0	1	0	0	0	0	0	0	1	0	0	0	0	0	0	1	0	0	0	0	0	1	0	1	1.44	0	0	0	0	1	0	0	0	0	0	0	0	1	1	0	0	0	1	0	0	0	0	1	1	0	1	0	1	0	0	0
C4_02390W_A	PGA62	0	0	0	0	0	0	0	0	0	0	0	0	0	0	0	0	0	0	0	0	0	0	1	0	0	0	0	0	0	0	0	0	0	0	0	0	0	0	0	0	0	1	0	0	0	0	0	0	0	0	0	0	0	0	0	0	0	0	0	0
C4_02400C_A	C4_02400C_A	0	0	3	0	1	1.106	0	0	1.999	0	1.627	0	1	1	0	0	3	3.091	0	3	0	0	0	0	3	0	1	0	3.512	0	2.009	0	0	0	1	0	0	2	0	0	0	0	0	0	0	1	0	1	1	0	1	3	2.228	0	3	1	1	1.164	0	1.17
C4_02410C_A	AHP1	0	0	0	1	0	0	1	0	2	0	1	1	0	2	0	1	1	1	1	0	0	0	0	0	0	0	0	0	0	0	0	0	1	0	0	1	0	0	0	0	1	0	0	1	2	0	0	1	0	0	0	0	1	0	0	0	0	0	2.984	0
C4_02420C_A	GPI11	0	0	0	0	0	0	0	0	0	2	1	0	0	1	0	0	0	0	0	0	3	0	0	2	2	0	0	2	0	0	0	1	1	0	1	0	0	1	0	0	0	0	0	0	0	0	0	0	0	0	0	0	0	0	0	0	0	0	0	0
C4_02430W_A	CFT1	1	1	0	0	0	0	0	1	0	0	0	1	1	1.378	0	0	0	0	0	0	1.007	1	0	0	0	1.008	2	0	0	2	2	0	1	0	0	0	1	1	0	0	0	2	0	0	0	1.001	1	1	3	0	1.284	0	4	1.996	1.001	1.125	1.33	0	2.221	2
C4_02440C_A	PGA38	0	0	0	0	0	0	0	0	0	0	0	0	0	0	0	0	0	0	0	0	0	0	1	0	0	0	0	0	1	0	0	0	0	0	0	0	0	0	0	0	0	0	0	0	0	0	0	0	0	1	0	0	0.968	1	0	0.984	0	0	0	0
C4_02450W_A	C4_02450W_A	0	0	0	0	0	0	0	0	0	0	0	0	0	1	0	0	0	0	0	0	1	1	0	0	0	0	0	0	2	0	0	1	1	0	0	1	0	0	0	0	0	0	0	0	0	0	0	2	0	0	0	0	0	0	0	1	0	0	0	0
C4_02460W_A	C4_02460W_A	0	0	0	3	1	1	0.998	1	0.983	1	1	1	0	2	0	1	0	0	3	1	1	0	2	1	0	0	1	0	0	0	3	0	1	1	1	0	0	0	0	0	0	0	0	0	1	0	2	0	1	0	2	1	1	1	0	1	1	1	2	0
C4_02470C_A	C4_02470C_A	0	0	0	0	0	0	0	0	0	1	0	0	0	0	0	0	0	0	0	0	1	2	3	0	0	0	0	1	0	0	0	0	0	0	0	0	0	0	1	0	0	0	0	0	0	0	0	1.931	0	0	0	0	0	0	0	1	0	0	0	1
C4_02480C_A	TIM13	0	0	0	0	0	0	1	0	0	0	0	0	0	0	0	0	0	0	0	0	0	0	0	0	0	0	0	0	0	0	0	0	0	0	0	0	0	0	0	0	0	0	0	0	0	0	0	0	0	1	0	0	0	0	0	0	0	0	0	0
C4_02490W_A	ZCF15	0	0	1	0	2	0	1	1	0	0	0	1.006	0	0	0	0	1	0	1	2	0	2	0	0	1	0	0	0	1	3	0	0	2	0	0	0	1	0	1	0	0	0	4	0.996	0	0	0	0	0	0	0	1	1	0	4	0	0	1.053	2.519	2
C4_02500C_A	ADR1	2	1	0	2	0	1.999	0	2.853	7	3	4.499	4	0	0	0	0	0	1	1	1	1	1	0	0	6.275	7	10	10.995	8	5	2	3	6	8.918	5	4	2	5.055	3	4	0	0	0	2	7	6	8	8	0	3	1	3.573	2.995	1	0	1	3	1	0	2
C4_02510W_A	C4_02510W_A	0	0	0	0	1	0	0	0	0	0	0	0	0	0	0	0	0	1.003	0	0	1	2.001	0	0	1	0	0	1.516	0	1.001	0	0	0	0	1	0	0	0	0	0	0	0	0	1	2	1	0	0	1	0	1.035	1	1	1	0	0	1.007	0	0	1.021
C4_02520C_A	C4_02520C_A	0	0	0	0	5	0	0	4	0	0	1	1	0	1	0	0	3	4	0	1	0	1	0	0	0	0	0	0	0	0	0	0	0	0	0	0	0	0	0	0	0	0	0	0	0	0	0	0	0	0	1	2.204	0	0	0	0	0	1.634	1.397	1.437
C4_02530W_A	ARG83	0	1	1	0	2	2	0	2	0	0	1	0	1.284	0	0	0	1.053	0	0	0	0	0	0	0	1	1	1	0	0.921	0	0	1	0.917	1	0	0	1	0	0	0	0	0	2	0	0	0	0	1	1	1.123	1.467	1.36	0	0	0	1.192	0	2.047	0	5.344
C4_02540W_A	RGT1	1	0.913	0	0	0	0	0	2	0	0	1	0	0	0	0	1	0	1	1	0	0	0.979	2	0	3	1	0	0	0	1	1	1.2	2.999	0	0	0	0	1	0	0	0	0	0	0	0	3.582	1	1.069	0	0	0	0	0	0	1.302	0	4.032	2.05	1.154	0
C4_02550C_A	EMP70	6	3	7	2	0	2.001	1.004	0.916	0	0	0	1	6	5.005	4	9	3	4	5	2	0	1	0	1.079	0	0	0	0	0.999	0	0	1	0	1	1	0	1	3	1	2.997	0	0	0	0	4	2	0	3	0	1	0	3	1	1	0	0	0	1.378	3	0
C4_02560C_A	UME7	0	0	0	0	0	1	4	0	0	1	0	0	1	1	0	0	1	0	3	0	0	0	2	1	0	0	3.511	0	1	0	0	0	1	0	0	0	0	0	0	0	2	0	0	0	0	0	0	0	0	1	0	0	0	1	0	0	0.616	0	0	2
C4_02570C_A	C4_02570C_A	0	0	0	0	0	0	0	1	0	0	0.822	0	0	0	0	0	0	0	0	0	0	0	1	0	0	0	0	2.355	0	0	0	0	0	1	0	0	0	0	0	0	0	0	0	0	0	0	0	0	0	0.5	0	0.5	0	0	0	0	0	0	0	0
C4_02580W_A	C4_02580W_A	0	0	0	0	0	0	0	0	0	0	0	0	0	0	0	0	0	0	0	0	0	0	0	0	0	0	0	0	0	0	0	0	0	0	0	0	0	0	0	0	0	0	0	0	0	0	0	0.5	0	0	0	0	0	2	0	0	0	0	0	0
C4_02590C_A	SLX4	0	0	0	0	1	3	1	0	1	0	2	0	0	0	0	0	0	1	0	1	0	0	0	1	2.488	0	0	0	0	2.997	0	0	0	0	0	1	0	0	1	0	0	0	0	0.999	0	0	1	0	2	2	3	0	2	0	3	1	0	1	2	2.721
C4_02600C_A	C4_02600C_A	0	0	0	0	0	1	0	1	0	0	0	0	1	5.008	2	0	0	0	0	1	0	0	0	0	1	0	0	0	3	0	1	2	0	0	3	0	0	0	0	0	0	0	0	0	2	2	0	0	0	0	0	0	0	3	1	0	0	0	2	0
C4_02610C_A	SUL2	0	1	1	0	1	0	1	0	0	1	2	0	0	1	1	0	1	1	0	1.412	0	1	0	2	0	0	1	0	0	0	1	1	0	1.141	0	1	0	0	0	0	0	0	0	0	0	0	0	0	1	0	2	4	1	0	0	1	0	0	1.062	0
C4_02620C_A	C4_02620C_A	0	0	0	2	4	2	4	5	0	0	1	0	0	0	0	0	0	0	0	0	0	0	0	1	2	0	1	0	0	0	1	0	2	0	1	0	0	0	0	0	0	0	0	0	0	1	0	0	0	0	0	0	1.002	0	0	3	0	0	0	1
C4_02630C_A	HFL2	0	0	0	0	1	0	1	0	0	0	0	0	0	0	0	0	0	0	0	0	0	0	0	0	0	0	0	0	0	0	0	0	0	0	0	1	0	0	0	0	0	0	0	0	0	0	0	0	0	0	0	0	0	0	0	0	1	0	0	1
C4_02640C_A	SEN2	0	3	0	1	0	0	1	0	2	0	0	0	0	0	0	0	0	0	0	0	0	2	1	0	0	2.003	1	0	0	0	0	1	0	0	0	1	0	0	0	0	0	0	0	0	1	0	0	0	0	0	0	0	0	0	0	0	0	1	0	0
C4_02650C_A	C4_02650C_A	0	0	0	0	0	0	0	0	0	0	0	0	0	0	0	0	0	0	0	0	0	0	0	0	0	0	0	0	0	0	0	0	0	0	0	0	0	0	0	2	0	0	0	0	0	0	0	0	0	0	0	0	0	0	0	0	0	0	0	0
C4_02660W_A	C4_02660W_A	1	0	0	1	0	1	0	0	0	0	0	0	0	0	0	0	0	0	0	0	0	0	0	0	0	0	0	0	0	0	0	0	0	0	0	0	0	0	0	0	0	0	0	0	0	0	0	0	0	0	2	0	0	1	0	0	0	0	0	1
C4_02670W_A	C4_02670W_A	0	0	0	0	0	3	1	1	2	0	0	2	0	0	2	0	6	4.999	6	4	0	0	0	1	2	0	0	2	1	0	1	0	1	0	0	0	0	0	0	0	0	0	0	0	0	2.018	0	0	0	1	2	0	2	3	1	0	0	2	1.496	0
C4_02680C_A	C4_02680C_A	0	0	0	0	0	0	0	0	0	0	0	1	0	0	0	0	0	0	0	0	0	0	0	0	0	0	0	0	0	0	0	0	0	1	0	0	0	0	0	0	0	0	0	0	0	0	0	0.5	0	0	0	0	2	0	1	0	0	0	0	0
C4_02690W_A	C4_02690W_A	0	0	0	0	0	0	0	0	0	2	0.822	1.995	0	0	0	0	0	0	0	0	1	0	0	4	0	0	0	0	0	0	0	0	1	0	0	1	0	0	0	0	0	0	0	0	0	0	0	0	0	0.5	0	0.5	0	0	0	1	0	0	0	0
C4_02700W_A	C4_02700W_A	0	1	0	0	0	1	0	0	0	0	0	0	0	0	0	0	0	0	0	0	0	0.855	0	0	1	0	0	0	0	1	2.057	0	0	1.424	0	1	0	0	1	1	0	0	0	0	0	0	0	0	1.149	0	1	0	0	0	0	0	0	0	0	1.422
C4_02710C_A	GRX3	0	0	0	0	0	0	0	0	0	1	0	0	0	0	0	0	0	0	0	0	0	0	0	0	0	0	0	0	0	0	0	0	1	0	1	1	0	0	0	0	1	0	0	0	0	0	0	1	0	0	0	0	0	0	0	0	0	0	0	0
C4_02720C_A	C4_02720C_A	0	0	1.75	0	0	0	0	0	0	0	0	0	0	0	0	0	0	1	0	0	1	1	0	0	0	0	0	0	0	1	1	0	0	1	0	0	0	1	1	0	1	0	0	0	0	0	0	1	0	0	0	0	0	0	0	0	0	0	0	0
C4_02730C_A	C4_02730C_A	1	0	0	0	1	0	0	1	1	0	1	0	0	0	1	0	0	0	0	0	0	0	1	1	0	0	1	0	0	0	0	0	0	2	0	0	0	1	0	0	0	0	0	0	0	1	2	0	0	0	0	2	1	1	2	0	4	1	0	2.94
C4_02740W_A	C4_02740W_A	0	0	0	0	0	0	0	0	0	1	1	0	0	0	0	0	0	0	0	0	0	0	0	0	0	0	0.979	0	0	0	0	1.001	0	1	0	0	0	0	0	0	0	0	0	0	0	0	0	1	0	0	0	0	1	2	0	1	0	0	0	1.643
C4_02750W_A	HIT1	0	0	0	0	0	0	0	1	0	1	0	0	0	0	0	0	1	0	0	0	0	0	0	0	1	0	0	0	0	1.992	0	0	0	0	0	0	0	0	0	0	0	0	0	0	0	0	0	0	0	0	0	0	0	0	0	0	0	0	0	0
C4_02760C_A	CGR1	0	0	0	0	0	0	0	0	0	0	1	0	0	0	0	0	0	0	0	0	0	0	0	0	0	0	0	0	0	0	0	0	0	0	0	0	0	0	0	0	0	0	0	0	0	0	0	0	0	0	0	0	0	0	0	0	0	0	0	0
C4_02770C_A	CDC123	1	0	1	0	0	0	0	0	0	0	0	1	0	0	0	0	0	0	0	0	0	0	0	0	0	0	0	1	0	2	0	0	0	0	0	1	0	0	0	0	0	0	0	0	0	0	0	0	0	0	0	0	0	0	0	0	0	0	0	1
C4_02780W_A	C4_02780W_A	0	0	1	0	1	0	2	1	0	0	0	1	1	1	1	0	0	0	0	2	1	1	1	0	2	1	0	2	0	3	0	0	0	0	0	0	0	0	0	0	0	0	0	0	1	0	1	0	0	1	0	1.603	0	0	0	2.014	1.116	1	1.866	0
C4_02790C_A	SAS10	0	0	0	0	0	0	0	1	1	1	0	0	0	0	0	0	1	1	0	1	0	0	1	0	0	0	1	1	0	0	0	1	0	0	1	1.017	0	0	1	1	0	0	0	0	1	0	0	0	0	0	0	0	0	0	0	0	0	0	0	0
C4_02800W_A	RPC53	1	0	0	0	0	0	0	0	0	0	0	0	0	0	0	0	0	0	0	0	0	0	0	0	1	0	0	0	0	2	0	1	0	0	0	0	0	0	0	0	0	0	0	0	0	0	0	0	2.41	0	0	0	0	0	0	0	0	0	0	0
C4_02820W_A	C4_02820W_A	0	0	0	1	0	0	1.503	1	0	0	0	1	0	1	0	1	0	1	0	0	2	0	0	0	0	1.001	0	1	1	1	1	0	1	0	0	0	0	0	0	0	0	0	0	1	1	0	1.009	0	2	1	2.42	1	0	1	1.001	3	3	0	2.276	1.442
C4_02830C_A	HCA4	0	0	0	0	0	0	1.017	0	0	1	1	1	1	0	0	0	1	0	0	0	1	0	0	0	0	0	0	0	2	0	0	0	2	0	1	0	0	0	0	0	0	0	0	0	0	0	2.006	2	1	1	0	0	0	0	0	0	1	0	1	0
C4_02840C_A	MED20	0	0	0	0	0	0	1	0	1	5	4	3	0	0	0	0	0	0	0	0	0	0	0	0	0	0	0	0	0	0	0	0	0	0	0	0	0	0	0	0	0	0	0	1	0	0	0	0	1	0	0	0	0	0	0	0	0	0	0	0
C4_02850W_A	C4_02850W_A	0	0	1	1	0	0	0	0	0	1	1	1	0	0	0	0	0	0	0	0	0	0	0	0	1	2	1	0	0	0	0	0	7	4	6	10.055	1	0	0	2	0	0	0	0	0	1.002	0	1	0	0	0	0	0	0	1	1	1	0	0	1
C4_02860W_A	C4_02860W_A	0	0	0	0	0	1	1	0	0	0	0	0	0	0	0	0	3	2	0	0	1	2	4	0	0	0	0	0	0	0	0	0	0	0	0	0	0	0	0	0	0	0	0	0	1	0	1	2	0	0	0	0	3	5	1	3	1	0	0	0
C4_02870C_A	ZUO1	0	0	0	0	0	0	2	0	2	3	4	6	0	0	0	0	0	0	0	0	0	0	1	1.303	0	0	0	1	0	0	0	0	6	2	0	3	0	0	0	0	0	0	0	0	2	0	0	0	1	0	0	0	1	2	2	1	0	0	2	0
C4_02880C_A	C4_02880C_A	0	1	0	0	0	0	0	0	0	1	0	1	0	0	1	0	0	1	0	0	0	0	0	0	1	0	0	0	0	0	0	0	0	1	0	0	0	0	0	0	0	0	0	0	0	0	0	0	0	0	0	0	0	0	0	1	0	1.594	0	1
C4_02890C_A	QCR9	0	0	0	0	0	1	2	2	0	0	0	0	0	0	0	0	0	0	3	0	0	0	0	0	2	1	1	0	0	0	0	0	0	1	1	0	0	0	0	0	0	0	0	0	2	1	0	1	0	0	0	0	0	0	0	0	1	0	0	0
C4_02900C_A	CRH11	0	1	0	0	0	0	0	0	1	0	1	0	0	0	0	0	0	0	0	0	3.663	3	2	3	1	0	1	0	0	0	1.051	2	0	0	1	0	1	0	1	0	0	0	0	0	1	0	1	0	0	0	0	0	0	0	0	1	0	0	1	0
C4_02910W_A	C4_02910W_A	0	0	0	0	1	1	0	3.003	4	1	1	0	0	0	0	0	1	3	0	0	1	0	0	0	2	1	1	0	0	1	0	0	0	0	0.994	3	1	0	0	0	0	0	0	0	0	0	0	0	0	2	0	1	1	0	2	1	1.744	1	1.864	0
C4_02920W_A	C4_02920W_A	1	0	0	0	1	0	0	1	0	0	0	0	0	0	0	0	0	0	0	0	0	1	0	0	1.996	2	1	0	2.678	3	1	6	0	0	0	1	0	1.002	0	0	0	0	1	0	2	0	0	0	0	0	1	0	1.088	0	0	0	0	0	1	0
C4_02930W_A	C4_02930W_A	0	0	0	0	0	0	0	0	4	5	5	0	3	6	1	2	6	5	5	3	6	1	4	3	1	1	2	1	2	1	0	0	0	0	0	0	3	4	4	6	0	0	0	0	1	2	5	4	0	0	1	0	0	1	2	6	0	0	2	1
C4_02940W_A	ABP1	0	0	0	0	0	1	3	1	2	3	10	7	1	3	0	1	0	0.981	0	0	0	0	0	0	3.01	2	2	3	2	3	1	3	1	7	2	1	0	1	0	0	0	0	1	0	1	1	4	0	0	1	0	0	4	0	2	2	0	0	0	0
C4_02950C_A	C4_02950C_A	0	0	0	0	0	0	0	0	0	3	3	0	0	0	0	0	0	0	0	0	0	0	0	0	0	0	0	0	0	1	0	0	0	0	0	0	0	0	1.002	0	1	0	0	0	0	0	0	0	0	0	0	0	0	0	0	2	0	0	0	0
C4_02960W_A	C4_02960W_A	3	2	0	0	4	2	2	1	1	2	1	0	0	0	1	1	1	2	0	0	2	0	1	0	3	1.012	5.971	1.007	2	2.003	4	2.179	1.135	0.951	1	1	0	1	1	2	2	0	0	0	0	2.001	0	2	0	1	4	1.677	6.497	4	2	1.45	8.568	5.424	4.481	3.085
C4_02970C_A	UBR1	0	0	0	0	6.041	5	6	2.454	1	2	2	2	0	0	0	1	2	0	0	0	0	0.994	0	1	4.42	3	3	3.25	2.061	1.009	0	1	1.234	0	1	1	2	2	6	7	0	1	0	0	5.823	3	4	8	2	0	2.156	2	3	2.282	2.009	1	1.341	2.519	3.966	0
C4_02980W_A	TYS1	1	0	0	0	0	1	0	0	0	2	0	0	0	1	0	0	0	0	0	0	0	0	0	0	0.854	0	0	0	0	1	0	1	0	0	0	0	3	3	1	2	0	0	0	0	2	1	0	1	0	1	0	1	0	0	2.879	0	0	0	1	0
C4_02990C_A	GST2	0	0	1	0	0	0	0	0	0	0	0	0	0	0	0	0	0	0	0	0	0	0	0	0	0	0	2	0	0	0	0	0	0	0	0	0	0	0	0	0	0	0	0	0	1.755	0	0	0	1	0	0	0	1	0	0	1	0	0	0	0
C4_03000C_A	C4_03000C_A	0	0	0	0	1	0	0	0	1	1	0	1	0	0	0	1	0	0	0	2	0	0	0	0	0	0	2	0	3	1	3	2	0	0	0	0	1	5	4	2	0	0	0	0	0	1	5	0	0	0	0	1	0	0	2	2.76	0	0	1.585	0
C4_03010W_A	tT(UGU)1	0	0	0	0	0	0	0	0	0	0	0	0	0	0	0	0	0	0	0	0	0	0	0	0	0	0	0	0	0	0	0	0	0	0	0	0	0	0	0	0	0	0	0	0	0	0	0	0	0	0	0	0	0	0	0	0	2	0	0	0
C4_03020W_A	C4_03020W_A	0	0	0	0	0	0	0	0	1	1.997	0	0	0	0	2	1	0	0	0	1	0	1	1	1	2	2	2	1	0	1	1	0	0	0	0	0	0	1	1	0	0	0	0	0	0	0	0	0	0	0	0	1	2	5	2.699	0	1.339	0	1.2	0
C4_03030C_A	NAN1	0	0	0	0	0	0	0	0	1.804	0	0	0	1	0	0	0	0	0	0.99	0	0	0	0	0	0	1	0	0	1	1	0	0	1	0	1	0	1	0	0	0	0	1	0	1	0	1	1	1	0	0	0	0	1	1	2	1	3.398	0	2.694	1.765
C4_03040W_A	C4_03040W_A	0	0	0	0	0	0	0	0	0	0	0	0	0	0	0	0	0	0	0	0	0	0	0	0	0	0	1	3	0	0	0	0	0	0	0	0	0	0	0	0	0	0	0	0	0	0	0	0	0	0	0	0	2	1	6	5	0	0	0	0
C4_03050C_A	C4_03050C_A	0	0	0	0	2	0	0	1	0	1	1	0	0	0	0	0	0	0	0	0	1	0	0	0	0	1.049	0	0	1	0	1.039	0	1	0	0	0	0	0	0	0	0	0	0	0	1	0	1	1	1	0	0	1	1	1	0	0	1	1	0	0
C4_03070W_A	PGA54	0	0	0	0	0	1	0	0	0	0	0	0	0	0	0	0	0	0	0	0	0	0	0	0	0	1	0	0	0	1	0	0	0	0	0	0	0	0	0	0	0	0	0	0	0	1	0	0	0	0	0	0	0	0	0	0	0	0	1	0
C4_03080W_A	C4_03080W_A	0	1	1	1	1.002	0	0	0	1	0	2	1	0	1	0	0	0	1	0	0	0	0	1	1	2	3	0	2	2	2	3	1	3.06	2	0	0	0	0	0	1	0	0	0	0	1	0	1	3	0	0	0	1	1	2	0	0	1.315	1.011	1.304	0
C4_03090W_A	C4_03090W_A	0	1	0	0	0	0	0	0	1	2	0	0	0	0	0	0	2	0	0	0	1.997	0	3	1	1	1	0	1	1	0	0	2.004	1	0	0	0	0	0	1	0	0	1.294	0	0	1	2	2	1	0	0	1.798	0	0	0	0	2	0	1	0	0
C4_03100W_A	RBT7	0	0	0	0	0	0	0	0	0	1	0	0	0	0	0	0	0	0	0	0	0	0	0	0	0	0	0	0	0	0	1	0	0	0	0	0	0	0	0	0	0	0	0	0	0	0	0	0	0	1.485	1	0	0	0	0	1	0	0	0	0
C4_03110W_A	C4_03110W_A	0	1	0	1	2	1	0	0	2	2	1.066	1.057	0	0	2	0	0	1	2	0	1.058	2	0	0	3	0	0	2	1	0	2	0.997	2.014	0	0	2	5	4.004	3	1	0	0	0	1	1	2	2	1	1.048	3	0	3.347	0.998	1.073	0	2	1.111	2.358	0	4
C4_03120C_A	BUB1	0	0	0	0	1	0	0	1	0	0	0	1	0	0	3	0.981	0	0	0	2	0	0	1	2	3.503	0	1	0	2	4	3	0	0	0	1	0	1	0	0	0	0	0	0	0	1	2	0	0	0	1.22	2	1	1.896	0	3.957	1	0	2	0	0
C4_03130W_A	C4_03130W_A	0	1	0	0	0	0	0	0	1	0	0	0	2.993	0	1	0	0	0	0	0	0	0	0	2	0	0	0	0	1	0	0	1	0	1	0	0	0	0	0	1	0	0	0	0	0	0	1	0	0	0	0	1	1	0	0	0	0	0	0	1.48
C4_03140C_A	C4_03140C_A	0	0	0	0	0	0	0	0	0	0	0	0	0	0	0	0	0	0	0	0	0	0	0	0	0	0	0	0	0	0	0	0	0	0	0	0	1	0	0	0	0	0	0	0	0	0	0	0	0	0	0	0	0	0	0	0	0	0.871	0	0
C4_03150W_A	C4_03150W_A	1	0	0	0	1.134	1.002	2.037	0	0	0	0	0	0	0	1	0	2.372	1	0	0	2	0	0	1	1.155	1.157	2	1	1.152	2	1	0	1	0	0	0	0	1	0	0	0	0	1	0	0	1	1	0	0	1	0	0	2	1	0	0	2.288	3	3.746	0
C4_03160C_A	C4_03160C_A	1	0	0	0	0	1	0	2	0	0	1	0	1	1	0	0	2	0	1	0	0	1	1	0	0	0	1	1	0	0	0	1	0	0	1	0	2	0	1	0	0	0	1	0	1	0	0	0	0	0	0	1	2	0	2	1	1	0	0	2
C4_03170W_A	C4_03170W_A	2	2	0	2	0	0	1.528	1.001	2	1.009	0	0	0	0	0	0	1.993	0	0	0	1	0	0	0	4	0	0	0	1.999	0	2	0	1	0	2	0	0	0	0	1	1	0	0	0	0	1	0	1	2.755	1	1	1	1	0	0	5.002	2.504	0	0	0
C4_03180W_A	NCP1	0	0	0	0	2	1	0	0	1	0	1	0	0	0	0	1	0	0	0	0	0	0	0	0	0	0	0	0	0	1	0	0	1	2	1	0	0	0	0	0	0	1	0	0	1	1	4	2	1	0	0	0	0	0	0	1	0	0	1	1
C4_03190W_A	C4_03190W_A	0	0	0	0	0	0	0	0	0	0	0	0	0	0	0	0	0	0	0	0	0	0	0	0	1	0	0	0	0	0	0	0	0	0	0	0	1	0	0	0	0	0	0	0	0	0	0	0	0	0	0	1.337	0	1	0	0	0	0	0	0
C4_03200C_A	C4_03200C_A	0	0	0	0	0	0	0	0	0	1	0	0	0	0	0	0	0	0	0	0	0	0	0	0	0	0	0	0	0	0	2	0	0	0	0	0	0	0	1	0	0	1	0	0	0	0	0	0	0	1.76	0	0	0	0	0	1	0	0	0	0
C4_03230C_A	C4_03230C_A	0	0	1	1	1	2.99	1.008	0	0	1	2	1.916	3	0	0	3.003	1	2	1	0	3.429	1	1	1	2	3.777	3	4.312	3	1	3	1	0	1	3	1	1	2	0	1.043	0	0	1	0	0	0	1	1	2.308	1.18	1	0	2.958	0	1.829	1	1.535	2.999	6.778	1
C4_03250C_A	RHD2	0	0	1	0	0	0	0	0	0	0	0	0	0	1	0	0	0	0	0	1	2	1	2.968	1	0	0	1	0	0	0	0	0	0	0	0	0	0	0	0	0	0	0	0	0	0	0	0	0	0	0	1.728	1	0	0	1.933	1	1	0	1.569	0
C4_03270W_A	RPF1	0	0	0	0	6	4.931	2	3	0	0	0	0	1	0	0	0	0	0	0	0	0	0	1	1	0	0	1	0	0	0	0	0	1	0	0	0	2	2	0	2	1	0	0	0	0	2	0	0	0	1	1	1	0	0	0	0	0	1	0	0
C4_03280W_A	MSN5	9	7	5	6	4	1	2	3	1	4	2	1	0	1	3	0	9	1	2	1	0	0	1	0	1	0	3	0	8	7.02	8.775	3	4	4	5	10	0	2	4	1	0	0	0	0	3	3	4	3	1	2	1	0	2	0	0	0.98	0	4	0	5.731
C4_03290W_A	C4_03290W_A	0	0	0	0	2	1.001	0	1	0	0	0	1	0	0	0	0	0	0	0	1	1	0	1.23	2	1.309	1.954	1	2.038	0	0	0	0	0	1	0	0	0	0	0	0	0	1	0	0	0	0	0	0	0	0	2.985	0	1.969	1	1	0	3.05	1.877	0	0
C4_03300C_A	C4_03300C_A	0	0	0	0	0	0	0	0	0	0	0	0	0	0	0	0	0	0	0	0	0	0	0	0	0	0	0	0	0	0	0	0	0	0	0	0	0	0	0	0	0	0	0	0	0	0	0	0	0	0	0	0	0	0	1	0	0	0	0	0
C4_03310C_A	C4_03310C_A	0	0	0	0	0	1	0	1	0	0	0	0	0	0	0	0	0	0	0	0	0	0	0	0	0	0	0	0	0	0	0	0	0	0	0	0	0	1	0	0	0	0	0	0	0	0	0	0	0	0	0	0	0	0	0	0	0	0	1	0
C4_03320W_A	C4_03320W_A	0	0	0	0	0	2	0	0	0	0	0	0	0	0	0	0	1	0	1	0	1	0	1	0	0	0	0	0	3	0	1	0	0	0	0	0	0	1	0	0	0	0	0	0	0	1	0	0	1	0	0	0	0	0	1	1	0	1.897	0	0
C4_03330W_A	IPK1	3	5	1.631	2	0	1	0	1	0	1	0	0	1	0	1	0	0	0	0	0	0	0	0	0	0	0	0	0	1.052	1	0	0	0	0	0	0	0	0.98	0	0	0	0	0	0	0	0	0	1	1	0	0	1	0	1	0	0	1	1	0	1
C4_03340C_A	C4_03340C_A	0	0	0	0	0	0	0	0	0	0	0	0	0	1	0	0	0	0	0	0	0	0	0	0	0	0	0	0	2	0	1	0	1	0	0	0	0	1	0	0	0	0	0	0	0	1	1.899	0	0	0	0	0	1	1	0	0	0	0	0	0
C4_03350C_A	AIF1	0	0	0	0	0	0	0	0	0	0	0	1	0	0	0	0	0	1	0	0	0	0	0	1	0	0	0	0	0	0	1.004	0	2	0	0	0	0	0	0	0	0	0	0	0	0	0	0	0	0	0	0	0	0	0	0	0	0	0	0	0
C4_03360C_A	VTC4	0	1	0	0	0	1	0	0	0	1	1	1	0	0	0.797	0	0	0	0	0	0	1.656	0	0	0	0	0	0	0	0	0	0	0	0	0	2	0	0	0	0	0	0	0	0	0	3	2	2	0	1.386	0	2.351	0	1	0	1	0	0	0	0
C4_03370C_A	C4_03370C_A	0	1	0	3	0	0	0	0	0	1	0	0	0	0	0	0	0	0	0	0	0	0	0	0	0	0	0	0	0	0	0	0	0	0	0	0	0	0	0	1	0	0	0	0	0	0	0	0	1	1	0	0	5	3	3	2	0	0	0	0
C4_03380C_A	DAO2	0	0	0	0	0	0	0	0	0	0	0	0	0	0.995	1	0	0	0	0	0	0	0	0	0	0	0	0	0	0	0	0	1	0	0	0	0	0.972	0	0	0	0	0	0	0	0	1	0	0	0	0	0	1	1	0	0.957	0	0	1	1	0
C4_03390W_A	CSH3	0	0	0	0	0.999	0	0	0	0	0	0	0	0	0	0	0	0	0	1	0	0	0	0	0	1	0	0	0	0	0	0	0	0	0	0	0	0	0	0	0	0	0	0	0	2	0	1	0	0	0	0	0	0	1	0	0	1	0	0	0
C4_03400W_A	C4_03400W_A	0	0	0	0	0	0	0	0	0	0	0	0	0	0	0	0	0	0	0	0	0	0	0	0	0	0	0	0	0	0	0	0	0	0	0	0	0	0	0	0	0	0	0	0	0	0	0	0	0	0	0	0	0	0	0	0	0	0	0	0
C4_03410W_A	C4_03410W_A	0	0	1	0	0	0	0	0	0	0	0	0	0	0	0	0	1.211	0	0	0	0	0	0	0	0	0	0	0	0	0	2	1	0	0	0	0	0	0	0	0	1	1	0	0	1	3	3	2	0	1	0	0	1	0	0	0	0	1.746	0	1
C4_03420C_A	C4_03420C_A	0	0	0	0	0	0	0	0	0	0	0	0	0	0	0	0	0	0	0	0	0	0	0	0	0	0	0	1	0	0	0	0	0	0	0	0	0	0	0	0	0	0	0	0	0	0	0	0	0	0	1	0	0	0	0	0	0	0	0	0
C4_03430W_A	MOH1	0	0	0	0	1	0	0	0	0	0	1	1	0	0	0	0	0	0	1	0	1	0	0	0	1	0	1	0	0	1	0	0	0	0	0	0	0	0	0	0	0	0	0	0	0	0	2	4	0	0	0	0	0	0	0	0	0	0	0	0
C4_03440C_A	DOT4	0	0	0	0	0	0	0.997	1	1	0	0	0	0	1	1	0	1	5	6.996	8	0	2	1	2.007	1	1	0	0	2	0	0	1	0	1.423	1	0	1	6	3	3	0	0	0	1	2	3	2	4	1	2	2	2.48	0	1	0	0	0	0	0	1.32
C4_03450C_A	JAB1	1	2	0	0	0	1	1	0	3	2	5	0	1	0	0	0	0	0	0	0	0	0	0	0	1	0	0	1	2	0	1	0	2	0	0	0	0	0	0	0	1.337	0	0	0	0	0	0	1	1	0	0	1	1	2.002	0	0	0	0	0	1.544
C4_03460C_A	C4_03460C_A	0	0	0	0	1	1	1	0	1	0	0	0	0	1	1	0	0	0	1	2	0	0	0	0	0	0	0	0	2	1	0	0	0	0	1	2	0	0	0	0	0	0	0	0	1	1	0	1.047	0	0	0	1.196	0	0	1	0	0	0	1	1.11
C4_03470C_A	ECE1	0	0	0	0	0	0	3	1	0	0	0	0	3	4	1	3	1	3	1	1	0	1	0	0	0	0	0	0	0	0	0	1	0	0	0	0	0	0	1	0	0	0	0	0	0	1	0	0	0	0	0	0	0	0	0	0	0	0	0	0
C4_03480C_A	C4_03480C_A	0	0	0	0	0	0	0	0	0	0	0	0	0	0	0	0	0	0	0	0	0	0	0	0	0	0	0	0	0	0	0	1	0	1	0	0	0	0	0	0	0	0	0	0	0	0	0	0	0	0	0	0	0	0	0	0	0	0	0	0
C4_03490C_A	C4_03490C_A	0	0	0	0	0	0	0	0	0	0	0	0	0	0	0	0	0	0	0	0	0	0	0	0	0	0	0	1	0	0	0	0	0	0	0	0	0	0	0	0	0	0	0	0	0	0	0	0	0	0	0	0	0	0	0	0	0	0	0	0
C4_03500C_A	C4_03500C_A	0	0	0.871	0	0	0	0	1	0	1	0	0	0	0	0	0	0	0	0	0	1	0	0	0	0	0	0	0	0	1	0	0	0	0	0	0	0	0	0	0	0	1	0	0	0	0	0	1	0	0	0	0	0	0	0	0	0	0	0	1
C4_03510C_A	HWP2	0	0	0	0	0	1.057	1	0	1	0	0	0	0	1	1	0	0	0	0	1	0	0	0	0	1.066	0	0	2	0	0	1	0	0	0	0	0	0	0	0	0	0	0	0	0	0	0	0	0	0	2.762	0	1	0	1	0	0	0	0	0	0
C4_03520C_A	RBT1	1	0	0	0	0	0	0	0	0	0	0	0	0	0	1	0	0	0	0	0	0	0	0	0	1	0	0	0	0	2	0	0	0	0	0	1	0	0	0	0	0	0	1	0	0	0	0	0	1	1	0	0	0	0	0	0	0	0	0	0
C4_03530W_A	C4_03530W_A	0	0	0	0	0	0	0	0	0	0	0	0	1	0	0	0	0	0	0	0	0	0	0	0	0	0	0	0	0	0	0	0	0	1	0	0	0	0	0	0	0	0	0	0	1	1	0.991	0	0	0	0	0	0	0	0	0	0	0	1	0
C4_03540C_A	ECM38	0	0	0	0	1	1	0	0.974	0	0	1	0	1	0	1	0	0	0	0	0	1.634	0	0	0	2	1	1	0	0	2	0	0	0	0	0	0	0	0	0	1	0	0	0	0	0	0	0	0	0	0	0	1	2	0	1.999	0	0	0	1	0
C4_03550W_A	RAD2	0	1	1	0	1	0	1	0	0	1	0	2	0	1	1	0	3	0	0	2	0	0	0	0	0	0	1	1	1	0	2	0	0	2	0	0	0	0	1	0	0	0	0	0	0	1	1	0	0	2.887	0	0	3	0	2	0	3.125	0	2	1
C4_03560W_A	C4_03560W_A	0	0	0	0	1	1	5	0	0	0	0	0	1	0	0	0	0	0	0	0	0	0	0	0	0	0	1	0	0	0	0	0	1	0	0	0	0	0	0	0	0	0	0	0	0	0	0	1	0	0	0	0	0	1	0	2	0	0	1.363	0
C4_03570W_A	HWP1	0	0	0	0	1	1	1	0	1	1	0	0	0	0	0	1	3	2	2	3	3	3	3	1	3	1	1	2	1	0	0	1	0	0	0	0	0	0	0	0	0	0	0	0	1	1	2	1	0	0	1	0	1	3.91	3	0	0	0	1	0
C4_03580W_A	C4_03580W_A	0	0	1	0	2	1	1	2.015	0	0	2	0	0	1	0	1	1	1	1.053	0	0	1	0	0	1.256	6.009	4	5	0	1	1	3	2	1	0	0	4	2	1	7	1	0	0	0	1	0	2	5	0	1.612	0	0	1.933	0	1	1	2.709	0	0	2
C4_03590C_A	OSH3	1	0	0	0	0	0	0	0	0	0	1	0	0	0	0	0	7	2	2	3	0	0	0	0	2	7	2	1.001	4	3	5	5	1	0	1	0	0	0	0	0	0	0	0	0	0	1	0	0	1.254	0	0	0	1	3	2.974	3	0	0	0	0
C4_03600C_A	C4_03600C_A	0	0	0	0	0	0	0	0	0	1	0	0	0	0	0	0	0	0	0	0	0	0	0	0	0	0	0	1.799	0	0	0	0	0	0	0.998	0	1	0	1.012	0	1	0	0	0	1	0	1	1	1	0	0	0	0	0	1	0	0	1	0	0
C4_03610C_A	tQ(UUG)1	0	0	0	0	0	1	0	0	0	0	0	0	0	0	0	0	0	0	0	0	0	0	0	0	0	0	0	0	0	0	0	0	0	0	0	0	0	0	0	0	0	0	0	0	0	0	0	0	0	0	0	0	0	0	0	0	0	0	0	0
C4_03620C_A	CDR3	0	0	0	0	1	0	0	2	0	0	0	1	0	0	0	0	0	0	0	0	0	0	0	0	1	1	0	1	0	0	0	0	0	0	0	0	0	0	0	0	0	0	0	2	1	0	1	0	0	0	1	0	1	0	0	1	0	0	0	0
C4_03630C_A	tG(GCC)2	0	0	0	0	0	0	0	0	0	0	0	0	0	0	0	0	0	0	0	0	0	0	0	0	0	0	0	0	0	0	0	0	0	0	0	0	0	0	0	0	0	0	0	0	0	0	0	0	0	0.167	0	0	0	0	0	0	0	0	0	0
C4_03640C_A	tD(GUC)4	0	0	0	0	0	0	0	0	0	0	0	0	0	0	0	0	0	0	0	0	0	0	0	0	0	0	0	0	0	0	0	0	0	0	0	0	0	0	0	0	0	0	0	0	0	0	0	0	0	0	0	0	0	0	0	0	0	0	0	0
C4_03650W_A	tD(GUC)3	0	0	0	0	0	0	0	0	0	0	0	0	0	0	0	0	0	0	0	0	0	0	0	0	0	0	0	0	0	0	0	0	0	0	0	0	0	0	0	0	0	0	0	0	0	0	0	0	0	0	0	0	0	0	0	0	0	0	0	0
C4_03660W_A	tD(GUC)2	0	0	0	0	0	0	0	0	0	0	0	0	0	0	0	0	0	0	0	0	0	0	0	0	0	0	0	0	0	0	0	0	0	0	0	0	0	0	0	0	0	0	0	0	0	0	0	0	0	0	0	0	0	0	0	0	0	0	0	0
C4_03670W_A	SPO75	1	0	0	0	1	0	1	1	1	0	0	0	0	1	0	0	3	4	6	9	2	0	0	0	1	0	0	2	2	3	3	7	1	1	1	1	1.002	1	0	0	0	0	1	0	1	0	0	0	0	1.321	1.107	1.001	2	0	1	4	0	1	0	4.226
C4_03680C_A	C4_03680C_A	0	0	3	0	1.009	2	0	1	0	0	0	0	0	0	0	0	1	0	0	1	1	0	2	0	1	1.005	1.995	0	1	0	0	0	1	1	1	0	0	2	0	0	0	1	0	0	0	0	2	1	0	2	1.402	1	2	1	2	3	3.399	1.235	0	1
C4_03690C_A	C4_03690C_A	0	0	0	0	0	0	0	0	0	0	0	1	0	0	0	0	0	0	0	0	0	0	0	0	1	0	0	0	0	0	0	0	0	0	0	0	0	1	0	0	0	0	0	0	0	0	0	0	0	0	0	0	0	0	0	0	0	0	0	0
C4_03700W_A	C4_03700W_A	1	1	0	0	1	1	0	1	0	0	1	2	0	0	0	0	1	0	0	0	0	0	2	0	2	0	2	1	0.925	2	0	0.999	1	0	1.131	0	0	1	0	0	0	0	0	0	1	0	0	0	1	0	0	2	2	0	1	0	1	0	0	1.446
C4_03710C_A	C4_03710C_A	0	0	0	0	0	0	0	0	0	0	0	0	0	0	0	1	0	0	0	0	0	2	0	0	0	0	0	1	0	1	0	1	0	0	0	1	1	0	0	0	0	0	0	0	0	0	0	1	0	0	0	0	0	1	0	0	1.783	1.622	1	0
C4_03720C_A	C4_03720C_A	0	0	0	1	0	0	0	0.992	1.001	0	0	1	1	0	0	0	1	0	0	0	0	0	0	0	2	0	1	0	0	0	0	1	0	0	0	0	0	0	0	0	0	0	0	0	0	0	0	0	0	0	0	0	2.757	1	0	0	0	0	1.78	0
C4_03730C_A	TRM5	2	0	0	1	1	1	4.794	4	3.38	0	1	1	1	0	1	1	3	0	0	2	4	1	0	0	2	2	4	3	0	2	1	0.933	1.991	2	2	6	1	1	0	0	1	0	0	0	1	0	1	0	1	1	0	2	2	4	1	1	3	2.682	4.908	4.701
C4_03740W_A	C4_03740W_A	0	1	0	0	0	0	1	1	0	0	0	0	1	0	0	0	0	0	0	1	0	0	0	0	1	0	0	1	0	0	0	1	0	0	0	0	0	0	0	0	0	0	0	0	0	0	0	0	0	1	2.963	1	0	1	1	0	0	0	0	0
C4_03750C_A	C4_03750C_A	0	0	0	0	1	0	0	0	0	2	0	0	0	0	0	0	0	0	0	0	0	0	0	1	1	0	0	1	0	0	0	1	0	0	0	0	0	0	0	0	0	0	0	0	1	0	0	1	0	1	0	1.019	0	0	0	0	0	2	1	1
C4_03760W_A	C4_03760W_A	0	0	0	0	1	0	0	1	0	0	0	1	1	0	0	0	0	0	0	1	0	0	0	0	0	1	0	0	0	0	0	1	0	0	0	0	0	0	0	0	0	0	0	0	0	0	0	0	1	0	0	1	1	0	0	1	0	0	0	1
C4_03770W_A	C4_03770W_A	0	0	1	0	4.969	2	3.02	1	3	3	4	2	0	1	0	0	0	0	0	0	1	0	0	0	0	0	0	0	0	1	0	0	8	5.974	6.372	3.966	0	0	0	0	0	0	0	0	1	1	1	2	1	1	0	0	0	2	0	0	0	1.914	2	0
C4_03780C_A	C4_03780C_A	1	0	0	0	1	0	3.062	0	2	1	0	1	0	0	0	0	0	0	0	2.002	1	0	1.001	1	1	0	1	0	0	0	0	1	0	0	1	1	0	0	0	0	0	0	0	0	0	0	0	0	0	0	0	0	0	2	0	1	2.758	0	0	0
C4_03790W_A	RPN6	0	0	0	0	0	0.886	1	1	1	0	0	0	0	0	0	0	0	0	1	0	0	0	0	0	0	0	0	1	0	0	1	0	1.947	0	0	0	0	0	0	0	0	0	0	0	3	0	1	1	1.299	0	0	0	0	0	0	0	1	1.521	1	0
C4_03800C_A	NUP84	1	0	3	5	0	0	3.005	0	2	0	1	0	0	0	0	0	0	0	1	0	1.976	0	0	0	2.001	0	0	2	1	0	1.977	1	0	0	0	1	1	0	0	0	0	0	0	0	1.092	2	5	0	0	0	1	1	1.021	0	3.001	2	0	0	0	1.236
C4_03810W_A	ATG20	0	0	1	1	2.027	1	0	0	1	0	0	1.004	0	1	0	0	3	2	5	4	0	0	0	1.128	2.233	2.998	3.814	6	3	0	1.387	0	2.001	0	2	0	1	1	2	0	0	0	0	0	2	1	1	2	0	1.489	0	0	2	1	2	3	2.445	2.139	1	0
C4_03820C_A	HRQ2	0	0	0	0	0	0	1	2	0	0	0	0	0	0	0	0	1	0	0	0	0	0	0	0	0	0	0	0	0	0	0	0	2	1	0	1	0	0	0	0	0	0	0	0	0	1.038	0	0	0	0	0	1	2	0	0	0	1.532	1	1.808	1
C4_03830W_A	C4_03830W_A	0	0	0	1	0	4	1	0	0	2	2	2.001	0.96	1	0	0	1	3.975	3	3	2	0	3	1.001	4	6.002	7	2	2	0	1	1	2.478	0	0	0	0	0	1	0	0	0	0	0	1	0	0	1	4	0	2.501	1	1	0	1	2	5.985	2	5.127	2
C4_03840C_A	RRP42	0	0	0	0	1	0	0	0	0	0	0	0	0	0	0	0	0	1	0	0	0	0	0	0	0	0	1	0	0	0	0	0	0	0	1	0	0	2	2	1	1	0	0	0	0	0	0	0	0	0	0	0	1	2	0	0	0	0	0	0
C4_03850W_A	C4_03850W_A	0	1.028	0	0	0	1	0	1	0	0	1	0	0	0	0	0	0	0	0	1	0	2	0	0	0	0	1	0	0	0	0	1	1	1	1.999	0	0	1	0	0	0	0	0	0	0	0	0	0	0	0	0	0	1	0	0	1	1	0	1	0
C4_03860C_A	C4_03860C_A	0	1	0	0	0	0	0	0	1	0	1	0	1	0	0	0	1	0	0	0	0	0	0	0	2	2	1.001	1.997	0	0	0	1.995	0	0	0	1	0	0	0	0	0	0	1	0	0	1	1	1	1	0	2.912	2.572	0	0	2	0	0	1	2.659	0
C4_03870C_A	C4_03870C_A	0	0	0	0	0	0	0	0	0	0	0	0	0	0	0	0	0	0	0	0	1	0	0	0	0	0	0	0	0	0	0	0	0	0	0	0	0	0	0	0	0	0	0	0	0	0	0	0	0	0	0	0	1	0	0	2	1	0	0	0
C4_03880W_A	C4_03880W_A	1	0	0	0	0	0	0	1	1	2	0	2	2	0	0	1	0	0	2	0	1	0	0	0	0	0	1	0	1	1	0	1.998	0	0	1	1	0	0	1	0	0	0	1	0	0	0	2	0	0	0	0	0	3	2	1	1	1	0	0	0
C4_03890W_A	PTP2	0	0	0	0	2.999	0	1.042	2	1	0	2.501	5	0	1	2	0	0	2	1	0	0	0	2	0	5.999	5	2.004	5	0	0	0	0	3.405	1	0	0	0	0	0	0	0	0	0	0	1	2	0	0.998	2	1.669	1	0	0	0	1	1	2.352	2	1.191	2.563
C4_03900C_A	RAM1	1.161	0	0	0	0	1	0	0	0	1	1	1	0	0	0	0	2	0	0	0	0	1	0	0	0	0.999	0	0	0	0	0	1	1	0	0	1	0	0	0	0	0	0	1	1	3	1	0	1	1	0	0	0	0	1	0	0	1	2	0	0
C4_03910W_A	FGR28	0	0	0	0	0	0	0	1	0	0	1	0	0	0	0	0	0	0	1	0	0	1	0	0	0	0	0	0	0	0	0	1	0	0	0	1	0	0	2	0	0	1	0	0	0	0	0	0	0	0	0	1.207	1	1	0	0	0	0	1.951	0
C4_03920W_A	C4_03920W_A	1	0	0	0	0	1.265	0	2	0	0	0	1	1.082	0	0	0	0	0	0	0	0	0	0	0	1.001	1	1	0	0	0	1	0	0	1	0	0	0	0	0	0	0	0	0	0	2	1	2	0	0	0	0	0	0	0	1	0	0	1.174	0	0
C4_03930C_A	C4_03930C_A	0	0	0	0	1	0	2	1	0	0	0	0	0	0	1	0	2	4	1	0	0	0	0	0	0	0	0	0	0	0	0	0	0	0	0	1	0	1	0	0	0	0	0	0	0	0	0	0	0	0	0	0	2	1	0	2	0	0	0	0
C4_03940C_A	PYC2	0	1	0	0	1	1	0	0	0	0	2	0	2	0	0	1	0	0	0	0	0	0	0	0	0	0	0	0	0	1	0	0	0	0	0	0	0	0	0	0	0	0	0	0	1	0	1	0	5.365	0	2.621	1	2	2	2.001	0	0	0	1	1
C4_03950C_A	C4_03950C_A	2	3	3	2	6	4.131	4	4	2	5	1	2	2	2	0	1	3	2	2	0	6	2	2	3	1	2	5	1	4	1	4	10	2	7	5	5	3	1	2	8	2	0	3	1	1	2	3	2	6	0	4	6.037	7	0	3	3	6.384	5.05	1	8
C4_03960W_A	C4_03960W_A	0	0	0	0	0	0	0	0	0	0	0	0	0	1	0	0	0	0	0	0	0	0	0	0	0	0	0	0	0	0	0	0	0	0	0	0	1	0	0	0	0	0	0	0	0	0	0	0	0.701	0	0	0	0	0	0	0	0	0	0	0
C4_03970W_A	C4_03970W_A	0	0	0	0	0	0	0	0	0	1	0	0	0	0	0	0	0	0	0	0	0	0	0	0	0	1	0	0	0	0	0.962	0	0	0	0	0	0	0	0	0	0	0	1	0	0	0	0	0	0	0	0	0	0	0	0	0	0	0	0	0
C4_03990C_A	C4_03990C_A	0	0	0	0	0	0	0	0	0	0	0	0	0	0	0	0	0	0	0	0	1	0	0	0	0	0	0	0	0	0	0	0	0	0	0	1	0	0	0	0	0	0	0	0	0	0	0	0	0	0	1.693	0	0	0	1	0	1	0	0	2
C4_04000W_A	MET4	0	0	0	0	0	0	0	1	0	0	0	0	0	0	0	0	0	0	0	0	0	0	0	0	0	1	0	0	2	3	2	1	0	0	0	0	0	0	1	0	0	1	0	0	1	0	0	0	0	0	0	1	0	0	0	0	0	0	0	0
C4_04010W_A	C4_04010W_A	0	0	0	1	0	0	1	0	0	0	0	0	0	0	0	1	0	0	2.879	0	0	1	1	0	1.091	0	1.999	0	0	0	0	1.141	1	1	0	0	0	0	0	0	0	0	0	1	0	0	1	0	0	2	0	0	1	0.915	1.004	0	1	1.947	1	0
C4_04020C_A	C4_04020C_A	0	0	0	0	0	0	0	0	0	0	0	0	0	0	0	0	0	0	0	1	0	0	0	0	0	0	0	0	0	0	0	0	0	0	0	0	0	0	0	0	0	0	0	0	0	0	0	0	0	0	0	0	0	0	0	0	0	0	0	0
C4_04030W_A	JEN2	1	0	0	0	1	0	1.987	0	12	14	15	14.001	1	0	0	1	0	0	1.003	0	11	13	9	7	8	6	3	4	1	0	1	4	4	5	7	1	6	7	3	5	0	0	0	0	0	0	3	2	1.198	0	0	0	1	0	2	1	1	0	0	1
C4_04040W_A	C4_04040W_A	0	0	0	0	0	0	0.951	0	0	0	0	0	0	0	0	0	0	0	0	0	0	0	0	0	0	0	0	0	0	0	0	0	0	0	1	0	0	0	0	0	0	0	0	0	0	0	0	0	0	0	0	0	0	0	0	1	0	0	0	0
C4_04050C_A	RHD3	0	0	0	0	1	0	0.999	0	0	0	0	0	0	0	0	0	3	3	0	5	0	0	0	0	0	0	0	0	0	0	0	0	0	0	0	0	0	0	0	0	0	0	0	0	0	0	0	0	0	0	0	0	1	0	1	0	0	0	0	0
C4_04060W_A	C4_04060W_A	0	0.845	0	0	0	0	0	0	0	0	0	1.065	0	0	0	0	0	0	0	0	0	0	0	0	0	0	0	0	0	1	0	1	1	2	0	1	0	0	0	0	0	0	1	0	0	0	0	0	0	0	1	0	0	0	0	0	1	0	0	0
C4_04070C_A	PGA30	0	0	0	0	1	0	1	0	0	0	0.984	0	0	0	0	0	0	0	0	0	0	0	0	0	0	0	0	0	0	0	0	0	0	0	0	1	0	0	0	1	0	0	0	0	0	0	0	1.798	0	1	0	0	0	1	0	0	0	0	0	0
C4_04080C_A	PGA31	1	0	1	0	1	0	3.999	0	0	0	1.988	1	1	0	1	0	0	0	0	1	1	2	0	0	0	2	0	0	0	0	0	0	0	0	1	0	0	0	0	0	0	0	0	0	0	0	0	0	2	0	2.852	1.477	1	1	0	1.892	0	1	1	1
C4_04090C_A	C4_04090C_A	0	0	0	0	2	0	1	0	0	1	0	0	0	0	2	0	0	0	1.001	1	0	0	0	0	1	0	0	1	2	0	1	1.999	0	0	0	0	0	0	0	1	0	0	0	0	0	1	0	0	0	2	3.525	2	0	0	0	0	2.129	1.001	2	1
C4_04100C_A	ECM1	0	1	0	0	0	0	0	0	0	0	0	0	0	0	0	0	0	0	1	0	0	0	0	0	1	0	0	1	0	0	0	2	0	0	0	1	0	0	1	0	0	0	0	0	4	3	0	0	0	0	0	0	0	0.999	0	1	0	1.947	1	1
C4_04110W_A	C4_04110W_A	0	0	0	0	0	0	0	0	0	1	1	2	0	0	0	0	0	0	0	0	0	0	0	0	0	0	0	0	0	0	0	0	0	0	0	0	0	0	0	0	0	0	0	0	0	0	0	0	0	0	0	0	0	0	0	0	0	0	0	0
C4_04120C_A	C4_04120C_A	1	2	0	2	2.001	2	3	0	1	3.004	0	2	0	0	0	0	3	0	0	0	1	0	1	1	2	0	2	2.001	3.001	1	0	3.003	0	4	0	1	0	0	2	1	0	1	0	1.001	0	1	0	0	2	1	2	1	0	2	3	2	2	2.444	4.002	2.002
C4_04130W_A	C4_04130W_A	4	2	6	1	0	0	0	0	0.964	0	0	1	0	0	0	0	1	0	1	0	0	0	0	1	0	0	0	1	0	0	0	0	0	1	0	0	0	0	0	0	0	0	0	0	0	0	0	0	0	0	0	0	0	0	0	0	2	0	0	0
C4_04140W_A	C4_04140W_A	3	5	1	2	0	0	0	1	1.854	0	1	1	1	0	0	0	0	0	1	0	0	1	0	0	0	1	0	0	0	1	0	0	0	1	0	1	0	0	0	0	0	0	0	0	1	1	2	2	0	0	0	0	0	0	0	0	0	0	0	0
C4_04150C_A	PDB1	0	0	0	0	3	3	0	4	0	0	0	1	0	0	0	0	0	0	0	0	0	0	0	0	0	0	2	0	0	0	0	0	0	0	0	0	0	1	0	0	1	0	0	1	0	0	0	0	0	0	0	1	0	0	0	0	1	0	0	0
C4_04160W_A	C4_04160W_A	0	1	2	1	0.97	2.317	2.01	3.012	3	3	0	1	1	1.033	0	0	0	0	0	3	2.006	6	5.556	5	6.825	2.051	1.855	3	2	4.685	0	4.004	2	0	1	0	1	1.001	1	0	1	2	0	0	0	0	1.514	1	0	1	0	0	4.723	4.003	1	2	3.645	3.348	1.397	0
C4_04170C_A	AXL2	0	0	0	0	0	1	2	1	0	0	0	0	0	0	0	0	0	0	1	1	1	0	3	1	0.998	0	0	0	2	1	0	0	0	2	0.999	0	0	0	1	0	0	0	1	0	0	0	1	3	1.038	2	1.055	0	1.268	0	0	0	3.585	1	1.003	4
C4_04180C_A	C4_04180C_A	0	0	1	0	0	0	0	0	0	0	0	0	0	0	0	0	0	0	0	0	0	0	0	0	0	0	0	0	0	0	0	1	0	1	0	0	0	0	0	0	0	0	0	0	0	0	0	0	0	0	0	0	0	1.995	0	0.924	0	0	1.742	0
C4_04190C_A	C4_04190C_A	0	0	3	0	0	2	0	0	0	0	2	0	0	0	0	0	0	0	1.043	0	0	0	2	0	4.497	1.001	0	1	0	0	0	0	1	0	0	2.002	0	0	0	0	0	0	0	0	2	0	0	0	0	2	2	0	3	0	0	0	0	1	0	0
C4_04200C_A	C4_04200C_A	0	1	0	0	1	0	0	1	1.288	2	0	1	1	0	0	0	0	0	0	0	0	0	0	0	0	0	0	0	0	0	1	1	0	2	1	0	0	0	0	0	0	1	0	0	0	0	0	1	2.379	0	0	1	0	0	0	0	0	0	0	0
C4_04210C_A	SOH1	1	0	0	0	0	0	0	1	0	1	0	0	0	0	0	0	6	8	4	4	0	0	0	0	1	0	0	0	0	0	0	0	0	0	0	1	0	0	0	0	0	0	0	0	0	0	0	0	0	0	0	0	0	0	0	0	0	0	0	0
C4_04220W_A	DUO1	0	0	0	0	0	0	1	0	0	0	0	0	0	0	0	0	0	0	1	0	0	0	0	0	0	0	0	0	1	1	0	0	0	0	0	0	0	0	0	0	0	0	0	0	0	0	0	0	0	0	0	0	0	0	0	0	0	0	0	0
C4_04230W_A	C4_04230W_A	0	0	1	0	0	0	1	1	0	0	1	0	1	0	1	0	0	1	0	0	0	0	0	0	0	2.068	0	0	0	0	1	0	1	1	0	1	0	0	0	1	0	0	0	0	0	1	0	0	0	1	0	2.682	0	1	0.999	0	0	2	0	1
C4_04240C_A	C4_04240C_A	2	3	2	4	1	0	0	0	1	0	0	0	0	1	0	0	0	0	0	0	0	2.599	0	0	3	1	2	1	1.992	1.391	0	0	0	0	1	0	0	0	1	0	0	0	0	0	0	0	0	0	1.055	0	0	1	4	0	3	1	0	0	0	1
C4_04250W_A	C4_04250W_A	0	0	1	0	0	0	1	0.999	1	0	0	1	0	0	0	0	0	0	0	0	0	0	0	0	0	1	0	0	0	0	0	0	0.998	0	1	0	0	0	0	0	0	0	0	0	0	0	1	0	0	0	0	0	0	0	1	1	2	0	0	1
C4_04260C_A	FZO1	1	0	0	0	1	0	0	0	1	0	2	0	0	0	1.002	0	0	1	1	0	0	1	1.923	1	0	2	1	0	0	0	0	1	0	0	1	0	1	0	0	2	0	1	0	0	4.042	1	3	1.121	0	1	0	0	2	0	0	0	1	2	0	1
C4_04270W_A	C4_04270W_A	0	0	0	0	0	0	1	1	1	1	0	0	0	0	0	0	0	0	0	0	0	1	0	0	2	1	0	0	0	1	0	1	1	0	0	0	0	0	0	0	0	0	0	0	0	0	0	0	0	0	0	0	1	0	0	1.017	0	0	0	0
C4_04280C_A	IRC6	0	0	0	0	0	1	0	0	5	6	1	8	0	0	0	0	0	0	0	0	1	0	0	0	0	0	0	0	0	0	0	1	0	0	0	1	0	0	0	0	0	0	0	0	0	0	0	0	0	0	0	2	0	0	0	0	0	0	0	0
C4_04290W_A	SEC15	0	1	2	0	2	0	1	0	3	0	3	0	0	0	0	0	2	0	0	0	0	0	0	1	1.128	3.999	0	2	2	3	4.806	1	1	0	1	1	2	0	1	0	1	0	0	0	0	0	1	1	0	0	1.214	1	2	0	1.005	0	2	3.147	1	1.098
C4_04300C_A	C4_04300C_A	0	1	0	0	0	0	0	0	0	0	0	0	0	0	0	0	0	0	0	1	0	0	0	0	1	0	0	0	0	0	0	0	0	0	0	0	0	0	0	0	0	0	0	0	0	0	0	0	0	0	0	0	0	0	0	0	0	0	1	0
C4_04310W_A	COX11	0	0	0	0	0	0	0	0	0	2	2	0	1	0	0	0	0	0	0	0	0	0	0	0	0	0	0	0	0	0	0	0	0	1	0	0	0	0	0	0	0	0	0	0	0	0	0	0	0	0	1	0	0	0	0	0	0	1	0	1
C4_04320W_A	FRE10	1	0	0	0	0	0	0	1	0	1.998	0	0	1	0	1	0	1	0	0	0	0	0	0	2	1	0	1	0	0	0	0	0	0	0	0	0	0	0	0	0	0	0	0	0	0	0	0	1	1	1	2	0	1	0	1	0	0	1	0	0
C4_04330C_A	C4_04330C_A	0	0	0	0	1	0	1	0	0	0	0	0	5	1	3	3	0	0	0	0	0	0	0	0	0	0	0	0	0	0	0	0	0	0	0	0	7	8	2	5	0	0	0	0	1	3	1	0	0	0	1	0	1	3	2	3	0	0	0	0
C4_04340C_A	YFH1	0	0	0	0	0	0	0	0	0	0	0	0	0	1	0	0	0	0	0	0	0	0	0	0	0	1	0	0	0	0	0	0	0	0	0	0	0	0	0	0	0	0	0	0	0	2	0	0	0	0	0	0	0	0	0	0	0	0	0	1
C4_04350W_A	C4_04350W_A	1	1	0	1	2	1	0	0	0	0	0	0	1	0	0	0	1	0	0	0	0	0	1	0	0	0	1	0	2	3	2	0	0	0	1	0	0	0	0	0	0	0	0	0	0	0	0	0	0	1	0	0	0.995	0	0	1	0	1.813	1	1
C4_04360W_A	C4_04360W_A	0	0	0	0	0	0	0	0	0	0	1	0	0	0	1	0	0	0	0	1	0	0	0	1	1.091	3	1	0	0	0	1	1	1.042	0	0	0	1	1	0	0	2	0	0	0	0	1	0	0	0	0	0	0	1	1	0	0	0	0	2.846	0
C4_04370C_A	VAC7	1	0	1	0	0	0	0	0	1	0	1	0	0	0	0	0	0	0	0	0	0	0	0	0	1	0	0	0	1.025	0	0	1	0	1	2	0	0	0	0	0	0	0	0	0	0	0	0	0	1.263	0	2.397	1	1	0	2	0	0	0	2	0
C4_04380C_A	C4_04380C_A	0	0	0	0	4	2	0	0	0	0	0	0	0	0	0	0	0	0	0	0	0	0	0	0	0	0	0	0	0	0	0	0	1	1	0	0	0	0	0	0.788	0	0	0	0	0	0	0	0	0	0	0	0	0	0	0	0	0	0	0	0
C4_04390W_A	C4_04390W_A	0	0	0	0	0	0	0	0	0	0	0	0	0	0	0	0	0	0	0	0	0	0	0	0	0	0	0	0	0	0	0	0	0	0	0	0	0	0	0	0	0	0	0	0	0	0	0	0	0	0	0	0	0	0	0	0	0	0	0	0
C4_04400C_A	C4_04400C_A	0	0	0	0	0	1	0	0	0	0	0	0	0	0	0	0	0	0	0	0	0	0	0	0	0	0	0	0	0	0	0	0	0	0	0	0	0	0	0	0	0	0	0	0	0	0	0	0	1	0	0	0	0	0	0	0	0	0	0	0
C4_04410C_A	LYS4	0	0	0	1	1	1	0	2.108	0	0	1	1	0	0	0	0	1	0	0	0	0	0	0	0	2	0	1	1	1	0	0	1	1	0	0	0	0	0	0	0	0	0	0	0	0	0	0	0	0	0	1	0	2	0	1.017	1.011	0	1	1	0
C4_04420W_A	FGR3	0	0	0	0	2	0	0	0	0	0	0	0	0	0	1	0	0	0	0	0	0	0	0	0	1	0	0	0	0	0	1	1	0	0	0	0	2	2	1	2	0	0	0	0	0	0	0	0	0	0	1.288	2	0	0	0	1	2	1	1.172	0
C4_04430W_A	MRP8	0	0	0	0	0	0	0	0	0	0	0	0	0	0	0	0	1	0	1	0	0	0	0	0	1	0	0	0	0.995	0	0	0	0	0	0	0	0	0	0	0	0	0	1	0	0	0	0	0	1	0	1.415	0	0	0	0	0	0	0	1	0
C4_04440W_A	C4_04440W_A	0	0	0	0	0	0	0	0	0	0	0	2	0	0	0	1	0	1	2	0	1	0	1	0	0	0	0	0	0	0	0	0	0	0	0	0	0	0	0	0	0	0	0	0	3	0	0	0	0	0	0	0	0	1	1	0	0	0	0	0
C4_04450C_A	ATG1	0	0	0	0	2	1	0	0	0	0	0	2	0	0	0.995	0	0	0	0	0	1	1	0.999	1	1.164	0	2	2	0	0	2	0	0	1.083	0	0	0	0	0	0	0	0	0	1	0	0	0	0	0	0	2.307	1	1	1.065	0	0	0	0	0	2
C4_04460C_A	C4_04460C_A	0	0	0	0	1	1.02	1	0	2	1	0	0	0	0	3	1	1	0	0	0	0	0	0	0	0	1.178	0	1	0	2.416	0	0	0	1	0	0	0	1	0	1	0	1	0	0	0	1	1	0	0	0	2.104	1	9	5	4.488	5	1	3.254	2	1
C4_04470W_A	SAP10	0	0	0	0	0	0	0	0	0	0	0	0	0	0	1	0	1	0	0	0	1	0	0	0	0	0	0	0	0	1	0	0	1	0	0	0	0	0	0	0	0	0	0	0	0	0	0	0	0	0	1	1	2	0	0	0	0	0	0	0
C4_04480C_A	EFB1	0	0	0	0	4	3	3	3	0	1	0	0	0	0	0	0	0	0	0	0	1	1	0	1	3	7	4	0	0	0	0	0	0	0	0	0	0	0	0	0	0	0	0	0	1	0	1	0	0	0	0	0	1	1	1	1	0	0	0	0
C4_04490C_A	C4_04490C_A	0	0	0	0	0	0	0	0	0	0	0	0	0	0	0	0	0	0	0	0	2	0	0	0	0	0	0	0	0	0	0	0	0	0	0	0	0	0	0	0	0	0	0	0	4	3	2	0	0	0	0	0	0	0	0	0	0	0	0	0
C4_04500C_A	C4_04500C_A	0	0	0	0	0	0	0	0	0	0	0	0	0	0	0	0	1	0	0	0	0	0	0	0	0	0	0	0	1	1	2	5	0	0	0	0	0	0	0	0	0	0	0	0	0	1	0	0	0	0	0.641	0	1.004	0	0	0	0	1	0	0
C4_04510W_A	C4_04510W_A	3	1	1	2	5	3.107	7	6.249	1.006	0	1	2	1	0	1	1	4	1	4	7	0.993	0	0	1	5	5.419	3.111	6	4.188	3	2	0	1	2.307	1	3	0	0	1	1	0	0	0	0	1.002	0	0	1	3.077	3.344	2.134	5.143	1.001	5	0	4	4.3	5.826	5.374	2
C4_04520W_A	PXR1	0	0	0	0	0	0	0	2	0	0	0	0	7	4	6	5	2	1	0	2	0	2	1	2	3	1	2	2	2	1	1	0	0	0	0	0	0	0	0	0	0	0	0	0	1	4	1	0	0	0	0	0	1	2	1	5	1.456	0	0	0
C4_04530C_A	PHR1	4	2	3	4	6	4	3	3	0	0	0	0	0	0.999	0	0	6	4	3	2	0	0	1	0	1	0	0	0	0	0	1	0	0	1	0	0	1	0	0	0	0	0	0	1.001	0	0	1	1	0	0	2	1	0	0	0	0	0	2	0	0
C4_04540C_A	C4_04540C_A	0	0	0	0	0	0	0	0	1	0	1	0	0	0	0	0	0	0	0	0	0	0	0	0	1.003	0	1	0.861	0	0	0	0	0	0	0	0	0	1	0	0	0	0	0	1	0	0	0	0	0	0	0	0	2	0	0	0	1	0	0	0
C4_04550C_A	OMA1	0	0	1	0	0	0	0	1	0	0	0	0	0	0	1	0	0	0	0	0	0	0	0	0	0	0	0	0	0	0	1	0	0	0	0	1	0	1	0	0	0	0	0	0	0	1	0	0	1	2.055	0	1	1	0	1	3	0	0	0	0
C4_04560C_A	C4_04560C_A	0	0	0	0	0	0	0	0	1	0	1	0	0	1	0	0	0	0	2	0	0	1	0	0	0	1	0	0	0	0	0	0	0	0	0	0	0	0	0	0	0	0	0	0	0	0	0	0	0	0	0	0	1	0	0	0	0	0	0	0
C4_04570W_A	RCE1	1	0	0	0	0	0	0	0	0	0	0	0	0	0	1	0	2	0	0	0	2	1	2	3	0	1	1	0	0	0	0	0	0	0	0	0	0	0	0	0	0	0	0	0	3	1	5	0	0	0	0	1.69	1.106	0	0	0	1	0	0	0
C4_04580W_A	ZDS1	2	1	1	2	5	3	1	2	1	0	2	2	0	0	0	1	2	0	1	0	0	0	0	1	2.024	0	0	1	0	0	2.997	3	1	1	1	1	3	4	5	3	0	0	0	0	3	1	1	0	4.877	0	1	0	0.998	1	3	3	5.82	0	0	0
C4_04590W_A	SCS7	0	0	0	0	1	0	0	0	2	7	9	8	0	0	0	0	1	1	0	0	1	0	0	0	0	0	1	0	0	0	0	0	0	6	2	5	0	1	1	0	0	0	0	0	0	0	0	1	0	0	0	0	2	1	0	0	0	0	1	1.001
C4_04600C_A	C4_04600C_A	1	0	0	0	1	1	0	1	0	0	1	0	0	0	0	0	1	0	0	0	0	0	0	1	2.164	1	0	2	0	0	0	0	0	0	0	0	0	0	0	0	0	0	0	0	0	0	0	1	0	0	1	0	1	1	0	0	1	0	0	1
C4_04620C_A	C4_04620C_A	1	0	0	0	0	0	0	0	0	0	1.711	0	1	0	0	0	0	0	0	1	0	0	0	0	0	0.5	1	0.5	0	2.994	0	0	0	1	0	0	0	0	0	0	0	0	0	3	0	0	2	0	1	0	0	0	2	1	3	1	0	0	0	0
C4_04630C_A	C4_04630C_A	0	0	0	0	0	0	0	1	0	0	0	0	0	0	0	0	0	0	0	0	0	0	0	0	0	0	0	0	0	0	0	0	0	0	0	0	0	0	0	0	0	0	0	0	0	0	0	0	0	0	0	0	0	0.985	0	0	0	0	0	0
C4_04640C_A	GOA1	0	0	0	0	0	2	1	1.006	1	0	0	0	0	0	0	1	0	0	0	0	0	1	0	0	0	1	0	0	1	0	0	1	0	0	0	1	0	0	0	0	0	0	0	0	0	0	0	0	0	0	0	1	0	0	1.686	0	1.676	0	0	0
C4_04650W_A	C4_04650W_A	0	0	0	0	0	0	0	0	0	0	0	1	0	0	0	0	0	0	0	0	0	0	0	0	0	0	0	0	0	0	0	0	0	0	0	0	0	0	0	0	0	0	0	0	0	0	0	0	0	1	0	2	0	0	2	0	0	0	0	0
C4_04660C_A	C4_04660C_A	0	0	0	0	0	1	1	0	4	4.458	7	2	2	0	0	0	1	0	0	1	0	1	1.045	1.016	1	0	0	2	1	1	0	0	0	0	0	0	1	0	0	0	1	0	0	0	0	0	0	1	0	0	0	0	0	1	0	0	5	0	2.189	1
C4_04670C_A	C4_04670C_A	0	0	2	1	4.632	1	2	0	1	0	1	1	1	1	2	0	0	1	2	1	0	0	0	0	0	0	1	2.001	2	1	1	1	0	1	0	0	0	1	1	1	0	0	0	0	0	0	0	0	6	2	2	3.007	1	0	1	0	2	1	3	1
C4_04680C_A	tQ(UUG)5	0	0	0	0	0	0	0	0	0	0	0	0	0	0	0	0	0	0	0	0	0	0	0	0	0	0	0	0	0	0	0	0	0	0	0	0	0	0	0	0	0	0	0	0	0	0	0	0	0	0	0	0	0	0	0	0	0	0	0	0
C4_04690C_A	tQ(UUG)4	0	0	0	0	0	0	0	0	0	0	0	0	0	0	0	0	0	0	0	0	0	0	0	0	0	0	0	0	0	0	0	0	0	0	0	0	0	0	0	0	0	0	0	0	0	0	0	0	0	0	0	0	0	0	0	0	0	0	0	0
C4_04700W_A	SSZ1	1	0	0	0	0	0	0	0	0	0	0	0	0	0	0	0	0	0	0	0	0	0	0	0	0	1	0	0	0	0	0	0	0	0	0	0	0	0	0	0	0	0	1	0	0	0	0	0	0	0	0	0	0	0	0	0	0	0	1	0
C4_04710W_A	GYP1	0	0	1.998	0	0	0	0	1	0	0	0	1	1	1	1	0	0	0	0	0	1	0	0	0	0	0	0	0	0	0	0	0	0	0	0	0	0	0	0	0	0	1	0	0	0	0	0	0	0	0	0	0	1	0	0	0	0	0	0	1
C4_04720W_A	C4_04720W_A	0	0	0	0	1	0	0	0	0	0	0	0	0	0	0	0	0	0	0	0	0	0	1	0	0	0	1	1	0	0	1	0	0	0	1	0	0	0	1	0	0	0	0	0	0	0	0	0	0	0	0	0	0	0	0	0	0	0	0	0
C4_04730W_A	BAS1	0	0	0	0	0	0	0	0	1	1	0	0	0	0	0	0	3	0	2	0	2	0	0	0	0	0	1	0	3	0	1	0	0	0	0.98	1	0	1	0	0	0	1	0	0	0	0	1	1	3.716	1.159	0	1	1	0	0	0	0	1	1	0
C4_04740W_A	tI(AAU)4	0	0	0	0	0	0	0	0	0	0	0	0	0	0	0	0	0	0	0	0	0	0	0	0	0	0	0	0	0	0	0	0	0	0	0	0	0	0	0	0	0	0	0	0	0	0	0	0	0	0	0	0	0	0	0	0	0	0	0	0
C4_04750W_A	C4_04750W_A	0	0	1	1	0	1	0	0	0	0	0	1	0	0	2	0	0	0	0	0	0	0	0	0	1	0	0	2.443	0	0	2	1	0	0	0	0	0	0	1	0	0	0	0	0	0	0	0	1	1	0	0	1	0	0	0	0	0	0	1	0
C4_04760C_A	C4_04760C_A	0	0	0	0	0	1	0	0	0	0	0	0	0	0	0	0	0	0	0	0	0	1	0	0	0	0	0	1	0	0	1	0	0	1	0	0	0	0	0	1	0	0	0	0	0	2	0	0	0	0	0	0	0	0	0	0	0	0	0	0
C4_04770C_A	MNN22	0	1	0	0	0	0	1	0	0	1	0	2	0	0	0	0	0	0	1	0	0	0	0	0	1	1	1	0	0	0	1	1	0	0	0	0	0	0	0	0	0	0	0	2	0	0	0	0	3.189	1	1	0	1	0	0	1	0	0	0	0
C4_04780W_A	PMT6	0	0	0	0	0	1	1	0	2	0	1	1	0	0	0	0	0	0	1	0	0	0	0	1	0	0	2.281	1	0	1	1.994	3	0	0	2.001	1	0	0	0	0	0	0	1	0	0	0	0	0	0	0	2	0	2	0	0	1	0	0	2	0
C4_04790W_A	FAV1	0	0	0	1	0	0	0	1	0	0	0	0	0	2	0	0	1	0	0	0	1.998	1.128	2	2	0	2.998	0	0	0	0	1	1	0	0	0	0	0	0	0	1	0	1	1	0	0	1	0	0	0	0	0	0	1	2	0	0	2.168	0	1	0
C4_04800W_A	C4_04800W_A	0	0	0	0	0	0	0	0	0	0	0	0	0	0	0	0	0	0	0	0	0	1	0	0	0	1	0	0	0	0	0	0	0	0	0	0	0	0	0	0	0	0	0	0	1	0	0	1	0	0	1	0	2	1	2	0	0	0	0	0
C4_04810C_A	TRM8	0	0	0	0	0	0	1	0	0	0	0	1.005	0	0	0	1	0	0	0	0	0	0	1	0	0	0	1	0	0	0	0	0	0	0	1	0	0	0	0	0	0	0	0	2	0	1	0	0	0	1	1	0	0.979	3	0.996	0	0	1	0	0
C4_04820C_A	C4_04820C_A	0	0	0	0	0	0	0	0	0	0	0	0	0	0	0	0	0	0	0	0	0	0	0	0	1	0	0	0	0	0	0	0	0	0	0	1	0	0	0	0	0	0	0	0	0	0	0	1	1	0	0	1	2	1	2	2	0	0	0	0
C4_04830W_A	DCR1	0	0	0	0	0	1	0	0	0	0	2	1	0	0	0	0	0	0	0	0	0	0	1.259	1	0	0	0	1	2	4	3	1.44	0	0	2	0	0	0	0	1	0	0	1	0	0	0	0	0	1.2	0	0	2.282	0	0	0	1	1	1	2.485	0
C4_04840C_A	AGP3	0	0	0	0	1	1	0	1	0	0	0	0	0	0	0	0	0	0	0	1	0	0	1	0	1	0	0	0	1	0	0	2	1	1	0	0	0	0	0	0	0	0	1	0	0	0	0	0	0	3	0	2	0	0	1	0	2	0	1.98	2.382
C4_04850C_A	CSR1	0	0	0	0	0	0	0	0	0	1	0	0	0	1	0	0	0	0	0	1	2	0	0	0	1.001	1	0	0	0	1	0	1.991	0	2	0	0	0	0	0	1	0	0	0	0	1.989	0	0	0	1	0	2	0	0	3	1	0	0	1	0	1
C4_04860W_A	C4_04860W_A	0	0	0	0	0	0	0	0	0	0	1	1	0	0	1	0	1	0	0	0	1	1	0	0	0	0	1.688	0	0	1	0	0	0	0	0	0	0	1	0	0	0	0	0	0	0	0	1	0	0	1	0	0	1.013	1	1	1	0	0	0	0
C4_04870C_A	C4_04870C_A	1	0	0	0	1	0	0	0.994	0	0	1	2	1	1	0	2	0	0	0	0	2	0	2	0	0	1	0.947	0	0	0	0	0	0	1	0	0	0	0	0	1	0	0	0	0	0	1	0	1	2	0	0	0	0	0	2	0	0	1	0	0
C4_04880W_A	FGR10	0	0	0	0	0	0	0	0	0	0	0	0	0	0	0	0	0	0	0	0	0	0	0	0	0	0	1	0	0	0	1	0	0	0	0	0	0	0	0	0	0	0	0	0	1	0	0	0	0	0	1.853	0	1	0	0	0	1.759	0	0	0
C4_04890C_A	RPL24A	0	0	0	0	0	0	0	0	0	0	0	0	0	0	0	0	1	0	0	0	0	0	0	0	0	1	0	0	0	0	0	0	0	0	0	0	0	0	0	0	0	0	0	0	0	0	0	0	0	0	0	1	0	0	0	0	0	0	0	0
C4_04900W_A	RPL30	1	2.012	2	1	0	0	0	0	1	4	2	2	0	0	0	0	2	8	7	7	1	1	4	2	0	0	0	0	0	0	0	0	0	0	0	0	0	0	0	0	0	0	0	0	0	0	0	0	0	1.983	0	0	0	0	2	1	0	0	0	0
C4_04910C_A	SPC34	0	0	0	0	0	0	0	0	0	2	0	1	0	0	0	0	0	0	0	0	1	0	0	0	0	0	0	0	0	0	2	0	0	0	0	0	0	0	0	0	0	0	0	0	0	0	0	0	0	0	0	0	1	1	0	0	0	0	0	0
C4_04920W_A	KAE1	0	0	0	0	2	1	0	0	0	0	0	0	0	0	0	0	0	0	0	0	0	0	0	0	0	0	0	0	0	0	0	0	1	0	0	0	0	0	0	0	0	0	0	0	0	0	1	0	0	1	0	0	0	0	0	0	2	0	1	0
C4_04930C_A	C4_04930C_A	0	0	0	0	1	0	0	0	0	0	0	0	0	0	0	0	0	0	0	0	1	1	1	5	1	2	2	2	0	0	2	0	0	0	0	0	0	0	0	0	0	0	1	0	0	0	0	0	0	0	0	0	0	0	0	0	1	0	0	0
C4_04940W_A	C4_04940W_A	0	0	1	0	0	0	0	0	1	0	0	0	0	1	0	0	0	0	0	0	0	0	0	0	0	0	0	0	0	0	0	0	0	0	0	0	0	0	0	0	0	0	0	0	0	1	0	0	0	0	0	0	0	1	0	0	0	0	0	1
C4_04950W_A	C4_04950W_A	0	0	0	0	0	0	0	0	0	0	0	0	0	0	0	0	0	0	0	0	0	0	0	0	0	1	0	0	0	0	0	0	0	0	0	0	0	0	0	0	0	0	0	0	0	0	0	0	0	0	0	0	0	0	0	0	0	0	0	0
C4_04970C_A	C4_04970C_A	0	0	0	0	0	0	0	0	0	0	0	0	0	0	0	0	0	0	0	0	0	0	0	0	1	0	1	0	0	0	0	0	0	0	0	0	0	0	0	0	0	0	0	0	2	1	0	0	0	0	0	1	2	4	2	3	0	0	0	0
C4_04980W_A	C4_04980W_A	0	0	0	0	0	1	2.369	0	0	2	0	0	1	0	0	0	0	0	0	0	0	0	1.905	0	2	0	0	1.752	1	2	1.001	1	0	0	0	1	0	0	1	0	0	1	0	1	2.999	1.406	0	1	3	0	0	0	2.046	1	0	0	0	0	0	0
C4_04990C_A	C4_04990C_A	0	0	0	0	0	2	0	1	0	0	0	0	0	1	0	0	1	0	0	0	1	1	0	0	0	0	0	0	0	0	0	0	1	0	0	1	1	0	0	0	0	0	0	1	1	0	0	0	0	0	1.5	0	1.005	0	0	0	1	0	2	0
C4_05000W_A	C4_05000W_A	0	0	0	0	5	0	1.627	0	0	1	0	1	1	1	0	1	0	2	0	3	1	0	1	0	1	3.003	0	1	0	0	1	0	1	0	0	0	0	1	1.027	1	0	0	0	0	0	0	1	1	3.308	0	2.567	2.191	1.061	0	3	2.723	0	3	2.798	2
C4_05010W_A	C4_05010W_A	0	0	0	0	0	0	0	1	0	0	0	0	1	0	0	0	0	1	0	1	0	0	0	0	0	1	0	0	0	0	0	0	2	0	0	0	0	0	0	0	0	0	0	0	0	0	0	0	0	0	0	0	0	0	1	0	1	0	0	0
C4_05020W_A	IMG2	0	0	0	1	0	0	1	1	0	0	0	0	0	0	0	0	1	0	0	0	0	0	0	0	1	1.114	0	0	0	0	0	1	0	1	0	0	0	0	0	0	0	0	0	0	0	0	0	0	0	0	2	0	0	0	0	0	0	0	0	0
C4_05030C_A	SSK2	1	0	0	0	3	0	0	3	3	0	2	1	1	1	1	0	1.32	0	2.017	0	1.004	1	2	1	2	1	2	2.473	0	1	1.004	0	0	0	0	0	0	0	0	0.999	0	0	0	0	1.147	1.181	2	0	1.051	1	5.505	3.239	2.006	3.018	0	0	1	1.404	3.945	0
C4_05040W_A	C4_05040W_A	0	0	0	1	0	1	0	0.83	0	0	0	1	0	0	0.83	0	0	0	0	0	0	1	0	0	0	0	2	2	0	1	0	1.973	0	0	0.71	1	1	0	1.006	0	0	0	0	0	1.014	1	0	0	0	0.922	0	0	0	1	2	0	1	1.802	1.004	1
C4_05050C_A	PPG1	0	0	0	0	0	0	1	0	1	1	0	2	0	0	1	0	0	0	0	0	0	0	0	0	0	1	0	0	0	0	0	0	0	0	0	0	0	1	0	0	0	1	0	0	0	0	0	0	0	0	1	0	0	0	0	0	2	0	0	0
C4_05060W_A	CDL1	1.002	0	1	1	0	0	0	0	0	0	0	0	0	3	1	0	1.957	0	0	0	2.999	0	0.908	0	0	3.002	1.892	0	0	0	1	0	0	0	0	0	0	0	1	0	0	0	0	0	0	0	0	0	1	2	1	0	1	4	2.001	1	0	0	0	0
C4_05070C_A	ARG8	1.008	0	0	0	0	0	0	0	0	0	0	0	0	0	0	0	1	0	0	0	1	0	0	0	1	0	0	0	0	0	0	1	0	0	0	0	0	0	0	0	0	0	0	1	0	0	0	0	0	1	0	0	0	1	2.474	0	0	1	0	0
C4_05080C_A	C4_05080C_A	0	0	1	0	3	0	1	0	0	0	0	0	0	0	1	1	1	0	0	1	0	0	1	0	1	2.077	2.996	0	2.848	0	1	2	0	0	0	0	0	0	0	0	0	0	0	0	1	0	0	0	0	1	0	0	0.922	1.897	2	1	1	0	1	2
C4_05090C_A	SRB8	0	0	0	0	3.019	0	1	2	1.846	1.039	2	1	2	1	2	2	1.109	1	0	0	9	4	3	2	1.094	3	2.474	1.815	0	1	2.005	1	0	1	0	0	4.253	3.13	8	3	1	0	1	0	0	0	1	0	2.165	0	0	1	1.086	0	1.985	2	4.133	0	2.676	2.176
C4_05100C_A	MYO5	0	1	2	1	1.082	1	0	1	4.994	0	2	0	3	4	3	5	0	0	1.067	1	1.024	0	0	2	2	4	2.815	0	0	1	0	2.001	0	0	0	2	0	1	1	0	0	0	0	0	2	2	2	4	0	1.026	1.038	0	4.005	0	1.251	1	4.574	0	3.325	1
C4_05110C_A	HAP41	0	0	0	0	1	3	4	1	2	4	6	2	3	2	5	3	0	0	0	2	3	2	1	1	0	0	0	0	1	1	1	0	0	0	0	0	1	0	0	1	0	0	0	1	1	2	3	3	1	1	0	0	0.905	3	0	2	0	0	0	0
C4_05120C_A	C4_05120C_A	0	0	0	0	0	0	0	0	0	0	0	0	0	0	1	1	0	0	0	0	0	0	0	0	0	0	0	0	0	0	0	0	0	0	0	0	0	0	0	0	0	0	0	0	0	0	0	0	0	0	0	0	0	0	0	0	0	0	0	0
C4_05130C_A	ALD6	0	0	0	0	0	1	3.003	1	0	1	1	1	0	1	0	0	1	1	0	1	0	0	0	0	0	0	0	0	0	0	1	0	0	0	0	0	0	0	0	0	0	0	0	0	0	0	0	0	0	1	0	0	4	11	7.029	4	1	0	0	0
C4_05140C_A	GDB1	0	0	0	0	1	0	1	2	1.107	2	1	0	1	1	2	0	1	0	0	0	2	0	0	3	1	0	2	1.046	1.167	0	0	2	1	0	1	0	0	0	0	0	0	0	0	0	2	0	2	0	4.43	2.236	2	0	3	2.24	2.002	0	1.748	0	1	3
C4_05150W_A	VAC8	0	0	0	0	3.438	1	1	1	0	0	1	0	0	0	0	0	0	0	1.886	0	0	0	0	0	2	1	1	1	0	0	0	0	0	0	0	1	0	0	0	0	0	0	0	0	2	2	0	0	0	0	0	0	1	2	0	0	0	0	0	0
C4_05160C_A	C4_05160C_A	1	1	0	0	0	0	0	0	1	0	0	0	0	0	0	0	0	0	0	0	0	0	0	0	2	0	2	1.171	0	0	1.01	0	0	0	0	0	1	0	1	0	1	0	0	0	1	0	0	0	0	1	0	0	1.998	0	0	0	2	0	2.556	0
C4_05170C_A	NBP35	0	0	0	0	4	0	1	1.11	2	4	5	1	0	0	0	0	0	1	0	1	1	0.998	0	0	1	2	2	1	0	0	0	0	0	0	0	1	1	0	0	0	0	0	0	0	1	0	0	0	0	0	0	1	1	1	0.991	1	1	2	1	1.685
C4_05180C_A	C4_05180C_A	3.003	0	0	1	0	0	3	2	0	0	1	0.902	0	0	0	0	1	1	0	1	2.001	2.047	2	0	1	2	3	0	3	1.141	0	0	1	0	0	0	1	1	0	1	0	0	0	0	2	1.007	2.58	1	0	0	0	2.125	0	1	2	2	2	1.155	0	0
C4_05190C_A	EDC3	1	0	0	0	1	1	2.005	0	0	1	0	1.934	0	0	0	0	0	0	1	3	0	0	0	0	0	0	0	0	1	0	2	2.005	1	2	3	3	1.848	0	0	0	0	0	0	0	2	0	0	0	0	2	0	1.425	0	1	1	0	2	0	2	0
C4_05200C_A	C4_05200C_A	0	0	0	0	0	0	0	0	0	0	0	0	0	0	0	0	0	0	0	1	0	0	0	0	1	0	0	0	0	0	0	0	0	0	0	0	0	0	0	0	0	0	0	0	0	0	0	0	0	0	0	0	0	0	0	0	0	0	0	0
C4_05210W_A	C4_05210W_A	0	0	0	0	1	2	0	0	0	0	1	0	0	0	0	0	0	0	0	0	0	0	0	1	0	0	0	1	0	0	1	0	1	0	0	0	0	0	0	0	0	0	1	1	0	0	0	0	0	0	1	0	0	0	0	0	2.543	1	1	1
C4_05220C_A	C4_05220C_A	0	1	0	0	0	0	0	0	0.998	0	0	0	0	0	1	0	0	0	0	0	1	0	0	1	0	1	0	0	1	0	1	0	0	1	0	0	1	0	1.852	0	0	0	0	0	1	1	0	0	0	0	0	0	1.188	1.157	1	0	1	2	2	0
C4_05230C_A	RIX1	0	0	0	1	0	0	0	0	0	0	1	0	0	1	0	0	0	1	2	4	0	1.431	0	0	0	0	0	0	1	0	0	0	0	0	2	0	0	0	0	0	0	0	0	0	1	0	1	1	0	0	0	0	1	1.012	1	0	0	1	1	0
C4_05240C_A	VPH1	0	1	0	0	0.999	0	1	1	0	0	1.002	1	0	0	0	0	1	1	1.002	0	0	3.18	0	0	1	0	1	1	0	0	1	0	0	0	0	2	0	0	0	0	0	0	0	0	0	0	1	1	1	0	0	0	0	0	0	0	0	0	1.204	0
C4_05250W_A	C4_05250W_A	0	1	0	0	3	0	2	0	3	4	4	1	0	0	0	0	0	0	0	0	1	0	1	0	1.002	1	2	1	0	1	1	2	1	0	1	0	0	0	0	0	2	0	0	0	1	1	0	0	2	0	0	1.244	2	0	1	0	0	2	0	0
C4_05260W_A	C4_05260W_A	0	0	1	0	0	0	0	0	0	0	0	0	0	0	0	0	0	0	0	0	0	0	0	0	0	0	0	0	0	0	0	1.994	0	0	0	0	0	0	1	0	1	0	1	0	0	0	1	0	0	0	1	0	1	0	0	0	0	0	1.25	0
C4_05270C_A	RAD59	0	0	0	0	0	0	0	1	0	0	0	0	0	0	0	0	0	1	0	0	0	0	0	0	0	0	0	1	1	0	0	0	0	0	0	0	0	0	1	0	0	0	0	0	0	0	0	0	0	0	0	0	0	0	1	0	0	0	0	0
C4_05280W_A	USO1	7	3	5	6.875	1.001	3.996	1.988	1.007	1.043	1	7.004	2	2	0	1	0	1	1	0	0	0	0	1	0	0	2	2.003	0	2	1.992	2	2	3.041	2	1	3	0	2	0	0	1	0	0	1.065	1	7	3	7	0	2.433	2.291	0	1	4	2	1.012	4.22	2.636	1.363	3.368
C4_05290W_A	ABZ1	2	2	0	0	8.001	7	6	4	7	6	9	4.922	1	6	2	5	2	1	2	2	5	5	4	3	1.192	2	6	1	5.012	5	1	2	1	2	2	5	0	0	1	2	0	0	1	0	4	1	1	3	3.746	8	3.647	3.626	7	6	4	1	2	5	4	2
C4_05300W_A	XKS1	0	0	0	0	0	0	1	0	0.998	0	2	2	0	0	0	0	0	0	0	1	0	0	0	0.999	2.201	0	0	0	0	0	1	0	1	1	1	5	0	0	0	0	0	0	1	1	0	0	0	0	0	1	0	0	1	0	1	0	0	0	0	0
C4_05310W_A	C4_05310W_A	0	0	0	0	1	1	0	0	1	0	0	0	0	0	0	0	1	0	0	0	0	0	0	0	0	0	1.086	0	0	0	0	2.015	0	1	0	0	0	0	0	0	0	0	0	0	0	0	1	0	1	0	1	0	0	0	1	0	0	0	0	1
C4_05320W_A	LYS1	0	0	0	0	0	0	0	0	0	0	0	0	0	0	0	0	0	0	0	0	0	0	0	0	0	0	0	2	0	1	0	0	0	0	0	0	0	0	0	0	0	0	0	0	0	0	0	0	0	0	0	0	0	0	0	0	0	1	0	1
C4_05330C_A	C4_05330C_A	0	0	0	1	1	2	1	0	3	0	0	1	0	0	0	0	1	1.054	0	1	0	1	0	1	2	0	1	2	1	0	0	0	2	1	0	0	0	1.001	0	2	0	1	0	0	4	0	0	1	0	0	0	0	0	1	2	0	0	2.257	0	0
C4_05340W_A	C4_05340W_A	0	1	0	2	0	2.146	0	1	0	2	0	0	0	0	1	0	1.043	1	2	1	0	1	0	1	1	1	2	0	1.131	0	1.852	1	0	0	0	2	0	2	1	0	0	0	0	0	0	0	0	0	0	1.207	0	0	4.3	1.005	0	3	2.224	2.261	2.517	0
C4_05350W_A	HSV2	0	0	0	0	0	0	0	0	1	1.991	0	0	0	0	0	1	0	0	0	1	0	0	1	0	0	0	1	0	1	2	0	0	1	1	0	0	0	0	0	0	0	0	0	0	1	0	0	0	0	1	0	0	1.042	0	0	0	0	1.468	0	0
C4_05360C_A	C4_05360C_A	1	0	0	0	0	1	0	2.783	0	0	0	0	2	0	0	1	0	0	0	0	0	0	0	0	0	0	0	0	1	0	0	0	2.393	1	0	0	0	0	1.579	0	0	0	0	0	0	0	1	0	0	1	0	0	0	0	0	0	0	0	0	1
C4_05370W_A	PUF3	1.074	0	0	0	0	1	2	0	2	1	1	0	0	0	0	0	0	0	0	1	2.003	1	2	1	0	0	0	0	1	2	0	0	0	1	1.445	0	0	0	0	0	0	0	0	0	0	0	0	0	0	0	0	0	1	1	0	1	0	1.414	2	1.228
C4_05380C_A	C4_05380C_A	0	0	0	0	0	0	0	0	0	0	0	0	0	0	0	0	0	0	0	0	0	0	0	0	0	0	0	0	0	0	0	0	0	0	0	0	0	0	0	0	0	0	0	0	0	0	0	0	0	0	0	0	0	0	0	0	0	0	0	0
C4_05390W_A	C4_05390W_A	0	0	0	0	0	0	0	0	0	0	0	0	0	0	0	0	0	0	0	0	0	0	0	0	2	0	0	1	0	0	0	0	5	5	5	4.002	0	0	1	1	0	0	0	0	0	1	0	0	0	0	0	0	0	0	0	0	0	0	0	0
C4_05400C_A	C4_05400C_A	0	2	0	0	0	0	0	1	0	0	0	0	0	1	0	0	0	0	0	0	0	0	0	1	0	0	2	1	0	0	0	0	0	0	0	0	0	0	0	0	0	0	0	0	0	0	1	0	0	0	0	0	0	0	0	0	0	0	0	0
C4_05420C_A	TSC2	2	1	0	3.697	0	0	1.038	2.001	1	0	0	0	2	1	0	0	1	1.997	2	2.609	2	2	1	0	2	5	0	2.332	2.25	1.184	0	2.992	1	3.026	1	0	0	0	0	0	0	1	0	0	0	1.081	0	1.997	0	3.24	1.265	1	0	0.988	1.713	3	1.113	2	3.301	0
C4_05430C_A	GAP5	0	0	0	0	0	2	1.997	0	1	0	0	1	1	1.059	0	0	1	1	1	1	0	0	0	0	0	1.001	0	0	3	0	2.266	0	0	0	0	0	0	0	0	0	0	0	0	0	1	0	0	0	0	0	1.467	1	0	0	2.998	1	0	2	0	2.751
C4_05440C_A	C4_05440C_A	1	1	1.009	0	0	0	0	0	0	0.988	0	0	0	0	0	0	0	0	0	0	0	0	1	1	1	1	1	0	2	0	1	3	0	1	1	0	0	0	0	0	0	0	0	1	1.423	0	0	0	0	0	0	1	0	0	0	0	2.588	2	3	0
C4_05450C_A	CBR1	1	0	0	0	0	1	0	1	0	0	0	0	0	0	0	0	0	0	0	0	0	0	0	0	0	0	0	0	0	0	0	0	0	0	0	0	0	0	0	1	0	0	0	0	0	0	0	0	1	0	0	2	0	0	1	1	0	0	0	0
C4_05460C_A	OFD1	0	1	0	0	0	0	0	0	0	0	0	1	0	0	1	0	0	0	0	0	2	0	0	2	1	0	0	0	0	0	0	0	0	0	0	0	0	1	1	0	0	1	0	0	0	0	0	0	0	0	1.29	2	1	2	1.605	2.001	0	0	2	0
C4_05530W_A	FGR6-10	0	0	0	0	0	0	0	0	0	0	0	0	0	0	0	0	0	0	0	1	0	0	0	0	0	0	0	0	0	0	0	0	0	0	0	0	0	0	0	0	0	0	0	0	0	0	0	0	0	0	0	0	0	0	0	0	0	0	0	0
C4_05540W_A	HOM3	0	0	1	0	0	0	0	0	0	0	0	0	0	0	0	0	0	0	1	0	1	1	1.002	2	0	2	1	1	0	0	0	0	0	0	0	0	1	0	0	1	0	0	0	0	0	0	0	0	0	2	2	1.571	0	1	1	0	0	1.201	2.02	0
C4_05550C_A	GVP36	0	0	1	1	4.9	1	0	2	1	3	2.956	4	2	0	1.218	0	2.452	0	3	0	0	1	2	0	3	0.997	1.53	1.462	1	2	4.842	1	1	0	1	0	0	0	1	0	0	0	0	2	2	1.043	1	0	1	1.711	0	0	2.99	2.987	4	4.033	0	3	3.618	1
C4_05560C_A	ARO9	1	2	1	2	0	0	0	0	1	0	0	1	1	0	1	0	1	1	0	0	2	3	3	1	0	0	1	0	1	2.834	3	0	0	0	0	0	0	0	0	0	1	0	0	0	0	1.058	0	0	0	0	0	0	0	1	0	1	1	0	0	1
C4_05570C_A	TUB4	0	0	0	0	0	2	0	0	0	0	0	0	0	0	0	0	0	0	0	0	0	0	0	0	2.236	1	0	0	0	3	1	1	0	0	0	0	1	0	0	0	0	0	0	0	0	0	0	1	2.521	0	1	0	0	1	0	0	0	0	0.999	0
C4_05580C_A	C4_05580C_A	0	1	0	0	0	0	0	0	0	0	0	0	0	0	0	0	0	0	0	0	0	0	0	0	0	0	0	0	0	0	0	0	0	0	0	0	0	0	0	0	0	0	0	0	0	0	0	0	1	0	0	0	0	0	0	0	0	0	0	0
C4_05590W_A	C4_05590W_A	0	1	4	2	0	2	1	1.206	1.125	1	0	1	0	0	0	2	2.29	2	0	1	0	0	1.053	1.429	1.015	2.003	0	1	3.532	0	1.882	0	3	0	1.03	0	2.015	2	5	0	0	0	0	0	5	0	2	3	2.238	0	6	0	7.507	3	3.99	2	6.001	7.391	1	4.322
C4_05600W_A	GYP2	0	0	1	0	3.972	3	1	1.01	0	0	0	1	1	0	0	1.055	0	2	0	0	0	0	3	2	2.002	0	1.133	1.999	0.977	2	0	0	2	0	0	2	0	0	0	0	0	0	0	1	1	0	0	0	0	0	1	0	2	0	1	0	0	1	1.139	1
C4_05610C_A	C4_05610C_A	1	0	0	0	2	2	2	2	0	0	0	1	5	9	5	3	1	0	0	0	0	0	0	0	0	0	0	0	0	0	0	0	1.038	1	0	0	0	0	0	0	0	0	0	0	4	0	3	2	1.311	0	0	0	0	0	0	0	1	0	1.262	1
C4_05620C_A	C4_05620C_A	0	0	0	0	0	0	0	0	0	0	0	0	0	0	0	1	0	0	0	0	2	0	0	0	0	0	0	0	0	1	0	0	0	0	0	0	0	0	0	0	0	0	0	0	0	0	0	0	0	1	1	0	0	0	0	0	0	0	0	0
C4_05630W_A	C4_05630W_A	0	0	0	0	1	0	0	0	0	0	0	0	0	1	0	1	0	0	0	0	1	0	0	0	0	0	0	0	0	0	0	0	0	0	0	0	0	0	0	0	0	0	0	0	0	0	0	0	0	0	0	0	0	0	0	0	1	0	0	0
C4_05640C_A	C4_05640C_A	0	0	0	0	0	0	1	1	0	0	0	0	0	0	0	0	1	0	0	0	0	0	0	2	1	0	0	0	0	0	0	0	0	0	0	0	0	0	0	0	0	0	0	0	0	0	0	0	0	0	1	0	1	0	0	0	0	0	0	0
C4_05650W_A	C4_05650W_A	0	0	0	0	1	1	0	0	1	0	0	0	0	0	0	0	0	0	0	0	0	0	0	2	1	3	0	0	0	0	1	0.996	1	1	0	0	0	0	0	0	1	0	0	0	0	0	0	0	1	1	0	0	0	1	0	0	0	0	0	0
C4_05660C_A	BRN1	0	0	0	0	0	1	0	0	2.014	0	0	0	0	0	0	1	0	0	0	0	0	0	3	0	1	0	1	1	0	1	0	0	0	0	0	0	0	0	0	0	0	0	0	0	0.941	0	0	0	0	0	0	0	1	1	0	0	1	0	1	1
C4_05670W_A	YME1	0	0	0	0	1	0	0	0	1	0	0	1	0	0	1	1	1	0	1	0	0	3.001	1	2	1	1	0	1	0	0	1	1	1	0	0	1	0	1	0	0	0	0	0	0	2	2	7	4	1.787	1	0	1	0	0	0	1	1	1	2	0
C4_05680W_A	PHO4	0	0	0	1	0	0	0	0	0	1	0	0	0	0	0	0	1	0	0	0	0	0	0	0	0	0	1	0	0	0	0	1	0	0	0	0	0	0	0	0	0	0	0	0	1	1	0	0	0	0	1	0	0	1	1	1.388	0	0	0	0
C4_05690W_A	SEC23	0	0	1	0	0	1	1	0	0	0	0	0	0	1	0	0	2	0	0	1	1	1	1.152	0	1	4	1.154	1.989	5	1	2	5	5.94	3	4	4	3	5	6	5	0	0	0	0	0	2	0	3	0	0	0	1	1	0	1	1	1.438	0	1	0
C4_05700W_A	ZCF5	0	0	4	0	0	0	0	3	0	3	0	0	0	0	0	0	0	0	0	0	1	2	0	0	5.007	0	0	0	0	0	0	0	0	2	0	0	0	0	0	0	0	0	0	0	0	0	0	1	1	0	2	1	1.991	0	0	0	2	0	0	0
C4_05720W_A	C4_05720W_A	0	0	0	0	0	0	0	0	0	0	0	0	0	0	0	0	0	0	0	0	0	0	0	0	0	0	1	0	0	0	0	0	0	0	1	1	0	0	0	0	0	0	0	0	0	0	0	0	0.792	0	0	0	0	0	0	0.958	0	0	0	0
C4_05730W_A	C4_05730W_A	0	0	0	0	0	0	0	0	0	0	0	0	0	0	0	0	0	0	0	0	0	1	0	0	0	0	0	0	0	0	0	0	1	0	0	1	0	0	0	0	0	0	0	0	0	0	0	0	0	0	0	0	0	0	0	0	0	0	0	0
C4_05740C_A	C4_05740C_A	0	0	3	0	2.662	1	3.999	7	0	0	2	1.007	0	0	0	0	1	2	0	1	1.002	0	1.327	0	3	5	4	6	4	1.273	5	0.986	0	0	0	0	0	1	0	1.008	0	0	0	0	2	2	2	0	0	4	0	3.726	0	0	3.003	1	1.842	2.159	3.352	1
C4_05750C_A	LEA1	1.862	0	0	0	0	0	0	0	0	0	0	0	0	0	0	0	0	0	0	0	0	0	0	0	0	0	0	0	0	0	0	0	0	0	0	0	0	0	0	0	0	0	0	0	0	1	0	0	0	0	0	0	0	0	1	0	0	0	1	0
C4_05760W_A	CGT1	0	0	0	0	0	0	0	1	0	0	0	0	0	0	0	0	0	0	0	0	0	0	0	0	0	0	0	0	0	0	0	0	0	0	0	0	0	1	0	0	0	1	1	0	0	0	0	0	0	1	1.675	0	1	1	0	0	0	0	0	0
C4_05770C_A	CFL1	0	3	3.086	0	0	0	1	0	0	1	2.996	1.888	0	0	1	0	0	0	0	1	0	0	0	0	0	0	0	1	0	0	0	0	0	0	0	1	0	0	0	0	0	0	0	0	0	0	0	1.002	1	0	1	1.257	2.97	2.049	1	0	0	0	0	0
C4_05780C_A	CFL2	0	0	1	0	0	0	0	0	0	0	0	0	0	0	1	0	0	0	1	0	0	0	0	0	0.776	0	1.653	1	0	0	0	0	0	1.999	0	0	0	0	0	0	0	1	0	0	1	0	0	0	0	0	0	0	0	0	1	0	0	1	0	0
C4_05790W_A	C4_05790W_A	1	1	1	0	0	0	1	2	1	1	1	0	1	0	3	0	0	0	0	1	0	1	0	0	0	0	2	2	3	0	0	0	1.003	1	2	0	1	1	1	0	0	0	0	0	1	0	1.011	0	1.488	1.275	1.213	0	2.172	0	1.008	4.271	0	3.733	1.116	0
C4_05800C_A	C4_05800C_A	0	0	0	0	1	0	0	0	0	0	0	0	0	0	0	0	0	0	0	0	0	0	1	0	0	0	1	0	0	0	0	1	0	0	0	1	0	0	0	0	0	0	0	0	0	0	0	1	0	0	0	0	0	0	0	0	0	0	0	0
C4_05810W_A	C4_05810W_A	0	0	1	0	0	0	0	0	2	0	1	0	0	0	0	0	0	0	0	0	0	0	0	0	2	0	0	0	0	2	0	1	2	3	3	3	0	0	0	0	0	0	0	0	0	0	1	0	2	0	0	0	0	0	1	0	0	1	1.227	0.987
C4_05820W_A	C4_05820W_A	0	0	0	0	0	0	0	0	2	0	1	0	0	0	0	0	0	0	0	0	0	0	0	0	0	0	0	0	0	0	0	0	0	0	0	0	0	0	0	0	1	0	0	0	0	0	0	0	1	0	0	0	0	0	0	0	0	0	0	0
C4_05830W_A	C4_05830W_A	0	0	0	0	0	1	0	1	0	0	0	0	1	0	0	0	0	0	0	1	0	0	0	2	1	2	1	0	0	0	0	0	0	1	0	0	0	1	1	0	0	0	0	1	0	0	0	0	0	0	0	0	1	0	1	1	2	1	0	1
C4_05840W_A	FRE3	0	0	0	1	0	2	1	2.249	0	0	0	0	0	0	1	0	0	1	0	1	0	0	0	0	0	1	0	1	0	2	0	0	0	0	0	1	0	0	0	0	0	0	0	1	0	0	0	1.491	0	0	1	0	4.93	1	0	1.72	1.367	0	1.246	1
C4_05850C_A	C4_05850C_A	0	1	0	2	0	0	0	0	0	0	0	1	1	0	0	1	0	0	0	0	1	0.94	0	0	0	1	0	0	1	0	0	0	1	0	0	0	0	0	0	0	0	0	0	0	1	0	0	0	1	0	0	2.51	0	0	0	0	1.451	1	1	3
C4_05860W_A	C4_05860W_A	0	0	0	0	0	0	0	0	0	0	0	0	0	0	0	0	0	0	0	0	0	0	0	0	0	0	0	0	1.017	0	0	1	0	0	0	0	2	1	5	0	0	0	0	0	0	0	0	0	0	0	0	0	0	0	0	1	0	0	0	0
C4_05870C_A	C4_05870C_A	0	2.775	0	0	0	0	0.97	0	1.986	0	1	0	0	0	0	0	0	0	0	0	1	0	2	0	0	0	1	2.016	1.002	0	2	0	1	0	1	0	0	0	0	0	0	0	0	0	0	0	0	0	0	0	0	0	0	0	0	0.986	0	1	3.785	1.278
C4_05880W_A	GAT1	0	0	0	0	0	1	0	0	0	0	0	2	0	0	1	2	0	0	0	0	0	1	0	1	2	1	0	0	0	1	0	0	1	4.576	1	2	0	0	0	0	0	0	0	0	0	1	0	0	0	0	0	0	0	0	0	0	0	0	0	1
C4_05890W_A	C4_05890W_A	0	0	0	0	0	0	0	0	0	0	0	0	0	0	0	1	0	0	0	0	0	0	0	0	0	0	0	0	0	0	1	0	0	0	0	0	0	0	0	0	0	0	0	0	0	0	0	0	0	0	0	0	1	0	0	0	0	0	0	0
C4_05900C_A	C4_05900C_A	0	0	0	0	1	0	1	0	0	0	0	0	0	0	0	0	0	0	0	0	0	0	0	0	0	0	0	0	0	0	0	0	0	0	0	0	1	0	0	0	0	0	0	0	0	0	0	0	0	0	0	0	0	0	0	0	1.466	0	0	1
C4_05910C_A	VPS11	0	0	1	0	0	0	0	0	0	0	0	0	1	4	0	0	0	0	0	0	0	0	0	2	0	0	1	1	0	1	1.225	0	0	0	1.085	1	1	2	1.485	2	0	0	0	1	1	0	1	0	0	0	0	0	0	2	1	2	2	0	2	1.47
C4_05920C_A	PGA49	0	0	0	0	0	0	0	1	1	1	1	0	1	0	1	0	0	0	0	1	0	0	0	0	1	0	0	0	0	0	1	2.004	0	0	0	0	0	0	2	0	0	1	0	0	0	0	1	0	1.555	0	1	0	0	1	0	2	1	0	6.528	0
C4_05940W_A	PPS1	0	0	0	0	0	2	1.002	0	0	0	0	0	0	0	0	1	0	1	0	1	2	1	1	1	1	2	1	2	0	0	1.998	3.998	0	0	0	0	0	0	0	0	0	0	0	0	1.642	1	0	0	0	0	0	0	0	0	0	0	0	0	0	0
C4_05950C_A	tT(UGU)2	0	0	0	0	0	0	0	0	0	0	0	0	0	0	0	0	0	0	0	0	0	0	0	0	0	0	0	0	0	0	0	0	0	0	0	0	0	0	0	0	0	0	0	0	0	0	0	0	0	0	0	0	0	0	0	0	0	0	0	0
C4_05960W_A	NIF3	0	0	0	0	0	0	0	0	0	0	1	0	0	0	0	0	0	0	0	0	0	0	0	0	1	1	0	0	0	0	0	0	0	0	0	0	0	0	1	0	0	0	0	0	0	0	0	0	1	0	0	0	0.999	2	0	0	0	0	0	0
C4_05970W_A	C4_05970W_A	0	0	1	1	0	0	1	1	1	1	0	1.084	0	1	0	0	0	0	0	0	0	1	0	0	1	0	3.448	0	0	0	0	1	1	1	0	0	0	0	0	0	0	0	0	0	0.998	0	0	0	0	0	1	0	1.087	0	2.171	0	0	0	0	0
C4_05980C_A	C4_05980C_A	0	0	0	0	0	1	0	0	0	0	1	0	0	0	0	2	1	0	0	0	2.007	2	3	3	0	1.058	1	1	1	0	0	1	0	0	1	0	0	1	0	0	0	0	0	0	0	0	0	0	0	0	0	1	0	0	0	0	0	0	0	0
C4_05990W_A	tS(UGA)2	0	0	0	0	0	0	0	0	0	0	0	0	0	0	0	0	0	0	0	0	0	0	0	0	0	0	0	0	0	0	0	0	0	0	0	0	0	0	0	0	0	0	0	0	0	0	0	0	0	0	0	0	0	0	0	0	0	0	0	0
C4_06000W_A	ALG1	0	1	0	0	0	0	0	0	0	0	0	0	0	0	0	0	0	0	0	0	0	0	0	0	1	0	0	0	0	0	1	0	0	0	0	1	2	4	2	1	0	1	0	0	0	0	0	0	0	0	0	1	0	0	0	0	0	1	0	0
C4_06010C_A	HOS1	0	0	0	0	1	1	0	3.998	0	0	1	1.498	0	0	0	0	0	0	0	0	0	1	1	0	2	0	0	0	0	0	0	0	0	0	0	0	0	0	0	0	0	0	0	0	0	0.881	0	0	0	0	0	0	0	1	0	0	1	0	1	0
C4_06020C_A	C4_06020C_A	1	0	0	0	0	0	0	1	0	0	4	2	5	5	4.007	4	1	0	0	0	2.609	3	5	0	1	1.003	2	0	1	0	4	2	0	0	3	1	0	0	0	1.425	1	0	0	0	2	2	0	0	0	1	1.174	1	2	0	1.001	2.986	3.48	0	1.651	2.963
C4_06030W_A	CMD1	0	0	0	0	1	2	3	0	3	1	4	2	0	0	0	0	7	7	9	3	3	4	0	1	0	0	1	0	2	3.84	1	6	0	0	0	0	6	5	2	8	0	0	0	0	2	2	1	0	1	0	0	0	4	3	2	0	0	0	0	0
C4_06040W_A	C4_06040W_A	2.922	0	0	0	0	0	0	0	0	0	0	0	0	0	1	0	0	0	0	0	0	1	0	0	0	0	0	0	0	0	1	2.984	0	0	0	0	0	0	0	0	0	1	0	0	1	0	0	0	1	2	1.395	2	1	2	0	1	0	0	1	0
C4_06050W_A	MED3	0	0	0	0	0	0	0	0	1	2	0	0	0	0	0	0	0	0	0	0	1	0	0	0	0	0	0	0	1	0	2	0	0	0	0	0	1	0	0	1	0	1.491	0	0	0	2	0	0	1	2.753	2	0	1	1	0	0	2	0	0	0
C4_06060W_A	VPS13	1	1.101	1	0	2	4	2.07	2.856	1.154	2	2.579	3	1	0	1	1	1	1	1	1.998	1.047	2	2.137	0	6.703	6.999	6.997	5.999	3.366	2.015	0	1	12.965	6	9	8.936	0	0	0	2.001	1	1	0	0	0	2	2	1	2.033	3.337	0	3	3.941	3.018	8.39	5	0	1.38	1.112	1.098
C4_06070C_A	FMT1	0	0	0	0	0	0	2	2	0	0	0	1	0	0	0	0	0	1	0	0	0	0	0	0	0	0	0	1	0	0	1	0	0	0	0	1	0	1	0	0	0	0	1	0	0	1	0	0	0	0	1	0	1	0	0	0	0	1	1	0
C4_06080W_A	C4_06080W_A	0	0	0	0	0	0	0	0	0	0	0	0	0	0	0	0	0	0	0	0	0	0	0	0	0	0	0	0	0	0	0	0	0	0	0	1	0	0	0	0	0	0	0	0	0	0	0	0	0	0	0	0	0	0	0	0	0	0	0	0
C4_06090C_A	C4_06090C_A	0	0	1	0	0	0	1	1	0	0	0	0	0	0	0	0	0	0	0	1	0	0	0	0	1.061	3	0	3	1.008	0	2	3	0	0	0	1	0	0	0	0	1	2	1	1	0	1	2	0	4	1	2	1	0	0	0	0	1	0	0	1
C4_06100W_A	CWH41	1	0	0	1	0.982	0	0	0	1	0	0	1	1	0	0	0	0	1	0	2.026	0	1	0	0	0.836	0	1.149	0	0	0	2.01	0	2	1	0	0	0	1	1	1	0	0	0	0	0	1	0	1	0	0	0	0	0	2	3.032	1	0	1.346	2	1.577
C4_06110C_A	TRP5	0	0	0	0	0	0	0	0	1	0	0.999	0	0	0	1	0	0	1	0	0	0	0	0	0	1.846	0	0	0	0	0	0	0	0	1.09	0	0	0	1	0	0	0	0	0	0	0	0	0	0	0	0	0	0	0	0	0	0	1	0	0	1
C4_06120W_A	GDH3	0	0	0	0	1	0	0	0	1	0	0	0	0	0	0	1	0	0	0	0	0	0	0	0	0	0	0	0	0	0	0	0	1	0	0	0	0	0	0.998	0	0	0	1	0	0	0	0	0	0	0	1	0	2	3	2	2	0	0	0	1.485
C4_06130W_A	C4_06130W_A	2.858	1	0	1	2	2.001	1	1	7	2	4	1	4	0	0	0	0	2	4	1	3.996	4	2	10	1	4.995	4	0	2.999	0	1	1.006	2.99	2	1	3.001	8	10	7.164	6	0	0	0	0	3	1	4	0.997	1.312	1.045	1	1.144	1	3.286	11	2	1.207	2.069	3.281	1.125
C4_06140C_A	C4_06140C_A	0.997	1	0	0	0	0	0	0	0	1	0	1	0	0	1	0	1	0	0	0	0	0	0	1	0	1	0	0	0	0	0.862	0	0	1	0	0	0	0	0	1	0	0	0	1	0	0	0	0	1	1	0	0	2	0	0	1	0	0	0	0
C4_06150C_A	C4_06150C_A	0	0	0	0	0	0	0	0	0	0	0	0	0	0	0	0	0	0	0	0	0	0	0	1	0	1	0	0	0	0	1	0	0	0	0	0	0	0	0	0	1	0	0	0	0	0	0	0	0	0.679	0	0	0	0	0	0	1	0	0	0
C4_06160W_A	C4_06160W_A	0	1	0	0	0	0	0	0	0	0	0	1	0	0	0	0	0	0	0	1	1	0	0	0	1	0	0	0	0	0	0	0	1	0	0	0	0	1	1	0	1	0	0	0	0	0	0	0	0	0	1	0	0	1	0	0	2	0	0	0
C4_06170C_A	C4_06170C_A	0	0	0	0	0	0	0	0	0	0	0	0	0	0	0	0	1	0	0	0	0	0	0	0	0	0	0	0	0	0	0	0	0	0	0	0	0	0	0	0	0	0	0	0	1	0	0	0	0	0	0	1	0	1	1	1	0	1	0	0
C4_06180C_A	C4_06180C_A	0	0	0	0	0	0	0	0	0	0	0	1	0	0	0	0	0	0	0	0	2	2	1	2	0	0	0	0	0	0	0	0	0	0	0	0	0	0	0	0	0	0	0	0	0	0	0	0	0	0	0	0	0	0	0	0	0	0	0	0
C4_06190C_A	MPH1	1	0	2	0	0	0	0	0	1.135	0	0	1.02	1	1	1	0	0	1	1	0	0	1	1	1	0	1	2	0	2	1	1	0	0	0	0	0	0	0	0	0	0	1	0	1	0	0	0	0	1	1.985	3	0	3	0	2.995	2	0	1.114	2.045	0
C4_06200W_A	C4_06200W_A	1	2	6	3	0	0	1	0	0	0	0	0	0	0	0	0	0	0	0	0	0	0	0	0	1	0	0	0	0	0	0	0	0	0	0	0	0	0	0	0	0	0	0	0	0	0	0	0	0	0	0	0	0	0	0	1	0	0	0	0
C4_06210C_A	C4_06210C_A	0	0	0	0	1	0	0	0	6	3	0	2	0	0	0	0	0	0	0	0	0	0	0	0	0	0	0	1	0	0	0	0	0	0	0	1	1	0	0	0	0	1	0	0	0	0	0	0	0	0	0	0	0.992	0	1	0	0	0	2	0
C4_06220C_A	C4_06220C_A	1	0	1	0	0	1	0	0	0	0	0	1	0	1	0	0	0	1	0	0	0	0	0	0	0	0	0	0	0	1	1	0	1	1	2	0.999	0	0	0	0	0	0	0	0	0	0	1	0	0	0	0	1	1	1	0	0	0	0	0	0
C4_06230C_A	C4_06230C_A	0	0	0	0	0	0	1	0	0	1	0	0	1	2	0	2	1	2	2.992	1	0	0	0	0	0	1	0	0	1	1	0	0	2	0	1.678	0	0	0	0	0	0	0	0	0	0	0	0	0	0	0	0	1	2	1	4	1	0	0	0	0
C4_06240W_A	C4_06240W_A	1	0	2	0	0	0	1	0	0	1	1	0	0	0	0	0	0	2	0	1	0	0	0	0	0	0	0	0	0	0	2	1	2	5	2	2	0	0	0	0	0	0	1	0	0	1	0	1	0	2.505	0	1	0	1	1	0	0	1	1	2
C4_06250C_A	SEC3	0	1	1	0	1	0	0	0	0	0	0	0	0	0	1	0	0	0	0	0	1.391	0	0	0	0	0	2.25	1	1	0	0	0	1	0	1.001	0	1	0	0	2	0	0	0	1	1	0	1	0	3.037	0	2.364	0	3	5	2	3.814	1.503	0	0	0
C4_06260W_A	PGA43	0	0	0	0	0	1	0	0	0	1	0	0	0	0	1	0	0	0	0	1	0	0	0	0	0	0	0	0	0	0	0	0	0	0	0	0	0	0	0	0	0	0	0	0	0	0	0	0	0	0	0	0	1	0	1	0	0	0	0	0
C4_06270C_A	ERG26	0	0	0	1	0	0	0	0	0.995	0.999	0	0	0	0	0	1	0	0	0	0	0	0	0	0	0	0	0	0	1	2	0	2	1	0	0	1	1	0	0	0	0	1	0	0	1	0.955	0	1	0	0	0	0	0	0	0	1	2	0	0	0
C4_06280C_A	C4_06280C_A	0	0	0	0	0	0	0	0	0	0	0	0	0	0	0	0	0	0	0	0	0	0	0	0	0	0	0	0	0	1	0	0	0	0	0	0	0	0	0	0	0	0	0	0	0	0	0	0	1	0	0	0	0	0	0	0	0	0	1	0
C4_06290W_A	C4_06290W_A	0	0	0	0	0	0	0	0	0	0	0	0	0	0	0	0	0	0	0	0	0	0	0	0	0	0	0	0	0	0	0.997	0	0	0	0	0	0	0	0	0	0	0	0	0	0	0	0	0	0	0	0	0	0	0	0	0	0	0	0	0
C4_06300C_A	PGA42	0	0	0	0	0	0	0	0	0	0	0	0	1	0	0	0	0	0	0	0	0	0	0	0	0	0	1	0	0	0	0	0	1	0	0	0	0	0	0	0	0	0	0	0	0	0	0	0	1	0	0	0	0	0	0	0	1	1.998	0	0
C4_06310C_A	PGA41	0	0	0	0	1	0	0	0	0	0	0	0	0	0	0	0	0	0	0	0	0	0	0	0	0	0	0	0	0	0	0	0	0	0	0	0	0	0	0	0	0	0	0	0	0	0	0	0	0	0	0	0	0	1	0	0	0	0	0	0
C4_06320C_A	C4_06320C_A	1	0	0.946	2	0	0	0	0	1	0	0	0	0	0	0	0	0	0	0	0	0	0	0	0	0	0	0	0	0	0	0	0	1	0	0	0	0	0	0	0	0	0	0	0	0	0	0	0	0	0	0	0	0	0	0	0	0	0	0	1
C4_06340W_A	AGO1	1	0	0	0	2	0	0.889	0	0	0	0	0	0	0	0	0	0	0	0	1	1	0	1	0	1.384	0	1	1	0	0	0	2	0	0	1.869	2	0	0	2	0	0	0	0	0	0	0	0	1	0	1	1	1	2	0	0	0	0	0	0	0
C4_06350C_A	NUP60	0	0	1	0	0	0	3	0	4	2	1	9	1	0	1	0	0	0	0	0	1.005	0	0	0	0	0	0	0	0	0	0	0	0	0	1	1	0	1	1	0	0	1	0	0	3	5	0	2	3.422	0	2.892	1	0	0	1	0	0	0	1	1.468
C4_06360C_A	C4_06360C_A	0	0	0	0	0	0	0	0	0	0	0	0	0	0	0	0	0	0	0	0	0	0	0	0	0	0	0	0	0	0	0	0	0	1	0	0	0	0	0	0	0	0	0	0	0	0	0	0	0	0	1	0	0	0	1	1	0	0	0	0
C4_06370C_A	C4_06370C_A	0	0	0	0	0	1.495	0	0	0	0	0	0	0	1	0	0	1	0	0	2	0	0	1	0	0	0	0	1	0	1.133	0	0	1	1.577	0	0	1	1	1	0	1	0	0	1	1	0	0	0	2.32	0	1	0	0	1	0	3	1.747	1.532	1	0
C4_06380W_A	SOU2	0	0	0	0	1	0	0	0	0	0	0	0	0	0	0	0	0	0	0	0	0	0	0	1	0	0	0	0	0	0	0	0	0	0	0	0	0	0	0	0	0	0	0	0	0	0	0	0	0	0	0	0	0	0	1	0	0	0	0	0
C4_06390W_A	SOU1	0	0	0	0	0	0	0	0	0	0	1	0	0	0	0	0	0	0	0	0	0	0	0	0	0	0	0	0	0	0	1.219	0	0	0	0	0	0	1	0	0	0	1	0	0	0	1	0	0	1	0	0	0	0	1	0	0	0	0	0	0
C4_06400C_A	VMA8	0	0	0	0	0	0	0	1	0	0	0	0	0	0	0	0	0	0	0	0	0	0	1.004	0	0	0	0	0	0	2	2	2	0	0	0	0	0	0	0	0	0	0	0	0	0	0	0	0	2.778	1	0	0	2	4	4	2	0	0	0	0
C4_06410W_A	C4_06410W_A	0	0	0	0	1.227	1	2	1	0	1	0	0	1	0	0	2	0	0	0	0	1	0	0	0	0	2	2	1	1.175	1.145	0	0	0	0	0	0	0	1	1.999	0	1.834	0	1	1	1	0	0	0	0	2	0	1	1	1	0	3	0	0	0	0
C4_06420W_A	C4_06420W_A	0	1	0	0	0	1.197	0	1	1	1.001	0	2	6.04	6	5	7	0	0	0	0	0.985	0	0	1	2.451	2.015	0	0	0	0	0	0	3	2	3	2	1	0	0	0	0	0	0	0	4	1	1.088	3.945	2.459	1	0	1	0	0	1	0	0	1	0	0
C4_06430C_A	C4_06430C_A	0	0	1	0	1	0	0	0	0	0	0	0	0	0	0	0	0	0.976	0	0	0	0	0	0	0	1	0	0	0	1	0	0	1	0	0	0	1	0	0	0	0	0	0	0	1	0	0	1	0	1	0	0	0	2	0	1	0	0	0	0
C4_06440C_A	C4_06440C_A	0	0	3	0	1	0	0	0	2	0	0	0	0	0	0	1	1	1	1	0	3	0	2	0	2.071	1	0	0	1	2	1.045	1	0	1	1	0	0.983	1	1	1.077	0	0	0	0	0	1	1	0	1.294	1	0	1	1	0	3.077	1	2	2	5	4
C4_06450W_A	C4_06450W_A	0	0	0	0	0	1	0	0	0	0	0	0	0	0	0	0	0	0	0	0	0	0	0	0	0	0	0	0	0	0	0	0	0	0	0	0	0	0	0	0	0	0	0	0	0	0	0	0	0	0	0	0	0	0	0	0	0	0	0	0
C4_06460C_A	C4_06460C_A	0	0	0	0	0	0	0	0	0	0	0	0	8	6	2.947	6	0	0	0	0	0	1	0	0	0	0	0	0	0	0	0	1	2	3	2	1	0	0	0	0	0	0	1	0	1	1.001	2	2	0	0	0	0	0	0	0	0	0	0	0	0
C4_06470W_A	C4_06470W_A	2	0	1	0	0	0	0	0	0	0	0	0	1	0	0	0	0	0	0	0	0	1	0	0	0	1	0	0	1	3	1	5	0	0	0	0	4	6	5	9	0	0	0	0	1	0	2	0	0	0	0	0	0	1	0	1	0	1	0	1
C4_06480C_A	CEK1	0	1	5.024	2	1	1	1.001	1	0	0	0	0	0	0	0	1	0	0	0	0	0	1	0	0	0	0	1	0	1	0	0	0	0	0	0	0	1	0	0	0	0	0	0	0	0	0	0	0	0	0	0	0	0	0	0	0	1	0	0	0
C4_06490C_A	PRI2	0	0	1	0	0	1	0	0	0	0	0	1	1	0	2	1	0	0	0	0	0	0	0	0	0	0	2	1	1	0	0	0	0	0	0	2	0	0	0	0	1	0	0	1	0	0	0	1	0	0	1	0	1	0	1	0	0	0	0	1
C4_06500W_A	CDC68	1	0	0	2	0	0	0	1.136	1	3	2	5	0	0	0	0	0	1	1	1	0	0	0	1.081	1	1	1	0	0	2	0	1.102	1	0	0	1	0	0	0	0	0	0	0	1	0	0	1	0	0	0	0	1	3.964	1.116	1	1	0	1.034	3.676	0
C4_06510C_A	CSO99	0	2	3	0	0	0	0	0	0	0	0	0	0	0	0	0	0	0	0	0	0	0	0	0	0	0	0	1	0	0	0	0	0	0	0	1	0	0	0	0	0	0	0	0	1.002	1	0	1.001	0	0	0	0	0	0	0	0	0	0	1	0
C4_06520W_A	C4_06520W_A	0	0	0	0	0	0	0	0	0	0	0	0	0	0	0	0	0	0	0	0	0	0	0	0	0	0	0	0	0	0	0	0	0	0	0	0	0	0	0	0	0	0	0	0	0	0	0	0	0	0	0	0	0	0	0	0	0	0	0	0
C4_06530C_A	XUT1	0	0	0	0	0	0	0	1	0	0	0	0	0	0	0	0	0	0	0	0	2	1	0	0	1	2.997	0	1.127	0	0	0	0	0	0	0	0	0	0	0	1	0	0	0	0	0	0	0	0	0	0	0	3	0	0	1.867	0	0	0	0	0
C4_06540W_A	MNN4	0	1	0	1	0	1	1.035	0	0	0	1	0	0	0	1	0	0	2	1.014	2	2	0	0	0	2.944	1	0	1	1	0.998	0	2.966	0	0	0	0	1	0	0	0	0	0	0	0	0	0	0	1	1	1.11	1	0	2.007	0	4	0	1	2.313	0	3.217
C4_06550C_A	IFF5	0	0	1	0	0	0	0	0	0	1	0	0	1	0	0	0	1	0	0	0	1	1	0	0	0	0	2.024	0	0	0	1	0	0	0	0	0	1	0	0	1	0	0	0	0	1	0	0	0	0	0	0	0	0	0	1	0.989	0	1.136	0	2
C4_06560W_A	PGA15	0	0	0	0	0	0	0	0	0	1	0	0	0	0	0	0	0	0	0	0	0	0	0	0	1	0	1	1	1	0	1	0	0	1	0	0	0	0	0	0	0	0	1	1	0	0	0	0	0	0	1	1	0	0	0	0	1.053	0	0	0
C4_06570C_A	PDC11	0	0	0	0	2	0	0	0	0	0	0	0	0	0	0	0	0	0	0	0	0	0	0	0	0	0	0	0	0	0	0	0	0	0	0	0	0	0	0	0	0	0	0	0	0	0	0	0	0	0	1	0	0.999	0	0	0	0	0	0	0
C4_06580W_A	CBF1	0	0	1	0	0	1	0	0	0	0	0	0	0	0	1	0	0	0	0	0	0	0	0	0	0	0	0	0	0	0	0	0	0	0	0	0	0	0	0	0	0	0	1	0	0	0	0	0	0	0	1	0	0	0	0	0	0	0	0	0
C4_06590W_A	C4_06590W_A	0	0	0	1	0	1	0	1	0	1	0	0	0	0	1.002	0	1	0	0	0.997	0	0	1	1	2	0	0	0	1	0	0	0	0	0	0	1	0	0	0	1	0	0	0	0	1	0	0	0	1	0	1	0	1	0	0	1	0	1	0	0
C4_06600W_A	TOP2	0	0	0	0	0	0	0	1.148	0	1	0	1	1	0	0	0	0	0	0	0	1	4	3.998	2	2.1	4	1	5.004	0	0	0	0	1	1	0	0	1	0	0	0	0	0	0	0	1	0	2	1	2	3	0	0	0	3.036	1.995	0	1	0	1.049	1
C4_06610C_A	SDH12	6	2	2	1	0	0	1	0	1	3	2	2	0	0	0	0	3	1	0	3	0	0	0	0	2	0	0	0	0	0	0	0	1	0	0	0	2	2	3	0	0	1	0	0	1	1	0	0	2.388	0	0	0	3	1	0	2	0	0	0	0
C4_06620C_A	C4_06620C_A	0	0	0	0	0	0	0	0	0	0	0	0	0	0	0	0	0	0	0	0	0	0	0	0	0	0	0	0	0	0	0	0	0	1	0	0	0	0	0	0	0	0	0	0	0	0	0	0	0	0	0	0	0	0	0	0	0	0	0	0
C4_06630C_A	C4_06630C_A	0	1	0	0	1.998	0	0.994	0	1	0	0	1	1	0	1	1	0	0	0	0	1	0	0	1	0	0	1	0	0	0	0	0	0	0	0	1	0	0	0	0	0	0	0	0	2	0	1	0	1	0	0.999	0	0	1	0	0	2	0	2	0
C4_06640C_A	C4_06640C_A	0	0	0	0	1	0	0	0	0	0	1	0	0	0	0	0	0	0	0	0	0	0	0	0	0	1	0	0	0	1	0	0	0	0	1	0	0	0	0	1	0	0	0	0	0	0	0	0	0	0	0	0	0	0	0	0	0	0	0	0
C4_06650W_A	C4_06650W_A	1	2	0	1	0	1	0	1	0	0	0	0	0	0	0	0	1	4	3	6.002	1	0	0	0	0	0	1	0	1	3	3	2	0	0	0	0	0	1	0	0	0	0	1	0	2	1	0	1	2	0	0	1	6	2	7	3	0	0	0	0
C4_06660W_A	C4_06660W_A	0	0	0	0	0	0	0	0	0	0	0	0	0	0	0	0	0	0	0	0	0	0	0	0	0	0.5	0	0.5	0	0	0	0	0	0	0	0	0	0	0	0	0	0	0	0	0	0	0	0	1	0	0	0	0	0	0	0	0	0	3	0
C4_06670W_A	C4_06670W_A	0	0	1	0	0	0	0	1	0	0	0	0	0	0	0	0	0	0	0	0	0	0	0	1	0	0	1	0	0	0	0	0	0	0	0	0	0	1	1	0	0	0	1	1	0	0	0	0	0	2	1	0	2	1.348	2	0	0	0	2	0
C4_06680C_A	C4_06680C_A	0	0	0	0	0	0	0	1	0	0	0	0	0	0	0	0	2	1	1	0	1	0	0	1	1	0	1	2	2	0	0	1	0	0	0	0	0	1	0	0	0	0	0	0	0	0	1	0	1	0	3	1	0	0	0	0	0	0	0	2
C4_06690C_A	C4_06690C_A	2	0	1	0	0	0	0	0	0	0	0	0	0	0	0	0	0	0	0	0	0	0	0	0	0	0	0	0	0	0	1	0	0	0	0	0	0	1	0	0	0	0	0	0	0	0	0	1	0	0	0	0	0	1	1	2	0	0	0	0
C4_06700W_A	C4_06700W_A	0	0	1	3	1	0	0	0	1	0	0	0	0	0	0	0	1.001	1	0.999	0	2	0	0	1	2	2	1	1	0	0	1	1	0	0	0	0	0	1	0	0	1	0	1	0	0	0	0	0	0	0	1.942	2	0	0	1	1	2	2	3	0.899
C4_06710W_A	C4_06710W_A	0	0	0	0	0	0	0	0	0	0	0	0	0	0	0	0	0	0	0	0	0	0	0	0	0	0	0	0	0	1	0	0	0	0	0	0	0	0	0	0	0	0	0	0	0	0	0	0	0	0	1.608	0	0	0	0	0	0	0	0	0
C4_06720W_A	NOP1	0	0	0	0	0	0	0	0	0	0	0	1	0	0	0	0	2	4	4	2	0	0	0	1	0	0	0	1	0	0	0	0	0	1	0	0	0	0	0	0	0	0	0	0	0	1	0	1	1	0	2	2	1	0	0	0	1	1	1.629	0
C4_06730C_A	C4_06730C_A	0	0	0	0	0	0	0	0	0	0	0	0	0	0	0	1	0	0	0	0	0	2	0	0	2	0	0	0	0	0	1	0	0	0	0	0	0	0	0	0	0	0	0	0	0	0	0	0	0	0	0	0	1	5	3	4	0	0	2.69	0
C4_06740C_A	C4_06740C_A	0	0	0	0	0	2	2	2	1	1	0	0	0	0	0	0	2	0	0	2	0	1	2	1.999	5	2	3	3.911	0	0	0	0	0	1	0	0	0	0	0	0	0	0	0	0	0	1	1	1	1	0	1	0	0	0	0	0	0	0	1.165	0
C4_06750C_A	C4_06750C_A	0	0	0	0	0	0	3	0	0	0	1	0	0	0	1	0	0	0	0	0	1	0	0	0	1	1	0	1	0	0	1	0	1	0	0	0	0	0	0	1	0	0	0	0	0	0	0	1	2	1	0	0	1	0	1	2	1.002	1	2	3
C4_06760W_A	GUT2	0	0	0	0	0	0	0	0	1	2	1	0	1	1	0	0	1	0	0	0	0	0	0.999	1	1	0	0	0	4	4	2	2	0	0	1	0	0	0	0	0	0	0	0	1	0	0	1.079	0	0	0	0	0	0	0	0	0	0	0	0	0
C4_06770W_A	C4_06770W_A	0	1	0	1	0	0	0	0	0	0.921	1	0	0	0	0	0	0	0	0	0	4	1	6.008	1	0	1	0	0	1	0	1	1	7	2	5	4	0	0	0	0	0	0	0	0	0	1	0	0	0	0	0	1	0	0	1	0	0	1.307	0	2
C4_06780C_A	OYE32	0	1	0	0	1	0	1	0	0	0	0	0	0	0	0	0	0	0	0	1	0	0	0	0	1	1	0	0	0	0	0	0	0	0	0	0	0	0	0	0	0	0	0	0	0	0	0	1	0	1	0	0	1	0	0	0	1.66	0	0	0
C4_06790W_A	C4_06790W_A	1	0	0	0	0	0	0	0	0	0	0	0	0	0	0	0	0	0	0	0	0	0	0	0	0	0	0	0	0	0	0	0	0	0	0	1	0	0	0	0	0	0	0	1	0	0	0	0	0	0	1	0	2	1	1	3	0	0	0	1
C4_06800W_A	RVB1	0	0	0	0	1	0	0	0	0	0	0	0	0	0	0	0	3	1	4	4	0	0	0	0	0	0	0	0	0	1	0	0	1	1	0	0	0	0	0	0	0	0	0	0	1	3	1	0	0	0	0	0	2	0	0	0	1	0	0	0
C4_06810C_A	C4_06810C_A	0	0	0	0	0	1.05	0	0	1	1	0	0	0	0	1	0	0	0	0	0	0	0	2	0	0	0	0	0	0	0	0	0	0	1	1	0	0	0	0	0	0	0	0	0	0	0	0	0	0	0	0	0	0	0	0	0	1	0	1	0
C4_06820C_A	CZF1	0	0	0	0	0	0	0	0	0	0	0	0	0	0	0	0	0	0	0	0	1	0	0	0	0	0	0	0	0	0	0	1	0	0	1	0	0	0	0	0	0	0	1	0	1	0	0	0	0	0	0	0	0	0	0	1	0	0	1	1
C4_06830C_A	CCT6	1	1	0	0	0	2	0	0	1	0	0	0	0	0	0	0	1	0	0	0	1	0	0	0	0	0	1	0	5.058	2.343	4	2	0	0	0	0	0	0	0	0	0	0	0	0	0	0	1	0	0	1	0	0	0	0	1	0	3	0	1	1.563
C4_06840W_A	C4_06840W_A	0	0	0	0	0	0	0	2	0	0	0	0	0	0	0	0	0	0	0	0	0	0	1	1	0	1	0	0	1	0	0	0	0	0	0	0	0	0	0	0	0	0	0	0	0	0	0	0	0	0	0	0	0	0	0	0	0	0	1	0
C4_06850C_A	C4_06850C_A	0	0	0	0	0	0	0	1	0	0	0	0	0	0	0	0	0	0	0	0	1	0	0	0	0	1	2	3	0	0	0	0	0	0	1	0	0	0	0	0	0	1	0	0	0	0	0	0	0	0	0	0	0	0	0	1	0	1	0	0
C4_06860C_A	C4_06860C_A	0	0	0	0	0	0	0	0	0	0	0	0	0	0	1	0	0	0	0	0	0	1	1	0	0	1	0	0	0	0	0	0	0	0	0	0	0	0	0	0	0	0	0	0	0	0	0	0	0	0	0	0	0	0	0	0	0	0	0	1
C4_06870W_A	RPT5	1	0	0	0	0	0	0	1	0	0	0	0	0	0	0	0	0	0	0	0	0	1	0	0	0	0	0	0	0	1	0	1	1	0	0	0	2	2	0	3	0	0	0	1	0	0	0	0	0	0	0	0	0	0	0	0	0	1	0	0
C4_06880C_A	C4_06880C_A	0	0	0	0	2	0	0	1	1	0	0	0	0	0	0	0	0	0	0	0	0	0	0	1	0	1	0	0	0	0	0	0	0	0	0	0	0	0	0	0	0	0	0	0	1	0	0	0	0	0	0	0	0	0	0	0	0	0	0	0
C4_06890W_A	ARR3	0	0	0	0	0	1	0	0	0	0	0	0	0	0	0	0	0	0	0	1	1	0	0	0	0.999	1	0	0	0	0	1	0	0	0	0	0	0	0	1	0	0	0	0	0	0	0	0	0	0	0	0	0	0	0	1	0	1	0	1	0
C4_06900W_A	GST1	1	0	0	1	0	2	1	0	3	1	0	0	1	0	0	0	0	0	0	0	0	0	1	1	1	0	1	1	1	0	0	0	0	0	0	0	1	0	0	0	0	0	0	1	0	0	0	1	0	0	0	1	1	1	0	0.986	0	0	1.001	2
C4_06910W_A	C4_06910W_A	0	0	1	1	1	0	1	2	1	1	1	0	0	0	0	0	1	0	0	0	1	0	0	0	1	1	1	2	2	0	0	1	1	0	0	0	0	0	0	1	0	0	1	2	1	0	1	1	0	1	1	1	0	0	0	1	1	1	2	0
C4_06920C_A	CSA2	0	0	0	0	0	0	0	0	0	0.998	0	0	0	1	0	0	0	0	0	0	0	0	0	0	0	0	0	0	0	0	0	0	1	0	0	0	0	0	0	0	0	0	0	0	0	0	0	0	0	1	0	0.774	0	0	0	0	0	0	0	1
C4_06930C_A	EXM2	0	0	0	0	0	1	0	2	1	0	0	1	0	0	0	0	1	0	0	0	0	0	0	0	0	0	0	0	0	0	0	0	1	1	0	0	0	0	0	0	0	0	0	0	0	0	0	0	0	0	0	0	0	0	0	1	1	0	1	0
C4_06940C_A	C4_06940C_A	0	0	0	0	0	0	1	1	1.002	1	0	0	0	0	0	0	0	0	0	0	0	0	0	0	1	0	1.654	1	0	0	0	0	0	1	0	0	3	3	4	4	1	0	0	0	0	0	0	0	0	1	0	1	0	1.981	1	0	0	0	0	0
C4_06950W_A	PUS5	0	0	0	0	1	0	0	0	1	0	0	1	0	1	0	0	0	0	0	0	0	0	0	0	0	0	0	0	0	0	0	0	1	0	0	0	0	0	0	0	0	2	0	1	1	0	2	0	0	0	0	0	0	1	0	0	0	1	0	0
C4_06960W_A	C4_06960W_A	0	0	0	0	0	0	0	0	0	0	0	0	0	0	0	0	0	0	0	0	0	0	0	0	0	0	0	0	0	0	0	0	0	0	0	0	0	0	0	0	0	0	0	0	0	0	0	0	0	0	0	1	0	0	0	0	0	0	0	0
C4_06970C_A	ZRT1	0	0	0	0	0	0	0	0	0	0	1	0	0	0	0	0	0	0	0	1	0	0	0	0	1	0	0	0	0	0	0	1	0	0	0	0	0	0	0	0	0	0	0	0	0	0	0	0	1	0	0	0	0.999	0	0	1	0	0	0	0
C4_06980W_A	PRA1	0	0	0	0	0	2	0	0	0	0	0	0	0	0	1	0	0	1	0	0	0	0	0	0	0	0	1	0	1	0	0	0	0	0	0	0	0	0	0	0	0	0	0	0	0	1.011	0	1	0	1	0	0	0	0	0	1	0	0	0	0
C4_06990W_A	MNN46	0	0	1	0	0	0	0	1	0	0	0	1	0	0	0	0	0	0	1	0	0	0	0	0	0	2	1	0.965	1	0	2	0	0	0	0	0	1	1	0	0	0	0	0	0	1	1	1	0	1	0	0	0	1	1	0	1	1	1	2	0
C4_07000W_A	C4_07000W_A	0	0	0	0	0	0	0	0	0	0	0	0	0	0	0	0	0	0	0	0	0	0	0	1	0	0	0	0	0	0	0	0	0	0	0	0	0	0	1	0	0	0	0	0	1	0	1	0	0	1	0	1	0	0	0	0	0	1	0	0
C4_07010C_A	MGT1	0	0	0	1	0	0	0	0	0	1	0	0	0	0	0	1	0	0	0	0	0	0	0	0	0	0	0	0	0	0	0	0	0	0	0	0	0	0	0	2	0	0	0	0	0	0	0	0	0	0	1	0	0	1	0	0	1	1	0	0
C4_07020C_A	C4_07020C_A	0	0	0	0	0	0	0	0	0	0	0	0	0	0	0	0	0	0	0	0	0	0	0	0	0	1	0	1	1	0	0	0	0	0	0	0	0	0	0	0	0	0	0	0	0	0	0	0	0	0	0	0	0	0	0	1	0	0	0	0.854
C4_07030W_A	MET16	0	0	0	0	0	0	0	0	0	0	0	0	0	0	0	0	0	0	0	0	0	0	0	0	0	0	0	0	0	0	0	0	1	0	0	0	0	0	0	0	0	0	0	1	0	0	0	0	0	0	0	0	0	1	0	0	0	0	1	1
C4_07040W_A	C4_07040W_A	0	0	0	0	0	1	0	0	0	1	0	0	0	0	1	0	0	0	0	0	0	0	0	1	0	0	0	0	0	0	0	1	0	0	0	0	0	1	0	1	0	1	0	0	0	0	0	0	0	1	0	1	0	1	0	0	0	0	1	0
C4_07050W_A	YDC1	0	0	0	0	0	0	1	0	0	1	0	0	0	0	0	0	0	0	0	0	0	0	0	0	0	0	0	1	0	0	0	0	0	0	0	0	0	0	0	0	0	0	1	1	0	1	0	0	1	0	0	0	0	0	0	0	1	0	0	0
C4_07060W_A	C4_07060W_A	0	1	0	0	5	8	8	9.678	0	0	0	0	1	0	0	0	0	0	0	0	1	3	1	4.77	2	0	2	0	1.021	0	0	1	0	0	2.078	2	0	0	0	2	0	0	0	0	0	0	0	0	0	0	0	0	1	0	0	1	0	2	2.152	1
C4_07070W_A	CTA6	0	0	0	0	0	1	0	1	0	0	0	0	0	0	0	0	0	0	0	0	0	1	1	0	0	0	0	0	0	0	0	0	1	0	0	0	1	0	0	0	0	0	0	0	0	0	1	0	0	0	0	0	0	2	0	0	0	1	0	0
C4_07080C_A	C4_07080C_A	1.078	0	0	0	2	0	0	2	1	0	3	0	0	0	0	0	1	0	0	0	0	0	2	2	1.303	2.83	0	2	0	1	2	1	1	0	0	0	0	0	0	0	0	0	1	2	2.002	0	0	1	1	0	0	1	1	1	0	1.001	0	0	5.197	0
C4_07090C_A	TRP4	0	1.047	1	0	0	0	1.233	1	0	0	0	1	0	0	0	0	0	0	0	0	0	0	0	0	1	1	0	0	0	0	0	0	0	0	0	0	0	0	0	0	0	0	0	0	0	1	0	0	1	0	0	0	1	4	2	3	0	1	0	0
C4_07100C_A	C4_07100C_A	1	0	2	0	2	2	2	2.321	1	0	1.025	0	1	1	0	1	0	1	0	0	2	1.998	1.151	0	1.012	4	2.024	2	3.007	1	3	3.029	1	2	2	2	1	1	1	2	2	0	0	0	0	0	0	0	0	2	0	0	3.002	3	7	3	4	6.999	1.153	4.516
C4_07110C_A	PDA1	0	0	0	0	0	0	1	0	0	0	0	0	0	1	0	0	0	0	0	0	1	1.001	1	0	0	0	0	0	0	1	0	1	0	0	0	1	6	5	3	1	0	0	1	0	0	0	1	0	0	0	0	0	1	1	0	0	0	1.666	0	1
C4_07120C_A	MSH2	0	0	0	0	0	0	2.919	0	1	1	0	0	0	0	1.999	0	0	0	3.906	2	0	2	0	0	0	1.027	1	0	0	1.001	0	1	1	1	0	1	0	0	0	0	0	0	0	0	0	0	0	0	0	0	1	0	0	1	1	0	0	0	0	0
C4_07130W_A	C4_07130W_A	2	0	0	0	1.002	1	1	0	0	1	0	0	0	1	2	1	0	0	2	0	0	0	1	0	1	1	0	1	1.163	1	0	1	1	0	0	0	0	0	0	2	0	0	0	0	0	0	1	0	0	0	0	0	1.967	1	0	0	0	0	2.118	1.176
C4_07140W_A	C4_07140W_A	0	0	0	0	1	0	0	0	0	0	0	0	0	0	0	0	1	0	0	0	0	0	0	0	0	0	0	0	0	0	0	0	0	0	0	0	0	0	0	0	0	0	0	0.921	0	0	0	0	1	1	0	0	0	0	0	0	0	0	1	0
C4_07150W_A	C4_07150W_A	1	0	0	2	4	2	2	2	0	1	2	0	2	1	0	0	1	0	1	1	1	0	0	1	3.255	3	1	0	0.994	0	1	0	0	1	1	0	1	1	2	0	1	0	0	1	1	2	0	2	0	5	1	1	2	1.898	0	1	2	1	1	1
C4_07160W_A	C4_07160W_A	0	0	0	0	0	0	0	0	0	0	0	0	0	0	0	0	0	0	0	0	0	0	0	0	0	0	0	0	0	0	0	0	0	0	0	0	0	0	0	0	0	0	0	0	0	0	0	0	0	0	0	0	0	0	0	0	0	0	0	0
C4_07170C_A	C4_07170C_A	0	0	0	0	0	1	0	0	0	0	0	0	0	0	0	0	0	0	0	0	0	0	0	0	3	0	1	0	0	0	1	0	0	1	0	0	0	0	0	0	0	0	0	0	0	0	0	0	0	0	0	0	0	0	0	0	0	0	0	0
C4_07180W_A	UBI3	0	0	1	2	0	2	0	0	0.941	0	0	0	0	0	0	0	1	0	0	0	0	0	0	0	3	0	0	0.739	1	0	1	0	0	1	2	0	1	0	0	0	0	0	0	0	0	0	2	0	0	0	0	0	0	0	0	2	0	1	0	1
C4_07190W_A	SEC10	0	0	0	0	0	0	0	0	0	0	1	0	0	0	0	0	0	1	0	0	0	0	1	0	0	0	1	1	0	0	1	0	2	0	0	0	0	0	0	0	0	1	0	0	0	1	0	0	1	0	0	1	2	1	0	0	0	2.692	0	1
C4_07200C_A	C4_07200C_A	0	0	0	1	0	0	1	0	0	0	1	0	1	0	0	0	0	0	0	0	0	2	1	1	1	1	1	3	0	1	0	0	0	0	0	0	0	0	0	0	1	1	0	0	0	0.994	1	0	1.356	0	1	0	2	1	0	0	1	0	0	1
C4_07210W_A	C4_07210W_A	0	0	0	0	0	0	1	0	0	2	2	2	0	0	1	0	0	0	0	0	0	0	0	0	1	0	0	0	2	4	0	1	0	0	0	0	0	0	1	0	0	0	0	0	0	0	0	0	1	0	0	1	0	0	0	0	2	0	0	0
C4_07220C_A	C4_07220C_A	1	1	2	0	0	0	0	1	0	1	2.006	1	1	0	2	0	1	1	0	2	0	1	3	0	0	0	0	0	0	0	0	0	0	1.024	1	0	1.001	0	0	0	0	0	0	0	0	1	0	0	1	0	1	0	0	0.946	0	0	0	0	0	1.48
C4_07230C_A	VID21	0	1	0	0	2	0	1	0	0	1	0	1	0	0	0	0	0	0	1	0	0	1	0	1	0	0	0	0	0	0	0	1	0	1	1	0	0	0	0	0.909	0	0	0	0	0	0	0	0	0	0	1	0	0	0	1	0	0	0	0	0
C4_07240W_A	C4_07240W_A	3	2	0	1	1	1	0	3	0	0	0	0	1	0	0	0	0	0	0	0	3	1	1	2	0	0	0	0	0	1	0	0	3	0	1	2	0	0	0	0	0	0	0	0	1	1	0	0	0	0	1	0	1	2	4	1	0	0	1	0
C4_07250C_A	TLO10	0	0	0	0	0	0	0	0	0	0	0	0	0	0	0	0	0	0	0	0	0	0	0	0	0	0	0	0	0	0	0	0	0	0	0	0	0	4	0	0	0	0	0	0	11.003	9.154	0	3.081	0	0	0	0	0	0	0	0	0	0	1	0
C4_07260W_A	C4_07260W_A	0	0	0	0	0	0	0	0	0	0	0	0	0	0	0	0	0	0	0	0	0	0	0	0	0	0	0	0	0	0	0	0	0	0	0	0	0	0	0	0	0	0	0	0	0	0	0	0	0	0	0	0	0	0	0	0	0	0	0	0
C5_00010W_A	TLO11	0	3	0	0	0	0	0	0	7	3.913	6.694	0	8	10.799	8	8.892	0	0	0	1.999	0	1	0	0	0	9	0	3	0	2.353	0	0	0	0	0	0	0	0	0	6	0.333	0	0	0	0	2.663	4	0	0	0	0	0	0	0	0	0	0	0	0	0.333
C5_00030W_A	C5_00030W_A	0	0	0	1	0	0	0	0	0	0	0	1	0	0	1	0	4	6	4	1	0	0	0	0	0	0	0	0	0	0	1	0	0	0	0	0	0	0	0	0	0	0	0	0	0	2	0	1	0	1	0	0	0	0	0	0	0	0	0	0
C5_00040C_A	C5_00040C_A	0	3	3	1	0	0	0	0	0	0	0	0	0	0	0	0	1	0	0	0	0	0	0	1.574	1	0	0	0	0	1	0	0	0	4	3	3	0	0	0	0	0	0	0	0	0	2	1	1	0	1	0	1	1	0	0	1	1	0	1	1.901
C5_00050W_A	C5_00050W_A	0	0	0	0	3	0	0	0	0	0	0	0	0	0	0	0	0	0	1	0	0	0	0	0	0	0.925	0	0	1	2	1	0	0	0	0	0	0	0	0	0	0	0	0	0	0	0	0	0	0	0	0	0	0	0	0	0	0	1	1.196	0
C5_00060C_A	C5_00060C_A	0	0	0	0	0	0	1	2	0	0	1	0	0	0	0	0	1	1	1	0	1	0	0	0	0	1	1	0	0	0	1	1	2	0	0.999	3.01	0	0	0	0	0	0	0	0	0	0	1	0	0	0	0	1	1	0	0	0	1	0	0	0
C5_00070W_A	CDC11	1.031	0	0	0	0	0	0	0	1.001	0	0	0	0	0	0	0	0	0	0	0	0	0	1	1	1	0	1	0	0	0	1	0	0	5	5	2	0	1	0	1	0	0	0	0	4	3	2	0	0	0	0	0	4	11	6	3	1	0	0	0
C5_00080C_A	C5_00080C_A	0	0	0	0	0	0	0	0	0	0	0	0	0	0	0	0	0	0	0	0	0	0	0	0	1	0	0	1	0	0	0	0	1	0	0	0	0	0	0	0	0	0	0	0	1	0	0	0	0	0	0	1	1	2	0	2	0	0	1	0
C5_00090C_A	C5_00090C_A	0	0	0	0	0	1	0	0	1	0	0	1	0	0	0	0	0	1	0	0	0	2	1	2	0	1	0	0	0	0	0	0	2	0	4	1	1	0	0	0	0	0	0	0	0	0	0	0	0	0	1	0	0	0	0	0	0	0	0	0
C5_00100C_A	C5_00100C_A	0	0	0	0	1	0	1	0	0	0	0	0	0	0	0	0	0	0	0	0	1	0	0	0	0	1	0	0	0	0	0	0	0	0	0	1	0	0	0	0	0	0	0	0	0	0	0	0	0	0	1	0	2	5	0	2	0	0	0	0
C5_00110C_A	THS1	0	0	0	0	0	1	0.861	0	0	1	1	2	2	4	4	3.001	0	0	0	0	0	0	0	0	0	0	0	0	1	0	2	2	0	0	0	0	0	0	0	0	0	0	0	0	0	0	0	2	0	0	0	1	1	0	0	0	2	0	0	0
C5_00120W_A	C5_00120W_A	0	0	0	0	0	0	0	0	0	0	0	0	0	0	0	0	1	0	0	0	0	0	0	0	0	0	1	0	0	0	0	0	0	0	0	0	2	3	1	0	0	0	0	0	0	0	0	2	1	0	0	0	0	0	0	0	1	0	0	0
C5_00130C_A	C5_00130C_A	0	0	0	0	1	3	0	1	1.999	0	0	0	0	0	0	0	0	0	0	0	0	1	1	0	0	1	0	0	0	0	0	0	0	0	1	0	0	0	0	0	0	0	0	0	0	0	0	0	0	0	0	0	0	3	0	0	0	0	0	0
C5_00140C_A	C5_00140C_A	0	0	0	0	0	0	0	0	0	0	0	0	0	0	0	0	0	0	0	0	0	0	0	1	0	2	3	1	1	0	0	0	0	0	0	0	0	0	0	0	0	0	0	0	0	0	0	0	0	0	0	0	0	0	0	0	0	0	0	0
C5_00150C_A	C5_00150C_A	0	0	0	0	0	0	0	0	8	4	0	4	0	0	0	0	0	0.999	0	0	0.986	0	0	0	0	0	1	0	0	0	0	0	0	0	0	0	0	0	0	0	0	0	0	0	0	0	0	0	0	0	0	0	0	0	0	1	0	0	1	1
C5_00160W_A	C5_00160W_A	0	0	0	0	0	0	0	0	0	0	0	0	4	4	6	3	0	1	0	0	0	0	0	0	1	1	0	0	0	0	0	1	0	0	0	0	0	0	0	0	0	0	0	0	0	0	0	0	0	0	0	0	1	0	0	0	0	0	0	0
C5_00170W_A	C5_00170W_A	0	0	0	1	0	0	0	0	0	0	0	0	0	0	0	0	1	0	0	0	0	0	0	0	1	1	0	0	0	1	0	0	1	0	0	0	0	0	0	0	0	1	0	0	0	0	2	1	0	1	0	0	0	0	0	0.899	0	0	0	0
C5_00180W_A	AFL1	1	0	0	0	1	0	1	0	0	0	0	0.999	0	0	0	0	0	0	1	0	0	0	0	0	0	0	0	1	0	0	0	0	0	0	0	0	1	0	0	0	0	0	0	0	0	0	0	0	0	0	0	0	0	0	0	0	0	1	0	0
C5_00190C_A	FAS1	3	2	1.182	1	0	2	4	2	0	1	1	0	0	0	0	0	5.996	7	8	4	0	1.048	1	0	1	1	1	1	0	0	0	1	1	1	0	0	1	0	0	0	0	0	0	0	0	0	0	0	0	0	0	0	0	0	0	0	0	0	1.032	1.138
C5_00200C_A	BDF1	0	0	0	0	1	0	1	0	0	0	0	0	0	0	0	0	0	1	0	0	0	0	0	0	4	3	5	1	1	0	0	0	0	1	0	0	0	0	0	0	0	0	0	0	0	1	0	0	0	0	0	0	2	2	0	1	0	0	0	0
C5_00210C_A	BRE1	0	0	0	0	1	1	2	2	1	0	0.996	0	2	5	5	2	0	0	0	1	2	0	0	1	0	0	1	1	0	0	0	0	0	1	0	0	0	0	0	2	0	0	0	0	1	0	0	0	0	0	0	0	0	1	1	0	0	1	2	0
C5_00220W_A	ROT2	1	0	0	1	1.001	0	1	0	0	0	0	0	0	0	0	1	0	0	0	0	1	0	1	0	0.945	0	0	0	0	1	0	0	0	0	0	0	1	0	0	0	0	0	1	0	0	0	1	0	0	0	0	1.497	0	0	0	1	0	1	1.476	0
C5_00230C_A	C5_00230C_A	0	0	0	0	1	0	0	0	0	0	0	0	0	0	0	0	0	0	0	0	0	0	0	0	0	0	0	1	0	0	0	0	0	0	0	0	0	0	0	0	0	0	0	1	0	1	0	0	0	0	0	0	0	0	0	0	0	1	0	1
C5_00240W_A	SKN7	0	0	0	0	1	1	0	1	1	0	0	0	1	0	0	0	0	0	0	0	0	0	0	0	0	0	0	0	0	0	0	0	0	0	0	0	0	0	0.991	0	0	0	0	0	0	0	0	0	0	1	0	1.108	0	1	0	0	0	1	0	0
C5_00250C_A	C5_00250C_A	0	0	0	0	0	1.202	0	1	0	0	0	0	0	0	0	0	6	6	12	6	0	1	0	1	1	1	1	0	0	0	0	1	0	1	0	0	0	0	0	0	0	0	0	0	1	0	0	1	0	0	2	0	0	0	0	2	0	0	1	0
C5_00260W_A	C5_00260W_A	0	0	0	0	0	2	2	1	0	0	0	0	0	0	0	0	0	0	0	0	0	3	0	0	0	0	1	0	0	0	0	0	0	0	0	1	1	0	0	0	0	0	0	0	0	0	0	0	1	0	0	0	1	0	0	1	0	0	0	0
C5_00270W_A	PGA14	0	0	0	0	0	0	0	0	0	0	0	0	0	0	0	0	0	0	0	0	0	0	0	0	0	0	0	0	0	0	0	1	0	0	0	0	0	0	0	0	0	0	0	0	0	0	0	0	1	0	0	0	0	2.795	0	0	0	0	0	0
C5_00280C_A	C5_00280C_A	0	0	0	1	0	1	0	0	0	0	0	0	0	0	0	0	1	0	0	0	0	1	0	0	0	0	0	0	0	0	0	0	0	0	0	0	0	0	0	0	0	0	0	0	0	0	1	0	0	0	0	0	0	0	0	0	0	0	1	1
C5_00290W_A	DUS4	0	0	0	0	0	0	1	0	0	0	0	0	0	1	0	0	1	0	0	0	0	0	0	1	0	0	0	0	1	0	0	0	0	0	0	0	0	0	1	0	0	0	0	0	0	0	0	0	0	0	0	0	1.104	1	0	1	1	0	0	0
C5_00300C_A	SMC4	0	0	0	0	1	1	0	1.152	4	0	0	1	0	1	0	1.002	5.013	2	0	2	1.083	0	0	2	2	0	1.943	0	1	3.672	1.002	0	0	0	0	2	1	0	1	1.001	0	2	0	0	2	1	4	2	0	2.883	0	0	0	1	0	1	2	0	0	0
C5_00310C_A	C5_00310C_A	0	0	0	0	0	0	0	0	0	0	0	0	1	0	0	0	0	0	0	0	1	1	0	0	0	0	0	0	0	0	0	0	0	0	0	0	0	1	0	0	0	0	0	0	0	0	0	0	0	0	0	0	3	1	1	1	0	0	0	0
C5_00320W_A	C5_00320W_A	0	0	0	0	0	0	0	0	1	0	0	0	0	0	0	0	0	0	0	0	3	2	6	4	0	0	0	0	0	0	0	0	0	1	0	0	2	3	0	3	0	0	0	0	0	0	0	0	0	0	0	0	0	0	0	1	1	0	0	0
C5_00330C_A	C5_00330C_A	0	2.001	2	1	5.128	4.077	6.338	3.284	1	1	2	1	2	0	0	1	1	0	0	2.324	3	1.025	2	0	3.063	8	4.136	4.695	2	4.215	2	0	1.879	3	2	3	2.005	1	3	2	1	0	1	0	3	0	0.868	1	3.681	2.218	1.051	1	3.388	0	2	1.276	3.536	3.195	5.211	0
C5_00340W_A	C5_00340W_A	0	0	0	0	0	0	0	2	0	0	0	0	0	0	0	0	1	0	0	0	1	0	0	0	0	0	0	0	0	0	0	0	0	0	1	0	2.004	0	1	2	0	0	0	0	0	0	0	0	0	0	0	0	0	0	0	0	0	1	0	0
C5_00350C_A	C5_00350C_A	0	0	0	0	1	0	0	0	0	0	0	0	0	0	0	0	2	0	0	1.005	0	0	0	1	0	1	0	3	0	2	0	0	0	2	0.999	0	1	0	0	0	0	0	0	0	1.71	0	0	2.033	0	0	0	0	0	3	0	1	2	2	1	0
C5_00360C_A	tS(CAG)1	0	0	0	0	0	0	0	0	0	0	0	0	0	0	0	0	0	0	0	0	0	0	0	0	0	0	0	0	0	0	0	0	0	0	0	0	0	0	0	0	0	0	0	0	0	0	0	0	0	0	0	0	0	0	0	0	0	0	0	0
C5_00370W_A	COF1	0	0	0	0	0	0	0	0	0	0	0	0	0	0	0	0	0	0	0	0	0	0	0	0	0	0	1	0	0	0	0	0	0	0	0	0	0	0	0	0	0	0	0	0	0	0	0	0	0	1	0	0	0	0	0	0	0	0	0	0
C5_00380W_A	C5_00380W_A	1	0	0	0	0	2	0	0	0	0	0	0	0	0	1	0	0	0	1	1	1	0	0	1	0	0	0	0.868	0	0	1.305	1	1	0	0	0	0	1	0	1.237	0	0	0	0	1	0	0	1	0	0	0	2.676	0	0	0	2	0	0	1	2
C5_00390C_A	C5_00390C_A	0	0	0	0	0	0	0	0	2	1	1	1	0	2	6	1	2	2	2	0	0	0	0	0	0	0	1	0	14	10	13	17.453	0	0	0	0	1	0	0	0	0	0	0	0	1	1	1	0	1.046	0	0	0	3	3	1	1	0	0	0	0
C5_00400C_A	C5_00400C_A	0	0	0	0	0	1.001	0	0	0	0	0	0	0	0	0	0	0	0	0	0	0	0	1	2	0	1	1.883	1.205	0	0	1.001	0	0	1	0	1	0	0	0	0	2	0	1	0	2	2	4	1	0	0	0	1.179	3.937	1	0	0	1.141	0	0	0
C5_00410W_A	C5_00410W_A	0	1	1	2	4.052	4	2.983	6	0	4	6	1	1	3	1	2	0	4	2	3	3	2	5	1	1	0	4	0	3	7.403	3	9	3	3	3	2	0	1	3	1	2	1	1	2.999	1	0	1	0	2	3	4	1.001	4	4.109	2	0	2	5	3	5
C5_00420C_A	MRP17	0	0	0	0	0	0	0	0	0	0	0	0	0	0	1	0	0	0	0	0	5	1	1	3	0	0	0	0	0	0	0	0	0	0	0	0	2	0	2	0	0	0	0	0	0	0	0	0	0	0	0	0	0	0	0	0	0	0	0	0
C5_00430W_A	MET14	0	0	1	0	0	0	0	0	0	0	0	0	1	0	0	1	0	0	0	0	0	0	0	0	0	0	1	0	0	0	0	0	1	0	0	0	0	0	0	0	0	0	0	0	0	0	0	0	0	0	0	0	2	0	0	0	0	0	0	0
C5_00440C_A	VPS2	0	0	0	0	0	0	1	0	0	0	0	0	0	0	0	0	0	0	0	0	0	0	0	0	4	2	1	1	0	0	0	0	2	3	2	4	0	0	0	0	0	0	0	0	1	0	0	0	0	0	0	1	0	0	0	1	0	0	0	0
C5_00450C_A	IFG3	1	1	0	0	0	0	0	0	0	0	0	0	0	0	0	0	0	0	0	0	1	1	1	0	0	0	0	0	0	0	0	1	0	0	0	0	1	0	0	0	0	0	0	0	0	0	2	2	1.705	0	0	2	0	0	0	0	0	0	1	0
C5_00460C_A	FET33	0	0	0	0	0	0	2	0	0	0	0	0	0	0	0	0	0	0.997	0	0	2	0	1	0	0	0	0	1	1	0	0	0	1	0	0	0	0	0	0	1	0	0	0	0	0	0	0	0	0	0	1	1	1	0	1	0	1	1	0	1
C5_00470C_A	KRE62	0	0	0	0	0	0	0	1	0	0	0	0	1	0	0	0	2	0	0	1	1	0	0	0	1	0	0	0	2	0	0	0	1	0	0	0	0	0	0	0	0	0	0	0	0	0	1	0	0	2.077	0	1.427	1.998	1	1.785	0	1	1	1	0
C5_00480C_A	SEC14	0	0	0	0	0	1	0	0	0	0	0	0	0	0	0	0	0	0	0	0	0	0	0	0	0	0	0	0	0	1.002	0	0	0	0	0	0	0	0	0	0	0	0	0	0	1	0	0	0	0	0	1	0	2	0	0	0	0	0	1.001	0
C5_00490C_A	BUD2	0	1.43	3	1	0.999	3	1	5	0	1	0	1	3	3	5	0	0	3.999	1	0	4	0	1	0	0	1	2.074	1	2.184	0	4	0	0	0	3	0	0	2	1	0	1.26	1	0	1	0	3	0	0	1	2.643	1.634	1	3.601	5.719	1	2.925	6.565	2.113	2	0
C5_00500W_A	NAM7	1	0	1.292	0	2	0	1.001	2	0	1	0	0	2	0	1	0	0	0	0	0	0	0	0	0	2.207	1	0	0	0	0	0	0	0	0	2	0	1	0	1	0	0	0	0	0	0	0	2	1	2.655	0	0	0	1	1	0	0	2.01	0	0	1.125
C5_00510W_A	C5_00510W_A	0	0	0	1	1	0	0	0	0	0	1	0	0	0	0	0	0.998	0	1	0	0	0	0	0	1	0	0	0	0	0	0	1	0	0	0	0	0	0	0	0	0	0	0	0	0	0	0	0	0	0	1	1	0	0	0	0	0	0	0	0
C5_00520W_A	C5_00520W_A	1	1	0	0	1	1	0	0	1	1	0	0	0	2	1	2	1	2	0	1	0	2	1	1	1	1	0	2	1	3	1	0	0	1	0	0	1	2	0	0	0	0	0	1	0	0	0	0	0	1	1	0	0	2.998	2	0	4	0	2	2
C5_00530W_A	C5_00530W_A	0	0	0	0	0	5	2	0	0	0	0	0	0	1.004	1	0	0	0	1	0	0	0	0	0	0	1	0	2	1	0	1.877	1	0	1	2	1	0	1	1	0	1	0	0	0	0	0	0	0	1	2	1	2.463	4	0	0	1	1	1.729	2.407	2
C5_00540C_A	AGA1	1	0	0	0	0	0	0	0	0	0	0	0	0	0	0	0	0	0	0	0	0	0	0	0	1	0	0	0	0	0	0	0	0	0	0	0	0	1	0	0	0	0	0	0	0	0	0	0	0	0	1	0	0	1	0	0	0	0	0	0
C5_00550C_A	C5_00550C_A	0	0	0	0	0	0	1	0	0	0	0	0	0	0	0	0	0	0	0	0	0	0	0	0	1	0	0	0	1	0	0	1	2	0	0	0	0	0	0	0	0	0	0	0	0	0	0	0	0	1	0	0	0	0	0	0	0	0	0	0
C5_00560W_A	C5_00560W_A	1	0	3	2	2	0	0	0	0	0	0	0	0	0	0	0	0	0	0	0	2	1	2	2	0	0	0	0	0	0	0	0	4	9	6	7	0	0	0	0	0	0	0	0	0	0	0	0	1	0	1	0	0	0	0	0	0	0	0	0
C5_00570W_A	C5_00570W_A	1.001	0	0	0	1	2	0	1	0	0	2	2	0	1	0	1.024	1	1	0	0	1	0	0	0	1	0	0	1.886	0	0	2.152	0	2.96	1	2	1	1	1	0	0	0	0	0	0	2	3	0	1	1	1	3	1.092	2	2	2.121	2.216	0	0	2	0
C5_00580W_A	C5_00580W_A	3	0.999	2	0	2.011	5	2	1	0	2	2	2	0	0	2	2	0	2	1	3	3	0	2	1	2.008	2	3	1.001	1	5.818	0	3.899	2	1	2.21	1	0	1	0	0	1	0	0	1	0	2	2	2	2	1	1.788	4	2.002	2	2	6.014	0	2	1	3.665
C5_00590W_A	PET9	1	0	0	0	0	0	0	0	0	0	0	0	0	0	1	0	0	0	0	0	0	1	3	2	0	0	0	0	3	1	2	1	0	1	0	0	0	0	0	0	0	0	0	0	0	0	0	1	0	0	1	0	0	1	0	0	0	0	0	0
C5_00600C_A	C5_00600C_A	0	0	0	0	2	1	1	0	0	0	0	0	0	0	0	0	0	0	0	1	1	0	0	0	1.047	0	0	0	0	0	0	0	0	0	0	0	1	1	1	0	1.166	0	0	0	0	0	0	0	0	0	0	0	3	0	0	0	1	2	0	0
C5_00610C_A	C5_00610C_A	1	0	0	0	0	0	0	1	0	0	1.149	0.999	0	0	0	0	0	0	0	0	0	0	2	0	2	0	1.095	0	0	0	2	0	0	0	0	0	0	0	0	2	0	0	0	0	1	2	1	2.999	0	0	0	0	0	0	0	0.974	0	0	0	1
C5_00620W_A	CGI121	0	0	0	1	0	0.999	0	0	0	1	0	0	1	1	0	0	0	0	0	0	0	0	0	0	0	1	0	0	0	0	0	0	0	0	0	0	0	1	1	0	1	0	0	1	0	0	0	0	0	0	0	0	0	0	1	0	1	0	0	0
C5_00630C_A	EXO1	0	0	1	0	1	2	0	0	1	0	0	0	0	0	0	0	0	0	0	0	2.476	0	1	0	2	1	0	1	0	0	0	1.692	0	0	0	0	0	1	0	0	0	0	0	1	1	0	0	3	0	0	1	0	3.733	1.969	0	2	1.265	0	1	0
C5_00640C_A	SAM51	0	0	0	1	0	0	0	0	3	3	2.001	1	0	0	0	0	0	0	1	0	1	0	0	0	0	1	0	0	0	1	0	0	0	0	0	0	0	0	0	0	0	1	0	0	0	0	0	0	0	1.993	0	1	1	0	0	0	0	0	1	0
C5_00650C_A	THR1	1	0	0	0	0	0	0	1	0	0	1	0	0	0	0	0	0	0	1	0	0	0	0	0	0	0	0	1	0	0	0	0	0	0	0	0	0	0	0	0	0	0	0	0	0	0	0	0	1	0	0	0	0	0	0	0	0	0.733	0	2
C5_00660C_A	ERG11	2	3	1	2	2	0	1	2	0	0	0	0	0	0	1	0	1	1	0	0	1	0	0	1	5.772	1	2	1	0	0	1	0	0	0	0	0	0	1	2	2	0	0	0	0	2	0	1	0	0	0	0	0	3	5	3	3	2.573	1.081	1.385	0
C5_00670C_A	HMS1	0	1	1	0	1.801	0	2	2	0	1	1	1	0	1	2	0	0	0	0	1	2	3	3	0	2	0	1	1	0	2	0	1	8	10	8	7	3	2	3	5	0	0	0	0	0	0	0	0	1	0	2	0	1	1.999	0.988	1	1.493	0	0	3.103
C5_00680W_A	RMT2	0	0	0	0	0	0	0	0	4	4	3	5	2	2	1	2	0	1	2	1	0	0	0	0	0	0	1	1	0	0	1	1	0	0	1	1	0	0	2	1	0	1	0	0	0	0	1	0	1	0	1.854	0	0	1	0	0	0	1	0	1
C5_00690C_A	TFB3	0	2	0	0	0	0	1	0	1	0	0	0	0	0.991	1	0	0	0	1	0	0	1.624	0	0	0	2	0	1	2	0	1	0	0	0	0	0	0	0	0	0	0	0	0	0	0	0	0	0	1	0	1.846	2	2.592	0	0	0	0	0	0	2
C5_00700C_A	SPE2	0	0	0	0	0	0	2	1.001	1	0	0	0	0	0	0	0	0	0	0	0	0	0	0	0	0	1	0	0	0	0	0	0	1	0	0	0	0	0	1	1	0	0	0	0	0	0	0	0	0	0	0	0	0	0	0	0	0	0	0	0
C5_00710W_A	IFF8	0	0	0	1	0	0	0	2.205	1	0	0	0	1	0	0	1	0	0	0	1	1.994	0	0	0	0.994	2.276	3.995	1	0	0	1	0	1	1	1.999	1	1	1	0	0	0	0	0	1	0	0	0	0	1.48	0	0	1	2.492	1.129	0	0	0	3.33	2.393	1.147
C5_00730W_A	HYR3	2	0	0	0	2	0	0	0	0	0	0	0	0	0	0	0	0	0	0	0	0	0	0	2	1	0	0	0	2	1	1	0	0	1	0	1	1	0	3	0	0	0	0	0	0	0	0	0	0	1	0	0	1	2	1	2	2	0	0	0
C5_00740W_A	CTF8	0	0	0	0	0	0	0	0	0	0	0	0	0	0	0	0	0	0	0	0	0	0	0	0	0	0	0	1	0	0	0	0	1	0	1	1	0	0	0	0	0	0	0	0	0	0	0	0	0	2	0	1.613	1	0	1	0	0	0	0	1.668
C5_00750C_A	C5_00750C_A	1	0	0	0	0	1	0	0	0	0	0.994	0	0	0	0	1	0	0	0	0	0	0	0	0	0	0	1	0	0	0	0	0	0	0	1	0	0	0	0	0	0	0	0	0	0	1	0	0	0	1	0	1	0	1	2	0	0	1	1	0
C5_00760W_A	C5_00760W_A	0	1	0	0	1	0	0	0	0	1	0	0	1	1	0	0	0	0	0	1	3	0	0	1	0	0	1	1	0	0	0	0	0	1	0	1	0	1	0	0	1	0	2	0	0	2	0	0	1	0	0	1	0	0	0	1	2.055	0	2	0
C5_00770C_A	FOL1	0	2	0	0	0	1.174	0	0	0	0	0	0	1	0	0	0	0	0	1	0	1	1	0	1.23	0	1	1	0	2.387	0	0	0	0	0	1	1	1.001	0	0	0	0	1	0	0	0	0	0	0	2	0	0	0	0	0	0	0	1	1	0	0
C5_00780C_A	C5_00780C_A	0	0	0	0	0	0	0	0	0	0	0	0	0	0	0	0	1	0	1	0	0	1	1	0	0	2	2	1	0	0	0	0	0	0	0	0	0	0	0	0	0	0	0	0	0	1	0	0	1	0	0	0	0	0	1	0	1	0	0	0
C5_00790C_A	C5_00790C_A	0	0	0	0	1	4	0	1	1	0	0	0	0	0	0	1	0	0	0	0	0	0	0	0	0	0	1	0	2.887	0	0	0	0	0	0	0	0	1	0	0	0	1	1	0	0	0	0	2.026	0	3	0	2.538	2	0	1	0	0	0	2	0
C5_00800C_A	C5_00800C_A	1	0	0	1	0	0	0	0	0	0	1.514	0	0	0	0	0	0	1	0	0	0	0	0	0	0	0	0	1	0	0	0	0	0	0	0	0	0	0	0	0	0	0	0	0	1	0	1	0	0	0	0	0	1	3	4	1	4.76	0	0	1
C5_00810C_A	CCP2	0	0	0	0	0	0	0	0	0	0	0	0	0	0	0	0	2	0	0	2	0	0	0	0	0	0	0	0	1	0	0	0	0	0	0	0	0	0	0	0	0	0	1	0	0	0	0	1	0	0	0	1	0	0	0	0	1	0	0	1
C5_00820W_A	C5_00820W_A	2	3	1	1	0	0	0	0	0	0	0	0	0	0	0	0	0	0	0	0	0	0	0	0	0	0	0	0	1	0	0	0	0	0	0	0	0	0	0	1	0	0	0	0	0	0	0	0	1	0	0	0	0	0	1	0	1	0	0	0
C5_00830C_A	ERV46	0	0	0	0	1	2	0	1	1	2	1	0	0	0	0	0	0	0	0	0	0	0	0	0	0	0	1	0	1	0	0	0	2	0	0	0	0	0	1	0	1	0	0	2	0	0	1	0	0	0	0	0	1	1	1	1	0	1.95	1	0
C5_00840W_A	C5_00840W_A	1	0	0	1	0	1	1.712	0	0	1	0	0	0	0	0	1	0	0	2	0.995	0	0	0	0	0	0	0	2	0	1	0	0	0	0	1	0	0	0	1	0	0	0	0	1	1	2	0	1	0	0	0	0	0	2	0	1	0	0	0	0
C5_00850C_A	C5_00850C_A	0	0	0	0	0	0	0	0	1	0	1	0	0	0	0	0	0	0	0	0	0	0	0	0	0	0	0	0	0	0	0	0	0	0	0	0	1	0	0	1	0	0	0	0	0	0	0	0	0	0	0	1	0	0	0	0	0	0	0	0
C5_00860W_A	IMP2	0	1	0	0	1	1	1.925	1.998	0	0.998	0	0	0	0	0	0.91	3	0	0	1	0	0	0	0	0	0	2	0	0	0	2.015	1	1	0	1	1	1	0	0	0	0	0	0	1	0	0	1	0	1	0	1	0	0	2	0	0	0	0	2	1
C5_00870C_A	GIT4	0	0	0	1	0	0	1	0	1	0	0	1	0	0	0	1	0	0	0	1	1	1	0	0	0	0	2	0	1	0	1	0	0	1.347	0	0	0	0	0	1	0	0	0	0	0	0	0	0	1	1	0	0	0	0	2	0	0	0	0	1
C5_00880C_A	GIT3	0	2	4	1	0	2.001	1	0	1	0	0	0	2	1.999	4	5	4	0	1	0	1	1	2	1	6	5	1	2	0	0	0	0.999	2	1.343	0	4	2	0	1	0	0	1	0	0	1	2.001	0	1	0	1	0	0	0	3	2	3	0	2.775	0	0
C5_00890C_A	GIT2	0	0	0	0	0	2.001	0	0	0	0	1	0	0	0	0	0	0	0	0	1	0	1	0	0	1	0	0	0	0	0	0	1	0	1	0	2	0	0.937	1	0	0	1	0	0	0	1	0	0	1	0	0	0	1.001	0	0	0	0	0	0	0
C5_00900C_A	URA4	0	0	0	0	0	1	0	0	0	0	0	1	0	0	0	0	0	0	0	0	0	0	0	0	0	0	0	1	1	1	0	0	0	0	1	0	0	0	0	0	1	1	0	0	0	0	0	0	0	0	0	0	0	0	0	0	1	0	0	0
C5_00910C_A	TRX2	0	0	0	0	0	1	0	0	0	0	0	0	0	0	0	0	0	0	0	0	0	0	0	0	0	0	0	0	0	0	0	0	0	0	0	0	0	0	0	0	0	0	0	0	0	0	0	0	0	0	0	0	0	0	0	0	0	0	0	0
C5_00920W_A	C5_00920W_A	0	0	0	0	3	1	1	5	1	0	0	0	0	0	0	0	0	0	0	0	0	0	0	1	1	0	0	0	0	0	0	0	0	0	0	0	0	3	3	1	0	0	0	0	0	0	0	0	0	0	0	0	0	0	0	0	0	1	0	0
C5_00930C_A	TFS1	0	0	0	0	0	0	0	0	0	0	0	0	0	0	0	0	0	0	1	0	0	0	0	1	0	0	0	0	0	0	0	0	0	0	0	0	0	0	0	0	0	0	0	0	0	0	0	0	0	0	0	0	0	0	0	0	0	0	0	0
C5_00940C_A	HAP5	1	0	0	1	0	0	1	0	0	0	0	0	0	0	0	0	0	0	0	0	0	0	0	0	0	0	0	0	1	0	0	0	0	1	1.309	0	1	0	0	0	0	1	1	0	0	0	0	0	0	1	1	0	0	0	0	0	0	0	0	0
C5_00950C_A	SET5	0	0	0	1	1	0	0	0	1	2	1	2	0	0	0	0	0	0	0	0	2	0	1.402	0	0	0	1	2.248	0	0	0	0	0	1	0	0	0	1	1	0	0	0	0	0	0	1.589	2	1	0	0	0	2	0	1	2	2	0	1	1	1.604
C5_00960W_A	tE(UUC)4	0	0	0	0	0	0	0	0	0	0	0	0	0	0	0	0	0	0	0	0	0	0	0	0	0	0	0	0	0	0	0	0	0	0	0	0	0	0	0	0	0	0	0	0	0	0	0	0	0	0	0	0	0	0	0	0	0	0	0	0
C5_00970W_A	tE(UUC)3	0	0	0	0	0	0	0	0	0	0	0	0	0	0	0	0	0	0	0	0	0	0	0	0	0	0	0	0	0	0	0	0	0	0	0	0	0	0	0	0	0	0	0	0	0	0	0	0	0	0	0	0	0	0	0	0	0	0	0	0
C5_00980W_A	TRY3	1	0	2	0	3	3	1	0	0	0	0	1	0	0	0	0	0	0	0	0	0	1	0	0	0	0	0	1.739	0	0	1	0	0	0	0	0	1	0	0	0	0	1	0	0	0	0	0	0	0	1	0	1.063	2	1	0	1	3	0	0	0
C5_00990W_A	tQ(CUG)1	0	0	0	0	0	0	0	0	0	0	0	0	0	0	0	0	0	0	0	0	0	0	0	0	0	0	0	0	0	0	0	0	0	0	0	0	0	0	0	0	0	0	0	0	0	0	0	0	0	0	0	0	0	0	0	0	0	0	0	0
C5_01000C_A	C5_01000C_A	0	1	1	0	0	0	0	1	0	1	0	0	0	0	0	0	0	0	0	1	0	1	0	0	0	0	0	0	0	0	0	0	0	1	0	0.995	0	0	0	0	0	0	0	0	0	0	0	0	0	0	0	0	0	0	0	0	0	0	0	1
C5_01010W_A	CCW14	0	0	1	0	0	0	0	0	0	0	1	0	0	0	0	0	0	0	0	0	0	0	0	0	0	0	3	0	0	2.982	0	0	0	0	0	0	0	0	0	0	0	0	0	0	0	1	0	0	0	2	0	0	1	1	1	1	1	0	1	0
C5_01020C_A	C5_01020C_A	0	0	0	0	0	0	0	0	0	0	1	0	0	0	0	0	0	0	0	0	0	0	0	0	0	0	0	0	0	0	0	0	0	0	0	0	0	0	0	0	0	0	0	0	0	0	0	0	0	0	0	0	0	0	0	0	1	0	0	0
C5_01030W_A	C5_01030W_A	0	0	0	0	0	0	0	0	0	0	0	0	0	0	0	0	0	0	0	0	0	0	0	0	0	0	0	0	0	0	0	0	0	0	0	0	0	0	0	0	0	0	0	0	0	0	0	0	0	0	0	0	0	1	0	0	0	0	0	0
C5_01040W_A	C5_01040W_A	0	0	0	0	0	0	0	0	0	0	0	0	0	0	0	0	0	0	0	0	1	3	0	1	0	0	0	0	0	0	0	0	0	0	0	0	0	0	0	0	0	0	0	0	0	0	0	0	0	0	0	0	0	0	0	0	0	0	0	0
C5_01050C_A	C5_01050C_A	0	0	0	0	0	0	0	0	0	1	0	0	0	0	0	0	0	0	0	0	0	0	0	0	0	0	0	0	0	1	0	1	0	0	0	0	0	0	0	0	0	0	0	0	1	2	0	0	0	0	0	0	6	5	5	2	0	0	0	0
C5_01060C_A	BUD23	0.998	0	0	0.998	0	0	0	0	0	0	1.11	0	1	0	0	0	0	0	0	1	0	0	0	0	2	2	2	0	0	0	0	0	0	0	0	0	0	0	0	0	0	0	0	0	1	0	0	0	0	3	0	1	0	1	2	0	0	0	1	0
C5_01070C_A	C5_01070C_A	1	2	2	0	0	1	0	1	1	1	0	0	0	0	1	0	1	0	1	0	1	0	0	0	0	1.038	0	1	0	1	0	0	0	0	0	0	0	0	1	1	0	0	1	0	0	0	0	0	3.056	1	0	0	0	0	1.181	1	1.245	0	0	0
C5_01080C_A	GDS1	0	0	1	0	1.508	2	0	0	0	1	0	0	0	0	0	0	0	3	1	1	0	0	0	0.993	0.86	1	0	0	1	1	0	2	0	0	1	0	2	2	4	0	0	0	0	0	0	1	0	0	0	0	1	0	1	0	1	0	0	0	0	0
C5_01090C_A	C5_01090C_A	0	0	0	0	0	0	0	1	1	0	0	0	0	0	1	0	1	1	0	0	0	1	0	0	0	0	0	0	0	1.205	0	0	0	0	2	0	5	3	4	1	0	1	0	0	0	0	0	0	0	0	1.203	0	1	1.813	0	1	0	1	0	0
C5_01100C_A	CLN3	0	0	0	0	0	0	0	0	0	0	0	0	0	0	0	0	0	0	1	0	1	0	1	1	0	1	0	0	0	0	0	0	0	0	0	0	0	0	0	0	0	0	0	0	1	0	0	0	0	1	0	0	0	0	0	1	0	1	0	0
C5_01110W_A	C5_01110W_A	0	0	0	0	0	0	0	0	0	0	0	0	0	0	0	0	0	0	0	0	0	0	0	0	0	1	0	0	0	0	0	0	0	1	1	0	0	0	0	0	0	0	0	0	0	0	0	0	1	0	1	0	0	0	0	0	0	0	0	0
C5_01120W_A	C5_01120W_A	0	0	0.916	0	0	0	0	2.018	2	1.975	1	0	1	0	0	0	1	0	1	1	0	1	0	0	0	1	2	0	0	0	0	2	2	1	1	0	0	1	0.966	0	0	0	0	0.966	0	1	1	0.993	1.941	0	3	2.998	1	1	1	0	3	1	0	2
C5_01130W_A	CYC3	0	0	0	0	0	0	0	0	0	0	0	0	0	0	0	0	0	0	0	0	0	0	1	0	1.008	0	0	0	0	0	0	0	0	0	0	0	0	0	0	0	0	0	0	0	0	0	0	0	0	1	1	0	0	0	0	0	0	0	0	1
C5_01140C_A	C5_01140C_A	0	0	0	0	1	0	3.27	0	0	0	1	0	0	0	0	0	2	0	0	1	0	0	0	0	2	0	1	1	0	0	0	0	0	0	0	0	0	0	1	0	0	0	0	0	1	0	0	0	0	3.251	0	0	0	2	0	1.001	0	0	0	0
C5_01150C_A	C5_01150C_A	0	0	0	0	0	0	0	0	0	0	0	0	0	0	0	0	0	0	0	0	0	0	0	0	0	0	0	0	0	0	0	0	0	0	0	0	0	0	0	0	0	0	0	0	0	0	0	0	0	0	1	0	0	0	0	0	0	1	0	0
C5_01160C_A	C5_01160C_A	0	0	0	0	0	0	0	0	1	2	1	1	0	0	0	0	0	1	0	0	0	2	2	3	0	0	0	0	2	3	1	5	0	0	0	0	0	0	0	0	0	0	0	0	0	0	0	0	0	0	0	0	0	0	0	0	0	0	0	0
C5_01170W_A	ERF4	0	1	0	0	1	0	0	1	0	0	0	0	0	0	0	1	0	0	0	0	0	0	0	0	0.992	0	0	1	0	0	0	0	0	0	0	0	0	0	0	0	0	0	0	1	0	0	0	0	0	1	0	0	0	0	0	0	0	0	0	0
C5_01180W_A	PUS4	0	0	0	0	2	1	3	1	0	1	0	0	0	0	0	0	0	0	0	0	0	2	0	0	0	0	0.999	1	0	1	0	0	0	0	0	0	0	0	1	0	0	0	0	0	0	0	0	2	1	0	0	0	1	0	0	0	0	0	0	1
C5_01190W_A	C5_01190W_A	0	0	0	0	2	1	0	0	0	0	0	0	0	0	0	0	0	0	0	0	0	0	0	0	0	0	0	0	0	0	1	0	0	0	0	0	0	0	0	0	0	0	0	0	0	0	0	0	0	1	1	1	1	0	0	0	0	1	0	0
C5_01200W_A	POA1	0	0	0	0	0	0	0	0	0	0	0	0	1	0	0	0	0	0	0	0	2	1	1	3	1	0	1	0	0	0	0	0	0	0	0	0	0	0	0	0	0	0	0	0	1	2	0	0	0	0	0	0	0	0	0	0	0	0	0	0
C5_01210W_A	VPS1	0	0	1	0	1	0	1	0	0	0	0	0	0	0	0	0	2.175	3	6	3	0	0	0	0	2	1	0	1	0	1	1	0	0	0	1	1	0	0	0	2	0	0	1	0	0	1	0	0	0	0	1	0	0	0	1	0	1.826	0	1.363	0
C5_01220W_A	C5_01220W_A	0	0	0	0	0	0	1.027	1	0	1	0	0	0	0	0	0	1	0	0	0	0	1	2.034	0	0	1	0	0	0	0	0	1.523	0	1	1	0	0	0	0	0	0	0	0	0	0	0	2	1	0	0	0	1	1	1	0	2	0	4.922	1.296	1
C5_01230C_A	C5_01230C_A	0	0	0	0	0	0	0	0	3	0	0	1	0	0	0	0	0	0	0	0	0	0	0	0	1	0	0	0	0	0	0	1	0	0	0	0	0	0	0	0	0	1	0	0	0	0	0	0	0	0	0	0	0	0	0	0	0	0	0	0
C5_01240W_A	AUR1	0	0	0	0	1	2	2	0	0	0	0	0	0	0	0	0	0	1.024	0	0	0	0	0	0	1	0	0	0	1	1	0	0	1	0	0	0	1	2	0	1	0	0	0	0	0	0.915	0	0	0	1	0	1	1	1	1	0	0	0	0	0
C5_01250W_A	GPR1	0	0	0	0	0	2	0	3	0	1	1	0	1	0	2	1	1	1	3	1	1	0	0	1	1	0	3	1	2	0	0	2	2	2.391	2	0	1	0	0	0	1	0	0	0	0	0	1	0	1	1	0	1	1	0	0	0	1.067	3.144	3	2
C5_01260W_A	C5_01260W_A	0	0	0	0	0	0	0	1	0	0	1	1	0	0	0	0	0	1	0	0	0	0	0	0	1	1	0	0	1	0	0	1	0	0	0	0	0	1.063	1	1	0	0	0	0	0.997	0	0	0	0	0	1.171	0	1.002	0	0.984	0	0	0	0	2
C5_01270W_A	SGE1	4	6	4.002	4	0	0	0	0	0	1.404	0	0	0	0	0	0	0	1	0	0	0	1	0	0	0	2	0	0	0	0	0	0	0	0	0	0	0	0	0	0	0	1	0	0	0	0	0	0	5	2	0	0	0	0	0	0	0	1.214	2	0
C5_01280C_A	NUF2	0	2	1	0	0	1	0	0	0	0	0	1	0	0	0	0	0	0	0	0	0	0	0	0	0	0	0	0	0	0	1	0	0	2	2.627	0	0	0	0	0	0	0	0	0	0	0	1	0	1	0	2	0	1	2.001	2	0	1	1	1	1
C5_01290C_A	C5_01290C_A	0	0	0	1	0	0	0	0	0	0	0	0	1	0	0	0	0	0	0	1	0	0	0	0	0	1	0	0	1	0	2	0	0	0	0	0	0	0	0	0	0	0	0	0	0	0	0	0	0	0	0	0	0	0	1	0	0	0	0	1
C5_01300C_A	C5_01300C_A	0	0	0	0	1	0	0	0	0	0	0	0	1	0	1	0	0	0	0	0	0	0	1	0	0	1	0	1	0	0	0	1	0	0	0	0	0	0	0	0	0	0	0	0	0	0	0	0	1	0	1.053	0	0	0	0	0	1	0	0	0
C5_01310W_A	C5_01310W_A	0	0	0	0	0	0	0	0	0	0	0	1	0	0	0	0	0	0	0	0	0	0	0	0	0	1	0	0	0	0	0	1	0	0	0	0	0	0	0	0	0	0	0	0	0	1	0	0	0	0	0	0	0	0	0	0	0	0	1	1
C5_01320W_A	SNF1	0	0	0	0	2	0	2.001	0	0	0	0	1	0	0	0	0	0	0	0	0	0	0	0	0	0	2	0	0	0	0	1	0	1	0	0	0	0	0	0	0	0	0	0	0	0	1	0	0	0	0	0	0	0	0	0	1	0	0	0	0
C5_01330W_A	C5_01330W_A	0	1	1	0	0	1	0	0	0	0	0	0	0	1	0	1	0	0	0	0	0	1	0	1	0	1	0	1	0	1	0	0	0	0	0	0	1	1	0	1	0	0	0	0	2	2	0	1	1	1	1	2	1	0	0	1	1	1	0	0
C5_01340W_A	HST3	1	0	0	2	1	1	1	2	0	0	5	2	0.984	0	0	1	0	1	0	1	0	0	0	0	1	0	1	1	0	0	1	0	0	0	0	0	0	0	1.29	1	0	0	0	0	1	1	0	1	0	0	0	0	1	1	0	0.95	2	1	0	0
C5_01350W_A	C5_01350W_A	0	0	0	0	0	0	1.332	0	1	0	1	0	0	0	0	0	2	0	0	0	2	1	0	0	1	1	0	1	0	0	0	0	1.246	0	0	0	1	0	0	0	0	0	0	0	0	0	0	0	0	0	0	0	0	0	0	0	0	0	2	0
C5_01360W_A	CFL4	1	0	0	0	0	0	1	1	0	0	0	0	1	0.984	2	0	1	0	1	0	0	0	0	0	3.938	0	1	1.339	0	0	0	1	1	0	0	0	0	0	1	0	0	0	0	0	0	0	0	1.956	1	0	1	0	0	0	0	1	1.194	0	0	1
C5_01380W_A	CFL5	0	0	0	0	2	1	0	0	0	0	1.253	0	0	0	0	2	1	2	0	0	2	0	1	0	0	2.398	1	2	1	0	0	1	3	0	3	1	0	0	0	0	0	0	0	0	0	0	0	0	1	2.72	0	1	1.012	0	3	2.327	0	5.733	3	0
C5_01390C_A	SNM1	0	0	0	0	0	0	0	0	0	0	0	0	0	0	0	0	1	0	0	0	0	0	0	0	0	0	0.997	0	1	0	0	0	0	0	0	0	0	0	0	0	0	0	0	0	0	0	1	2	0	0	0	0	0	1	0	1	1	0	0.819	0
C5_01400W_A	SEF2	1.001	2	2	0	1	2	0	0	0	0	0	2	0	0	0	1	0	2	2.996	0	2	1	1	2	0	1	0	0	0	1	0	0	1	1	0	0	0	0	2	0	0	0	0	0	0	1	0	0	1	0	2.73	1.226	0	1	0	2.818	2	1	0	1.456
C5_01410C_A	C5_01410C_A	1	0	0	0	1.992	1	1.002	2	2	0	0	0	0	0	0	0	1	0	2	3	0	0	0.988	0	0	0	0	0	4	0	2.997	1	2	0	1.852	0	0	1.014	0	0	0	0	0	0	2	0	2	1	4	0	0	0	1	0	0	1	1.49	0	0	2
C5_01420W_A	C5_01420W_A	0	0	0	0	0	0	0	0	0	0	0	0	0	2	0	0	0	0	0	0	0	0	0	0	0	0	0	0	0	0	0	0	0	0	0	0	0	2	0	0	0	0	0	0	0	0	0	0	0	0	0	0	0	0	0	0	0	0	0	0
C5_01430C_A	C5_01430C_A	0	0	0	0	1	0	1	0	0	1	0	0	0	0	0	1	0	0	0	0	0	0	0	0	2	2	0	1	1	1.048	3	1	0	0	1	0	0	0	0	1	0	0	0	0	0	0.96	0	0	1	2	1	1	0	3	0.963	2	1	1.142	1.811	0
C5_01440C_A	PFA5	0	0	1	0	0	0	0	1	1	2	1	0	1	0	0	1	1	2	0	1	2	0	1	0	1	1	0	0	1	1	1	2	0	0	0	0	0	1	1	0	1	0	0.916	0	0	0	1	0	2.67	0	0	3	1	0	0	1	1	1	2.191	0
C5_01450W_A	PRC2	0	0	0	0	0	2	0	0	0	0	1	0	0	0	0	0	0	0	0	1	0	0	0	0	0	1	0	0	0	0	0	0	0	0	1	1	0	0	0	0	0	0	0	0	5	0	3	2	0	0	0	0	0	0	0	1	0	1	0	0
C5_01460W_A	YBL053	1	0	0	0	0	1	0	0	1	2	1	0	0	1	0	0	0	0	0	0	2	0	1	2	0	0	0	0	1	3	0	0	0	1	0	0	0	0	0	0	0	1	0	1	1	1	1	0	0	0	1.365	0	1	1	0	2	3.379	1	3	0
C5_01470C_A	C5_01470C_A	1	0	0	0	0	0	1	0	0	0	0	2	0	0	0	1	0	0	0	0	0	1	0	0	0	1	0	0	0	0	0	0	0	0	0	1	0	0	0	0	0	0	0	0	0	0	1	0	0	0	0	0	0	0	0	1	0	0	0	1
C5_01480W_A	FYV5	0	0	0	0	0	0	0	1	0	0	0	0	0	1	0	0	0	0	0	0	0	0	0	1	1	0	1	0	0	0	0	0	0	0	0	0	0	1	0	1	0	0	0	0	0	1	0	0	0	0	0	0	0	0	0	1	0	0	0	0
C5_01490C_A	C5_01490C_A	0	0	0	0	4	4.932	5	1	1.01	0	0	0	0	0	0	1	0	1	0	0	1	1	0	0	1	0	1	1	2	0	0	0	0	0	1	0	0	0	1	0	1.459	0	0	0	0	1	2	1	0	0	0	0	1	0	6	5	0	1.132	0	2
C5_01500C_A	ZCF20	0	0	0	1	0	0	3.709	0	2	2	1	0	0	0	0	1	1	0	1	2	1	0	2	0	1.998	1	0	0	1	1	0	0	1	0	0	1	0	0	1.195	0	0	0	0	0	2	1	1.273	1	1	0	2.298	0	0	1.044	1	3.087	1.509	3.803	2	1.369
C5_01510W_A	SMD3	0	0	0	0	0	0	0	1	0	1	0	0	0	0	0	0	0	0	0	0	1	4	1	1	0	0	0	0	0	0	0	0	0	0	0	0	0	0	0	0	0	0	0	0	0	0	0	0	0	0	0	0	0	0	0	0	0	0	0	0
C5_01520C_A	GLR1	0	0	0	0	0	0	0	0	0	0	0	0	2	3	1.013	2	0	0	0	0	0	0	0	0	0	0	0	0	0	0	0	0	0	0	0	0	1.708	0	0	0	0	1	0	0	0	0	0	0	0	0	0	0	0	0	0	0	0	0	2.183	0
C5_01530C_A	C5_01530C_A	0	0	0	0	0	1	0	0	0	0	0	0	0	0	2	0	0	0	0	0	0	1.313	0	0	0	1	1	0	0	0	0	0	0	0	0	0	1	0	1	0	0	1.839	0	1	0	0	1	0	0	0	0	0	0	0	0	0	0	0	0	1
C5_01540W_A	C5_01540W_A	0	0	0	0	0	0	0	0	0	0	0	0	0	0	0	0.716	0	0	0	0	0	0	0	0	0	0	0	0	1	0	1	0	1	0	0	0	0	0	0	0	0	0	0	0	0	0	0	0	0	0	0	0	2	0	1.998	0	0	0	0	0
C5_01550C_A	C5_01550C_A	0	0	0	0	1	3	1	1	0	0	0	0	0	0	0	0	0	0	0	0	0	0	0	0	0	1	0	0	0	0	0	0.898	0	0	0	0	0	0	0	0	0	0	0	0	0	0	0	1	0	0	0	0	1	1	1.002	0	1	0	0	0
C5_01560C_A	C5_01560C_A	0	0	0	0	0	3	0	0	0	0	0	1	0	0	0	0	0	0	0	0	0.741	0	0	0	3	0	1	0	0	0	0	1	0	0	0	1	2	3	0	1	0	0	0	0	0	1	1.832	0	1	0	0	0	0.903	0	0	0	0	0	0	0.805
C5_01570C_A	SPO1	0	1	2.114	0	1.001	2	1	2	1.3	2	2.01	0	1	1	1	1	1	0	1	0	0	0	2	0	2.652	0	1	1	0	1	0	1.267	0	0	0	0	1	0	0	0	0	0	0	1	2	0	1	0	2	0	0	3	0	1.07	1.749	0	1	5.138	1	3
C5_01580C_A	CEF3	2	6	5	2	0	0	3.907	1	2	1	1	3	0	1	0	0	2	1	4.153	3	5	5	8.939	5	1	0.999	0	0	2	2	2	0	0	1	0	0	1	1	2	0	0	0	0	0	2	2	1	5	0	0	0	1	6	4	3	5	0	0	0	0
C5_01590W_A	C5_01590W_A	0	0	0	0	1	1	0	1	1.07	1	4	3	0	1	0	0	0	1	2	2	1	1	1	0	0	0	1	2	0	2	0	2	3.999	1	2	0	0	0	0	0	1	0	0	0	1	1	4	1	0	0	0	1	2	2	0	1.612	2.088	1	1.202	2
C5_01600C_A	SPB4	2	0	0	0	0	1	3	3	0	0	0	0	1	1	2	0	1	0	2.001	1	0	0	1	0	1	0	0	0	4.013	0	1	4.804	2	1	0	0	0	0	0	1	0	0	1	0	0	0	0	0	0	1.99	2	2	2	1	1.003	0	0	1.374	0	2
C5_01610W_A	C5_01610W_A	5	2	4.009	3	2	6	6	4	3	5.003	5	3	4	3	4	2	5	4	5	3.01	3	3	1	1	3	6	11	7	4	4	4	4	3	5	8	6	2	7	3	3	4	1	0	1	2	1	3	1	7	7	5	3	11	7	3	10	13.155	8	6.752	9.565
C5_01620C_A	VPS22	0	0	0	1	1	0	0	0	1	1.533	1	0	0	0	0	0	0	0	0	0	0	0	0	0	1	1	3	2	0	0	1.398	0	0	0	0	1	0	0	0	0	0	0	0	0	0	0	0	0	0	0	0	1	0	0	0	1	0	0	0	0
C5_01640W_A	MAS2	0	0	1	0	0	1	0	0	0	0	0	0	0	1	0	0	0	0	1	0	0	0	2	0	0	0	2	0	4	4	9	5	0	0	0	0	0	1	2	2	0	0	0	0	0	0	0	0	0	0	1	0	0	0	0	0	0	0	2.677	0
C5_01650C_A	MYO1	2	2.57	0	1	2.002	2.54	1.018	3	0	0	2	0	2	2	3	2.095	0	2	1	1.003	0	3	1	3.573	2	4.878	3.851	0	1.999	2	0	1.184	0	0	1	1	3	0	0	3	0	0	0	0	2	2	1	2.102	1.29	0	2.251	0	3	1.008	4.421	4.318	2.348	1.433	2	3.29
C5_01670W_A	DAL52	0	0	0	1	0	0.842	0	1	1	0	0	0	0	0	0	0	1	1	1	0	0	0	0	0	0	1	1.254	1.658	0	0	0	1	0	0	0	0	0	2	0	0	1	0	0	0	0	0	0	0	1	0	1.081	0	0	1.122	1	0	1	3	0	0
C5_01680C_A	CCN1	0	1.171	0	0	0	0	0	0	1	0	0	0	0	0	0	0	1	0	1	0	1	0	0	0	1	0.958	0	0	2.001	0	0	0	0	1.048	0	0	0	1.108	0	0	0	0	0	1	0	2	2.132	1	0	0	1	0	4	0	0	2	0	1	1	0
C5_01690C_A	CCT7	0	0	0	0	0	2	2.277	0	1	0	4	3	0	0	0	0	0	0	1	0	1.998	0	0	1	1	0	1	0	0	0	0	0	0	0	1	1	0	0	1.001	0	1	0	0	0	0	0	1	0	1	2	0	0	0	0	2	0	2.57	2	0	3.581
C5_01700W_A	C5_01700W_A	0	0	0	0	0	0	0	0	0	1	0	0	0	0	0	0	0	0	0	0	0	0	0	0	0	1	0	0	0	0	0	0	0	0	0	0	0	0	0	0	0	0	0	0	0	0	0	0	0	0	0	0	1	0	2	2.002	0	0	1	1
C5_01710C_A	C5_01710C_A	0	0	0	0	1	1.001	0	2.746	0	0	0	0	0	0	0	1	0	0	2	1	1.001	0	1	0	1	0	2	0	1.015	3.155	1	0	0	0	0	0	0	0	1.086	0	1	0	0	0	0	1	0	0	1.248	0	0	0	2	1	1	0	0	0	1.769	3
C5_01720C_A	RCY1	0	0	0	0	0.998	0	0	0	0	0	1	0	0	0	0	0	0	0	1	0	0	0	1	0	0	0	1	0	2	0	1	1	1.001	1	0	0	0	0	0	0	2	0	0	0	1	2	1	0	1.716	0	0	1.134	0	0	1	0	0	1.466	2.279	1.527
C5_01730W_A	C5_01730W_A	0	0	1	0	3.995	1	1	0	0	1	2	0	0	0	1	0	0	0	0	0	0	1	0	0	1.997	0	1	1	3	4	1	1	1.147	1	0	0	0	0	0	0	0	0	0	0	0	0	0	0	0	0	0	0	1	2	1	0	1.403	0	0	0
C5_01740C_A	MTLA1	0	0	1.007	0	0	0	0.999	0	1	0	0	1	0	1	0	0	0	0	0	0	0	0	0	0	0	0	0	0	0	0	0	0	0	0	0	0	0	0	0	0	0	0	0	0	0	1	2	1	0	0	0	0	0	0	0	0	0	0	0	0
C5_01750C_A	MTLA2	0	0	0	1	0	0	0	0	1	0	1	0	0	0	0	1	0	0	0	0	0	0	0	0	0	0	0	0	2	1.899	1	0	0	0	0	0	0	0	0	0	0	0	0	0	0	0	0	0.952	0	0	0	0	1	0	1	2	0	0	0	0
C5_01760C_A	PIKA	1	0	1	0	2	2	2	0	0	1.166	0	0	0	0	0	4	2	1	2.325	1	2	1	1	0	2	0	1	0	0	0	1	0	0	1	0	0	0	0	0	0	0	0	0	0	0	0.998	1	0	2.523	0	0	1	2	2.018	0	1	2	2.743	1.571	1
C5_01770C_A	OBPA	0	0	0	0	0	0	0	0	0	0	0	0	0	0	0	1	0	0	0	0	0	0	0	0	0	1	0	1.422	1	0	0	0	0	0	1	0	0	0	0	0	0	3	0	0	0	0	0	0	1	0	0	1	0	1	2	1	0	1	1	2
C5_01780W_A	PAP1	2	1	0	0	0	0	1	0	2	4	0	2	0	0	0	0	1	0	0	0	0	0	0	1	1	1.839	1	0	0	0	0	2	0	1	0	0	1.156	0	0	0	2	0	1	0	0	3	2	1	1.945	1	1	0	0	1	0	0	2	2	1	0
C5_01790C_A	C5_01790C_A	8	6	4	1	10	10	5	11	5	7	4	5	7	4	5	4	6	10	8	4	6	2	13	11	10	6	10	9	13.043	7	6	10	11	8	8	7	7	5	5	2	5	5	1	1	7	5	1	1	10	12	4	11	10	13	15	23	24	12	11	14
C5_01800C_A	HIP1	1	0	0	0	0	2	0	1	1	0	0	0	0	0	0	0	6	3	3	7	0	2	1	0	0	0	0	1	0	0	1	0	0	1	0	0	1.087	0	0	2	0	0	0	0	0	0	0	0	1.407	0	0	0	1	1	1.998	0	0	1	0	2
C5_01810W_A	FCR3	0	0	0	0	0	1	0	0	0	0	0	0	1	0	0	0	0	0	0	0	0	0	0	0	0	0	0	0	0	0	0	0	0	0	0	0	1	0	0	0	0	0	0	0	0	0	0	0	0	0	1	0	1.026	0	1	4.096	1	0	0	0
C5_01820W_A	STI1	0	0	1	0	1.003	0	0	0	0	0	0	1	1	1	1	0	1	1	0	0	0	0	0	0	0	1	0	1	0	0	0	0	5	5.91	7	6.001	0	1	0	1	0	0	0	0	0	0	0	0	1	0	0	0	0	0	0	0	1	0	0	0
C5_01830C_A	HAL9	1	1	0	1	0	0	1	2.999	0	3.001	3	2	3.395	0	1	0	1	2	0	0	0	3	2	0	0	7	3.026	6	3	3	4	0	0	0	1.994	2	1	1	0	2.688	1	0	0	0	0	1	0	2	2.039	2	2	1	2	1	0	0	6.135	2.021	4.063	1.078
C5_01840C_A	TAC1	0	1	0	1	0	1.03	1	0	0	0	0	2	2	0	0	0	0	3	1	0	1.006	0	0	2	2.113	0	2	1	4	0	1	1.176	2	1	0	1	1	0	0	0	0	0	0	0	0	1	3	1	1.586	1.826	1	0	2	0	1	4.733	3	1	1	1.124
C5_01850C_A	ZNC1	0	0	0	1.139	1	0	1	1	0	0	0	2	0	1	1	0	1	1	2	0	0	0	0	0	1	0	0	1	2	0	0	1	0	0	1	2	0	0	0	0	0	0	0	0	0	0	1	0	0	0	0	2.539	0	0	1	0.999	2	0	0	2.388
C5_01860W_A	C5_01860W_A	0	0	1	1	1	0	0	1	0	0	0	0	1	0	0	0	0	0	0	0	0	0	0	0	0	1	0	0	0	0	1	1	0	0	0	0	0	0	0	0	0	0	0	0	0	0	0	0.971	2	0	0	1	0.999	0	0	0	0	0	1	1
C5_01870W_A	C5_01870W_A	0	0	1.444	0	0	0	0	0	2	0	0	0	0	0	0	1	0	0	1	0	1	0.999	0	0	2	2.98	1	1.009	0	0	1	0	2	1	2	0	0	0	0	0	0	0	0	0	0	1	1	0	1	0	0	0	0	0	0	0	1.174	0	1	0
C5_01880C_A	C5_01880C_A	0	0	0	0	0	0	0	0	0	0	0	1	0	0	0	0	0	0	0	0	0	0	0	0	0	0	0	0	0	0	0	0	0	0	0	0	0	0	0	0	0	0	0	0	0	0	0	0	0	0	0	0	1	0	0	0	0	0	0	0
C5_01890W_A	C5_01890W_A	1	0	0	0	0	0	0	0	0	0	1	0	0	0	0	0	0	0	0	0	0	0	0	0	0	0	0	0	0	0	0	0	0	0	0	1	0	0	0	0	0	0	0	0	0	0	0	0	0	1	1.868	0	0	3	4	1	0	0	0	0
C5_01900C_A	C5_01900C_A	0	0	0	0	3	2	0	3	0	0	0	0	0	0	0	1	0	0	0	0	0	0	0	0	0	0	0	0	0	0	0	2	0	0	0	0	0	0	0	0	0	0	0	0	0	0	0	0	0	0	0	0	0	0	0	0	0	0	0	0
C5_01910W_A	GIS2	0	0	0	0	0	0	1	0	0	0	0	0	0	1	0	0	0	0	0	0	0	0	1	0	0	0	1	0	0	0	0	0	0	0	0	0	0	0	0	0	0	0	0	0	0	0	0	0	0	0	0	0	0	1	0	0	0	0	0	0
C5_01920C_A	C5_01920C_A	1	0	0	0	0	0	0	0	0	1	0	0	0	0	0	1	0	5	2	0	0	0	0	0	1	2	2	1	0	1.474	1	0	0	0	1	2	0	0	0	0	0	0	0	0	0	0	0	0	0	1.388	0	0	0	0	0	1	0	0	0	1
C5_01930W_A	C5_01930W_A	1	0	0	1	0	1	1	0	0	0	0	0	0	0	0	0	0	0	0	0	0	1	0	0	1.005	0	0	0	0	0	0	0	0	0	0	0	0	0	0	0	0	0	1	1	0	0	0	1	0	0	0	0	0	0	2	0	2.718	0	0	3.929
C5_01940W_A	C5_01940W_A	0	0	0	0	0	0	1	0	0	1	0	1	0	0	0	0	0	0	1	0	0	0	0	1	0	0	1	0	0	1	0	1.064	0	0	0	1	0	0	0	1	0	0	0	0	0	0	0	0	0	0	0	0	0	0	0	1.013	0	0	0	0
C5_01950C_A	RIM21	0	0	0	0	0	1	0	0	0	0	0	1	0	0	0	0	1	0	0	1	0	0	0	0	1	1	2.282	0	0	0	0	0	0	0	1	0	1	0	0	0	0	0	0	0	1.03	1	0	0	3.875	0	0	1	1	2.342	0	0	1	1.394	0	0
C5_01960C_A	C5_01960C_A	0	0	0	0	0	0	0	0	1	0	0	0	0	0	0	0	0	0	0	0	0	0	0	0	0	1.029	0	1	0	0	1	1	0	0	1	0	0	0	0	0	0	0	0	0	0	0	2	0	0	0	0	0	1	1	0	2	0	0	0	1.289
C5_01970C_A	CDC24	0	0	0	0	0	2	1.003	0	2	0	0	0	0	0	0	0	1	0	0	0	0	0	1	0	0	0	0	0	0	4	1	1	0	0	0	0	0	0	0	0	0	0	0	0	0	0	0	0	0	3	2	0	0	0	1	0	1	1.108	0	0
C5_01980C_A	C5_01980C_A	0	0	0	0	0	0	1	0	0	0	0	1	0	0	0	0	0	0	0	0	0	0	0	0	0	0	0	0	0	0	0	0	0	0	0	0	0	0	0	0	0	0	0	0	2	0	0	0	1	0	0	0	0	0	1	1	0	0	0	1
C5_01990W_A	C5_01990W_A	0	0	0	0	0	0	0	0	0	0	0	0	0	0	0	0	0	0	0	0	0	0	0	0	0	0	0	0	0	0	0	0	0	0	0	0	0	0	0	0	0	0	0	0	0	0	0	0	0	0	0	0	0	0	0	0	0	0	0	0
C5_02000C_A	ACH1	0	0	0	0	1	0	1	0	2	1	2.001	0	1	0	0	0	10	4	5	3	4	5	1	2	2	0	1	0	0	0	1	1	0	0	0	0	0	1	1	0	0	0	0	0	1	4	1	1	0	0	0	0	1	0	0	0	0	0	2	0
C5_02010C_A	C5_02010C_A	0	0	0	0	1	0	0	0	0	0	1	0	0	0	0	0	0	0	1	0	0	1	0	0	3.223	0	0	0	0	0	0	0	0	0	0	2	0	0	1	0	0	0	0	0	2	0	0	1	0	0	0	1.815	0	0	1	0	1	0	1.095	0
C5_02020C_A	C5_02020C_A	0	0	0	0	0	0	0	0	1	1	0	1	0	0	0	0	0	0	0	0	0	0	0	1	0	0	0	0	0	1	0	0	0	1	0	0	0	0	0	0	0	1	0	0	0	0	2	0	0	1	0	0	0	0	0	0	0	0	0	0
C5_02030W_A	RPN8	0	0	0	0	0	0	0	0	0	0	1	0	0	0	0	0	0	0	0	1	3	4	3	4	0	0	0	0	1	0	1	0	3	3	3	3	0	0	0	0	0	0	0	0	0	0	0	0	0	0	0	0	0	0	0	0	0	3.743	0	2.013
C5_02040W_A	C5_02040W_A	0	0	0	0	1	0	0	0	0	0	1	0	0	0	0	0	0	0	0	1	0	1	0	0	0	2	0	1	1	1	0	0	0	0	0	0	0	2	0	0	0	0	0	0	0	0	0	0	0	1	0	0	2	3.651	1	1	2	0	0	0
C5_02050W_A	C5_02050W_A	0	2	1	0	3	1	2.011	2	1	0	1	0	0	0	2	1	0	1	1.121	2	2	3	3	2	4.756	1	2.88	2.295	3	1	3	0	0	1	2	1	0	0	0	0	0	1	0	0	1	2	1	0	2	2.02	1	2.346	1.006	2	5	0	0	0	2	6.41
C5_02060W_A	C5_02060W_A	0	0	0	0	0	1	0	0	0	0	0	0	1	0	0	0	0	0	0	0	0	0	0	0	0	0	0	2	0	1	0	0	0	0	0	1	0	0	1	1	0	0	0	0	0	0	0	0	0	0	0	0	1.578	0	0	0	1.819	0	0	2
C5_02070C_A	ESF2	0	0	0	0	1	0	1	1	0	0	0	0	0	0	0	0	0	1	0	0	0	0	0	0	0	0	0	3	0	0	0	2	1	0	0	0	0	0	0	0	0	0	0	0	2	0	0	2	0	0	1	0	0	3	1	0	0	0	0	0
C5_02080C_A	HSP12	0	0	0	0	0	0	0	0	0	0	0	0	0	0	0	0	2	4	6	2	0	0	0	0	0	0	0	0	0	0	0	0	1	0	0	0	0	0	0	0	0	0	0	0.5	0	1	0	0	0	0	0.5	0	0	0	0	0.5	0	0.5	0	0
C5_02090W_A	C5_02090W_A	0	0	0	0	1	0	0	0	0	0	0	0	0	0	0	0	0	0	0	0	0	0	0	0	0	0	0	0	0	0	1	0	0	0	0	0	0	0	0	1	0	0	0	0	0	0	0	0	0	0	0	0	0	0	0	0	2	0	0	0
C5_02110W_A	C5_02110W_A	0	0	0	0	0	0	0	0	0	0	0	0	0	0	0	0	0	0	0	0	0	0	0	0	0	0	0	0	0	0	0	0	0	0	0	0	0	0	0	0	0	0	0	0.5	0	0	0	0	0	0	0.5	0	0	0	0	0.5	0	0.5	0	0
C5_02120C_A	RIX7	0	0	0	0	0	0	0	1.994	0	2	0	1	0	0	0	0	0.856	1	0	1	0	0	0	0	0	0	0	1	0	3	0	0	1	0	0	0	1	0	0	0	0	0	0	0	0	0	0	0	0	0	0	0	1	1.014	2.042	2.079	1	0	0	2
C5_02130W_A	C5_02130W_A	0	0	0	0	0	0	0	0	0	0	0	0	0	0	0	0	0	0	0	0	0	0	0	0	0	0	0	0	0	0	0.763	0	0	0	0	0	0	0	0	0	0	0	0	0	0	0	0	0	0	0	0	0	0	0	0	0	0	0	0	0
C5_02140C_A	C5_02140C_A	0	0	0	0	0	0	0	0	0	0	0	0	0	0	0	0	0	0	0	1	0	0	1	0	0	0	0	0	0	0	0	1	0	0	0	0	1	0	0	0	0	0	0	0	0	0	0	1	0	0	0	0	0	0	0	0	0	1	0	0
C5_02150C_A	ORC4	0	1	1	0	0	1.141	0	0	1	0	1	0	1	0	0	1	0	0	0	0	0	0	0	1	0	0	1	0.984	4.806	6	3	2	1	0	0	0	1	0	0	0	0	0	0	0	0	1	0	0	0	1	1	1	0	0	0	0	2	0	0	0
C5_02160W_A	SST2	0	0	0	0	1.425	0	0	1	2	0	1	0	0	1	0	1	1	1	0	0	0	0	0	1	0	0	0	1	0	0	0	0	0	0	0	0	0	0	0	0	0	0	0	0	0	0	2	0	1	1	0	0	0	3	4	0	0	1	0	3.391
C5_02170C_A	GCD11	0	0	0	0	0	0	1	1	0	1	0	1	0	0	1	0	0	0	0	0	0	0	0	0	0	0	0	0	1	0	0	0	0	0	0	0	0	0	0	0	0	0	0	0	0	0	0	0	2	1	0	0	0	0	0	0	1	0	0	0
C5_02180C_A	LEU3	0	0	0	0	0	0	0	1	1	0	1	0	0	0	0	1.997	0	0	0	0	0	1	0	1	1.2	2	2	1	0	0	0	2	0	0	0	2	0	0	0	0	0	0	0	0	0	1	0	0	2	0	0	1	0	1.202	1	0	0	1.173	1	3.702
C5_02190C_A	C5_02190C_A	0	0	0	0	0	0	0	0	0	0	0	1	0	0	0	0	0	0	0	0	0	0	0	0	0	0	0	0	0	0	0	0	0	0	0	0	0	0	0	0	0	0	0	0	0	0	0	0	0	0	0	0	0	0	0	0	1	0	0	0
C5_02200W_A	C5_02200W_A	0	0.981	0	0	1	1	0	0	0	0	0	0	1	0	0	0	0	0	0	0	0	0	0	0	1.001	0	1	0	0	0	0	1	0	1	0	0	0	1	1	0	0	0	0	0	0	0	0	0	0	0	0	1	0	0	0	0	0	0	2	0
C5_02210W_A	C5_02210W_A	0	0	0	1	0	1	0	1	0	0	0	0	1	0	0	0	0	0	1	0	1	0	0	1	1	0	0	1	1	2	1	0	1	0	0	1	0	1	0	0	0	0	0	0	0	1	0	0	0	0	1	1	0	0	0	0	0	1	1	0
C5_02220C_A	C5_02220C_A	0	0	0	0	0	0	0	0	0	0	0	0	0	0	1	0	0	0	0	1	0	0	0	0	0	0	0	0	0	0	0	1	0	0	0	0	0	0	0	0	0	0	0	0	0	0	0	0	0	0	0	1	0	0	0	0	1	0	0	0
C5_02230W_A	C5_02230W_A	0	0	1.055	0	1	3	2	4	0	0	0	0	0	0	0	0	0	0	0	0	0	0	1	0	0	0	0	0	0	0	0	0	0	0	1	0	0	0	0	0	0	0	0	0	0	1	1	0	1	0	0	0	4	0	0	2	1.207	0	0	0
C5_02240W_A	PTH2	0	0	0	0	0	0	0.962	0	0	0	0	0	0	1	0	0	0	0	1	0	0	0	0	0	1	2	0	1	0	0	0	0	0	1	0	1	0	0	0	0	0	0	0	0	0	1	0	0	0	0	0	0	0	0	0	0	0	0	0	0
C5_02260C_A	PTH1	8	5	2	5	0	0	0	0	0	0	0	1	0	0	0	0	0	0	1	1	1	0	0	0	1	0	1	0	0	0	0	0	1	0	0	0	0	0	0	0	0	0	1	0	1	0	0	0	0	0	0	0	0	1	1	0	0	0	0	0
C5_02270W_A	THR4	0	0	1	0	0	1	1	0	0	0	0	0	0	0	0	0	0	0	0	0	0	1	0	0	0	0	0	0	0	0	0	0	0	1	0	0	0	0	0	0	0	0	0	0	0	0	0	0	0	0	1	0	0	0	0	0	0	0	0	1
C5_02280C_A	CTR86	0	0	0	0	0	0	1	2	1	0	0	0	0	0	0	0	0	0	0	0	0	0	0	0	1	0.986	0	0	0	1	0	0	0	0	0	0	0	0	0	0	0	0	0	0	1	0	0	0	1.026	0	0	0	0	0.957	1	1	0	0	1	0
C5_02290W_A	PDE1	1	0	0	0	1	0	0	0.796	0	0	0	0	0	0	0	0	1	0	0	0	1	0	0	0	0	3.96	1	3	0	0	0	0	1	0	1	1.001	0	0	0	0	0	0	1	0	0	1	0	0	1	0	0	0	0	0	1	2	0	0	0	1
C5_02300C_A	RET2	2	1	3	2	0	1	0	0	0	0	1	0	0	1	0	1	1	1	0	2	1	0	0	0	0	0	0	0	2	0	0	1	1	1	0	0	0	0	0	1	0	0	0	0	2	1	1	3	1.739	0	0	0	0	1	0	0	0	1.362	0	2.196
C5_02310C_A	C5_02310C_A	1	0	0	0	0	1	0	1.461	0	0	0	3	0	1	0	0	0	0	0	0	1	1	0	0	0	1	0	1.038	0	0	0	0	0	0	1	0	0	1	0	0	0	0	0	0	0	1	1.271	0	0	0	0	0	0	0	0	1	0	0	1.031	0
C5_02320C_A	C5_02320C_A	0	0	0	0	5	1	2	2	0	0	0	1	0	0	0	0	5	4	1	1	1	1	0	0	1	0	0	0	0	0	0	0	0	0	0	0	0	0	1	0	1	0	0	0	0	1	0	0	0	0	0	2	1	0	0	0	0	0	0.956	0
C5_02330W_A	C5_02330W_A	0	0	0	0	2	0	0	0.998	0	1	0	0	0	0	0	0	0	0	0	0	0	0	0	1	0	0	0	0	0	0	0	0	0	0	0	0	0	0	0	0	0	0	0	0	0	2	0	0	0	0	0	0	0	0	1	0	1	0	0	0.899
C5_02340C_A	CST20	0	0	0	0	0	1	0	0	1	0	0	0	0	0	0	0	0	0	0	0	1	2	4	5	1.028	1.331	2	0	0	1	0	1.046	0	0	0	0	3	0	1	0	0	0	1	0	1.003	0	3	0	0	0	1.113	2	2.997	0	1	0	0	3.18	0	0
C5_02350C_A	C5_02350C_A	0	0	0	0	2.773	0	0	1	0	0	0	0	0	0	0	0	0	0	0	0	0	0	0	0	1	1	0	1	1	1	1	0	0	0	0	0	0	0	0	0	0	0	0	0	2	0	0	0	0	2	0	1	1	1	0	0	0	0	0	1.535
C5_02360C_A	C5_02360C_A	0	0	0	0	0	0	0	0	0	0	0	0	0	0	0	0	0	0	0	0	0	0	0	0	0	0	0.714	0	1	0	0	0	0	0	0	0	0	0	0	0	0	0	0	0	0	0	0	0	0	0	0	0	1	1	4	3	0	0	0	1
C5_02370C_A	C5_02370C_A	0	0	0	0	0	0	1	0	0	0	0	0	0	0	1	1	0	0	0	0	1	1	0	0	0	1	0	0	0	0	1.999	0	0	0	0	0	1	0	0	0	0	0	0	0	0	0	0	0	0	0	0	0	1.021	0	0	0	0	0	2	2
C5_02380W_A	C5_02380W_A	0	0	0	0	0.953	1	0	1	1	2	1	3	0	0	1	0	0	1	0	0	0	0	0	0	4	5.363	10	9	0	0	0	1	1	0	0	0	2	0	2	1	0	0	0	0	0	0	0	1	0	1	0	1	1	2	1	1	0	0	0	1
C5_02390C_A	C5_02390C_A	0	0	0	0	0	0	0	1	0	0	0	0	0	0	0.975	0	0	0	0.874	0	0	0	0	0	0	0	0	0	0	0	0	0	1	0	0	0	1	0	0	1	0	0	1	0	0	0	1	0	1.231	0	0	0	1	0	0	0	0	1	0	0
C5_02400W_A	C5_02400W_A	0	0	0	0	0	0	0	0	1	1	1	0	0	0	0	0	0	1	0	0	0	0	0	1	0	0	0	1	0	0	0	0	0	2	0	0	0	0	0	0	0	0	0	0	1	0	0	0	0	0	0	0	1	0	0	0	0	0	0	1
C5_02410C_A	C5_02410C_A	0	0	0	0	0	0	0	0	0	0	0	0	0	0	0	0	0	0	0	0	0	0	1	0	1	0	0	0	0	0	0	0	0	0	0	0	0	0	0	0	0	0	0	0	0	0	0	0	0	0	0	0	0	0	0	0	0	0	0	0
C5_02430W_A	ZCF22	0	0	0	0	1	2.996	1	0	1	2	0	1	0	0	2	0	0	0	0	0	0	0	1	0	0	0	1	0	0	2	1	0	0	0	0	0	0	0	0	0	0	0	1	0	1	0	0	0	0	1	0	0	1	0	0	0	0	0	0	0
C5_02440C_A	BUD32	0	0	0	0	0	0	0	0	0	0	0	0	0	0	0	0	0	0	0	0	0	0	0	0	1	1	1	1	1	0	0	0	0	1	0	0	0	0	0	0	0	0	0	0	0	0	0	0	0	0	0	0	0	2	2	0	0	0	0	0
C5_02450W_A	C5_02450W_A	0	0	0	1	0	0	0	0	0	0	0	0	0	0	0	0	0	0	0	0	0	0	1	0	1	0	0	1	0	1.335	1	0	0	2.341	2	0	0	2	0	0	0	0	0	0	0	0	0	0	1	0	0	0	0	0	2	0	1	0	0	1
C5_02460C_A	ECM331	0	0	0	0	0	0	2	0	0	0	0	0	0	0	0	0	0	0	0	0	0	0	0	1	0	0	0	1	1	0	0	0	0	0	0	0	0	0	0	0	0	0	0	0	0	0	0	0	1	0	0	0	0	0	0	0	0	0	0	0
C5_02470W_A	INT1	1	1	1	1	2	0	2.001	0	1.015	1	0	0	0	0	1	0	8.87	4	4	2	1	0	0	0	3	1	1	0	0	1	2.321	0	3	2	5	6	0	0	3	2	0	0	0	0	2	0	1.042	2	3	1.073	2.147	4	0	0	1	0	2.181	0	2.254	3.559
C5_02480W_A	FIP1	0	0	0	0	0.668	0	0.973	0	0	0	0	0	0	0	0	0	0	0	0	0	1	0	0	0	0	0	0	1	0	0	0	0	0	0	0	0	0	0	0	0	0	0	0	0	0	0	1	0	0	0	0	0	0	0	0	1	0	0	0	0
C5_02490C_A	TIF5	1	0	0	0	0	0	1.067	0	0	0	1	0	3	2	0	3	0	0	0	0	0	0	0	0	2	1	0	0	1	1	0	1.209	0	1.006	0	0	0	0	0	0	0	0	2	0	1	1	0.994	0	0	0	3.346	0	1	1	1	3.456	0	0	0	2
C5_02500C_A	C5_02500C_A	0	0	0	0	0	0	0	1	0	0	0	0	0	0	0	0	0	0	0	0	1	1	0	0	0	1	0	0	0	0	0	0	0	1	0	0	1	0	0	0	0	0	0	0	0	0	0	1	2.809	0	1.233	0.882	0	1	0	1	0	0	0	1
C5_02510C_A	C5_02510C_A	0	0	0	0	0	1	0	0	0	0	0	0	1	0	0	0	0	0	0	0	0	0	0	1	0	0	0	0	0	0	0	0	0	0	1	0	0	0	0	0	0	0	0	1	0	0	0	0	0	0	0	0	0	0	1	0	0	0	0	0
C5_02520W_A	C5_02520W_A	0	0	1	0	0	0	0	0	1	0	0	0	0	0	1	1	0	0	0	0	0	0	0	0	0	0	0	2	0	0	0	1.461	0	0	1	1.68	0	1	0	0	0	0	0	0	2	2	1	2.002	0	1	0	0	0	0	0	2	0	0	1.263	0
C5_02530W_A	UAP1	1.18	0	0	0	1	0	0	0	1	0	0	0	0	1	0	0	0	0	0	1	0	0	1	1.498	3	2	2	4	0	1	1	1	0	0	0	0	0	1	2	2	0	0	0	0	0	0	0	0	0	0	0	2.866	1	0	0	0	1	0	0	1
C5_02540C_A	SPR28	0	0	0	0	0	0	0	0	0	0	0	0	0	0	0	0	0	0	0	0	0	1	0	1	0	1	0	0	0	0	0	0	0	0	0	0	0	0	0	0	0	0	0	0	0	0	0	0	1	0	0	1	0	0	0	0	0	1	0	0
C5_02550C_A	UTP13	1	1	2	0	2	1	0	1	0	0	0	0	1.001	0	2	1	0	0	0	1	0	0.987	0	0	0	0	0	1	1	0.952	0	0	0	0	1	1	2	0	0	0	0	0	0	0	0	0	0	0	1	3	0	0	3	2	0	1	2	0	4.182	0
C5_02560C_A	C5_02560C_A	1	1	0	1	1.253	0	0	1	0	0	0	0.847	0	0	0	0	0	0	0	0	0	0	0	0	0	1.366	1	0	0	0	0	0	1	1	0	0	1	1	0	0	0	0	0	0	0	0	1	0	1.528	2.468	1	1.916	2.998	0	0	0	0	0	0	0
C5_02570W_A	MNN13	1.404	0	0	0	2	1	0	0	0	1	0	0	0	0	0	0	0	0	0	0	0	0	0	0	0	3	1	0	2	1	3	1	0	0	2	0	0	0	0	0	0	0	0	0	1	0	1	0	0	0	0	3.877	1	0	1.003	0	2	1	1	0
C5_02580W_A	C5_02580W_A	0	0	0	1	0.894	0	0	0	9	4	7	2	0	0	0	0	0	0	0	0	0	0	0	0	0	1	0	0	0	0	1	1	0	0	0	0	0	0	0	0	0	0	0	0	0	0	0	0	0	0	0	0	2	4	2	1	1	0	0	0
C5_02590C_A	C5_02590C_A	0	0	1	0	1	0	2	2	2	1	1	1.653	1	0	0	0	1	1	0	0	4.007	0	2	2.856	3	3	0	3.272	0	0	1	0	1.805	0	1	2	1	0	1	1	0	1	0	1	0	1	1	2	1.219	3.809	4.911	0	2	2.008	0	1.916	1	2.378	4	1.699
C5_02600W_A	PUT1	0	0	1	0	2	0	0	1	0	0	0	1	0	0	1	1	2	0	0.949	0.971	0	0	1	1	0	2	1	2.685	0	0	1	0	0	1	0	1	0	0	0	0	0	0	0	0	0	0	0	0	2.969	0	0	2.804	2	0	1.985	1	2.837	0	1.962	0
C5_02610C_A	RAD9	0	0	0	1.999	2	0	2.075	3	3	1.005	2	0	0	1	0	1.09	3.089	1.999	0	0	0	0.998	1.244	2	6	7	8.719	9	2.836	0	0	2	2	3	0	2	0	0	0	0	1.869	0	0	0	0	1	0	2	2.166	1.211	0	2	3	0	0	3.542	7	3	1.255	5
C5_02620C_A	C5_02620C_A	0	0	1.165	0	0	0	0	1	1	0	0	2	0	0	1	0	0	0	0	0	5	1	3	1	0	0	0	1	1	0	0	1	3	1	2	2	0	2	0	0	0	1	0	0	1	0	0	0	0	0	0	1	0	0	0	3	0	0	1	0
C5_02630C_A	MNN1	1	1.992	0	0	1	0	1	0	1	0	0	0	0	0	0	0	1	3	4	1	0	1	0	0	0	0	2.912	0.998	4	0	0	0	0	0	1	1	0	0	0	0	0	0	0	0	0	0	0	0	1	1.577	1	3.406	0	0	1.015	3	4.789	0	2.091	1.347
C5_02640W_A	C5_02640W_A	0	0	0	0	0	0	0	0	1	0	0	0	1	0	0	0	0	0	0	0	0	0	0	0	0	0	0	0	0	0	0	0	0	0	0	0	0	0	0	0	0	0	0	0	0	0	0	0	1	0	0	0	0	0	0	0	0	0	0	0
C5_02650C_A	IFH1	2	1	0	0	1	3	0	0	0	1	0	0	0	1	0	0	0	0	0	1	1	0	1.101	0	2	1	4	4.421	1.001	0	2.695	0	0	0	0	1	0	0	0	0	0	0	0	0	2	6	1	1	3	0	0	2	1	5	1.996	0	1.101	2	0	0
C5_02660C_A	C5_02660C_A	0	0	0	0	0	0	0	0	0.835	0	1	0	0	0	0	0	0	0	0	0	0	0	0	0	0	0	0	0	0	0	0	0	0	0	2	0	0	0	0	0	0	0	0	1	0	0.948	0.954	0	0	0	0	0	0	0	0	0	0	0	0	1
C5_02670W_A	BUR2	1	1	0	0	0	1	0	1	0	0	1	0	0	0	0	1	0	0	0	0	0	5	2	3	0	0	0	0	0	0	0	0	1	0	0	0	1	0	0	0	0	0	0	0	0	0	0	0	0	1	0	0	0	0	0	0	1	2	0	3
C5_02680W_A	C5_02680W_A	0	1	0	0	0	1	0	0	0	1	0	1	0	0	0	0	0	0	1	0	0	1	0	0	0	1	1	1	0	0	0	0	0	0	0	0	0	0	0	1	0	0	0	0	0	0	1	2	0	0	0	0	0	1	0	1	0	0	0	0
C5_02690W_A	C5_02690W_A	1.001	0	1	0	0	0	0	0	0	0	1	0	0	0	0	0	6	9	5	6	0	0	0	0	0	0	0	0	0	1	0	0	0	0	0	0	0	0	1.79	0	0	0	0	0	0	0	0	0	0	1	0	0	0	0	0	1	0	0	0	0
C5_02700W_A	CTA7	0	0	0	0	1	0	0	0	0	0	0	0.999	0	0	1.002	0	0	0	0	0	0	0	0	0	0	0	0	2	0	0.897	1	0	0	0	0	0	0	0	0	0	0	0	0	0	0	0	1	0	1	1	0	0	1	0	0	0	0	0.898	3.515	2
C5_02710W_A	TRR1	0	0	0	0	0	0	1.654	1	0.87	0	0	0	0	0	0	0	0	0	0	0	0	3	1	2	0	0	0	0	0	1	0	0	1.167	5	6	1	3	1	1	1	0	0	0	0	0	0	0	1	0	0	0	0	0	0	0	0	0	0	0	0
C5_02720W_A	PEP12	0	0	1	0	0	0	2	0	1	0	1	0	0	0	0	0	0	0	1	0	0	0	0	0	1	0	0	0	0	2	1	1	0	0	0	1	1	0	0	0	0	0	0	0	0	0	0	0	0	0	0	0	1	0	0	0	0	0	1	0
C5_02730C_A	CIA1	0	0	0	0	0	0	0	0	0	0	0	0	0	0	0	0	0	0	0	0	0	0	0	0	0	1	0	0	0	0	0	0	0	0	0	0	0	0	0	0	0	0	0	0	1	0	0	0	2	0	0	0	0	0	0	0	0	0	0	0
C5_02740W_A	C5_02740W_A	0	0	1	1	0	1.833	2	1.006	0	0	1	1	0	0	1	0	0	1.933	0	0	1.541	0	0	0	0	0	0	0	0	1.549	0	1	0	0	0	0	0	0	0	1	0	0	0	0	1	2	0	2	1	2	3	0	0	0	2	1.118	0	0	0	1
C5_02750C_A	HIR2	0	0	1	0	1.047	1	0	2.001	0	1	1	2.16	1	0	0	1	0	0	0	0	0	1	2	0	2.009	0	4	2	1	1	0	1	0	1.709	2	0	1	1	2	1	0	1	0	1	1.036	0	0	2	0	0	0	2	0	2	0	4.211	1.196	2.662	1	3.332
C5_02760W_A	CKB2	0	0	0	0	0	1	3	1.001	0	0.994	1.006	1	0	1	0	1	0	1	2	1	0	1	0	0	0	0	0	1.129	0	0	0	1	2	1	1	1	0	0	0	0	0	0	0	0.999	0	1	0	0	2.041	0	0	1	0	0	0	1	2	1	0	0
C5_02770W_A	MSW1	0	1	0	0	1	1	1	0	0.809	0	1	0	0	1	0	0	0	0	0	0	1	0	0	1	0	0	0	0	0	0	1	0	0	0	0	0	0	0	0	0	0	0	0	0	0	0	0	0	0	1	0	0	0	0	0	0	0	0	0	1
C5_02780W_A	C5_02780W_A	1	0	0	0	0	0	0	0	0	0	0	0	0	0	0	0	0	0	0	0	1	0	0	1	0	0	0	0	0	1.028	0	1	0	1	0	0	1	0	0	0	0	0	0	0	1	0	0	0	0	0	0	1	0	4	0	0	0	2	3	0
C5_02790C_A	GAP1	1	0	1	0	2	0	0	0	0	0	1	0	1	2	0	0	0	0	0	0	0	0	0	0	1.002	0	0	1	2	0	0	0	0.871	1	1	0	0	0	1.51	1	0	0	0	0	0	0	0	1	1.001	0	2	0	0	1	0	0	0	0	1	2
C5_02800C_A	C5_02800C_A	1	0	0	0	0	0	0	0	1	0	0	0	0	0	0	2	0	0	0	0	0	1	0	0	0	0	0	1	0	0	0	0	1	0	0	0	0	0	0	0	1	0	0	0	0	0	0	0	0	0	0	0	0	0	0	0	0	1	0	0
C5_02810W_A	C5_02810W_A	0	0	1	0	0	0	0	0	0.987	0	0	0	0	0	1	0	0	0	0	0	0	0	0	0	0	0	0	0	0	0	0	0	0	1	0	0	0	0	0	0	0	0	0	0	0	0	0	0	0	0	0	0	0	0	0	0	0	1	0	0
C5_02820C_A	MDE1	0	0	0	0	1	0	1	1	0	1	0	0	0	0	0	0	0	0	0	0	0	0	0	0	1.525	0	0	0	0	0	1.91	0	0	0	0	0	0	0	0	0	0	0	0	0	0	1	0	1	1	0	0	0	0	0	0	0	0	0	0	0
C5_02830W_A	C5_02830W_A	0	0	0	1	0	0	0	0	0	0	0	0	0	0	0	1	0	0	0	0	0	0	0	0	0	0	0	0	0	1	0	0	0	0	0	0	0	0	0	0	0	0	0	0	0	0	0	0	1	0	0	0	0	1	0	0	0	1.849	0	0
C5_02840C_A	HSL1	0	1	0.998	1.004	0	0	1	1	2	1	0.999	0	0	0	1	2	0	0	0	2	0	0	2	0	1	0	1	0	0	1	0	0	2	0.746	1	1	0	1.121	0	1.007	0	0	1	0	3	2	6	1	1	0	1	1.041	3	1	1	3	0	1.092	1	1
C5_02850W_A	C5_02850W_A	0	0	0	0	0	0	0	0	1	1	1	1	0	0	0	0	4	2	11	5	2	1	1	1	0	0	0	0	0	0	1	0	0	0	0	0	2	2	1	1	0	0	0	0	4	4	4	5	0	0	0	0	0	0	0	2	0	0	0	0
C5_02860C_A	GRP2	0	0	0	0	0	0	0	0	0	0	0	0	0	0	0	0	0	0	0	0	0	0	0	0	0	0	0	0	0	0	0	0	0	0	0	0	0	0	0	0	0	0	0	0	0	0	0	0	0	0	0	1	0	0	0	0	0	0	0	0
C5_02870C_A	C5_02870C_A	0	0	1	0	0	0	1	1	0	0	0	0	0	0	0	0	0	0	0	0	0	0	0	0	1	0	0	0	0	0	1	0	0	0	0	1	1	0	0	0	0	0	0	0	0	0	0	0	0	0	0	0	0	0	0	0	0	0	0	0
C5_02890W_A	YNK1	0	0	0	0	0	0	0	0	0	0	0	0	0	0	0	0	0	0	0	0	0	0	0	0	0	0	0	0	0	0	0	0	0	0	0	0	0	0	0	0	0	0	0	0	0	0	0	0	0	0	0	0	0	1	0	0	0	0	1	0
C5_02900W_A	C5_02900W_A	2	4	1	4	0	3	1	2.008	2.501	0	1	2	1.142	2	0	0	0	0	0	0	0	3	1	1.959	0	0	1	0	10	4	2.004	6	0	0	1	1	1	2	1	0	0	0	0	0	3	5	3	5	0	0	2	1	2.691	4	1	0	0	1.348	1.161	4.681
C5_02910C_A	GYP8	0	0	0	0	2.592	2	1	0	0	0	0	1	0	0	0	0	0	0	1	0	1	1.058	0	2	0	0	0	0	0	0	1	1.658	0	0	0.789	0	0	0	0	0	0	0	0	0	0	0	0	0	0	0	1	0	0	0	1	2	1.149	1	0	3.817
C5_02920W_A	C5_02920W_A	0	0	0	1	0	1	0	1	0	0	0	0	0	0	2	0	0	0	0	0	0	1	0	1	1	1	1	0	0	0	0	0	0	0	0	0	0	0	0	0	0	0	0	2	0	0	1	0	0	1.348	1	0	0	0	0	0	0	0	2	0
C5_02930C_A	GRE3	0	1	0	0	3	3	1	3	0	0	0	1	0	0	0	0	0	0	0	0	0	1	0	0	1	1.716	0	1	0	0	1	0	0	0	0	0	0	0	0	0	0	0	0	0	0	0	0	0	0	0	0	0	0	0	1	0	0	2	1	1.883
C5_02940C_A	MIG1	0	0	1	0	0	0	0	0	0	0	0	0	0	0	0	0	0	0	0	1	1	1	1	1.04	0	0	0	0	0.999	0	0	0	0	0	0	0	0	2	1	1	0	0	0	1	0	0	0	0	0	0	0	0	1.001	0	0	0	0	1.388	0	0
C5_02950C_A	C5_02950C_A	0	0	0	0	0	0	1	0	0	0	0	0	0	0	1	2	0	0	0	0	0	0	0	0	0	0	0	0	0	1	0	2	0	0	0	0	1	0	1	0	0	0	0	0	1	0	0	0	0	0	0	0	0	1	0	0	0	2	4	0
C5_02960C_A	C5_02960C_A	0	0	0	0	0	0	0	0	0	0	1	1	0	1	0	0	0	0	0	2	1	0	1	0	0	0	0	0	1	0	0	0	1	0	1	0	1	0	0	0	0	0	0	0	0	0	0	0	1	1	0	2	0	0	0	2	1.631	2	1	1
C5_02970W_A	DAP2	0	0	1	0	0.999	1	0	3	0	0	0	0	1.002	2	1	0	0	0	0	1	0	0	0	1	0	1	1	0	0	0	0	0	1	1	0	0	0	0	0	1	0	0	0	0	0	0	0	0	1.298	0	0	0	0	4.767	0	4	0	0	1	1.651
C5_02980C_A	YPT35	0	1	0	0	0	0	1	0	1	0	0	0	0	0	0	0	0	0	0	0	0	0	0	0	0	0	1	0	0	0	0	0	0	0	0	0	0	0	0	0	0	0	0	0	0	0	0	0	0	0	0	0	0	0	0	0	0	0	1	0
C5_02990W_A	C5_02990W_A	1	0	0	1	3	1	1	2	1	1	3	3	0	0	0	0	1	1	1	3	3	3	2	0	0	0	0	0	0	0	2	0	0	0	0	0	0	0	0	0	0	0	0	0	1	0	0	2	0	0	0	0	0	0	0	0	0	0	1	0
C5_03000C_A	C5_03000C_A	0.992	0	1.11	0	3	0	2	0	0	2	1	0	0	0	1	0	1	0	2	2	1.942	1	0	0	2	1	1	0	0	1.225	2	1	0	0	2	1	1	0	0	0	0	2.085	0	1	1	0	2	0	0	2.289	2	0	2	2	5	3	2	1	2.762	0
C5_03010W_A	C5_03010W_A	1	2.136	0	0	1	0	1	0	1.434	1	0	0	0	0	1	2	2	1	0	0	0	1	2	1	1.974	1	2.711	0	0	0	0	0	1	0	0	0	0	0	1	0	0	0	0	0	1	0	0	0	1	0	2.418	0	1	2	0	1	3.82	0	0	4.464
C5_03020W_A	CCC2	0	0	0	1.015	1.837	3.063	1.971	2.944	0	3	0.978	0	0	0	0.998	1	1	0	0	0	2	2	2	0	1	0	2	0	0	0	1	1.101	1.034	0	0	0	0	1	0	0	0	0	0	0	0	0	0	0	1	0	0	2.523	1	2	0	1	3.18	0	1	4
C5_03030W_A	C5_03030W_A	0	0	0	0	0	0	0	0	4	3.917	5	8	4	6	1	5	0	1	0	0	0	1	0	0	2	0	0	1	0	0	0	0	0	1	0	1	1	1	0	0	0	0	0	0	0	0	0	0	1	0	0	0.999	0	1.002	0	1	0	0	0	0
C5_03040W_A	C5_03040W_A	1	0	0	0	0	0	0	0	0	1	0	0	0	0	1	1	1	1	0	1	1	1	0	0	4.931	0	4.771	0	0	0	0	1	2	3	2	0	0	0	0	0	0	0	0	0	0	0	1.309	0	1	0	1	0	0	0	0	0	0	0	0	2
C5_03050C_A	PGA58	0	0	0	0	0	0	0	0	0	0	0	0	0	0	0	0	0	0	0	0	0	0	0	0	0	0	0	0	0	0	0	0	0	0	0	0	0	0	0	0	0	0	0	0	0	0	0	0	0	0	0	1	0	0	0	0	0	0	0	0
C5_03060C_A	TNA1	0	0	0	0	0	0	0	0	0	0	0	0	1	0	0	0	0	1	0	0	0	0	0	1	0	0	2	0	0	0	2	0	0	0	0	0	0	0	0	0	0	0	0	0	0	0	0	0	0	0	1	1.709	0	1	0	1	0	0	0	0
C5_03070W_A	RPS5	0	0	0	0	4	0	1	0	1.001	0	0	0	0	0	0	0	0	1	1.812	0	6	3	5	3	0	0	0	0	0	0	0	0	0	0	0	0	0	0	0	0	0	0	0	0	0	0	0	1	0	0	0	0	0	0	0	0	0	0	0	0
C5_03080C_A	C5_03080C_A	0	0	0	0	3	2	0	2	1	0	1	2	0.963	0	0	0	0	0	0	0	0	0	1	0	2.007	0	2	0	1	0	0	2	0	0	0	0.977	0	0	1	1	0	0	0	0	1	2	2	1	1	0	1	0	1.002	1.122	1	2	1	3.4	0	0
C5_03090W_A	VPS4	1	0	0	0	0	1	0	0	0	0	0	0	1	0	0	1	0	0	0	0	0	0	0	0	0	0	1	3	0	1	0	0	0	0	0	0	0	0	0	0	0	0	0	0	0	0	0	1	0	0	0	0	0	0	0	2	0	0	0	0
C5_03100C_A	C5_03100C_A	0	0	0	0	0	0	0	0	0	0	0	0	0	0	0	0	0	0	2	2	0	3	1	2	0	0	0.997	0	0	0	0	0	0	0	0	0	0	0	2	0	0	0	0	0	0	0	0	0	0	0	0	0	3	2	3	2	1	1	1	0
C5_03110C_A	C5_03110C_A	0	0	0	0	0	0	0	0	1	0	0	0	0	0	0	0	0	0	0	0	0	0	0	0	0	0	0	0	0	0	0	0	0	0	0	0	0	0	0	0	0	0	0	0	0	0	0	0	0	0	1	0	0	0	0	0	2	1	0	0
C5_03120W_A	C5_03120W_A	0	0	0	0	0	2.972	1	0	0	1	1	0	0	0	0	0	0	1	0	0	1	1	0	0	0	1.99	1	0	1	0	0	0	0	1.603	0	1	0	0	0	0	0	0	0	0	0	0	1	0	0	0	0	1	0	2	0	1	0	0	0	0
C5_03130W_A	SUT1	1	0	0	0	0	0	0	0	1	0	3	3	0	0	1	1	0	0	0	0	0	0	0	0	3	2	1.373	2	0	0	0	0	0	0	0	0	0	0	0	0	0	0	0	1	1	0	1	0	0	0	0	0	0	0	1	1	1	0	0	0
C5_03140C_A	C5_03140C_A	2	1	0	1	0	0	4	0	0	1	1	0	0	2	0	1.997	0	0	1.004	1	3	5	1	1.144	7	4	3	3	1	0	0.943	1	1	0	0	1.001	0	0	0.957	0	0	0	0	0	3.002	1	3.999	2	0	1.36	0	4	0	3.166	0	1	1.095	3.854	0	0
C5_03150W_A	C5_03150W_A	0	0	0	0	0	1	0	1	4	1	0	2	6	4	5	1	8	11	3	6	3	2	3	1	0	0	1	1.096	3	4	4	0	2	5.764	4	7	3	3	6	7	0	0	0	0	0	1	0	0	1	0	0	1.703	2	3	0	2	0	1	3	0
C5_03160W_A	MED14	0	0	0	2	1.046	0	1	2	0	0	0.998	1.006	1	1	0	0	1.064	0	0	2	3	1	0	2.002	3	1	2	1.075	0	0	1.183	1	2	0	0	1	0	0	0.813	1	0	0	0	0	0	0	0	0	0	2	0	2.397	4	1	4.331	2	1.168	0	2.238	0
C5_03170C_A	C5_03170C_A	0	0	0	0	1	0	1	1	0	0	2	0	0	0	1.278	0	1	0	0	1.367	1	0	1	0	0	2.077	2	0	0	0	2	0	1	0	1	1	0	1	0	0	1	0	0	1	0	0	1	0	0	0	0	1	0	0	0	0	2	0	1	1
C5_03210C_A	C5_03210C_A	0	0	0	0	3.005	1.023	2	0	2	1	0	0	0	1	0	2	0	1	1	0	0	0	0	0	0	0	1	3	0	0	0	1.278	0	0	2	0	0	1	0	1	0	2	0	0	0	0	0	1	0	0	0	0	3.591	1.123	2.646	0	2.663	3.476	2.351	0
C5_03240W_A	BUB3	0	0	0	0	0	0	0	0	0	1	0	1	0	0	0	0	0	0	0	0	1	0	0	0	0	0	0	0	0	0	0	0	0	0	0	0	0	0	0	0	0	0	0	0	0	0	1	0	0	0	1	0	0	1	0	0	0	0	0	0
C5_03250W_A	RMS1	0	0	0	0	2	2	0	1.271	0	0	0	0	1	0	0	0	2	0	1	0	0	0	0	1	0	0	1	0	1	0	1.085	0	0	1	0	0	1	0	2	0	0	0	0	0	2	0	0	0	0	0	1	0	0	0	0	0	2.081	0	0	0
C5_03260C_A	C5_03260C_A	3	0	0	0	1	2	1.002	0	1	0.982	0	1	0	0	0	1	1	0	0	1	2.003	7	5.89	2	0	0	2	0	1.859	1	1	1	2	2	0	1	1.979	0	0	0	0	0	0	0	0	0	0	0	0	1	0	0	3	0	0	2	2	1	0	2
C5_03270W_A	TEF4	0	0	0	0	0	0	0	0	1.564	0	0	0	0	0	0	0	0	0	1	0	0	0	0	0	0	0	0	0	0	0	0	0	0	0	0	0	0	0	0	0	0	0	0	0	0	1	1	0	0	0	0	1	1	1	0	1	0	0	0	0
C5_03280W_A	CAM1-1	0	0	0	0	0	0	0	0	0	0	0	0	0	0	0	0	0	0	0	0	0	0	0	0	0	0	0	1	0	0	0	0	0	0	1	0	0	0	0	0	0	2	0	0	1.441	0	0	1	0	0	1	0	0	0	0	1	1	0	0	0
C5_03290C_A	C5_03290C_A	0	0	0	0	0	0	0	0	0	0	0	0	0	0	0	0	0	0	0	0	0	0	0	0	0	0	0	0	0	0	1	0	0	0	0	0	0	0	0	0	0	0	0	0	0	0	0	0	1	0	0	0	0	0	0	0	0	0	0	0
C5_03300C_A	C5_03300C_A	1	1	3	5	0	1	3	4.001	3	1	4	2	1	1	2	0	0	0	0	2	4	3.791	4	2.321	2	4.001	2	2	3	2	3	2.443	2.033	0	1	3	3.04	2	1	1	2	1.344	2	0	1	1	2	1	1.354	3	3	2.258	2	7	2	1	2.3	3.494	3	2
C5_03310C_A	PCL1	0	0	0	0	0	1	1	0	0	0	0	0	0	0	0	0	0	0	0	0	0	2	1	0	0	0	0	1	0	1	0	0	1	0	1	0	0	0	0	0	0	0	0	0	0	0	0	0	0	1	1	0	0.998	0	0	0.974	0	0	0	0
C5_03320C_A	ZCF14	0	1	0	0	0	1	0	0	0	1	0	0	0	0	0	0.718	0	0	0	0	2	0	0	0	0	0	1.335	0	2	1	0	0	0	2	0	1	1	1	0	1	1	0	0	0	0	1	0	1	0	1	0	0	0	0	1	0	0	0	0	0
C5_03330C_A	ZCF13	0	1	0	1	1.002	2	1	0	0	1	2	0	0	1	5	3.018	0	0	0	0	0	1.981	0	1.084	2.004	1.087	1.15	1.07	3.14	1.086	2.278	2	2.321	0	2.003	0	2	3	1.109	1	2	0	0	0	1	0	1	0	3.387	3.866	2	5.208	1.099	1	4.938	1	3.194	7.445	2	0
C5_03340W_A	C5_03340W_A	1.999	0	0	0	2	1	0	0	3	0	1	0	0	0	1	0	0	1	0	2	1	0	0	2	0	2	3	1	1	2	1	0	0	0	0	1	2	0	2	1	2	0	0	0	0	1	0	1	1	1	0	1	2	0	0	0	2	0	5	3
C5_03350W_A	QCR2	1	0	0	0	1	0	0	0	1	0	0	0	5	4	1	1	0	0	0	0	5	1	3	1	0	1.017	0	1	2	1	0	2	0	0	0	0	9	4	9	4	1	0	0	0	0	3	1	0	0	0	0	0	3	3	1	3	0	0	0	0
C5_03360W_A	RPO26	0	0	0	0	0	0	0	0	1	0	0	0	0	0	0	0	1	2	0	2	0	0	0	0	0	0	0	0	1	0	0	0	1	0	0	0	0	1	0	0	0	0	0	0	0	0	0	0	0	0	1.77	1	0	0	0	0	0	1	0	0
C5_03370C_A	C5_03370C_A	0	0	0	0	0	0	0	0	0	0	0	0	0	0	0	0	0	3	1	3	0	0	0	0	0	1.936	0	0	0	0	0	0	0	0	0	0.907	0	0	0	0	0	0	0	0	0	0	0	0	0	0	0	0	1	1	0	0	0	0	0	0
C5_03380W_A	ARP1	0	0	0	1	0	0	2	0	0	0	0	0	0	0	0	0	0	0	0	0	0	0	0	0	0	0	0	0	0	0	0	1	0	0	0	1	0	0	0	0	0	0	0	0	0	0	0	0	1	0	2	1	0	0	1.885	1	0	0	1	1
C5_03390C_A	FUR1	0	0	0	0	0	0	0	0	1	0	0	0	0	0	0	0	0	0	0	0	0	0	0	0	0	0	1	0	0	0	0	0	0	0	0	0	0	0	0	0	0	0	0	0	0	0	0	1	0	0	0	1	0	0	0	0	0	0	0	0
C5_03400C_A	C5_03400C_A	1	0	0	0	0	1	0	0	0	0	0	0	0	0	0	0	0	0	0	0	0	0	0	1	0	0	0	2.925	0	1	1	0	0	0	0	0	0	0	0	0	0	0	0	0	0	0	0	0	0	0	1	0	0	0	0	1	1	1	0	0
C5_03410C_A	C5_03410C_A	0	0	0	0	0	0	1	0	1	0	0	0	0	0	0	0	0	0	0	0	0	0	0	0	1	0	0	1.019	0	0	0	0	0	0	0	0	0	1	0	0	0	0	0	0	1	0	0	0	0	1	0	2	0	0	0	0	0	0	0	0
C5_03420W_A	tE(UUC)5	0	0	0	0	0	0	0	0	0	0	0	0	0	0	0	0	0	0	0	0	0	0	0	0	0	0	0	0	0	0	0	0	0	0	0	0	0	0	0	0	0	0	0	0	0	0	0	0	0	0	0	0	0	0	0	0	0	0	0	0
C5_03430W_A	C5_03430W_A	0	0	0	0	0	1	1	0	0	0	0	0	0	0	0	0	0	0	1	0	0	0	2	0	0	0	0	0	1	0	0	0	0	0	0	0	0	0	0	0	0	0	0	0	0	0	1	0	0	0	1.624	0	1	0	0	0	1	1	0	1
C5_03440W_A	C5_03440W_A	0	0	0	0	0	0	0	0	0	0	0	0	0	0	0	0	0	0	0	0	0	0	0	0	0	0	0	0	0	0	0	0	0	0	0	0	0	0	0	0	0	0	0	0	0	0	0	0	0	0	0	0	0	0	0	0	0	0	0	0
C5_03450W_A	C5_03450W_A	0	1	0	0	0	0	0	0	0	0	0	0	0	0	0	0	0	0	0	0	0	0	0	0	0	0	0	0	0	0	0	0	0	0	0	0	0	0	0	0	0	0	0	0	0	0	0	0	0	0	0	0	0	0	0	0	0	1	0	0
C5_03460C_A	C5_03460C_A	0	0	0	0	0	0	0	2	0	2	1	0	0	0	1	0	0	0	0	0	0	0	1	0	0	0	0	0	0	1	1	0	1	0	0	0	0	0	0	0	0	1	0	0	0.999	0	0	0	1	0	0	0	0	0	0	0	0	0	0	1
C5_03470C_A	C5_03470C_A	0	0	0	0	0	0	0	0	0	1	0	0	2	1	0	0	0	0	1	0	0	0	0	0	0	0	0	0	0	1	0	0	0	0	0	0	0	1	0	0	0	0	1	1	0	0	0	0	1	0	1.822	0	1	0	1	0	0	0	1	0
C5_03480C_A	C5_03480C_A	0	1	0	0	1	1	0	2	0	0	0	1	0	0	0	1	0	0	0	0	0	0	0	0	0	0	1	0	0	0	0	0	0	0	0	0	0	0	1	0	0	0	0	0	0	0	0	0	0	0	0	0	0	0	0	0	0	1	0	0
C5_03490C_A	C5_03490C_A	2	0	0	0	0	0	0	0	0	0	0	0	0	1	0	0	0	0	0	0	0	1	0	0	0	0	0	2	0	0	0	1	0	0	0	1	0	0	0	1	0	0	1	0	0	1.001	0	0	0	1	0	0	0	0	0	0	2.803	0	0	3.142
C5_03500W_A	GAP6	0	0	1	0	0	1	2.042	1	0	0	2	0	0	0	0	0	1	1	0	0	3	3	5	1	2	0	0	0	0	0	0	0	0	0	0	0	0	0	0	1	0	0	0	0	1	2	2	1	1	0	0	0	0	0	0	0.969	0	0	0	0
C5_03510C_A	C5_03510C_A	0	0	0	0	0	0	1	0	0	0	0	0	0	0	0	0	0	1	1.988	0	0	0	0	1	0	0	0	0	1	1	1	1	1	0	0	0	0	0	0	0	0	1	0	0	0	0	0	0	1.295	0	0	1	0	0	2	3	1	1.468	0	0
C5_03520W_A	C5_03520W_A	0	0	0	0	0	0	0	0	0	0	0	0	1	0	0	2	1	0	2	1	1	1	1	0	2	1	0	0	0	1	0	0	0	0	0	0	0	0	0	0	0	0	0	0	0	0	0	0	0	0	0	0	1	1	1	0	4.131	0	2	0
C5_03530C_A	C5_03530C_A	0	1	0	0	0	0	0	0	0	0	0	0	1	0	0	0	0	0	0	0	0	0	0	1	0	0	0	0	1	0	0	0	0	0	0	0	0	0	0	0	0	0	0	0	0	0	0	0	0	0	0	0	1	1	1	0	1	0	1	0
C5_03540C_A	RPS25B	0	0	0	0	0	0	1	0	0	0	0	0	0	0	0	0	0	3	0	0	1	0	0	2	0	1	0	0	0	0	0	1	0	0	0	0	0.927	0	0	0	0	0	0	0	0	0	0	0	0	0	0	0	0	0	0	0	0	1	0	0
C5_03550W_A	C5_03550W_A	1	0	0	0	0	0	0	1	0	0	1	0	0	0	0	0	0	0	0	0	0	0	1	1	1.141	0	1.003	0	0	0	0	0	0	0	0	0	0	0	0	1	0	0	0	0	0	0	1	0	0	0	0	1	0	0	0	1	1	1.226	2	0
C5_03560W_A	C5_03560W_A	0	0	0	0	0	0	0	0	0	0	0	0	0	0	0	0	0	0	0	0	0	0.905	0	0	0	0	0	0	0	1	1	0	0	0	0	0	0	0	0	0	0	0	0	0	0	0	0	0	0	0	0	0	0	0	1	0	0	0	0	0
C5_03570W_A	C5_03570W_A	0	0	0	0	0	0	0	0	0	0	0	0	0	0	0	0	0	0	0	1	0	0	0	0	0	0	0	0	2	4	3.03	1	0	0	0	0	0	0	0	0	0	0	0	0	0	0	0	0	0	0	0	0	0	0	0	0	1	0	0	0
C5_03580C_A	CAC2	0	0	0	0	0	1	1	0	0	0	1	0	0	1	0	0	0	2	1	1.585	1	0	0	0	0	0	1	0	1	1	0	0	0	0	0	0	0	2	1	0	0	0	0	0	0	0	0	0	0	0	0	0	0	1	0	1	0	0	0	0
C5_03590W_A	LAP4	0	0	0	0	1	1	0	0	1	0	1	2	0	0	0	0	0	0	0	0	1	0	1	0	0	0	0	0	1	0	0	0	0	0	1	0	0	1	0	0	0	0	0	0	0	1	0	0	0	0	0	0	0	0	1	0	0.683	0	1	2
C5_03600W_A	MDJ1	0	0	0	0	1	0	0	1	0	0	0	0	1	0	0	0	0	0	0	0	0	0	0	0	0	0	0	0	0	0	0	1	0	0	0	0	0	1	1	0	0	0	0	0	0	0	1	0	0	0	1	1	1	2	2	3.188	1	2	1	0
C5_03610W_A	HEX1	0	0	1	0	0	0	0	0	0	0	0	1	0	0	1.908	0	0	1	0	1	0	0	0	0	1	0	0	0	0	0	0	0	1	0	0	0	0	0	1	0	0	0	0	0	0	0	0	0	0	0	1	0	0	0	0	0	0	0	1.632	1
C5_03620W_A	BTS1	0	0	0	0	0	0	0	0	0	0	0	0	0	0	0	0	0	0	0	0	0	0	0	0	0	0	0	0	0	0	0	0	0	0	0	0	0	0	0	0	0	0	0	0	0	0	0	0	1	0	0	0	1	0	0	1	0	0	0	0
C5_03630C_A	C5_03630C_A	1	0	0	1	1	1	0	0	1	0	1	0	0	0	0	0	0	1	1.114	1	1	0	2	0	1	0	0	2	0	0	0	0	2	0	1	4.999	0	0	1.999	1	0	0	0	0	0	1	0	0	0	0	0	0	0	0	0	3	1	3	2	1
C5_03640W_A	DPH5	0	0	0	0	0	0	0	0	0	0	0	0.5	0	0	0	0	0	0	0	0	0	0	0	0	0	0	0	0	0	0	0	0	0	0	0	0	0	0	0	0	0.5	0	0	0	0	0	0	0	0	0	0	0	0	0	0	0	0	0	0	0
C5_03650C_A	C5_03650C_A	0	0	0	1	0	0	0	0	1	0	0	0	0	1.004	0	0	0	0	0	0	1	0	1	0	0	0	0	0	0	0.955	1	0	1	0	0	0	0	0	0	0	1	1	0	0	0	0	0	1	1	0	0	0	0	0	0	1	0	0	0	0
C5_03670C_A	C5_03670C_A	0	0	0	1	0	0	0	0	0	0	1	0	0	0	0	0	0	0	0	0	0	0	0.966	0	0	0	0	0	0	0	0	0	0	0	0	0	0	0	0	0	0	0	0	1	0	0	0	0	0	0	0	0	0	0	1	0	0	0	0	1
C5_03680W_A	FGR27	0	0	0	1	3	1	2.346	1.423	0	0	0	0	1	0	0	1	0	0	0	1	1	0	0	0	3	6	2	2	0	0	0	0	1	1	0	0	0	0	0	1	0	1	0	1	1	0	1	1	0	0	2.174	0	0	0	1	0	0	1.154	0	0
C5_03690W_A	C5_03690W_A	1	0	0	0	0	0	1	1	0	1	0	0	0	0	0	0	0	1	1	0	0	0	1	0	0	0	0	0	0	0	0	2	0	0	0	0	0	0	0	0	0	1	0	0	1	0	0	0	1.347	0	0	0	1	0	0	0	0	0	2	0
C5_03700C_A	DPH5	0	0	0	0	0	0	0	0	0	0	0	0.5	0	0	0	0	0	0	0	0	0	0	0	0	0	0	0	0	0	0	0	0	0	0	0	0	0	0	0	0	0.5	0	0	0	0	0	1	0	0	0	0	0	0	0	0	0	0	0	0	0
C5_03710C_A	C5_03710C_A	0	0	0	0	0	0	0	0	1	0	1	0	1	5	1	1.307	4	3	4	1	3	3	5	3	0	4	3	1	2.002	6	0	8	1	0	0	0	0	1	2	0	0	0	0	0	1	2	0	0	0	0	0	0	0	1	1	2	0	0	0	0
C5_03720C_A	C5_03720C_A	3	1	0	3	2	3	4	2	2	3	0	0	1	1	3	1	0	1	0	1	0	0	0	5	1	1	3	3.202	3	2	5	3	0	1	0	4	0	0	1	1	0	0	1	0	0	3	1	1	1	2.374	1	4	3	1.004	1	6	2	5	2	6
C5_03730W_A	C5_03730W_A	0	0	0	0	0	0	0	0	0	0	0	0	1	0	0	1	0	0	0	0	0	0	0	0	0	0	0	0	0	0	0	0	0	0	0	0	0	0	0	0	0	0	0	0	0	0	0	0	0	0	0	0	1	0	0	0	1	0	0	1
C5_03740W_A	C5_03740W_A	0	1	0	0	0	0	0	0	0	0	0	0	0	0	1	0	0	0	0	0	0	0	0	0	0	0	0	0	0	0	0	0	0	0	0	0	0	0	0	0	0	0	0	0	0	0	0	0	1	0	2	0	1	0	0	0	1	0	0	1.381
C5_03750W_A	FAV2	0	0	0	0	0	0	0	0	1.999	0	0	0	0	0	0	0	0	0	0	0	1	0	0	0	0	0	0	0	0	0	0	0	0	0	0	0	1	1	0	0	0	0	0	0	0	0	0	0	1	0	0	1	0	0	0	0	0	0	0	0
C5_03760C_A	MTR10	0	0	0	0	1	0	0	0	0	0	0	0	3	0	1	0	0	1	0	0	0	1	1.214	0	0	0	1.101	0	0	0	3	0	0	1	1	1	0	1	1	0	0	0	0	0	2	0	0	0.784	2	2	0	0	0	1	0	1	0	0	1	1.043
C5_03770C_A	C5_03770C_A	0	0	0	0	1.727	0	1.028	0	0	0	0	0	0	0	0	0	0	0	0	0	0	0	0	0	0	2	0	1	0	0	0	0	0	0	0	0	0	0	1	0	0	0	0	0	1	0	2	0	1	0	0	0	0	0	0	0	1	0	0	0
C5_03780C_A	C5_03780C_A	0	0	0	0	0	0	0	0	0	0	0	0	0	1	0	1	0	0	0	0	1	0	0	0	0	0	1	0	0	0	0	0	2	2	0	0	0	0	0	1	0	0	0	0	1	0	0	0	0	0	0	0	1	0	1	0	0	0	1	0
C5_03790W_A	GUK1	0	0	0	0	0	1.001	0	0	0	0	0	0	0	0	0	0	0	0	0	0	1.994	0	0	0	0	0	0	0	1	0	0	0	0	0	0	0	0	0	0	1	0	0	0	0	0	0	0	0	0	1	0	1	0	0	0	1	0	0	0	0
C5_03800W_A	RCF1	1	0	0	0	0	0	0	0	0	0	0	0	0	0	0	0	0	1	0	0	0	1	0	0	3	0	1	2	0	1	0	0	0	0	0	0	0	0	0	0	0	0	0	0	0	1	1	0	1	0	0	0	5	4	2	2	0	0	0	0
C5_03810C_A	C5_03810C_A	0	0	1	0	0	0	1	0	0	0	0	0	0	0	0	0	0	0	0	0	0	0	1	0	1	0	0	0	0	0	1	1	0	0	0	0	0	0	0	0	0	0	0	0	0	0	0	0	0	0	0	2.923	0	0	0	0	0	0	0	0
C5_03820C_A	BUD7	0	0	0	0	0	1	1	0	0	0	0	0	0	0	0	2	0	0	0	1	0	0	0	0	0	0	1	0	1	0	0	1	0	0	0	1	0	0	0	1	0	0	0	0	0	2	0	0	0	0	0	1	0	0	0	0	0	1	1	0
C5_03830C_A	C5_03830C_A	0	0	0	0	2	0	1	1	0	0	0	0	0	1	0	0	0	0	0	1	0	0	0	0	0	0	0	0	0	2	2	1	0	0	0	0	0	0	0	0	0	0	0	1	0	0	0	0	0	0	0	0	0	1	0	0	0	0	0	0
C5_03840W_A	C5_03840W_A	0	1	0	0	1	0	0	1	0	0	0	0	0	0	0	0	0	0	0	0	0	0	0	0	1	1	0	4	1	0	0	0	0	0	0	0	0	0	0	0	0	0	0	0	1	0	1	1	0	0	0	1	1.764	0	2.808	1	1	0	0	1
C5_03850W_A	C5_03850W_A	0	0	0	0	0	0	0	0	0	0	0	0	0	0	0	0	0	0	0	0	0	0	0	0	1	1	2	0	0	0	0	0	0	0	0	0	0	0	0	1	0	0	0	0	0	0	0	0	0	0	0	0	0	0	0	0	0	0	0	0
C5_03860W_A	HAM1	0	0	0	0	1	1	0	0	0	0	0	0	1	0	0	0	0	0	0	0	0	0	0	0	0	0	1	0	0	0	0	0	0	0	0	0	0	0	2	0	0	0	0	0	0	0	0	0	0	0	0	0	0	0	0	0	1	0	0	0
C5_03870C_A	C5_03870C_A	0	0	0	0	5.886	3	1.989	2	0	0	0	0	0	0	0	0	2	0	2	2	4	3	5	3	7	3	0	3	0	0	0	0	0	0	0	0	5	1	3	0	0	0	0	0	2	4	3	4	0	1.044	0	0	1	1	0	0	0	0	0	1
C5_03880C_A	C5_03880C_A	1	1	0	1	0	2.72	1.999	0	1	0	0	0	0	1	0	0	0	0	0	1	2	1.173	0	1	1.001	1.266	0	1	0	0	2	0	3.999	0	0	0	0	0	0	1	0	0	0	0	0	0.91	0	0	1.106	1.234	0	0	0	1.003	0	0	1.914	1	1.331	0
C5_03890C_A	C5_03890C_A	0	0	0	0	0	0	0	0	0	0	0	0	0	0	0	0	1	0	0	0	0	0	0	0	0	0	0	0	0	0	0	0	0	0	0	0	0	0	0	0	0	0	0	0	0	0	0	0	0	0	0	0	0	0	0	0	0	0	0	0
C5_03900W_A	PGA56	8	9	13	10	12	15	10	14	6	10	8	12	6	4	9	7	29	34	27	28	12	10	16	14	11	3	3	3	25	15	17	15	20	15	11	12	13	18	9	13	0	0	0	0	13	12	20	18	0	0	0	0	21	18	17	21	0	0	0	0
C5_03910C_A	C5_03910C_A	0	0	0	0	0	0	0	0	0	0	0	0	0	0	0	0	0	0	0	0	0	0	0	0	0	0	0	0	0	0	0	1.261	0	0	1	0	0	0	0	0	0	0	1	0	0	0	0	0	0	0	0	0	0	0	0	0	0	0	0	0
C5_03920C_A	C5_03920C_A	0	2	2	0	0	0	1	1	1	0	2.2	1	0	1	2	0	1	0	0	0	0	3	1	0	1.993	1	1	2	0	0	0	2	2	2	1	1	0	0	2	0	0	0	0	0	1	0	0	0	1.906	1	2	0	2	1	2	1	4.912	2	1	3
C5_03930C_A	C5_03930C_A	0	0	0	0	0	0	0	1	1	0	0	0	0	0	0	0	2	2	3	3	1	1	0	1.516	0	1	0	0	1	1	0	0	0	1	0	0	1	1	1	0	2	0	0	0	7	1	1	6	0	1	0	3	3	4	5	11	1	1	0	4
C5_03940C_A	C5_03940C_A	0	1	1	0	0	2.002	1	0	0	0	0	0	0	0	1	0	1.025	0	0	1	0	1	0	0	3.168	0	1.26	2	1.583	0	0	1	0	0	0	1.034	0	2	0	0	0	1	0	0	1	0	1	0	1	1	1	0	1.014	2	1	0	0	1	2.422	1
C5_03950W_A	C5_03950W_A	0	1	0	0	3	0	2	0	0	0	0	1	0	0	2	2	2.877	1	2	1	0	0	0	0	2	2	0	0	1	0	0	1	0	0	1.555	0	0	1	0	3	1	0	1	0	0	1	0	1	1	0	0	0	4.996	1	2	3	3.358	1.833	1	3.123
C5_03960W_A	C5_03960W_A	0	0	0	0	0	0	0	0	0	0	0	0	0	0	0	0	0	0	0	1	0	0	0	0	0	0	0	0	0	0	0	0	0	0	0	0	0	0	0	0	0	0	0	0	0	0	0	0	0	0	0	0	0	0	1	0	0	0	0	0
C5_03970W_A	C5_03970W_A	0	0	3	0	1.981	1	0	2	2	1	0	2	0	0	0	0	0	0	2	0	2	0	0	2.275	1	1	2	1	0	1	0	2	0	1	0	0	0	0	1	1	1	1	0	0	0	0	2	1	0	2.507	0	0	0	1.997	0	0	1.188	1	2.841	2
C5_03980W_A	C5_03980W_A	0	0	0	1	2	0	1	2	0	0	1.022	0	0	0	0.784	0	0	0	0	0	4	5	6	3	2	0	0	1	0	0	0	0	0	0	0	0	0	0	0	0	0	0	0	0	0	1	1	0	3	2	0	1	2.034	0	0	0	0	0	0	1
C5_03990W_A	MID1	0	0	0	0	0.997	1	0	1.364	0	1	0	0	0	1	0	1	0	1	0	0	0	1.095	1	0.986	0	1	0	0	0	0	0	1	0	0	0	1	0	0	0	0	1.541	0	0	0	0	1	0	0	1	0	2	1	0	0	2	0	0	2	1.675	2.978
C5_04000W_A	RFC3	0	0	0	0	0	0	1	0	1	0	0	0	0	0	0	1	0	0	0.941	0	0	0	0	0	0	0	0	0	0	0	0	1	0	0	0	0	0	0	0	0	0	0	0	0	0	0	1	0	0	0	0	0	0	0	0	0	0	0	0	1.884
C5_04010C_A	C5_04010C_A	0	0	0	0	0	0	0	0	0	0	0	0	1	0	1	0	0	0	0	0	0	0	0	1.001	0	0	0	0	1	0	0	0	1	0	1	0	0	0	0	0	0	0	0	0	0	0	0	0	3	1	0	0	0	0.999	0	0	0	0	0	0
C5_04020C_A	FGR42	1.002	0	1	2	5	6.269	8.001	1	3	1.089	3	2	2	0	0	2	6	1.09	1	1	3.954	3	2.014	3	6	5	5	3	6.054	2	5	9	1	3	4.876	2	1	1	1	1	1	2	1	1	0	1	1	1	2	2	4	4	4.006	2.605	6.993	6.889	8.988	14	3	2.421
C5_04030W_A	C5_04030W_A	0	0	0	0	0	0	0	0	0	0	0	0	0	0	0	0	0	0	0	0	0	0	0	0	0	0	0	0	0	0	1	0	0	0	0	0	0	0	0	1	0	0	0	0	0	0	0	0	0	0	0	0	0	0	2	3	0	0	0	0
C5_04040C_A	C5_04040C_A	2	3	3	2	10	4.606	6	5	4	4.025	6	0	3.03	3	1	5.985	6	4	5	4	1.999	3	4	5	5.976	9.996	9.876	4	5	7	5.116	2.931	5	0	3	5.974	5	2	1	1	3	0	0	1	1	4.945	6	0	13.998	14.17	7	8.449	14.991	12.584	8.999	8	14.906	4	2.489	9.578
C5_04050W_A	C5_04050W_A	1	0	2	0	0	1.989	3	2.018	1	0	1	0	0	1	0	2	1	1	1	0	0	2	1	2.072	0	0	0	2	0	1	2	0	1	1	0	0	0	0	0	1	1	0	1	0	0	1	0	0	0	0	0	3	0	1	2	0	2	0	0	0
C5_04060C_A	MEC1	0	0	0	0	1.512	0	1	2.198	4	0	4	2	0	1.248	0	1.017	2	0	1	0	1	2	0	0	3	0	0	0	2	1	2.759	2	0	1.665	0	2	3	0	1	1.927	1	1	0	0	2.026	0	0	0	1.311	4.238	0	2.139	3.069	5.774	0	4.222	2.564	3.157	2.407	3.95
C5_04070C_A	CKS1	0	0	0	0	0	0	0	0	0	0	0	0	1	0	0	0	0	0	0	0	0	0	0	0	0	0	0	0	0	0	0	0	0	0	0	0	0	0	0	0	0	0	0	0	0	0	0	0	0	0	0	0	0	0	0	0	0	0	0	0
C5_04080C_A	CWC25	0	0	0	0	0	0	0	0	0	0	0	0	0	0	0	0	0	0	1	0	0	0.966	0	0	0	0	0	0	0	0	1	0	0	0	0	0	0	0	0	0	0	0	0	0	0	0	0	0	0	1.903	0	0	0	0	1	0	0	0	0	0
C5_04090C_A	SUI1	0	0	0	0	0	1	0	2	0	0	0	0	0	0	0	0	0	0	0	0	0	0	0	0	0	0	0	0	0	0	0	0	0	0	0	1	0	0	0	0	0	0	0	0	0	0	0	0	0	0	0	0	0	0	0	0	0	0	0	0
C5_04100W_A	CDS1	0	0	0	0	0	0	0	1	0	0	0	1	0	0	0	0	2	0	1	0	0.984	0	0	0	2	1	0.979	2	0.997	1	1	0	0	0	0	0	0	1	0	0	0	0	0	0	0	0	0	0	0	2	0	2	2.503	7	4.97	2	0	0	0	0
C5_04110W_A	SCW11	0	1	0	0	2	0	0	0	0	1	1	1	1	1	0	0	0	0	0	0	1	0	0	1	0	0	1	0	0	0	0	0	0	0	0	0	0	0	1	0	0	0	0	0	0	1	0	0	1.685	0	0	0	0.776	1	1	1.699	0	2	0	0
C5_04120C_A	C5_04120C_A	0	0	0	0	0	0	0	0	0	1	0	0	1	0.999	0	0	0	0	1	2	0	1	0	0	0	0	0	1	0	0	0	0	0	0	0	0	0	1	0	0	1	0	0	0	0	0	0	0	1	1.093	0	0	0	1.999	0	0	0	0	0	1.963
C5_04130C_A	CHT2	0	1	0	0	0	0	0	0	0	1	0	0	0	0	0	0.998	0	0	0	2	0	0	0	0	0	0	0	0	0	1	0	0	0	0	0	0	0	0	0	0	0	0	0	0	0	0	0	1	0	0	0	0	0	0	0	0	0	1.033	2	0
C5_04140W_A	C5_04140W_A	0	2	0	0	0	1	1	4	0	0	2	1	1	0	0	0	0	0	0	0	0	0	1	0	2	0	1.761	2.545	1	2	4.001	1	0	1.707	1	1	0	1	0	0	0	0	0	0	0	1	1.011	1	2	0	0	1	0	1	2	1	0	0	2	1.404
C5_04150C_A	C5_04150C_A	0	0	0	0	0	0	0	0	0	0	0	0	0	0	0	0	1	0	0	0	0	0	0	0	0	0	0	0	0	0	0	0	0	0	0	0	0	0	0	0	0	0	0	0	0.965	0	0	0	1	0	0	0	0	0	0	0	1	0	1	1
C5_04160W_A	SDC1	0	0	0	0	4	0	0	1	0	0	0	0	0	0	0	0	0	0	0	0	0	0	0	0	0	0	0	0	0	0	0	0	0	0	0	0	0	0	0	0	0	0	0	0	0	0	0	0	0	0	0	0	0	0	0	0	0	0	0	0
C5_04170W_A	C5_04170W_A	0	0	0	0	0	0	0	0	0	0	0	0	0	0	0	0	0	0	1.321	0	0	0	0	0	0	0	0	0	0	0	0	1	0	0	0	0	1.001	0	0	0	0	0	0	0	0	1	0	0	1	0	0	0	0	1	2	1	1	0	1	0
C5_04180W_A	C5_04180W_A	0	0	1.001	0	0	0	0	0	1	0	0	0	0	0	0	1	0	0	0	0	0	1	0	0	0	0	0	0	0	0	0	0	0	0	0	0	0	0	0	0	0	0	0	0	0	0	0	1	0	0	1	0	1.013	0	1	1	0	0	0	0
C5_04190W_A	MRV2	0	0	1	1	0	0	0	0	0	0	0	0	0	0	0	1	0	0	0	0	1	0	0	1	0	1	0	0	0	0	1	0	0	0	0	0	0	0	0	0	0	0	1	0	1	0	0	0	0	0	0	0	0	0	0.996	0	0	0	0	0
C5_04200W_A	MRV3	0	0	0	0	0	0	0	0	0	0	1	0	0	0	0	0	0	0	0	0	1	0	0	0	0	0	0	0	1	0	0	0	0	0	1	0	0	0	0	0	0	0	0	0	0	1	0	0	0	0	0	0	1	0	0	1	0	0	0	0
C5_04210C_A	MRV4	1	0	0	0	0	0	1	1.038	0	0	0	0	0	0	0	0	0	1	0	0	0	0	0	0	0	0	0	0	0	0	0	0	0	1	0	0	0	0	0	0	0	0	0	1	2	1	1	0	1	1	1	1	1	1	2	0.715	0	0	2.886	0
C5_04220W_A	MRV5	0	0	0	0	0	0	0	0	0	0	0	0	0	0	0	0	0	0	0	0	0	0	0	0	0	0	0	0	1	0	0	1	0	0	0	0	0	0	0	0	0	0	0	0	1	0	0	1	0	0	1	0	1	0	0	0	1	0	0	0
C5_04230W_A	MRV6	0	0	1	0	0	0	0	0	0	0	0	0	0	0	0	0	0	0	0	0	1	1	0	0	1	0	0	1	0	0	0	0	0	0	0	0	0	0	1	0	0	0	0	0	0	0	1	0	0	0	1	0	0	1	0	1	2	0	0	0
C5_04240C_A	C5_04240C_A	0	0	0	0	0	0	1	0	0	0	0	0	0	0	0	0	1	1	0	0	0	1	0	0	2	0	0	0	0	0	0	1	0	0	0	0	0	0	0	0	0	0	0	0	0	0	0	0	0	0	0	0	0	0	0	0	0	0	0	0
C5_04250W_A	MRV8	0	1	0	0	0	0	0	1	0	0	0	0	0	0	0	0	1	0	0	0	3	2	1	3	0	0	0	0	0	0	0	0	0	0	0	0	0	0	0	0	0	0	0	0	0	0	0	0	0	0	0	0	0	0	0	1	0	0	0	0
C5_04260W_A	RNY1-B	0	0	1.955	0	0	0	0	0	0	0	0	0	0	0	0	0	0	0	0	0	0	1	0	0	1	0	0	1	0	0	1.387	1	0	0	0	0	0	0	0	0	0	0	0	0	0	0	0	0	0	0	0	0	1	0	0	0	0	0	0	1
C5_04270C_A	SAH1	0	0	0	0	1	0	0	0	0	0	0	0	0	0	0	0	0	0	0	0	0	0	0	0	0	1	0	0	0	0	0	0	0	1	0	0	0	0	0	0	0	0	0	0	0	0	1	0	1	0	0	0	1	0.995	0	0	0	0	0	0
C5_04280C_A	GLN3	0	0	0	0	1	0	0	0	1.468	0	1	0	0	0	1	0	0	1.082	1	0	0	0	0	0	0	0	1	0	0	0	0	0	0	0	0	0	1	0	0	0	1	0	0	0	0	0	0	0	1	0	0	0	0	0	1	0	0	0	0	1
C5_04290C_A	C5_04290C_A	0	0	0	0	0	0	0	0	0	0	0	0	0	0	0	0	1	1	0	0	0	0.999	0	0	0	0	1	0	0	0	1	0	0	0	1	0	0	1	0	0	0	0	0	0	0	0.995	0	0	0	0	0	1	0	1	0	1	0	0	0	1
C5_04300C_A	C5_04300C_A	0	0	0	0	1	0	3	6	0	2	0	0	0	1	1	0	0	0	0	0	0	0	0	0	0	0	1	1	0	0	0	1.004	0	0	1	0	0	0	0	0	0	0	0	0	0	0	0	0	0	0	0	2	0	0	0	0	0	0	0	1
C5_04310W_A	C5_04310W_A	0	0	0	1	0	0	0	1	0	0	0	0	0	0	0	0	3	2	1	2	2	1	0	0	0	0	0	0	0	1	0	0	1	0	0	0	0	0	0	0	0	0	0	0	0	0	1	0	2	0	0	0	0	0	2	2	1	0	0	1
C5_04320C_A	C5_04320C_A	0	0	0	0	0	2	2	0	0	1	0	1	0	0	1	1	1	1	1	1	0	0	0	2	1	1	1	0	0	1.101	1	0	1	0	1	1.061	1	0	1	0	1	0	0	0	1	2	1	0	3.096	0	0	0	2	1	1	0	0	2	0	0
C5_04330W_A	C5_04330W_A	0	0	0	0	0	0	0	0	0	1	0	0	0	0	0	0	0	0	0	0	0	0	0	0	0	0	0	0	0	0	1	1	0	0	0	0	0	0	0	0	1	0	0	0	0	0	0	0	0	0	0	0	0	0.996	0	0	0	0	0	0
C5_04340W_A	C5_04340W_A	0	0	0	0	0	0	1	0	2	0	0	0	0	0	0	0	0	0	0	0	0	0	0	0	0	0	0	0	0	0	0	0	0	0	0	0	0	0	0	0	0	0	0	0	0	0	0	1	0	1	0	0	0	0	0	0	0	0	0	0
C5_04350C_A	C5_04350C_A	0	0	0	0	0	0	0	1	0	0	0	0	1	1	0	0	0	0	0	0	0	0	0	0	0	0	1	0	0.855	0	0	0	0	0	0	0	0	0	0	0	0	0	0	0	0	1	0	0	0	0	0	0	1	1	0	2	1	0	0	0
C5_04360C_A	C5_04360C_A	0	1	2	1	0	1	1	0	0	0	0	0	0	0	0	0	0	0	0	0	0	0	0	1	0	0	0	2	0	0	0	0	5.958	5	2	3	1	0	0	0	0	0	0	0	0	0	0	0	0	0	1	2	2	0	0	0	0	3.035	0	0
C5_04370C_A	PGA37	1	0	0	0	0	0	0	0	0	0	0	0	0	0	0	0	1	0	0	0	4	1	0	0	0	0	0	0	0	0	0	0	0	0	0	0	0	0	0	0	0	0	0	0	0	0	0	0	0	0	0	0	0	0	0	0	0	0	0	0
C5_04380C_A	C5_04380C_A	0	0	0	0	0	0	0	0	1	1	0	0	5	0	4	4	2	0	2	0	0	1.241	0	0	1	3	0	1	0	0	0	0	0	0	0	0	2	3	2	2	0	0	0	1	1	0	0	0	1	0	1	0	0	5	2	4	0	2	1	0
C5_04390C_A	C5_04390C_A	0	0	0	0	0	0	0	0	0	0	0	0	0	0	0	1	0	0	0	0	0	0	0	0	0	0	0	0	0	0	0	0	0	0	0	0.89	0	0	0	0	0	1	0	0	0	0	0	0	0	0	0	0	0	0	0	1	0	0	0	0
C5_04400W_A	RNY11	0	0	2.045	0	0	0	1	0	0	0	0	0	0	1	0	0	0	0	0	0	0	0	0	0	0	0	0	0	0	0	0	0	0	1	0	0	0	0	0	0	0	0	0	0	0	0	0	0	0	1	0	1	0	0	1	0	1	0	0	0
C5_04410C_A	C5_04410C_A	0	0	0	0	0	1.829	0	0	0	0	0	0	0	0	0	0	0	0	0	0	0	0	1	0	0	0	1	1	0	1	0	1	0	0	0	1	0	0	0	0	2	0	0	0	1	2	3	0	0	1	2	0	1	0	0	0	1.688	0	0	0
C5_04420W_A	C5_04420W_A	0	0	0	0	0	0	0	1	0	0	0	0	0	0	0	0	0	0	0	0	0	0	0	0	0	0	1	0	0	0	0	0	0	0	0	0	0	0	0	0	0	0	0	0	0	0	0	1	0	0	0	0	0	0	0	0	0	0	0	0
C5_04430C_A	YUH2	0	1	0	0	0	0	0	0	5	2	1	3	0	1	0	0	0	0	0	0	0	2	3	5	0	0	0	0	1	0	1.444	0	0	0	0	0	8	5.089	3	9	0	0	0	1	1	3	7	0	0	1	0	0	2	0	0	2	0	1	0	0
C5_04440C_A	SFC1	9	6	5	6	2	6.901	7	1	1	3	1	0	3	3	0	1	1	0	0	0	1	4	0	2	3	0	2	4	5	4	9.27	5	0	0	0	0	2	2	4	2	0	0	0	1	0	3	1	3	1.719	1	0	0	1	0	0	1	0	0	1	0
C5_04450C_A	C5_04450C_A	0	0	0	0	0	0	0	0	0	0	0	0	0	0	0	1	0	0	0	0	0	0	0	0	0	0	0	0	0	0	0	0	0	0	0	0	0	0	0	0	0	0	0	0	0	0	0	0	0	0	0	0	0	0	0	0	0	1	0	0
C5_04460C_A	C5_04460C_A	0	0	0	0	0	0	0	0	0	0	0	0	0	0	0	0	0	0	0	0	0	0	0	0	0	0	0	0	0	0	0	0	0	0	0	0	0	0	0	0	0	0	0	0	0	0	2	0	0	0	0	0	0	0	0	0	0	0	0	0
C5_04470C_A	C5_04470C_A	0	0	0	0	3	4	3	0	3	2	10	6	0	0	0	0	0	0	0	0	0	0	0	0	0	1	0	1.095	0	0	1	0	2.035	9	2	7	1	1	2	2	0	0	0	0	1	1	0	2	0	1	1	1	1	1	0	3	1	0	1.786	0
C5_04480C_A	C5_04480C_A	0	0	0	0	0	0	0	0	0	0	0	0	0	0	0	0	0	0	0	0	0	0	0	0	0	0	0	0	0	1	0	0	0	0	0	0	0	0	0	0	0	0	1	0	0	0	0	0	0	0	0	0	0	0	0	0	0	0	0	0
C5_04490C_A	CAR1	0	0	0	0	1	1.003	0	1	0	0	0	1	1	0	0	0	3	5	5	3	0	0	0	1	2	1	0	0	2	1	0	3	0	0	1	2	4	7	5	4	0	0	0	0	1	3	3	4	2	0	0	0	6.207	2	8	4	0	0	0	0
C5_04500W_A	C5_04500W_A	0	0	0	0	0	0	1	0	0	0	0	0	0	0	0	0	0	0	0	0	0	2	0	0	0	0	0	0	1	1	0	0	0	0	0	0	0	1	0	0	0	0	0	0	0	0	0	0	0	0	0	0	0	0	0	0	0	0	0	0
C5_04510W_A	GDE1	1	0	1	0	0	0	2.996	1	0	1	1	0	0	0	1	0	1	0	0	0	2	0	0	0	1	0	0	0	1	0	0	0	0	0.997	0	0	0	1.727	0	0	0	1	0	0	1	0	2	1	2	0	0	0	0	0	1.999	2	1.236	0	1.776	1.17
C5_04520W_A	TIP41	0	0	0	0	0	0	0	0	0	0	0	0	0	0	1	0	0	0	0	0	0	0	1	1	0	0	0	0	0	0	0	0.977	1	0	0	0	0	0	0	0	0	0	0	1	0	0	0	0	0	0	0	0	0.992	0	0	2	0	0	0	0
C5_04530W_A	C5_04530W_A	0	0	0	0	0	1	0	0	0	0	0	0	0	0	0	0	0	0	0	0	0	0	0	0	0	1	0	0	0	1	0	0	0	0	0	0	0	0	0	0	0	0	0	0	0	1	1	1	0	0	0	0	0	0	1	0	1	0	1	1
C5_04540C_A	C5_04540C_A	0	0	0	0	1	0	0	0	0	0	0	0	0	0	0	0	0	0	0	0	0	0	0	1	0	1	0	1	1	0	0	0	0	0	0.952	0	0	0	0	0	0	0	0	0	0	0	0	0	0	0	1	0	0	0	0	0	0	1	1	0
C5_04550W_A	C5_04550W_A	0	0	0	0	0	1	0	0	0	0	1	0	1	0	0	1	0	0	0	0	0	0	0	1	0	0	0	0	0	0	0	1	0	0	0	1	0	0	0	0	0	0	0	0	0	0	0	0	0	0	0	0	0	0	1	0	1	0	0	0
C5_04560C_A	CUP1	0	0	0	0	0	0	0	0	0	0	0	0	0	0	0	0	0	0	0	0	2	1	3	4	0	1	5	2	0	0	1	0	0	0	0	0	2	0	1	0	0	0	0	0	0.998	2	1	1	0	0	0	0	0	0	0	0	0	0	0	0
C5_04570C_A	URA7	0	0	0	0	1	2	0	3.761	0	0	0	0	0.999	2	0	0	0	0	0	0	0	0	0	2	0	1	0	0	0	0	0	0	0	1	0	0	0	0	0	0	0	0	0	0	0	0	0	0	0	0	1	0	1	0	0	2	1	0	0	0
C5_04580C_A	C5_04580C_A	0	0	0	1	0	0	0	0	0	0	0	0	0	0	0	0	0	0	0	0	1	0	0	0	1	0	0	0	1	0	0	0	0	0	0	0	0	0	0	0	0	0	0	1	0	0	0	0	0	0	0	0	0	0	1.999	1	0	0	0	0
C5_04590C_A	RPL43A	0	1	0	0	6	2	0	4	0	0	0	0	0	0	0	0	0	2	3	1	0	0	0	0	0	0	0	1	0	0	0	0	0	0	0	0	0	0	0	0	0	0	0	0	0	0	0	1	0	0	0	0	0	0	0	0	0	0	0	0
C5_04600C_A	GRR1	0	0	0	0	1	0	0	2	0	2	1	0	0	0	0	0	0	0	0	0	1	0	1	0	0	0	1.114	0	0	1	0	0	0	0	1	0	0	0	0	1	0	0	0	0	0	0.999	0	0	1.01	0	1.038	0	0	1	0	1	2	0	1	0
C5_04610W_A	C5_04610W_A	1	0	0	0	0	0	0	0	0	0	0	0	2.024	1	0	1	1	0	3	0	1	0	0	0	2.218	1	0	0	0	1	0	0	0	2	0	0	0	0.88	0	1	0	0	0	0	0	0	0	0	0	1	0	0	0	2	2	0	0	2	2	0
C5_04620C_A	C5_04620C_A	0	0	0	0	0	0	0	0	0	0	0	0	0	0	0	1	0	1	0	0	0	0	0	0	1	1	0	0	0	0	0	0	1	0	0	0	0	0	0.992	0	1	0	0	0	1	0	0	0	1	0	0	1.643	3	0	0	0	0	0	0	0
C5_04630W_A	SPT4	0	0	0	0	0	0	0	0	1	0	0	0	0	0	0	0	0	0	0	0	0	0	0	0	0	0	0	1	0	0	0	0	0	0	0	0	0	0	0	0	0	0	0	0	0	0	0	0	0	0	0	0	0	0	0	0	0	0	1	0
C5_04640C_A	C5_04640C_A	0	1	1	0	0	0	1	1	0	3.102	5.117	1	0	1	2	0	0	0	0	0	0	0	0	0	3	1	1	2	0	4	3	3	0	1	3	0	1.152	2	1	3	0	0	1.05	0	0	0	1	0	2	0	4	3	1	0	1.075	1	0	1	1	2.623
C5_04650C_A	MSM1	0	0	0	0	0	1	0	0	0	0	0	0	0	0	0	0	0	0	0	0	0	0	1	0	0	0	0	0	0	0	0	0	0	0	0	1	0	0	0	0	1	0	0	0	1	0	0	0	0	0	0	0	0	3	0.92	1	1	0	0	0
C5_04660C_A	TIP1	0	0	0	0	0	0	0	2	1	2	1.847	1	0	0	0	0	0	0	0	0	0	1	0	0	0	0	0	1	0	0	0	0	0	0	1	0	1	1	3	0	0	0	0	0	0	0	1	2	0	2	0	0	0	0	0	1	0	0	0	0
C5_04670W_A	SRP101	0	0	0	0	0	0	0	1	0	0	0	0	0	0	0	0	2	1	0	0	0	0	0	0	0	2	1.082	0	1	1.167	0	0	1	0	0	0	0	0	2	0	0	0	0	0	0	0	1	1	1.647	1	0	1.549	0	0	0	0	1.166	2.925	1	1.329
C5_04680W_A	PSD2	5	1	3	3	0	0	2.15	0	0	2	0.964	0	0	0	0	0	0	3.083	1	1	1	0	1	0	3	4	0	3	2	1.509	0	0	0	0	0	2	1.053	0	0	0	0	0	0	0	1	2	1	3	1	1	0	1	1.049	1	0.996	3	1.14	4	1	1.122
C5_04690C_A	C5_04690C_A	0	0	0	0	0	0	0	0	8	4	2	3	0	0	0	0	0	0	0	0	0	0	0	0	0	0	0	0	0	0	0	0	0	0	0	0	0	0	0	0	0	0	0	0	0	0	0	0	0	0	0	0	2	5	2	2	0	0	0	0
C5_04700C_A	MES1	0	0	0	0	1	0	0	0	0	0	0	0	0	0	0	0	0	0	0	0	0	1	1	0	1.276	0	0	0	1	0	0	0	2	0	0	2	0	1	0	0	0	0	0	0	0	0	0	0	0	1	0	0	0	0	1.908	0	0	0	0	1.252
C5_04710W_A	HER2	0	0	0	0	0	0	0	1	0	0	0	0	0	0	0	0	1.07	0	0	0	1	0	0	0	1	1	0	0	0	0	0	0	0	0	0	0	0	0	0	0	0	0	0	0	0	1	0	0	1	1	0	1	1	1	1	1.945	0	0	0	2
C5_04720C_A	C5_04720C_A	0	1	0	0	1	0	0	0	0	0	0	0	0	0	0	1.008	0	0	0	0	0	0	0	0	0	0	0	0	0	0	3	0	0	0	0	0	0	0	0	0	0	0	0	0	0	0	1	0	1	0	0	2.572	3	1	0	0	1.835	0	0	0
C5_04730C_A	SSD1	0	0	1	2	0	2	0	2	3	3	3	0	4	2	7	2	0	0	0	0	2	1	1	2	3	0	0	2	0	0	0	1.06	2	0	1	0	0	1	0	0	0	0	0	0	5	4	0	3	0	0	0	0	1	0	2.012	0	0	0	1.114	2
C5_04740C_A	HYS2	0	0	1	1	0	0	0	0	1	0	0	0	0	0	1	0	0	0	0	0	0	0	0	0	0	0	0	0	0	0	0	0	0	0	0	0	0	1	0	0	0	0	0	0	0	0	1	0	1	0	0	0	0	0	0	0	0	0	1.688	0
C5_04750C_A	HAS1	0	0	0	0	3	2	2	3	0	0	0	0	1	0	0	0	0	1	0	0	0	0	0	0	0	0	0	0	1	2	0	0	0	0	0	0	0	0	0	0	0	0	0	0	1	0	0	0	0	0	0	1	0	1	0	1	0	1	0	0
C5_04760W_A	tA(AGC)5	0	0	0	0	0	0	0	0	0	0	0	0	0	0	0	0	0	0	0	0	0	0	0	0	0	0	0	0	0	0	0	0	0	0	0	0	0	0	0	0	0	0	0	0	0	0	0	0	0	0	0	0	0	0	0	0	0	0	0	0
C5_04770W_A	C5_04770W_A	0	0	0	0	0	0	0	0	0	0	0	1	0	0	0	0	1	0	0	0	0	0	0	0	0	0	0	2	1	1	2	1	0	1	1	0	0	1	0	0	0	0	0	0	0	0	0	0	0	0	0	1	0	1	0	0	0	0	0	0
C5_04780W_A	ASH2	0	0	1	0	0	1	1	1	0	0	1	0	0	0	0	0	0	0	0	1	0	0	0	0	0	0	0	0	0	0	0	0	0	0	0	0	1	0	0	0	0	0	0	0	0	0	0	0	1	0	0	0	0	0	0	0	0	2.579	3	1
C5_04790C_A	C5_04790C_A	0	0	0	0	0	0	0.998	0	0	0	0	0	0	0	0	0	0	0	0	0	0	0	0	0	0	1	0	0	0	0	0	0	0	0	0	0	1	0	0	0	0	0	0	0	0	0	0	0	0	0	0	0	0	0	0	0	0	0	0	0
C5_04800W_A	CRH12	0	0	0	0	0	0	3.13	0	0	2	0	0	0	0	1	0	0	0	0	0	2	1	1	1	0	0	0	0	1	0	0	0	0	0	0	0	0	0	0	0	0	0	0	0	0	1	0	2	1	2	1	0	0	1	0	0	0	0	0	1
C5_04810W_A	PFK1	0	0	0	0	1	2.001	0	0	0	0	1	1.002	0	0	0	1.189	0	0	0	0	0	0	0	0	1	0	1	0	0	0	0	0	0	0	0	0	1	4	2.517	3	0	0	0	0	1	2	2	0	0	0	0	0	0	0	0	0	0	0	1.372	0
C5_04820W_A	C5_04820W_A	0	0	1	0	0	0	0	0	0	0	0	0	0	0	0	0	1	0	0	0	0	0	0	0	0	1	0	4.794	1	0	0	0	0	0	1	1	0	0	0	0	0	0	0	0	1	0	0	0	0	0	0	0	0	0	0	0	0	0	1	0
C5_04830W_A	SFL2	0	0	0	0	0	0	0	1	0	0	0	0	1	0	0	0	0	0	0	0	1	0	0	0	0	0	0	0	1	0	1.001	0	1	0	0	0	0	0	0	0	0	0	0	0	2	2	1	2	1	1	0	0	1	3	1	5	0	1	1	0
C5_04840C_A	C5_04840C_A	0	0	0	1	0	0	0	0	0	1	0	0	0	0	0	0	0	0	0	0	0	0	0	0	0	0	0	0	0	1	0	0	0	0	0	0	0	0	0	0	1	0	0	0	0	1	0	0	0	0	4	1	0	1	0	0	1	1.01	0	0
C5_04850W_A	C5_04850W_A	0	0	0	0	0	0	0	0	0	0	0	0.966	0	0	0	0	1	0	0	0	0	0	0	0	0	0	0	0	0	0	0	0	0	0	0	0	0	0	0	1	0	0	0	0	0	0	0	0	0	0	0	1	0	1	0	0	0	0	1	1
C5_04860C_A	C5_04860C_A	1	0	0	0	0	0	0	0.996	0	0	0	0	0	0	0	0	0	0	0	0	2	0	0	0	2	0	0	0	0	1	0	0	0	0	0	0	0	0.945	0	0	0	0	0	0	0	0	0	0	0	0	0	0	1	0	0	0	1	0	0	0
C5_04870W_A	C5_04870W_A	0	1	0	2	0	1	0.996	0	0.955	1	0	0	0	0	0	1	0	1	0	0	0	0	2	2	0	1	0	0	0	0	1	0	0	0	0	0	0	0	0	1	0	0	0	0	0	1	0	0	0	0	0	0	0	0	0	0	1	0	0	1
C5_04880C_A	PUT2	0	2	0	0	0	0	0	0	0	0	0	1	0	0	1.852	0	0	0	0	1	0	1	0	1	1	2	3	1	0	1	0	0	2	0	0	0	0	0	0	0	0	0	0	0	0	0	1	0	1	0	0	0	1	1	3	1.002	0	0	0	0
C5_04890C_A	C5_04890C_A	0	0	0	0	0	1	0	0	0	0	0	0	0	0	0	0	0	0	0	0	0	0	0	0	0	0	0	0	0	1	0	0	1	0	0	0	0	0	0	1	0	0	0	0	0	0	1	0	1	0	0	0	0	0	0	0	1.721	0	0	0
C5_04900C_A	C5_04900C_A	0	0	0	0	0	0	0	0	0	0	0	0	0	1	0	0	1	0	1	0	0	1	0	0	1	2	0.997	0	2	2	1	0	1	0	0	0	0	0	0	0	0	1	0	0	0	0	0	0	1	0	0	1	0	0	0	0	3	1	0	0
C5_04910W_A	C5_04910W_A	1	0	0	0	1.003	2	1	1	0	0	0.965	1	0	1	1	1	0	0	0	1	1	0	0.756	0	1.998	0	1	0	0	0	1.005	1.791	0	0	0	0	1	0	0	0	1	0	0	0	1	1	0	0	2	0	1	0	2	0	2	0	0	2.876	0	0
C5_04920C_A	C5_04920C_A	2	0	1	1	3.35	5.912	4.027	1	2.294	0	1	3	1.081	0	1	1	1	1	0	0	1	0	1.069	0	0	2	1	2.983	0	1	4	0	0	1	0	0	0	0	1	0	0	0	0	0	1	2.812	2	1.003	2.332	1	1.382	2.428	1	3	1	3	2.62	0	0	3.074
C5_04930C_A	MAL31	0	0	1	0	0	0	1.003	1	0	0	0	1	0	0	0	0	0	0	0	1	1	1	0	0	1	0	0	0	2.003	1	1	0	0	1	0	0	2.001	3	1	2	0	0	0	0	0	0	1	0	0	0	0	0	0	3	0	4.703	0	1.751	1.318	1
C5_04940W_A	C5_04940W_A	0	0	0	0	1	1	1	1	0	0	0	0	0	0	0	0	0	0	0	0	0	0	0	0	0	1	0	1	1	0	0	2.171	0	1	2	0	0	0	0	0	0	0	0	0	0	0	0	0	0	0	0	0	2	2	0	0	0	0	3.369	2
C5_04950C_A	C5_04950C_A	0	0	1	1	0	2.059	2	1	0	3	2	4	0	1	0	0	2	0	0	0	0	0	0.928	1	5	3	2.003	1.601	1	1.993	3	1	2	0.989	2	0	2	1	2	4.148	0	0	0	0	0	1	2	2	0	5	0	1	1	5.785	4	1.014	2.464	2	3.515	0
C5_04960W_A	C5_04960W_A	0	0	0	2	0	2.813	1.02	0	2	1	4	5	0	1	0	0	0	0	0	2	0	0	0	1	0	2	1.027	0	0	1	1.281	1.347	0	0	0	0	0	0	0	0	0	1	0	0	3	0	1	1	1	1.756	3.462	0	4	1	1	5.009	0	0	4.111	0
C5_04970C_A	PPR1	0	1	0	0	1	1	1	0	0	0	1	0	0	0	0	0	0	1	0	0	1	0	1	0	4	1	0	2.644	0	0	1	1	0	0	0	0	3.053	1	1	1	0	0	0	0	0	0	0	0	2	1.393	1	1	0	1.063	1	0	1.062	3	4	0
C5_04980W_A	C5_04980W_A	0.998	2	0	0	0	0	0	0	0	0	1	0	0	0	0	0	1	0	0	0	0	0	0	0	1	0	0	0	0	0	0	0	0	0	0	0	0	0	0	0	0	0	0	0	0	1	0	1	0	0	0	2	0	0	0	0	0	0	1	1
C5_04990W_A	C5_04990W_A	0	0	0	0	2	1	3.928	2	0	0	0	2	0	1	0	0	0	2	0	0	0	0	0	0	0	1	0	0	0	0	0	1	2	0	0	0	0	0	0	0	0	0	1	0	1	2	2	0	2	0	0	1	0	0	0	0	2	1	2.955	0
C5_05000C_A	C5_05000C_A	0	1	1	1	0	0	0	0	1	1	0	1	1	0	1	0	0	0	0	1	0	0.994	0.999	0	4	0	1	1	2.998	3	0	1	2	0	1	2	0	0	0	0	0	1	0	0	0	1	0	0	0	1	1.107	0	1.48	0	1	1.024	0	2.101	0	3
C5_05010W_A	C5_05010W_A	0	1	0	0	0	0	0	0	0	0	0	0	0	0	0	0	0	0	0	0	0	0	0	0	0	0	0	0	0	0	0	0	0	0	1	0	1	0	0	0	0	0	0	0	0	0	0	0	0	0	0	0	0.905	0	0	0	0	0	0	1
C5_05020C_A	C5_05020C_A	0	0	0	0	0	0	0	0	2	3	1.396	2	0	0	0	0	1	0	0	0	0	0	0	0	1	0	0	0	0	0	1	0	0	0	0	0	0	0	0	0	1	1	0	0	0	0	0.866	0	0	0	1	0	1	0	0	0	0	0	0	0
C5_05030C_A	RIM13	0	0	0	0	0	2	0	2	0	2	1.156	0	1	0	0	2	0	1	0	0	0	0	0	0	2	2.048	2	1	2	2	0	1	0	1	1	1	1	0	0	0	0	1	0	0	0	0	0	0	0	2	0	1	0	0.877	0	1	0	1	2.284	0
C5_05040W_A	GPI10	1	0	0	0	0	0	0	1	0	0	0	0.871	2	1	0	1	0	0	0.999	1	0	0	0	1	1	0	0	0	1	1	0	0	0	0	2	0	1	1	0	3	0	1	0	0	1	0	2	0	0	0	1	0	1	0	2	0	0	0	0	0
C5_05050W_A	ADH1	7	9	2	3	9	7	13	17	1	3	5	3	0	0	0	1	1	0	0	1	1	1	1	0	0	0	1	2	3	2	4	1	0	0	0	0	2	1	4	2	0	0	0	0	2	4	6	7	0	0	0	0	0	0	2	0	0	0	0	0
C5_05060C_A	C5_05060C_A	0	0	0	0	0	0	0	0	0	0	0	0	0	1	0	0	0	0	0	0	0	0	0	0	0	0	0	1	0	0	0	1	0	0	1	0	0	0	0	0	0	0	0	0	0	0	0	0	0	0	0	0	0	0	0	0	0	0	0	0
C5_05070W_A	C5_05070W_A	0	0	0	0	0	0	0	0	2	0	1	0	1	0	1	0	0	1	1	0	0	0	0	0	0.982	0	1.003	2.351	1	1	0	2	0	1	0	0	1	0	1	0	0	0	0	0	3	0	0	3	1	2.78	1	0	0	2	2.001	2	0	3.258	2	0
C5_05080W_A	GRF10	0	0	0	0	1.526	0	0	0	0	0	0	0	0	0	0	0	1	0	2	0	0	1	1	1	3	0	2.001	0	1.004	0.998	1	0	0	0	1	1	0.891	0	0	0	0	0	0	1	0	0	1.127	0	0	0	0	0	1.283	0	1	0	0	2.709	0	0
C5_05090W_A	C5_05090W_A	0	0	0	0	0.889	1	1	0	0	0	0	0	0	0	0	0	0	1	0	0	0	0	0	0	0	0	0	0	1	0	1.324	0	0.968	0	0	0	0	0	0	0	0	0	0	0	1	0	1	0	0	1	0	0	0	0	0	0	1	0	0	0
C5_05100C_A	DUN1	1	1	0	0	0	1	1	1	0	1	0	1	0	0	0	0	0	0	0	0	2.197	1	0	1	0	1	2	1.995	0	0	0	1	0	0	0	3	3	0	0	0	0	0	0	0	0	0	1	0	4	0	1	0	1	1	3	0	2.59	3	3	0
C5_05110C_A	TIP20	0	0	0	0	0	0	0	0	0	0	0	1	0	0	0	0	1	0	0	0	0	0	0	0	1	0	1	1	0	1	0	2	0	0	0	0	0	1	0	0	0	0	3	0	0	0	0	1	0	0	0	2.595	3.001	0	1	0	0	0	0	0
C5_05120W_A	CCT3	0	0	0	0	0	0	0	0	0	0	0	0	0	0	0	0	0	1	1	0	1	0	0	0	0	1	0	1	1	0	0	0	0	0	0	0	0	0	0	0	0	0	0	0	1	0	1	1	0	0	0	0	0	0	0	0	0	0	0	1
C5_05130C_A	C5_05130C_A	0	0	0	0	0	0	0	0	1	0	0	0	0	0	0	0	0	0	0	0	0	0	0	0	0	1	0	0	0	0	0	0	0	0	0	0	0	0	0	0	0	0	0	0	0	0	0	0	0	0	0	0	0	0	1	0	0	0	1	0
C5_05140W_A	C5_05140W_A	0	0	0	0	0	0	0	0	0	0	0	1	0	0	0	1	0	0	0	0	0	0	0	0	0	0	0	0	0	0	0	0	0	0	0	0	0	0	0	0	0	0	0	1	1	2	0	0	0	0	0	0	0	0	1	0	1	1	1	1.785
C5_05150C_A	C5_05150C_A	0	0	0	0	0	1	0	0	0	1	0	0	0	0	0	1	0	0	0	1	0	0	0	0	0	0	1.994	0	0	1	0	2	0	0	0	0	0	0	0	0	0	0	0	0	2	2	1.003	1	0	1	0	0	1	0	0	0	0	2	0	1
C5_05160C_A	CNB1	1.132	0	0	0	0	3.918	2	3	4	3	3	4	0	0	0	0	0	0	0	0	0	0	0	0	0	0	1	0	0	0	0	0	0	0	0	0	2	1	3	2	0	0	0	0	0	0	0	0	0	0	0	1	1	0	0	0	0	0	0	0
C5_05170W_A	PAN3	1	0	1	0	0	0	0	0	1	0	0	0	1	0	0	0	0	0	1	0	0	2.013	0	0	0	0	0	0	1	1	0	0	0	1	0	0	1	0	1	0	2	0	0	0	0	0	0	0	0	0	0	0	0	1	0	0	0	0	2	0
C5_05180W_A	C5_05180W_A	0	0	1	0	0	0.999	0	0	0	0	0	0	0	0	0	0	0	0	0	0	0	0	0	1	0	0	0	0	1	0	0	0	0	0	0	0	0	0	0	0	0	0	0	0	0	0	0	0	0	0	0	0	0	0	0	0	0	1	1	0
C5_05190W_A	PCL5	1	0	1	0	0	0	0	0	0	0	0	0	0	0	0	0	0	0	0	0	0	0	0	0	0	0	0	0	0	0	0	0	0	0	0	0	0	0	0	0	0	0	0	0	0	0	0	0	0	0	1	0	1	1	0	0	0	1	0	1
C5_05200C_A	C5_05200C_A	0	0	0	0	0	1	0	0	1	0	0	0	0	1	1	0	1	0	0	0	0	0	0	0	0	0	0	0	2	3	1	0	0	0	0	0	0	1	0	0	0	0	0	0	0	0	0	0	0	0	1	1	0	0	0	0	0	0	0	1
C5_05210W_A	C5_05210W_A	0	0	0	0	0	0	0	0	1	0	1	0	0	0	0	0	0	0	1	0	0	0	0	0	0	0	2	0	1.998	1	1	0	0	2	0	2	0	0	2	0	0	0	0	0	0	0	0	0	2	0	0	1	0	1	1	0	1	1	0	1
C5_05220W_A	CAG1	1	0	0	0	0	0	1	0	1	0	2	0	0	0	0	0	0	0	0	0	0	0	1	1	0	0	0	0	0	0	0	1	0	0	0	0	0	0	1	0	0	0	0	0	0	0	0	0	0	1	0	1	2	1.162	3	1	0	0	0	0
C5_05230C_A	C5_05230C_A	0	2	4	2	0	0	0	0	0	1	1	2	2	0	0	0	0	0	0	0	1.062	1	1	1	0	0	0	0	5	2	2	1	0	0	0	0	1	4.998	4	2	0	0	0	0	2	3	5	0	0	0	0	0	7	3	10	4	0	0	0	0
C5_05240C_A	C5_05240C_A	1	0	0	0	0	0	2	2	0	0	0	0	0	0	0	0	0	0	0	0	0	0	0	0	0	0	0	0	0	0	0	0	0	0	0	0	0	0	0	0	0	0	0	0	0	0	0	0	0	0	0	0	0	0	1	1	0	0	0	1
C5_05250C_A	C5_05250C_A	1	0	0	0	0	0	0	0	0	0	0	0	1	0	0	0	0	0	0	0	0	0	0	0	1	0	0	0	0.996	0	0	1	0	0	0	0	0	0	0	0	0	0	0	0	0	0	0	0	0	0	0	0	0	1	0	0	0	1	0	0
C5_05260W_A	PSY4	0	0	0	0	0	0	1	0	0	0	0	0	0	0	0	0	3	4	2	3	0	0	1	0	0	0	0	0	0	0	0	0	0	0	0	0	0	0	0	0	0	0	0	0	0	0	0	1	0	0	1	0	0	0	1	0	1	0	0	0
C5_05270C_A	C5_05270C_A	0	0	1	0	0	0	0	1	0	0	0	0	0	0	0	0	0	0	0	0	0	0	0	0	0	0	1	0	0	0	0	0	0	0	0	0	0	0	0	0	0	0	0	0	0	0	0	0	0	0	0	0	1	0	0	0	1	1.102	2	2
C5_05280C_A	SDH4	2	2	2	3	0	0	0	1	0	0	0	0	0	0	0	0	0	0	0	0	0	0	0	0	0	0	0	0	0	0	0	0	0	0	0	0	0	0	0.998	0	0	0	0	0	0	0	0	0	0	0	0	0	0	0	0	0	0	0	0	0
C5_05290C_A	MRP2	0	1	0	0	0	0	0	0	1	0	1	0	0	0	0	0	0	0	0	0	0	0	0	0	5	2	0	2	0	0	0	0	0	0	0	0	0	0	0	0	0	0	0	0	0	0	0	1	0	0	0	0	0	0	0	0	0	0	1	0
C5_05300W_A	RIB5	0	0	0	0	0	0	0	0	0	0	0	0	0	0	0	0	0	0	0	0	4	3	4	2	0	1	0	0	0	0	0	0	8	4	4	7	1	0	0	0	0	0	0	0	0	2	2	0	0	0	0	0	0	0	0	0	0	0	0	0
C5_05310W_A	PRE1	0	0	0	0	0	0	1	0	0	0	1	0	0	0	0	0	0	0	0	0	0	0	0	0	0	0	0	0	0	0	0	0	0	0	0	0	0	0	0	0	0.846	0	0	0	0	0	0	0	0	1	0	0	0	0	1	0	0	0	1	0
C5_05320C_A	HIS1	0	0	0	0	0	0	1	0	0	0	0	0	0	0	0	0	1	0	5	4	2	1	3	4	1	1	1	2	0	0	0	0	1	1	1	0	0	0	0	0	0	1	0	0	0	0	0	1	0	0	1	0	0	0	0	1	0	0	0	0
C5_05330C_A	RER2	1.849	0	0	0	0	1	0	0	1	0	0	0	0	0	1	1	0	0	0	0	0	0	0	0	0	0	0	0	0	0	0	2	0	0	0	1	0	0	0	0	1	0	0	0	0	0	1	0	1	0	0	0	0	1	0	0	0	0	0	1
C5_05340W_A	C5_05340W_A	0	0	0	0	3	4	4	1	0	0	0	0	5	1	4	2	0	0	0	0	0	0	0	0	0	0	0	1	0	0	0	0	0	0	0	0	0	0	0	0	0	0	0	0	0	0	0	0	0	0	0	0	0	0	0	0	0	0	0	0
C5_05350W_A	C5_05350W_A	0	0	0	0	3	3	3	4	0	0	0	0	0	0	0	0	1	0	0	0	0	0	0	0	0	1	2	0	0	0	0	0	0	0	0	0	0	0	0	1	0	0	0	0	0	0	0	0	1	1	0	2	0	0	0	0	1	0	0	0
C5_05360C_A	C5_05360C_A	0	0	0	0	0	2	0	0	0	1	1	1	1	0	0	0	2	2	2	0	3	0	0	0	0	0	0	1	0	0	0	0	2.962	0	1	0	1	1	0	0	0	0	0	2	0	1	0	0	1.544	1.448	1	0	0	1	0	0	1	0	1.042	3.819
C5_05370C_A	PRP22	0	0	0	0	0	1	0	0	0	0	0	0	1	1.987	0	0	0	0	0.995	0	0	0	0	0	1	0	0	0	0	1	0	1.16	1	0	0	1.026	0	0	0	0	0	0	0	0	1	0	2	0	0	0	1	0	0	1	3	0	1	0	1	0
C5_05380W_A	RPN5	0	0	0	0	1	0	1	0	0	0	0	1	0	0	0	0	0	0	0	0	0	0	0	0	2.001	1.001	2	4	0	1	0	0	0	0	0	0	0	3	3	0	0	1	0	0	0	1	4	2	0	0	0	0	0	0	0	0	0	0	1	0
C5_05390C_A	PGA4	0	0	0	0	5	2	4	3.381	0	0	0	0	0	0	0	0	1	0	0	0	1	0	1	0	0	0	1	0	3.176	3	1	0	0	0	0	0	3	2	1	4	0	0	0	0	0	2	1	2	0	1.361	0	1	3	3	0	2	0	0	1	0
C5_05400W_A	APM1	0	0	0	0	0	1	0	1.885	1	0	0	0	0	0	2.022	0	0	0	0	0	2.259	2	2	6.9	0	0.996	0	0	0	0	0	0	0	0	0	0	0	0	0	0	0	0	0	0	1	0	0	0	2	0	0	0	0	0	0	1	0	0	0	0
C5_05410C_A	ILV3	0	0	0	0	0	0	0	1	0	0	1	1	0	0	0	0	0	0	0	1.816	0	0	1	1	0	1.149	0	0	0	0	0	1.068	1.002	1	0	0	0	0	0	2.061	0	0	0	0	0	0	0	0	1	1	0	0	0	0	0	0	0	0	1	0
C5_05430W_A	PEX4	0	0	0	0	0	0	0	0	0	0	0	0	0	0	1	0	1	0	0	0	1	1	1	1	0	1	0	0	0	0	0	0	0	0	0	0	0	0	1	1	0	0	0	0	0	0	0	1	0	0	0	0	0	0	2	0	0	0	0	0
C5_05440C_A	C5_05440C_A	1	0	0	0	2	0	0	0	0	0	0	0	1.059	2	0	0	0	0	0	0	1	0	0	1	0	0	1.028	0	0	1	0	0	0	0	0	0	0	0	1.939	0	0	0	0	0	0	1	0	0	0	0	0	0	4.724	2.923	1	3	0	1	0	0
C5_05450C_A	MUM2	1	0	0	0	0	0	0	0	0	0	0	0	0	0	0	0	0	0	0	0	0	0	0	0	1	0	0	0	0	0	0	0	0	0	0	0	0	0	0	0	0	0	0	0	0	0	0	0	0	0	0	0	0	0	0	0	0	1	0	0
C5_05460C_A	C5_05460C_A	0	0	0	0	0	0	0	0	0	0	0	0	0	0	0	0	0	1	1	0	0	0	0	0	0	0	0	0	0	0	0	0	0	0	0	0	0	0	0	0	0	0	0	0	0	0	0	0	0	0	0	0	0	0	0	1	0	0	0	0
C5_05470W_A	EST1	1	0	0	0	1	1	0	1	0	0	0	0	7	2	5	2	0	1	0	0	1	1	1	0	0	2	0	1.738	0	0.819	0	0	1	2	1	2	0	0	0	0	1	0	0	0	0	0	0	0	0	1	0	0	2	3	1	2	2.806	0	0	0
C5_05480W_A	DES1	0	0	0	0	4	5	4	3	1	0	0	0	1	0	0	0	0	0	0	0	0	1	2	3	0	1	0	1	3	1	4	3	0	1	0	0	0	0	0	0	0	0	0	0	1	1	2	0	0	1	0	0	1	2	6	4	1	0	2.553	2
C5_05490C_A	HTS1	0	0	0	0	0	0	1	0	0	0	0	0	0	0	0	1	0	0	0	0	0	0	0	0	0	0	0	0	0	0	0	0	0	2	0	0	0	0	0	0	0	0	0	0	0	0	1	0	0	0	0	0	0	1	0	0	0	1	0	0
C5_05500C_A	CTA24	3	4.421	0	0	0	0	0	0	0	0	0	0	0	0	0	0	0	0	0	0	0	0	4.048	3	0	0	1.059	0	2.479	1.321	5.814	6.696	0	0	0	0	0	0	8	0	0	0	0	0	0	0	0	0	0	0	0	0	0	0	0	0	0	0	0	0
C5_05510C_A	C5_05510C_A	0	0	0	0	0	0	1	0	0	0	0	0	0	0	0	0	0	0	0	0	0	0	0	0	0	0	0	0	0	0	0	0	0	0	0	0	0	0	0	0	0	0	0	0	0	0	0	0	0	0	0	0	0	0	0	0	0	0	0	0
C6_00010W_A	NRG2	1	0	0	0	0	0	1	0	1	0	0	0	0	0	0	0	1	1	1	1	0	0	1	0	0	0	0	1	2	0	0	1	0	0	0	1	0	0	0	0	0	0	0	0	0	0	0	0	0	0	0	0	0	0	1	1	1	0	0	2
C6_00020W_A	C6_00020W_A	0	0	1	0	0	0	0	0	0	0	0	1	0	1	0	0	0	0	1	0	0	1	2	1	1	0	0	1	1	1	1	0	0	1	0	0	0	0	0	0	0	1	0	0	0	0	0	1	2	0	0	1.756	0	0	0	0	1.397	1	1.659	1
C6_00030W_A	TLO13	0	0	0	0	0	0	2	0	0	0	0	0	0	0	0	0	0	0	0	0	0	0	0	0	5	0	0	0	0	0	0	0	0	0	0	0	0	0	0	0	0	0	0	0	0	0	0	0	0	0	0	0	0	0	0	0	0	0	0	0
C6_00060W_A	tL(CAA)5	0	0	0	0	0	0	0	0	0	0	0	0	0	0	0	0	0	0	0	0	0	0	0	0	0	0	0	0	0	0	0	0	0	0	0	0	0	0	0	0	0	0	0	0	0	0	0	0	0	0	0	0	0	0	0	0	0	0	0	0
C6_00070C_A	PGA25	0.989	1	0	0	0	0	0	0	0	0	0	0	0	0	1	0	0	0	3	0	0	0	1	0	0	0	0	1.201	2.578	0	0	0	0	0.933	0	0	0	0	1	0	0	0	1	0	0	0	0	0	1	1	0	1	0	0	0	0	1.37	0	0	0
C6_00080C_A	C6_00080C_A	0	0	1	1	0	0	0	0	0	0	0	0	0	0	0	0	1	0	1	0	0	0	0	0	0	0	0	0	1	0	0	0	0	0	1	0	0	0	0	1	0	0	0	0	0	0	0	0	0	0	0	0	0	0	0	0	1	1.449	0	0
C6_00090W_A	SDH7	0	0	0	0	0	0	0	0	0	0	0	0	0	1	0	0	0	0	0	0	0	0	0	0	0	0	0	0	0	0	0	0	0	1	0	0	3	2	2	1	0	0	0	0	0	0	0	0	0	0	0	0	0	0	0	0	0	0	0	0
C6_00100C_A	HET1	0	0	0	0	0	1	0	1	4	1	2	4	0	0	0	0	3	2	1	2	1	0	2	0	0	0	0	1	1	2	1	1	0	0	0	0	0	3	1	5	0	0	0	0	0	0	0	0	0	0	0	0	2	1	0	1	0	0	0	0
C6_00110C_A	C6_00110C_A	0	0	0	0	0	0	0	0	0	0	0	0	0	0	0	0	0	0	0	0	0	0	0	0	0	0	0	0	0	0	0	0	0	0	0	0	0	0	0	0	0	0	0	0	0	0	0	0	0	0	1	0	0	0	0	0	0	0	0	0
C6_00120W_A	C6_00120W_A	2	0	1	1	0	0	0	0	0	0	0	0	0	0	0	0	0	0	0	0	1	0	1	1	0	0	0	1	0	0	0	1	0	0	0	0	1	1	2	3	0	0	0	0	0	0	0	1	0	0	0	0	0	0	1	0	0	0	0	0
C6_00130C_A	VID27	0	1	0	0	1	6.987	1	2	2	0	0	0	0	1	1	1	0	0	0	0	0	0	0	0	0	2	0	0	3	1	1	2	0	0	1	0	0	0	0	0	0	1	0	0	2	1	0	0	0	0	0	0	0	0	0	0	0	1	0.998	0
C6_00140C_A	HPA2	0	0	0	0	0	0	0	0	2	3	3	1	0	0	0	0	0	0	0	0	2	2	0	0	0	0	0	0	0	0	0	0	0	0	0	0	0	0	0	0	0	0	0	0	0	2	0	0	0	0	0	0	1	0	0	0	1	0	0	0
C6_00150W_A	ARD	1	1	1	2	9	7	3	5	0	0	0	1	2	0	0	0	3	4	5	3	1	0	0	0	3	0	2	2	0	0	0	0	0	0	0	0	0	0	0	0	0	0	0	0	1	5	1	3	0	1.734	0	0	2	4	3	0	0	0	0	1
C6_00160W_A	PGA48	0	0	0	0	0	1	1	0	0	0	0	0	0	1	2	2	0	0	0	0	0	1	0	0	0	0	0	0	0	0	0	0	1	0	0	0	0	0	0	0	0	0	0	0	2	0	1	0	0	0	0	0	0	1	1	2	0	0	1	0
C6_00170C_A	C6_00170C_A	0	2.032	0	0	0	0	2	0	0	0	0	0	0	0	0	0	3	3	1	0	0	1	1	2	1	2	0	0	0	0	0	0	1	0	0	0	3	5	1	4.002	1	1	1	0	0	3	0	1	0	1	1	0	0	0	0	1	0	0	2	2
C6_00180C_A	C6_00180C_A	0	0	0	0	1	0	0.988	0	0	1	0	0	0	0	0	0	0	0	0	0	0	0	0	0	0	0	0	0	0	0	0	0	0	0	0	0	1	0	0	0	0	0	0	0	0	0	1	0	0	0	0	0	0	0	0	1	1	1	0	0
C6_00190W_A	RTT106	0	0	0	0	0	0	0	0	1	0	0	0	0	0	0	0	0	0	0	0	0	0	0	0	0	1	1	0	0	0	1	0	0	0	1	0	0	0	0	0	0	0	0	0	1	0	0	1	2	0	0	0	0	1	0	0	0	0	1	0
C6_00200C_A	C6_00200C_A	4	3	0	2	3	3	1	3	2	2	5	1	1	1	0	0	2	2	1	5	0	0	2	0	0	1	0	0	0	0	0	0	0	0	0	0	0	0	0	0	0	0	0	0	0	0	1	0	0	0	0	0	2	8	1	1	0	0	0	0
C6_00210W_A	C6_00210W_A	0	0	0	0	0	0	0	0	0	0	0	0	0	0	0	1	0	0	0	1	0	0	0	0	0	0	0	0	0	0	0	0	0	0	0	0	0	0	0	0	0	0	0	1	0	1	0	0	0	0	0	0	0	1	0	0	0	1	0	1
C6_00220C_A	C6_00220C_A	0	0	0	0	0	0	1	0	0	1	0	1	0	0	1	0	0	0	2	0	0	0	0	0	1	0	0	2.002	4	4	1	7	0	0	0	0	0	0	0	0	0	0	0	0	4	2	3	4	0	0	0	0	0	1	2	1	0	0	0	0
C6_00230W_A	C6_00230W_A	2	0	0	1	2	1	0	3	1	4	1.626	2	0	1	0	2	0	1	1	0	0	1	0	1	1	2	2	2	0	2	4	2	2	0	0	1	0	0	0	0	0	0	0	0	1	0	1	0	1	0	7	2.777	0	1	3	1	1	1	0	2
C6_00240C_A	C6_00240C_A	0	0	0	0	0	0	0	1	1	0	0	0	0	0	0	1	0	0	0	0	0	0	0	0	0	0	0	0	0	0	0	0	0	0	0	0	0	0	0	0	0	0	0	0	0	0	0	0	1	1	0	0	0	0	0	1	0	0	0	0
C6_00250W_A	C6_00250W_A	0	0	0	0	0	0	0	0	0	0	0	0	0	1	1	0	0	0	1	1	0	0	0	0	1	0	1	0	0	0	0	1	0	0	0	0	0	0	0	0	0	0	0	0	0	0	0	0	1	0	0	0	0	1	0	0	1	0	0	1.386
C6_00260W_A	C6_00260W_A	0	0	0	0	0	0	0	0	1	0	0	0	2.931	4	2	9	0	0	0	0	0	1	0	0	0	2	0	0	0	1	0	0	1	0	0	0	0	1	0	0	0	0	0	0	0	0	0	0	0	1	0	1	3	3	2	2	0	0	0	0
C6_00270W_A	C6_00270W_A	0	0	0	0	0	0	0	0	0	0	0	0	0	0	0	0	0	0	0	0	0	0	0	0	0	0	0	0	0	1	0	0	0	0	0	0	0	0	0	0	0	0	0	0	0	0	0	0	0	0	0	0	2	1	1	0	0	0	0	0
C6_00280W_A	CPH2	1	0	2.369	1	1.498	6	2	0	1	1	2	1	0	0	0	0	0	0	1	0	0	0	0	0	0	0	0	0	0	0	0	1	4.006	2	3	0	0	1	0	0	0	0	0	0	0	2	1	0	1	1	0	0	1	1	2	1	0	1	0	0
C6_00290W_A	C6_00290W_A	0	0	1	0	0	0	0	0	1	0	0	0	0	0	0	1	0	0	0	1	1	1	0	0	0	0	0	1	1	1	2	0	1	0	0	0	0	0	0	0	0	0	0	0	2	1	1	3	0	1	3	0	0	2	0	2	1.107	1.166	1	2.234
C6_00300C_A	STV1	0	1	0	1	3.297	1	0	0	0	0	1	0	0	0	2	1	0.976	0	1	0	1	0	0	0	1	1	0	0	1.324	0	0	1	1.002	0	1	0	1	0	0	0	0	0	0	1	1	0	1	1	1.549	0	0	1	3	1	1.005	0	0	1	4.729	1.207
C6_00310W_A	C6_00310W_A	0	1.055	0	1	0	0	1	3	1	2	1	0	0	1	0	0	0	1	0	0	3	1	2	2	0	1	0	1	0	0	0	1.09	0	0	0	0	0	0	0	0	0	0	0	0	0	0	0	1	1	0	0	3	0	0	1	0	1.076	0	0	1.335
C6_00320C_A	DNA2	0	2	0	1	3	1	2	0	0	0	2.062	0	1	0	0	0	5.011	6.003	7.142	4	0	1	0	2	2	1	1	3.741	7	3.097	3	7	0	0	0	0	0	0	0	1	0	0	0	0	0	0	0	0	2	3	3	0	0	2	1	1	1	2	2.228	1
C6_00330C_A	GNP1	1	0	0	0	1	2	1	2	5	2	3	1	3.037	3	2	4	2	4	0	5	0	0	1	0	0	0	0	0	0	0	1	1	0	0	0	0	4	3	5	1	0	0	0	0	14	6	9	4	1	0	0	0	3	4	2	3	0	0	0	0
C6_00340C_A	OCT1	0	0	0	0	2	0	0	1	0	1	1	0	0	0	0	0	0	1	0	1	0	0	0	0	0	0	1	0	0	1	1	1	0	0	0	0	0	0	1	0	1	0	0	0	1	0	1.002	0	0	0	0	0	2	0	1	1	0	0	0	0
C6_00350W_A	PKH3	0	1	0	1	2	5.898	1.148	1	0	0	0	0	2	0	0	1	0	3	1	0	0	1	0	1	2.668	1	0	4	5	1	1	0	0	0	1	0	1	0	0	0	0	0	0	1	2	0	0	1	1.722	1.114	3	0	2	0	3.015	1	2.745	1	1.124	1.014
C6_00360C_A	C6_00360C_A	1	0	1	0	0	0	0	0	0	0	1	0	0	0	0	0	0	1	0	0	0	0	0	0	0	0	0	0	0	0	0	0	1	0	0	0	0	0	0	0	0	0	0	0	0	0	0	0	0	1	0	0	0	0	0	0	0	0	0	0
C6_00370C_A	NOP5	4	0	3	0	1	1	0	0	0	0	0	0	0	1	1	0	1	0	1	0	1	1	0	1	2	1	0	1	2	0	0	0	0	0	0	0	1	0	0	0	0	0	0	0	0	1	0	1	1	0	0	0	1	0	0	1	0	0	0	1
C6_00380C_A	C6_00380C_A	0	0	1	0	0	0	0	0	0	0	0	0	1	0	0	1	0	0	1	1	0	0	0	0	0	0	1	0	0	0	1	0	1	0	0	0	0	0	0	2	0	0	0	0	0	1	0	0	1.988	0	0	0	0	0	1	2	0	0	0	0
C6_00390W_A	C6_00390W_A	0	0	0	0	0	0	0	3	2	2	0	8	0	0.994	0	0	0	0	0	0	0	0	0	1	0	0	1	0	0	0	1	0	0	0	0	1.999	1	3	2	4	0	0	0	0	0	0	1	0	1.565	0	0	1	1	0	0	0	1	1	2	0
C6_00400C_A	C6_00400C_A	0	0	1	1	1	1.013	0	0	0	0	0	0	1	0	0	0	0	1	0	0	0	0	0	0	0	0	0	0	0	0	0	0	1	1	0	0	0	0	0	0	1	0	0	0	0	0	0	0	0	0	0	0	0	0	0	1	1.504	0	0	0
C6_00410C_A	SRO77	0	0	1	0	4	0	1	0	0	0	0	1	1	0	0	1	0	0	0	0	0	0	0	0	1	1	1.063	0	0	0	1	2.184	0	0	0	1	0	0	0	0	0	0	1	1	0	1	1	1	2	2	0	0	0	0	1	1	2	1	2.133	2
C6_00420W_A	DPM2	0	0	0	0	3	8	4	2	1	1	0	0	0	0	0	0	0	0	0	0	0	1	0	1	0	0	0	0	0	0	0	0	0	0	0	0	0	0	0	0	0	0	0	0	0	1	2	0	1	0	0	0	0	3	1	1	0	0	0	0
C6_00430C_A	C6_00430C_A	0	0	0	0	0	0	0	1	3	2	0	0	0	0	0	0	0	0	1	0	0	0	0	1	0	0	0	0	1	0	0	0	0	1	0	2	0	0	1	1	0	0	1	0	0	0	0	0	0	1	0	0	0	0	0	0	1	1	0	2
C6_00440C_A	FET34	0	0	0	1	0	0	0	0	0	0	1	0	6	5	6	5	0	0	1.001	2	0	0	0	0	4	2	1	4	0	0	0	0	0	0	0	0	1	0	0	0	0	0	0	0	0	0	0	0	0	0	0	2.857	0	0	0	2	0	0	0	0
C6_00450C_A	C6_00450C_A	0	0	0	0	1	0	0	0	0	0	0	0	0	0	0	0	0	0	0	0	0	0	0	0	0	0	0	0	0	0	0	0	0	0	0	0	0	0	0	0	0	0	0	0	0	0	0	0	0	0	0	0	0	0	0	0	1	0	0	0
C6_00460C_A	FET3	0	0	2	0	0	0	0	0	0	0	0	0	0	0	0	0	0	0	0	0	1	0	0	0	1.496	0	0	0	0	2.003	1	2.001	0	0.994	0	0	1	0	0	0	0	0	0	0	0	1	0	0	0	0	0	0	2	2	2	0	1	2	0	0
C6_00470C_A	FET99	1	0	0	0	1	0	1	0	0	0	0	0	0	0	1	0	0	0	0	0	0	1	0	0	0	0	1.006	0	0	3	1	1	0	0	0	0.983	0	0	0	0	0	1	0	0	0	1	1	1	0	2	0	0	0	0	1	1.825	0	0	0	3
C6_00480C_A	FET31	0	0	0	0	1	0	0	0	0	0	1	0	1	0	0	0	0	0	2	1	1	2	1	0	1.504	0	1	0	0.984	0	0	0	0	0	2	0	0	0	1	0	1	1	0	0	0	0	0	0	1.836	0	0	0	1.28	0	0	1.175	0	0	1	0
C6_00490W_A	C6_00490W_A	0	0	0	1	0	0	1	1	0	0	0	0	0	0	0	0	1	0	0	0	0	0	0	0	1	2	0	1	0	0	1	0	0	0	0	0	0	2	4	0	0	0	0	0	0	0	0	0	1	0	2	0	0	1.232	1	0	0	0	0	0
C6_00500C_A	C6_00500C_A	0	1	1	1.963	0	0	0	0	0	0	0	0	0	0	0	0	0	1	0	2	0	0	0	0	0	0	0	0	0	0	0	0	0	0	0	0	0	0	0	0	0	1	0	0	0	1	0	0	0	0	0	0	2	1	1	0	1	2	2	0
C6_00510C_A	RAD52	0	0	2	0	0	0	0	1	0	0	0	0	0	0	1	0	0	0	0	0	0	0	0	0	0	0	0	0	6	4	5.015	2	0	0	0	0	0	0	0	1	0	0	0	1	0	0	2	2	1	0	0	0	0	0	0	0	0	0	0	1
C6_00520W_A	C6_00520W_A	0	0	0	0	0	0	1	0	0	0	0	0	0	0	0	0	0	0	0	0	0	1	0	0	0	0	0	0	0	0	0	0	0	0	1	0	0	0	0	0	0	1	0	0	0	0	0	0	0	0	0	0	1	0	0	0	0	0	0	1
C6_00530C_A	C6_00530C_A	0	0	0	0	0	0	0	0	0	0	0	0	0	0	0	0	0	0	0	0	0	0	0	0	0	0	0	0	0	0	0	0	0	0	0	0	0	0	0	0	0	0	0	0	0	0	0	0	0	0	0	0	0	0	0	0	0	1	0	0
C6_00540W_A	MUS81	0	1	0	0	1	2.988	1	2	1	1	1	0	0	0	0	0	1	0	1	0	0	0	1	0	0	0	1	0	0	0	2	1	0	1	3	0	1	0	0	0	0	0	0	0	0	0	1	0	0	0	1	1.387	0	1	2	0	1	0	1	1
C6_00550W_A	C6_00550W_A	2	2	0	1	0	2	1	0	0	0	0	0	0	0	0	0	0	0	0	0	1	0	0	1	0	1	0	0	0	1	0	0	0	0	1	0	0	1	1	0	0	0	0	0	0	0	0	0	0	0	0	0	0	0	0	0	0	0	0	0
C6_00560W_A	C6_00560W_A	0	1.983	0	0	0	0	0	0	0	0	3.003	0	0	1	0	0	0	0	1	0	1	0	0	0	0	0	1	0	3	0	0	0	0	0	0	0	1	0	1	1	1	0	1	1	1.52	0	0.986	0	1	0	0	0	1	0	0	0	0	0	0	0
C6_00570C_A	NHX1	0	0	0	0	2	0	0	0	1.005	0	0	0	0	0	0	0.996	0	0	0	0	0	0	0	0	0	0	0	1	0	0	0	0	0	0	0	0	0	0	0	0	0	0	0	0	0	0	0	0	0	0	1	0	1	1	0	0	0	0	2.81	0
C6_00580W_A	C6_00580W_A	3.002	3.003	2	5	9.976	1.362	4	4	3	4	8.004	2	4	5	5	2	7	2	4	9	2	6	7	8	13	10	5	7	8	10	6	5	5	4	9	3	3	3	4	1	6	4	3	2	6	3	3	4	15	9	11	10.978	16	6	16.096	10	13	12	13	9
C6_00590W_A	SLY41	0	0	0	0	0	0	2	0	1	1	0	0	0	1	0	0	0	0	1	1	0	0	0	0	4	1	1	2	0	0	0	0	0	0	0	0	0	0	0	0	0	0	0	0	0	0	0	2	1	0	0	0	0	0	0	1	0	0	0	1
C6_00600C_A	YHM2	0	0	0	0	0	0	1	0	0	0	2	0	1	1	0	0	0	0	0	0	0	0	0	0	2	1	1	0	0	0	0	0	0	0	0	0	0	0	0	0	0	0	0	0	0	0	0	0	0	0	0	0	0	0	0	0	1	0	0	0
C6_00610C_A	C6_00610C_A	0	0	0	0	0	1	0	0	0	0	2	1	0	0	0	1	0	0	0	0	0	0	0	0	0	0	0	0	0	0	0	0	2	0	1	1	0	1	0	0	0	0	0	0	1	0	0	0	1	0	0	1	0	2	1	0	0	0	0	0
C6_00620W_A	FCA1	3	2	0	0	0	0	0	0	2	0	0	0	0	0	0	0	1	1	1	3	0	0	0	0	0	0	1	0	0	0	0	0	0	0	0	0	0	0	0	0	0	0	0	0	1	1	2	1	0	0	0	0	0	0	0	0	0	0	0	0
C6_00630W_A	C6_00630W_A	0	0	0	0	0	1	0	0	0	0	0	0	0	0	0	0	0	0	0	0	0	0	0	0	0	0	0	0	0	0	0	0	0	0	0	0	0	0	0	0	0	0	0	0	1	0	0	0	1	0	0	0	0	0	0	2	0	0	0	0
C6_00640C_A	C6_00640C_A	0	0	0	0	0	0	0	2.817	0	0	0	0	0	0	0	0	0	0	0	0	0	0	0	1	0	0	2	0	1	0	1	0	0	0	0	0	0	0	0	0	0	0	0	0	0	0	0	0	0	0	0	2	1	1	2.309	4	0	1	1	0
C6_00650C_A	RPS13	0	0	0	0	0	0	0	0	0	0	0	0	0	0	0	0	0	0	0	0	0	0	0	0	0	0	0	0	0	0	0	0	0	0	0	0	0	0	0	0	0	0	0	0	0	1	0	0	0	0	0	0	0	1	3	0	0	0	0	0
C6_00660C_A	C6_00660C_A	0	0	0	0	0	0	0	0	0	0	0	0	1	0	0	0	0	0	0	0	0	0	0	0	0	0	0	0	0	0	0	0	1	0	0	0	0	0	0	0	0	0	0	0	0	0	0	0	0	1	1	1	0	1	1	0	0	0	0	0
C6_00670W_A	CDC14	0	0	0	0	0	1	1.054	0	0	0	0	0	1	0	0	0	0	1	1	0	1	0.999	0	0	0	1	1.117	0	0	0	0	1	1	0	1	0	0	0	0	1	0	0	0	0	2	1	2.003	0	0	1	0	0	1	1	0	0	2.721	1	0	2
C6_00680C_A	C6_00680C_A	0	0	0	0	0	0	1	0	0	0	0	1	0	0	0	0	7	4	2	7	0	0	0	0	0	0	0	0	0	0	0	0	0	0	0	0	0	0	0	0	0	0	0	0	0	0	0	0	0	0	0	0	3	1	1	2	0	0	1	0
C6_00690W_A	C6_00690W_A	0	0	0	0	1.017	1	0	0	0	0	0	0	0	0	0	0	0	1	0	0	1	0	0	0	0	0	0	1	0	0	0	0	0	0	1	0	0	1	0	0	0	0	1	0	0	1	0	0	0	0	0	0	1	0	0.9	1	1	2.751	0	1
C6_00700C_A	C6_00700C_A	0	0	0	0	1.97	1	0	0	0	0	0	0	0	0	0	0	0	0	0	0	0	0	0	0	0	0	0	1	0	0	0	0	0	0	0	0	0	0	0	0	0	0	0	0	0	0	0	0	0	0	0	1	0	0	0	0	1	0	1	0
C6_00710W_A	C6_00710W_A	0	0	0	0	0	0	0	2	0	1	0	0	0	1	0	0	0	0	0	1	0	0	0	1	0	1.062	0	0	1	1	1	0	0	0	0	0	0	0	0	0	0	0	0	0	2	0	1	0	0	1	1	0	0	2	0	0	0	0	0	0
C6_00720C_A	COX15	0	1	0	1	0	0	0	0	0	0	0	0	0	0	0	0	0	0	1	0	0	0	0	0	0	1	1	0	0	0	0	0	0	0	0	0	0	0	0	0	0	0	0	0	0	0	0	1.003	0	0	0	0	0	0	1	1	0	1	0	0
C6_00730W_A	C6_00730W_A	0	1	1	0	2	0	1.498	0	0	0	0	0	0	1	2	0	1	1	0	0	0	0	1	0	0	0.99	0	1	0	0	0	0.997	0	1	0	0	0	0	1	0	0	0	0	0	0	0	0	0	0	1	1	0	1	0	0	0	2.627	0	1	0
C6_00740W_A	FAT1	0	0	0	0	0	0	0	1	4	1	1	4	0	0	0	0	0	0	0	0	0	1	0	0	2	0	0	0	0	0	1	0	4	2	3	3	1	1	1	1	0	1	0	0	0	0	0	0	0	0	0	0	1	0	0	1	1	0	0	0
C6_00750C_A	PGK1	4	3	6	4	5	5	5	7	17	16	21	17	3	4	0	5	1	2	2	2	10	3	3	5	0	0	0	0	7	2	2	4	5	3	0	3	6	1	1	0	0	0	0	0	6	6	6	6	0	0	0	0	9.747	6	11	8	0	0	0	0
C6_00760W_A	FES1	0	0	0	1	0	1	0	0	0	0	0	0	0	0	0	0	1	0	0	0	0	0	0	0	1	0	0	0	0	0	0	0	0	0	0	0	0	1	0	0	0	0	0	0	0	0	1	0	0	0	0	0	0	0	0	0	0	0	1	0
C6_00770C_A	C6_00770C_A	0	0	0	0	0	0	0	0	0	0	0	0	1	0	0	0	0	0	0	0	0	1	0	2	0	1	0	0	2	0	0	0	0	0	0	0	0	0	0	0	0	0	0	0	2	1	0	0	0	1	0	0	3.001	0	3	0	0	0	0	0
C6_00780W_A	SEC8	1	2	0	1.11	3	1	0	2	2	1	3	1.307	0	1.256	1	0	4.081	1.004	1	1	2	0	1	0	3	6	2	3	0	1	1	4	0	0	0	1	0	1	0	0	0	0	1.239	0	1	2.041	2	1	5.724	3	6.296	2.169	0	0	2.001	4	0	2	1	1
C6_00790C_A	CTR1	0	0	0	0	0	0	0	0	0	0	0	0	0	0	0	0	4	0	0	2	0	0	0	0	0	0	0	0	0	0	0	0	0	0	0	0	0	0	0	0	0	0	0	0	4	3	4	4	0	0	0	0	1	2	3	0	0	0	0	0
C6_00800C_A	C6_00800C_A	0	1	1	0	1	1	0	1	0	0	0	0	0	0	0	0	0	0	0	0	1	0	0	0	0	1	1	0	0	1	1	0	0	0	0	0	3	0	0	0	0	0	0	0	0	1	0	0	1	0	0	1	0	0	0	0	0	0	0	0
C6_00810C_A	C6_00810C_A	0	0	0	0	1	0	0	0	0	0	0	0	1	0	0	1	0	0	0	0	0	0	0	0	0	0	0	0	0	0	0	0	0	0	0	0	0	0	0	0	0	0	0	1	0	0	0	1	0	0	0	0	0	0	0	1	0	1	0	1
C6_00820W_A	SUN41	0	0	0	0	0	0	0	0	3	2	0	2	0	0	0	0	0	0	0	0	0	0	0	0	0	0	1	0	0	0	0	0	0	0	0	0	0	0	0	0	0	0	0	0	0	0	0	0	0	0	0	0	0	0	1	0	0	0	0	1
C6_00830C_A	CAN3	0	1	0	0	0	1	1	2	2	1	3.696	1	1	0	0	0	0	0	0	1	0	0	1	0	0	0	1.029	0	0	0	0	0	0	0	2	0	0	0	0	0	0	0	0	0	0	0	0	0	0	0	0	0	1	1	1.992	1	0	1	1	1
C6_00840W_A	GPX2	1	0	0	1	5	6	3.818	2	2	3	3	2	0	4	3	3	0	0	0	0	0	0	0	0	0	0	0	1	0	0	0	0	0	0	0	0	0	0	0	0	0	0	0	0	0	1	0	1	0	0	0	0	3	1	3	0	0	0	2	0
C6_00850W_A	C6_00850W_A	0	0	0	0	0	0	0	0	1	1	0	3	0	0	0	1	0	0	0	0	1	0	0	0	0	0	0	0	0	0	0	0	0	0	0	0	0	0	0	0	0	0	0	0	0	0	0	0	0	0	0	0	0	0	0	0	0	0	0	0
C6_00860W_A	GPX1	0	0	0	1	0	0	0	0	0	0	0	0	0	0	0	0	5	1	3	4	0	0	0	0	0	0	0	0	0	0	0	1	0	0	0	0	0	0	0	0	0	0	0	0	0	0	0	0	0	0	0	0	0	0	0	0	0	0	0	0
C6_00870C_A	ILV5	0	0	0	0	0	0	0	0	0	0	0	0	0	0	0	0	0	0	0	0	0	0	0	0	0.788	0	0.984	0	0	0	1	0	0	0	0	0	0	0	0	1	0	0	1	0	0	0	0	0	0	0	0	0	0	0	0	0	0	0	0	0
C6_00880W_A	PEX7	0	0	1	0	0	0	1	1	0	0	0	0	4	0	4	2	0	0	0	0	0	0	0	0	0	0	0	0	0	1	0	0	0	0	0	0	0	0	0	1	0	0	0	0	0	0	0	0	0	2	2	0	0	0	0	0	1	1.706	1	0
C6_00890W_A	C6_00890W_A	0	0	0	0	0	1	0	0	1	1	0	1	1	0	0	1	0	0	1	0	1	1	2.9	0	0	0	2	0	2	1	2.003	1.003	0	0	0	0	0	0	0	0	0	0	0	0	0	0	0	0	1	1.113	1.516	1	1.003	0	0	0	0	2	2.627	3.591
C6_00900C_A	C6_00900C_A	0	0	0	0	0	1	1	0	0	0	0	1	0	1	0	0	0	0	1	0	1	0	0	1	0	0	0	0	0	0	0	0	0	0	0	0	0	0	0	1	0	0	1	0	0	0	0	0	0	0	0	1	0	0	0	0	0	0	0	0
C6_00910C_A	C6_00910C_A	2	0	0	1	1	1	0	0	0	2	1	3.024	0	2	1	0	4.369	5	6	7.008	0	2	1	1	2	1	2	3	3.99	2	0	2	1	0	1	0	2	4	5	7	2	0	1	0	4	3	6.873	3	1	0	4	1	5	7	4	3	1	0	2	0
C6_00920W_A	C6_00920W_A	0	0	0	0	0	0	0	0	0	0	0	0	0	0	0	0	0	0	0	0	0	0	0	0	0	1	1	0	0	0	0	0	0	0	0	0	0	0	0	0	0	0	0	0	1	1	0	0	0	0	0	0	0	0	0	0	0	0	0	0
C6_00930C_A	C6_00930C_A	0	0	0	0	0	0	0	0	0	0	0	0	0	0	0	0	0	0	0	0	0	0	0	0	2.005	4	0	1	0	0	0	1	0	0	0	0	0	0	0	0	0	0	0	0	0	0	0	0	0	0	0	0	0	0	0	0	1	0	0	0
C6_00940C_A	C6_00940C_A	0	0	0	1	1	2	2	2	0	0	0	0	0	0	0	0	0	0	0	0	0	0	0	0	0	0	1	0	0	0	0	0	0	0	0	0	0	0	1	0	0	0	0	0	0	0	0	0	0	0	0	0	0	0	0	2	0	3	0.761	1
C6_00950C_A	TOP1	0	0	3	0	1	1.003	1	1	2	2	0	2	3.946	1	3	0	2.305	2	1	1	1	3.006	2	1	0	2.015	0	2.3	2	3.785	1	1	2	0	1	2	3	5.999	7	3	3	0	3	0	2.945	1	2	2	2.781	1.266	1	4	1	1	2	2	2.489	2	8	7
C6_00960W_A	CAN1	0	1	0	0	0	0	0	0	0	0	0	0	0	0	0	0	0	0	0	0	2	0	0	0	0	1	0	0	0	0	0	0	0	0	0	0	0	0	0	0	0	0	0	0	0	0	0	0	2	0	0	0	1	2.695	0	0	0	0	0	0
C6_00970C_A	HAL21	0	0	0	0	0	0	0	0	0	0	0	0	0	0	0	0	1	0	0	0	0	0	0	0	0	0	0	0	0	1	0	0	0	0	1	0	0	0	0	0	0	0	0	0	0	0	0	0	0	0	0	0	0	0	0	0	1	0	1	0
C6_00980C_A	C6_00980C_A	3	8	6	6	0	0	1	1.328	0	0	0	0	0	0	0	1	0	0	0	0	0	0	0	0	0	0	0	1	0	0	0	0	0	0	0	1	0	0	0	0	0	0	0	0	0	0	0	0	0	0	0	0	1	0	0	1	1	0	0	0
C6_00990W_A	RIM9	1	1	0	0	2	0	0	1	1	1	1	0	0	0	0	0	1	0	0	0	0	1	0	0	1	0.994	0	0	1	1	4	1.408	0	0	1	0	0	1	0	0	0	0	0	0	1	0	0	0	0	1	0	1	1	0	2	1	0	1	3	1
C6_01000C_A	C6_01000C_A	0.902	0	0	0	1	0	0	0	0	0	1	0	0	0	0	0	0	0	0	0	0	0	0	0	0	0	0	0	0	1	0	1	0	0	1	0	0	0	0	0	2	0	0	0	0	0	0	0	0	0	0	0	0	0	0	0	0	0	0	0
C6_01010W_A	KAR5	1	0	0	0	0	0	0	0	0	0	0	0	0	0	0	0	0	0	0	0	0	1	0	0	0	0	0	0	0	0	0	0	0	0	0	0	0	0	0	0	0	0	0	0	0	0	0	0	0	0	0	0	0	0	0	0	0	0	0	0
C6_01020W_A	C6_01020W_A	1	0	0	0	0	0	0	0	0	1	0	0	0	0	0	0	0	0	0	0	0	0	0	1	0	0	0	0	0	1.862	0	0	0	0	0	0	0	0	0	0	0	0	0	0	0	0	0	0	0	0	0	0	0	0	0	0	1	0	0	1
C6_01030W_A	HAL22	0	0	0	1	0	0	0	0	0	0	0	0	0	0	0	0	0	0	0	0	0	0	0	0	0	0	0	2	1	0	0	0	0	0	0	0	0	0	0	0	0	0	0	0	0	0	0	0	0	0	0	0	0	0	0	0	0	1	0	0
C6_01040C_A	C6_01040C_A	0	2	0	0	1	2	1	0	1	0	0	0	2	1	0	0	0	2	1	0	0	0	1	0	0	0	2	0	0	0	1	1	0	3	1	1	0	1	0	0	1	1	0	0	0	0	0	0	0	0	1	0	0	2.111	0	0	3.095	1.109	0	2
C6_01050W_A	C6_01050W_A	0	0	0	0	0	0	0	0	0	0	0	0	0	0	0	0	0	0	0	0	0	0	0	0	0	0	0	0	0	0	1	0	0	0	1	0	0	0	0	1	1	0	0	0	0	0	0	0	0	1	0	0	2	0	0	1	0	0	0	0
C6_01060C_A	CAN2	0	0	0	0	3	1	2	1	2	12	4	2	0	0	0	2	1	0	1	0	0	1	1	2	0	1	0	1	3	1.245	2	2	0	0	0	1	0	0	0	0	0	1	0	0	3	4	4	5	3	1	2	0	3	5	3.999	2.752	1.756	0	2.43	1
C6_01070C_A	CIP1	0	0	0	0	1	0	1	2	0	0	0	0	0	0	0	0	0	0	0	0	0	1	0	0	0	0	0	0	0	0	0	1	0	1	0	1	0	0.998	0	0	0	0	0	1	0	0	0	0	1	1	0	0	0	0	0	1	0	0	0	0
C6_01080C_A	C6_01080C_A	0	0	0	0	0	0	0	0	0	0	0	0	0	0	1	0	0	0	0	0	0	0	0	0	0	0	0	0	0	0	0	1	0	0	0	0	0	2	0	0	0	0	0	0	0	0	0	0	0	0	0	0	0	0	0	0	0	0.927	0	0
C6_01090C_A	C6_01090C_A	0	0	0	1	0	1	1	0	0	0	0	0	0	0	0	0	0	1	0	0	0	0	0	1.003	0	0	0	0	0	1	0	1	0	0	1	0	0	1	0	1	0	0	0	0	0	0	0	0	0	0	0	0	0	0	0	0	1	0	0	0
C6_01100W_A	SEC9	0	0	0	1	0	0	0	0	3	3	2	3	2	3	3.844	1	0.999	1	0	0	3.284	1	1	4	0	0	0	0	1	0	0	0	0	0	0	0	1	0	0	0	0	0	0	0	7	2	1	2	1	0	0	1	3	0	1	1.148	1	0	1	1
C6_01110W_A	FAD2	1	0	0	1	0	0	0	0	0	0	0	0	0	0	1	2	0	0	0	0	0	0	0	0	0	1	1	0	0	0	2	1	0	0	0	1	1	0	0	0	0	0	0	0	1.002	0	0	0	0	1	1	0	0	0	1	0	0	0	0	0
C6_01120C_A	C6_01120C_A	0	0	0	0	0	0	0	0	2	0	0	0	0	0	0	0	0	0	0	0	0	0	0	1	0	0	0	1	1	1	1	0	0	0	0	0	0	0	0	0	0	0	0	0	0	1	0	0	0	2	1	0	0	0	0	0	0	1	0	1
C6_01130W_A	C6_01130W_A	0	0	0	0	0	0	0	0	0	0	0	0	0	0	0	0	0	0	0	1	0	0	2	0	0	0	2	0	1	0	1	1	0	0	0	0	0	0	0	0	0	0	0	0	1	0	0	0	0	0	0	0	0	0	0	1	0	0	0	1.004
C6_01140C_A	ARC18	0	0	1	0	0	0	0	0	0	0	0	0	0	0	0	0	0	0	0	1	0	0	0	0	0	0	0	1	0	0	0	0	0	0	0	0	0	0	0	0	0	0	0	0	0	0	0	0	0	0	1	0	0	0	0	0	0	0	0	0
C6_01150W_A	CDC20	1	0	0	1	0	0	0	0	1	1	1	0	0	0	0	0	0	0	0	0	0	2	0	1	0	2	1	0	1	1	1	1	0	1	0	1	3	5	1	2	0	0	0	0	0	1	0	0	1	0	1	0.999	1	0	0	1	1	1	2	1
C6_01160W_A	RCN1	0	0	0	0	0	0	0	0	0	0	0	0	1	0	0	0	0	0	0	0	1	0	0	0	0	0	0	0	0	0	1	0	0	0	0	0	0	0	0	0	0	0	0	0	1	0	0	0	0	0	0	0	1	0	0	0	1	0	0	0
C6_01170W_A	CIC1	3	0	1	1	2	0	1.667	3	0	0	1	1	4.002	3	3	1	4	1	5	6	1.555	0	0	1	0	2	1	0	0	1	0.996	1.014	2	0	2	1	0	1	0	1	2	0	0	0	0	1	0	0	0	1	1.718	0	0	1	0	0	2	1	0	1.18
C6_01180C_A	EBP1	0	0	0	0	0	0	0	0	0	0	0	0	0	0	0	0	0	1	1	0	0	0	0	0	1	1.508	0	0	0	0	0	0	1	0	1	0	0	0	0	0	0	0	0	0	0	0	0	0	0	0	0	0	0	0	0	0	0	3	0	1.251
C6_01190C_A	VPS15	0	0	0	0	0	1	0	0	0	0	1.031	1	2	1	1.999	0	0	1	1	1	2	1.999	0	1	2.502	1.071	0	3	0	1	1	3	2	1	1	2	0	0	2	1	0	1	0	0	0	0	0	1	0	0	0	0	4.001	3.022	4.135	2.301	3.079	3.644	4	0
C6_01200W_A	C6_01200W_A	0	0	0	0	0	0	0	0	0	1	0	0	0	0	0	0	0	0	0	0	1	0	1	1	0	0	1	0	0	1	0	0	0	0	0	0	0	0	0	0	0	0	0	0	0	0	0	0	0	0	0	0	0	0	0	1	0	0	1.893	0
C6_01210W_A	C6_01210W_A	0	0	0	0	0	0	0	0	0	0	0	0	0	0	0	0	0	0	0	0	0	0	0	0	0	1	0	0	0	0	0	0	0	0	0	0	0	0	0	0	0	0	0	0	0	0	0	0	0	0	0	0	1	0	0	0	0	0	0	0
C6_01220C_A	C6_01220C_A	0	0	0	0	2.903	0	0	0	0	0	2	0	5	7	3	2	0	0	0	0	1	1	1	1	1.348	2	2	0	1	1	0	0	0	0	1	0	0	0	1	0	1	0	1	0	0	2	2	0	1	0	1	0	1	0	0	1	0	1.824	1	1.741
C6_01250W_A	C6_01250W_A	0	0	0	0	0	0	0	0	4	2	4	4	0	0	0	0	1	0	0	0	0	1.725	1	0	0	0	0	0	0	0	0	0	0	0	0	0	0	0	0	0	0	0	0	0	1	0	0	0	0	0	0	0	0	0	0	0	0	0	0	0
C6_01260W_A	C6_01260W_A	0	0	0	0	0	0	0	0	0	0	0	0	0	0	0	0	0	0	0	0	0	0	0	0	0	0	0	0	1	0	0	3	1	0	0	0	0	0	0	0	0	0	1	0	0	0	0	0	0	0	0	1	0	0	1	0	0	0	0	0
C6_01280W_A	EXO84	0	0	1	0	1.999	1	0	0	1	0	0	1	0	0	0	0	0	0	0	1.159	1.018	2	0	1	0	1	1	1	0	0	1	1.192	1	0	1.014	0	1	0	0	0	1	0	0	0	1	3	2	2	4	1	0	1.067	0	0	1.968	0	1.064	2	1.255	0
C6_01290C_A	QDR3	0	0	0	1	0	1	0	1	1	2.955	0	0	0	0	2	1	0	1	1	0	1	0	0	0	1	0	0	0	0	1	0	0	1	0	0	0	3	0	0	2	0	0	1	0	0	0	0	0	1	0	2	0	0	0	1	0	0	1	0	1
C6_01300W_A	C6_01300W_A	1	2	1	0	2	0	1	0	6	3	2	2	0	0	0	2	0	1.001	0	0	1	1.999	2.362	2	0	0	1	1.982	2	1	1.739	1	3.001	1	0	0	0	0	4	1	1.86	1	1	0	0	1	1	0	3	3	0	3	1.975	2	1.013	0	1.158	2.809	3	1
C6_01310W_A	FIG1	0	0	0	0	0	0	0	1	1	1	0	0	0	1	1	0	0.913	0	0	0	0	0	0	0	0	0	1.941	0	0	0	0	0	0	0	0	0	1	0	1	0	1	1	0.954	0	0	0	0	0	2	1	0	0	0	1.093	0	0	0	0	0	0
C6_01320W_A	TRA1	1.999	0	1	3	2	4.054	3.982	2.003	4	7	5.552	1.011	3.108	0	2	0	6	1	6.994	3.058	3	3	0.999	4	4.979	3.287	4.148	0	2	2.029	0	1.008	1	2.927	1	0	0	1.001	0	2.999	1.281	0	3	0	3.001	1	3.01	3	3.593	3.721	3.482	7.069	4.715	4.974	1.007	5.517	1.171	6.351	3	2
C6_01330C_A	C6_01330C_A	0	0	1	0	1	0	1	0	0	1	0	0	0	0	1	0	0	0	0	0	1	0	1	1	0	1	0	0	0	0	0	2	1	0	0	0	0	0	0	0	1.004	1	0	0	1	1	0	0	1	0	2	1	1	0	0	1	0	2.004	0	1
C6_01340C_A	C6_01340C_A	0	0	0	0	0	0	0	0	0	0	0	0	0	0	0	0	0	0	0.87	0	0	0	0	0	1	0	0	0	0	0	0	0	0	0	0	0	0	0	0	0	0	0	0	0	0	0	1	2	0	0	1	0	0	0	1	1	2	0	0.798	0
C6_01350W_A	C6_01350W_A	0	0	0	1	0	0	0	1	0	0	1.143	2	2	1	1	0	0	1	0	1	1	0	0	0	2	0	1.665	0	0	0	1.033	3	0	0	0	1	1	0	2	1	0	0	0	0	0	4	1	0	3.825	1	0	2.703	0	1	0	0	1	0	2	0
C6_01360W_A	C6_01360W_A	0	0	0	0	0	0	0	0	0	0	0	0	0	0	1.978	0	1	0	0	0	0	1	0	3	0	0	0	0	0	0	0	0	0	0	0	0	0	1	0	0	0	0	0	0	0	0	0	1	1	0	1	0	1	0	0	0	0	0	1	1.001
C6_01370W_A	PBN1	0	1.017	0	0	0	0	0	0	0	1	0	0	0	0	0	0	1	0	0	0	1	0	0	0	0	0	1	1.013	1	0	0	0	0	0	1	1	0	0	0	0	0	0	0	0	0	0	0	1	0	0	0	0	0	0	0	0	0	0	0	1
C6_01380C_A	C6_01380C_A	0	0	0	0	0	0	0	0	0	0.835	0	0	0	0	0	1	0	0	0	0	0	0	1	0	0	0	0	0	0	0	0	0	0	0	0	0	1	0	0	0	0	0	0	0	0	0	0	0	0	0	0	0	1	2	0	4	1	1	0	0
C6_01390W_A	HOC1	0	0	0	0	1	0	2.631	1	5	1.007	1	1	0	0	1	1.731	2	1	1	1	1	1	2	3.135	1	2	0	1.998	3.997	0	1	0	1	0	1	0	0	0	1.756	0	0	0	0	0	3	1	3	1	1	0	3	3	2	1	0	2	1	3.901	1	1
C6_01400W_A	C6_01400W_A	0	0	0	0	0	0	0	0	2	0	3	0	0	0.997	2	0	2	0	1	0	0	0	1	2	0	1	1	1	1	0	0	0	1	0	0	0	0	0	0	0	0	0	0	0	1	1	0	0	2	1	0	0	1	0	1	0	0	2	2	1
C6_01410C_A	OYE2	0	0	0	0	1	0	1	0	0	0	0	0	0	0	1	0	0	0	0	0	0	0	0	0	0	0	2.747	0	0	0	0	0	0	0	0	0	0	0	1	0	0	0	0	0	0	0	0	0	0	2	0	0	0	0	1	1	0	0	0	0
C6_01420C_A	C6_01420C_A	0	0	0	0	0	0	2	0	0	0	0	2	0	0	0	0	0	1	1	0	0	1	0	0	1.079	1.492	2	0	0	1	0	1	0	0	0	0	0	0	0	0	1	0	0	1	0	0	1	1	0	0	0	0	1	1	0	0	0	0	0	0
C6_01430C_A	FRP6	0	1	0	0	0	0	1	0	0	0	0	0	0	0	0	0	0	0	1	1	0	0	0	0	0	0	1	0	1	0	0	0	0	1	0	0.75	0	0	0	1	1	0	0	0	0	0	0	0	0	1	0	0	1	0	1.877	0	0	0	0	0
C6_01440C_A	FRP5	0	0	0	0	0	0	0	0	0	1	0	0	0	0	0	0	0	0	0	0	0	0	0	0	0	1	0	0	0	0	0	1	0	0	1	0	0	0	0	0	0	0	0	0	1	1	1	0	0	0	1	0	1.477	1	0	0	0	2.618	0	1
C6_01450C_A	C6_01450C_A	0	0	0	0	0	0	0	0	0	0	1	0	0	0	0	0	0	0	0	0	0	0	1	0	0	0	0	0	1	0	0	0	0	0	0	0	5	3	2	4	0	0	0	0	1	1	2	0	0	0	0	0	0	0	2	0	0	2	0	2
C6_01460C_A	C6_01460C_A	1	0	0	0	0	0	1	0.994	0	0	0	0	0	0	0	0	3.845	3	7	6	2.065	2	0	1	0	2	0	0	3	0	0	0	0	0	0	0	0	0	1	0	0	1	0	0	1	0	0	0	0	0	0	0	0	1	1	1	1	0	0	1
C6_01470W_A	C6_01470W_A	0	0	0	0.999	0	0	0	1	0	0	0	1	0	1	0	0	1	0	1	0	1	0	0	1	0	1.002	0	0	1	0	1.999	0	0	0	2	1	1	0	0	0	0	2	0	0	0	0	0	1	0	0	0	0	0	3	0	0	0	0	0	0
C6_01480W_A	C6_01480W_A	0	0	0	0	3	1	1	3	0	1	0	0	0	0	0	0	0	0	0	0	0	1	0	0	0	0	0	0	2	1	0	1	0	0	0	0	0	0	0	0	0	0	0	0	0	0	0	0	0	0	0	0	0	0	0	0	0	0	0	0
C6_01490C_A	C6_01490C_A	0	0	0	0	0	0	1.006	0	0	0	0	0	0	0	0	0	0	0	0	0	0	0	0	0	0	0	0	0	0	0	1	0	0	0	0	0	0	0	0	0	0	0	0	0	0	0	0	0	0	0	0	0	0	0	0	0	0	0	0	1
C6_01500C_A	TRY5	0	1	0	0	1	1	1.236	0	2	0	1.449	0	1	3.689	1	0	2	0	1.999	0	0	0	1.084	0	1	1	0	2	1	2.195	1.003	0	0	1	0	1	0	0	2	0	0	0	0	0	0	0	0	0	0	4.498	0	0	0	1	0	2	2.945	0	0	0
C6_01510W_A	OYE23	0	1	1	0	1	0	1	0	0	0.915	1	0	0	1	0	0	0	0	0	0	0	0	0	0	0.839	0	0	0	0	0	0	0	0	1.005	0	0	0	0	0	0	0	0	0	0	1	0	0	0	0	0	0	0	0	0	0	0	0	0	0	0
C6_01520W_A	C6_01520W_A	0	0	0	0	0	0	1	0	0	1	0	0	0	0	0	0	0	0	0	0	0	0	0	0	0	0	1	0	1.004	0	0	0	1.29	0	1	0	0	0	0	0	0	0	0	0	0	0	0	0	0	0	0	0	0	0	0	0	0	0	2	0
C6_01530C_A	C6_01530C_A	0	0	0	0	0	0	0	1	0	0	0	0	0	0	0	0	0	0	0	0	0	0	0	0	0	0	0	0	0	0	0	0	0	0	0	0	0	0	0	0	0	0	0	0	0	0	0	0	0	0	0	0	0	0	0	0	0	0	0	0
C6_01540C_A	C6_01540C_A	0	0	0	0	0	0	0	0	0	0	0	0	0	0	0	0	0	0	0	0	0	0	0	0	0	0	0	0	0	0	0	0	0	0	0	0	0	0	0	0	0	0	0	0	0	0	0	0	0	0	0	0	0	0	0	0	0	0	0	0
C6_01550C_A	C6_01550C_A	1.151	0	2	0	2	0	2.21	1	3	1	0	1	0	0	0	1	5	2	3	2	3.198	1	0.649	0	3.488	2	3.054	0	1	0	1	0	1	0	2	1	3	0	0	1	0	0	0	0	2.003	2.786	1	2	1.128	0	1.02	2.476	4	4.005	5	3.999	0	2	4	2
C6_01560W_A	C6_01560W_A	0	0	0	0	0	0	1	0	0	0	0	0	3	8	6	4	0	0	0	0	4	1	3	3	2	2	0	3	4	2	1	5	0	1	0	1	0	0	0	0	1	0	0	0	1	5	0	1	0	0	0	0	3	2.859	2	3	3	1.41	0	1.473
C6_01570C_A	FGR47	0	2.017	0	3.776	3	2	1	0	0	2	1	1	0	0	0	1	2.213	0	1	0	2	1	1	1	9.001	1	2	2	2.857	1	3	2	0	0	1.154	1.217	2	1	0	1	0	1.345	3.694	0	3	1	0	2	1.308	0	0	1	3.985	3	2.734	1	5.755	4.695	3.8	4.755
C6_01590W_A	C6_01590W_A	1.002	0	0	0	0	3	2.775	1	0	1.03	2	0	6	3	3	4	3.007	5	5	5	2	1	0	1	1	2	1	3	2	6	0	5.178	0	0	0	0	7	7.189	4	2	0	0	0	0	4	5	5.994	4	1	0	0	0	7	8	6	5	1	0	0	0
C6_01600W_A	C6_01600W_A	0	0	0	0	0	0	0	0	0	0	0	0	0	0	0	0	0	0	0	0	0	0	0	0	1	0	0	0	0	0	0	0	0	0	0	0	0	0	0	0	0	0	0	0	0	1	0	0	0	0	0	0	0	0	0	0	0	0	0	0
C6_01610W_A	ANB1	0	0	0	0	3	3	1	1	0	0	0	0	0	0	0	0	0	0	0	0	0	0	0	0	0	0	0	0	0	1	0	0	0	0	0	0	0	0	0	0	0	0	0	0	0	0	0	0	0	0	0	1	0	0	0	0	0	0	0	0
C6_01620W_A	C6_01620W_A	0	0	0	0	0	0	0	0	0	0	0	0	0	0	0	0	1	0	0	0	1	1.729	0	0	1	2	0	0	0	1	0	0	0	0	0	0	0	0	1	0	0	1	0	0	1	0	0	0	0	0	0	1	0	1	0	1.006	0	1	0	0
C6_01630W_A	TIF3	1	0	0	0	0	0	0	1	0	0	0	0	0	0	1	0	0	0	0	0	0	0	1	0	0	0	1	0	0	0	0	1	0	0	0	0	0	0	0	1	0	0	0	0	0	0	2	0	0	0	0	0	0	0	0	1	4	2	0	0
C6_01640W_A	MED19	0.955	0	0	0	0	0	0	0	0	0	0	1	0	0	0	0	1	0	0	0	0	0	0	0	0	0	0	0	1	0	0	0	0	1	0	0	0	0	0	0	0	0	0	0	0	0	0	0	0	0	1	0	0	0	0	0	1	0	0	1
C6_01650C_A	FMP27	0	1	1	1.04	6.994	2	5.001	4.99	0	2.165	0	0	2.114	2.005	2.031	0	0	1.046	3	0.996	0	0	1	0	3.152	1	0	0	2	1.149	2.996	3.872	4	6	8	8	1	3	0	0	0	0	0	0	3	3.006	2	3	2.22	1.071	1.999	3.548	6.025	0	0	2.092	1	2.769	2.022	0
C6_01660C_A	C6_01660C_A	0	0	1	0	0	0	0	0	0	0	0	0	0	0	1	0	0	0	0	0	0	0	0	0	0	1	0	0	0	0	0	0	0	0	0	0	0	0	0	0	0	0	0	0	0	0	0	0	0	0	0	0	0	0	0	0	0	0	0	0
C6_01670W_A	MAE1	1	0	0	0	0	1	0	0	0	0.97	0	0	0	0	1	0	0	0	0	0	0	0	0	1	0	0	1.289	1.387	1	0	1	1	0	0	0	1	2	1	1	1	0	0	0	0	0	0	0	0	0	0	0	0	1	1.006	0	0	0	0	0	0
C6_01680C_A	C6_01680C_A	0	0	0	0	0	0	1	0	0	1	0	0	0	0	1	1	1	0	0	0	0	0	0	0	0	0	2	0	0	0	0	0	0	1	1	0	0	0	0	0	0	0	0	0	0	0	0	0	1	0	0	1	0	1.028	1.027	0	0	1	1	1
C6_01690W_A	ACF2	0	0	0	0	0	2	1	0	0.994	0	0	0	0	0	1	1	0	0	0	1	0	1	1	0	0.997	1	2	0	0	0	1	1	0	0	0	0	0	0	0	0	0	0	0	2	0	0	1	0	0	0	2	3	2	1	0	0	1	0	1	0
C6_01700W_A	RPL32	0	0	0	0	1	1	0	0	0	0	0	0	0	0	0	0	0	0	0	0	0	0	0	0	0	1	0	0	0	0	0	0	0	0	0	0	0	0	0	0	0	0	1	0	0	2	0	2	0	0	0	0	0	0	1	0	0	0	0	0
C6_01710C_A	PTK2	0	0	0	0	0	0	0	0	0	0	0	0	1	0	2	3	0	0	0	1	0	0	0	0	3	1.002	1	4	0	0	1	3	0	0	0	1	0	0	0	0	0	0	0	0	0	0	3	0	0	1.387	0	2	1	0	0	0.933	0	2.311	1	0
C6_01720C_A	SUR7	0	0	0	0	0	0	0	0	0	0	0	0	0	0	0	0	0	0	0	0	0	0	0	0	0	0	0	0	0	0	0	0	0	0	0	0	1	0	0	0	0	0	0	0	0	0	0	0	0	0	1	0	0	0	0	1.011	0	0	0	0
C6_01730W_A	FGR37	0	0	0	0	0	0	0	1	0	0	0	0	0	0	0	0	0	0	0	0	0	0	0	0	0	0	0	0	1	0	0	0	0	0	0	1	0	0	0	0	0	0	0	0	0	0	0	0	1	0	0	0	0	2	1	1	0	0	0	1
C6_01740C_A	ATG15	0	1	0	0	2	0	0	0	1	1	2	1	5	3	5	1	0	0	0	0	0	0	0	0	7	8	8	12	1	0	0	0	0	0	0	1	0	0	1	0	1	0	1	0	0	1	0	0	0	1	0	0	1	0	2.001	1	0	2.002	0	1
C6_01750C_A	C6_01750C_A	0	0	0	0	0	1	0	1	0	0	0	0	0	0	0	0	0	0	0	0	0	0	0	0	1	1	1	0	0	0	0	0	0	0	0	0	0	0	0	0	1	0	0	0	0	0	0	0	1	0	0	0	1	1	0	1.025	0	0	0	0
C6_01760W_A	SEC12	0	0	0	2	2.208	0	0	1	1	2	0	0	0	0	0	0	1	0	2	0	0	0	0	0	2	0	1	2	0	0	3.861	1	0	0	1	0	0	1	2	0	0	0	0	1	1	0	0	1	0	0	3.502	0	0	0	0	1	0	0	1	0
C6_01770W_A	RAD18	0	0	0	1	0	0	0	1	0	0	0	0.991	0	0	0	0	0	0	0	1	0	0	0	0	0	1	0	0	0	1	0	0	0	0	0	0	0	0	0	0	0	0	0	0	0	0	0	0	0	1	0	0	0	0	1	1	0	0	2	1
C6_01780C_A	C6_01780C_A	0	0	0	0	0	1	0	0	1	0	0	2	0	0	1	0	1	1	0	1	1	0	0	0	0	0	0	0	0	1	0	1	0	1	0	0	1	1.015	1	1	0	0	0	0	0	0	1	1	1	1	2.774	0	0	0	0	0	0	1	2	1
C6_01790C_A	ZCF18	1	0	0	0	0	2	0	0	0	3	2	2	0	0	0	0	0	0	0	0	0	0	1	1	0	3.007	3	1	0	0	0	1.473	1	0	0	0	0	0	0	1	0	0	0	0	1	1	2	0	0	2	0	0	0	0	1	1.006	0	0	0	1.857
C6_01800W_A	tA(UGC)1	0	0	0	0	0	0	0	0	0	0	0	0	0	0	0	0	0	0	0	0	0	0	0	0	0	0	0	0	0	0	0	0	0	0	0	0	0	0	0	0	0	0	0	0	0	0	0	0	0	0	0	0	0	0	0	0	0	0	0	0
C6_01810W_A	C6_01810W_A	0	0	0	0	0	0	0	0	0	0	0	0	0	0	0	0	0	0	0	0	0	0	0	0	1	0	4	0	0	0	0	0	0	0	0	0	0	0	0	0	0	0	0	0	1	0	0	0	0	0	0	0	0	0	0	0	2	1	0	0
C6_01820C_A	FPG1	0	0	0	0	0	1	0	0	0	0	0	0	0	1	0	0	1	3	4	1	1	3	3	2	0	0	0	0	1	2	0	4	0	0	0	0	3	2	2	4	0	0	0	0	0	0	0	1	1	0.923	0	1	1	0	0	0	0	0	0	0
C6_01830W_A	CTA1	0	0	0	0	0	0	0	0	0	0	0	0	0	0	0	0	6	3	5	4	0	0	0	0	2	0	0	1	1	0	0	0	0	1.011	0	0	0	0	0	0	0	0	0	0	0	0	0	0	1	0	1	0	0	0	0	0	0	0	0	0
C6_01840C_A	COQ3	0	0	1	0	0	0	0	0	0	0	0	0	1	0	0	0	0	0	0	0	0	0	0	0	0	1	0	0	0	1.01	0	1	0	0	0	0	0	0	0	0	0	0	0	0	0	0	1	1	0	0	0	1	2	0.887	0	0	2	1	0	3
C6_01850W_A	C6_01850W_A	6	3	3	2	2	3	2	0	0	0	1	1	3	7	2	11	0	0	0	1	5	9.997	6	7	1.161	0	1	0	1	2	1	0.963	0	0	0	0	0	1	0	1	0	0	0	0	2	2	1	2	0	2.626	1	0	3	0	6	5.297	0	2	1	1
C6_01860C_A	HCH1	0	0	0	0	0	0	0	0	0	0	0	0	0	0	0	0	0	0	1	0	0	0	0	0	0	0	0	0	0	0	0	0	0	0	0	0	0	0	0	0	0	0	0	0	0	0	0	0	0	0	0	0	0	0	0	0	0	0	1	0
C6_01870C_A	C6_01870C_A	0	0	0	0	0	1	1	1	0	0	0	1	0	0	0	0	1	0	0	0	1	0	0	2	2	1	0	0	0	2	0	1	0	0	0	1	0	1	0	0	0	0	1	0	1	1.04	2	0	0	0	2	0	0	0	0	0	0	1	0	1
C6_01880W_A	C6_01880W_A	0	0	0	0	0	0	0	0	0	0	0	0	1	1	1	1	0	1	0	0	0	0	1	0	0	0	0	2	0	0	0	0	0	0	0	0	0	0	0	0	0	0	0	0	0	0	0	0	0	0	0	0	0	0	0	0	0	0	0	0
C6_01890C_A	DBP9	1	0	0	0	0	0	3.002	0	2	0	1	0	0	1	0	0	0	0	1	0	0	0	0	0	0	0	0	0	3	7	2	3	1	0	0	0	0	0	0	1	0	0	0	0	0	0	1	0	0	1	1	0	1	1	0.999	1	2	0	1	0
C6_01900C_A	DOG1	0	0	0	0	0	0	0	0	4	2	4	2	0	0	0	0	0	0	0	1	0	0	1	2	0	0	0	0	1	0	0	0	0	0	0	0	0	0	0	0	0	0	0	0	0	0	0	3	0	0	0	0	4	0	2	0	0	0	0	0
C6_01910W_A	ADK1	0	0	0	0	0	0	0	0	0	0	0	0	0	0	0	0	0	0	0	1.126	0	0	0	0	0	0	0	0	0	0	0	0	0	0	0	0	0	0	0	0	0	0	0	0	0	0	0	0	0	0	0	0	0	0	1	0	0	0	0	0
C6_01920C_A	C6_01920C_A	1	1.087	0	0	1	0	2	2	0	0	2	1.304	0	1	0	0	0	2	0	0	1	0	0	0	0	1	1	0	1	0	1	0	1	0	0	0	0	0	0	1	0	0	0	0	0	0	0	0.998	0	0	1	0	2	1	0	1	2	1	0	1
C6_01930W_A	YHM1	0	0	0	0	0	0	0	0	0	0	0	0	0	0	0	0	0	0	0	0	1	0	0	0	0	0	0	1	0	0	0	0	0	0	0	0	5	5	5	7	0	0	0	0	0	0	0	0	0	0	0	0	0	1	1	0	0	0	0	1
C6_01940W_A	C6_01940W_A	0	0	0	0	0	1	0	0	0	0	0	0	0	0	0	0	1	0	0	0	0	0	0	0	0	0	0	0	0	1	0	0	0	0	0	0	0	0	0	0	0	0	0	0	0	0	0	0	0	1	0	0	0	0	0	0	0	0	0	0
C6_01950C_A	C6_01950C_A	0	0	1	0	1.015	0	0	0	0	0	0	0	0	0	0	0	1	0	0	0	0	0	0	1	0	0	0	1.747	0	0	0	0	0	0	0	0	0	0	0	0	0	0	0	0	0	0	0	0	1.297	1	2	0	1	0	1.001	0	0	1	0	0
C6_01960W_A	C6_01960W_A	0	1	0	1	0	0	0	0	0	0	0	0	0	0	0	0	1	0	1	0	1	0	1	1	0	0	2	2	7	3	3	5	0	0	0	0	0	0	0	0	0	0	0	0	0	1	0	1	0	0	1	1	0	0	1	2	0	0	0	0
C6_01970C_A	RPL25	0	0	0	0	0	0	0	0	0	0	0	0	0	0	0	0	1	0	0	0	3	3	6	3	1	1	1	3	2	0	1	0	0	0	0	0	0	0	0	0	0	0	1	0	1	0	0	0	0	0	0	0	0	1	4	1	0	0	0	0
C6_01980C_A	C6_01980C_A	0	0	0	0	0	0	0	1	0	1	0	0	1	0	0	0	1	1	0	0	0	0	0	1	0	0	0	0	0	0	0	1	0	1	0	0	0	0	0	1	0	0	0	0	0	0	1	0	1	0	1.425	0	0	0	0	0	1	1	0	2.727
C6_01990W_A	PLB1	0	0.866	0	0	1.166	0	0	0	2	0	0	1	0	0	0	0	1	0	1	0	0	0	1	0	0	0	1	1	1	0	0	0	0	1	0	0	0	0	0	0	0	0	0	0	0	0	0	0	0	0	0	1	0	0	0	0	0	0	0	0
C6_02000W_A	PLB2	0	0	0	0	0	1	1	0	0	0	0	0	0	1.037	1	0	1	0	0	1	0	0	0	0	0	0	1	1	0	0	1	0	0	0	0	0	0	0	0	0	0	0	0	0	0	0	0	1	0	0	0	0	0	0	0	0	0	0	2.267	0
C6_02010C_A	GPD2	0	0	0	0	0	0	0	0	0	0	0	0	0	0	1	0	0	1	0	1	1	1	0	0	0	0	0	1	0	0	0	0	0	0	0	0	0	0	0	0	0	1	0	0	0	1	0	0	0	0	0	0	0	0	2	0	0	0	0	0
C6_02020C_A	C6_02020C_A	0	0	0	0	0	0	0	0	0	0	0	0	0	0	0	0	0	0	0	0	0	0	1	0	1	0	2	1	0	0	0	0	0	0	0	0	0	0	0	1	0	0	1	0	0	0	0	0	2	0	0	0	0	0	0	1	1.468	0	2.807	0
C6_02030C_A	C6_02030C_A	0	0	0	0	0	0	0	0	0	0	0	0	1	0	1	0	0	0	0	0	0	1	0	0	0	2	0	1	0.999	0	0	1	0	0	0	0	0	0	0	1	0	0	0	0	0	0	0	0	0	0	0	0	0	0	0	0	0	0	0	0
C6_02040W_A	MCR1	0	0	0	0	0	0	0	0	0	0	1	0	0	0	0	0	0	0	0	0	0	0	0	0	0	0	0	0	0	0	0	0	0	0	0	0	2	3	3	0	0	0	0	0.824	0	0	0	0	0	0	0	0	2	3	4	3	0	1	0	0
C6_02050W_A	DBR1	2	1	1	1	0	0	0	1	0	0	1.995	0	0	0	0	0	0	0	1	0	0	0	0	0	1	0	1	0	0	0	1	0	0	0	0	0	2	0	2	1	0	1	0	0	0	1.88	0	0	0	0	0	0	0	0	0	0	1	0	0	0
C6_02060W_A	SLM2	0	0	0	1	0	0	0.999	0	0	0	0	0	0	0	0	0	0	0	1	0	0	0	0	0	0	0	0	1	0	0	1.046	0	0	0	1	0	0	0	0	0	0	0	1	0	0	1	0	0	0	0	1	0	0	0	1	1	0	0	3	1.137
C6_02070C_A	RPL23A	0	0	0	0	0	0	0	0	0	0	0	0	4	3	2	3	0	0	0	0	0	0	0	0	0	0	0	0	0	0	0	0	0	0	0	0	0	0	0	1	0	0	0	0	0	0	1	1	0	1	0	0	0	0	1	0	0	0	0	0
C6_02080W_A	C6_02080W_A	0	0	0	0	0	0	0	0	0	0	0	0	0	0	0	0	0	1	0	0	0	0	0	0	0	0	0	0	0	0	0	0	0	0	0	0	0	0	0	0	0	0	0	0	0	0	0	0	0	0	2	1	0	0	0	0	0	0	1.522	0
C6_02090C_A	C6_02090C_A	0	0	0	0	0	0	0	1	0	0	0	0	0	0	0	0	0	0	1.13	0	3	2	3.225	2	1	0	0	1	0	0	0	0	0	0	0	0	0	1	0	0	1	0	1	0	0	0	1	1	0	1	1.551	2	1.029	0	0	0	1.206	0	0	1
C6_02100W_A	C6_02100W_A	0	0	0	0	0	0	0	1	0	0	0	0	0	0	0	0	0	0	0	1	0	0	0	0	0	0	0	0	0	0	0	0	0	0	0	0	0	0	0	0	0	0	0	0	0	0	0	0	0	0	0	0	0	0	1	0	0	0	0	0
C6_02110W_A	C6_02110W_A	0	0	0	0	1	0	2	0	1	0	0	0	0	2	1	0	1	0	0	1	0	0	0	1	0	0	0	1	0	1	1	0	0	0.999	0	0	0	0	0	1	0	0	0	0	0	0	1	0	1	0	0	0	1	1	0	0	1	0	0	1.039
C6_02120W_A	CHC1	0	0	0	0	0	0	0	0	0	1	0	2	1	0	1	0	0	2	0	0	3	0	3	1	0	0.999	2.247	1.158	0	1.145	0	0	0	1	1	0	0	0	0	1	0	0	0	3	2	7	2	1	0	0	1.199	1	1	0	0	1.004	0	2.214	1.103	0
C6_02130C_A	CTF5	1	1	0	0	0	2	0	1	0	1	0	1	0	0	0	0	0	0	0	0	0	0	0	0	0	1	1	0	1	0	0	1	1	0	1	0	0	2	0	0	1	0	0	0	0	0	1	0	0	0	0	0	1	1	0	0	1.562	1	1.732	0
C6_02140W_A	C6_02140W_A	0	0	0	0	1	1	0	0	0	3.974	1.994	1	0	0	2.079	0	1	1	0	2	0	0	1.967	1	2.962	3.829	2.603	3	2.981	0	1	2.733	1	0	1	2	0	1	0	0	0	0	0	0	2	1.272	0	1.978	1	0	2.962	1	0	0	0	1	3.164	1.226	1	0
C6_02150C_A	LPE10	0	0	0	0	0	0	0	0	1	0	0	0	0	0	0	0	0	0	0	1	1	0	1	0	0	0	0	0	1	1	0	1	0	0	0	0	0	0	0	0	0	0	0	0	0	1	3	0	0	0	0	1	0	0	0	0	0	0	1	0
C6_02160W_A	C6_02160W_A	0	0	0	0	1	0	2	2	1	0	0	0	1	0	1	0	1	0	0.96	0	0	0	1	0	0	0	0	0	3	8	0	4	1	0	0	1	0	0	0	0	1	0	0	0	0	0	1	0	0	0	2	0	0	1	0	1	0	0	0	0
C6_02170C_A	SWD3	0	1	0	0	0	0	0	0	0	0	0	0	0	1	0	0	0	0	0	0	0	0	0	0	1	1	1	0	0	0	1	0	0	0	1	1	0	0	0	0	0	0	0	1	0	0	1	0	0	0	0	0	2	0	0	1	0	0	1	1.22
C6_02180W_A	C6_02180W_A	0	0	0	0	0	1	1	1	0	0	0	0	0	0	0	0	3	4	3	4	0	0	0	0	0	0	1	0	0	0	0	0	0	0	0	0	0	0	0	0	0	0	0	0	0	0	1	3	0	0	0	1	0	0	1	0	1	0	0	0
C6_02190C_A	C6_02190C_A	0	1	0	0	1	1	0	0	0	0	1	0	0	0.933	0	0	0	0	0	1	0	0	0	0	0	1	0	1.748	0	0	0	3	1	0	1	1	0	1	0	1	0	0	0	0	0	0	0	1	0	0	0	1	0	0	0	0	0	1.471	0	0
C6_02200C_A	C6_02200C_A	0	0	0	0	1	0	0	0	0	0	0	0	0	0	0	0	0	0	0	0	0	0	0	0	0	0	0	0	0	0	0	0	0	0	0	0	0	0	0	0	0	0	0	0	0	0	0	0	0	0	0	0	0	0	0	0	0	0	0	0
C6_02210W_A	C6_02210W_A	0	0	1	0	0	0	0	0	0	0	0	1	0	0	0	0	0	0	0	0	0	0	0	0	0	0	0	1	0	0	0	0	0	0	0	0	0	0	0	0	0	0	0	0	0	0	0	0	0.959	0	0	0	0	0	0	0	1	0	1	0
C6_02220W_A	SAR1	1	3	0	0	0	0	0	0	1	0	0	1	0	0	1	0	1	0	0	1	1	0	0	0	0	0	0	0	0	0	0	0	0	0	0	0	0	1	1	0	0	0	0	0	0	0	0	0	0	0	0	0	0	1	0	0	0	0	0	0
C6_02230W_A	C6_02230W_A	0	0	0	0	1	1	0	0	0	2	1	0	0	1.146	1	0	0	0	0	0	1	0	0	1	0	0	0	0	0	0	0	0	2	0	0	0	0	0	0	0	0	0	0	0	1	1	1	0	2	0	0	1.169	4	0	1	0	2.637	0	2	0
C6_02240C_A	RPL10A	0	0	0	0	1	0	0	0	0	0	0	0	0	0	0	0	1	0	2	0	0	0	0	0	0	0	0	0	0	0	0	0	0	0	0	0	0	0	0	0	0	0	0	0	0	0	0	0	3	0	0	0	0	0	0	0	0	0	0	0
C6_02250W_A	C6_02250W_A	1	0	0	0	2	0	0	2	0	0	0	0	0	1	1.001	0	1	0	0	0	0	0	1	0	1	1	0	1	0	0.805	1	0	1	3	1	0	0	0	0	0	0	0	0	0	0	0	0	1	0	1	0	1	0	0	0	0	0	0	1	0
C6_02260C_A	SEC27	1	1	1	0	5	6.002	1	2	1	1	0	1	0	0	0	1	0	0	1	1.178	0	3	2	1	2.194	1	2	2.333	3	0	1	0	0	0	0	0	0	0	1	0	0	0	0	0	2	1.246	0.991	0	4.384	0	1	0	1	2.956	3.997	4	0	0	2.253	0
C6_02270C_A	ALG11	0	0	0	0	0	0	0	0	1	0	0	0	0	0	0	0	0	0	0	0	1	1	0	3	0	0	1	1	0	0	1	1	0	1	0	0	0	0	0	0	0	0	0	0	0	0	1	0	0	1	0	0	0	0	1	2.003	0	0	0	1
C6_02280W_A	C6_02280W_A	0	0	0	0	0	0	0	0	0	1	0	0	0	0	0	0	0	0	0	0	0	0	0	0	0	0	0	0	0	0.997	1	0	0	0	0	0	0	0	0	0	0	0	0	0	0	0	0	0	1	0	0	0	0	2	0	0	0	0	0	0
C6_02290C_A	C6_02290C_A	0	0	0	1	0	0	2	0.996	0	0	0	1.001	0	1	0	0	0	0	1	1	1	1	1	0	2.081	1.304	2	0	1	0	0	3	0	0	1	1	0	0	0	0	1	1	0	0	1	2	1	1	2	1.158	1.172	2	2	1	2	5	0	1.802	1.297	0
C6_02300C_A	C6_02300C_A	0	0	0	0	0	0	0	0	0	0	0	0	0	0	0	0	3	2	2	2	0	0	0	0	0	0	1	1	0	0	0	0	0	0	0	1	0	0	0	0	0	0	0	0	0	0	0	0	0	0	0	1	0	0	0	0	0	0	0	0
C6_02310W_A	C6_02310W_A	0	0	0	0	0	0	1	0	0	1	0	0	0	0	0	0	0	0	0	1	0	0	0	0	0	0	0	0	0	2	1	0	0	0	0	0	3	1	2	2	0	0	0	0	0	0	0	2	0	0	0	0	1	3	1	1.089	1.006	3	2	0
C6_02320C_A	IPL1	0	0	0	0	0	0	0	1	0	0	0	0	0	0	1	1	0	1	0	0	0	0	0	0	0	0	0	1	0	1	1	0	0	0	0	1	0	0	0	0	0	0	0	0	0	0	1	1	0	0	0	0	0	1	0	0	1.363	0	0	0
C6_02330W_A	C6_02330W_A	0	0	0	0	0	0	0	0	0	0	0	0	0	0	0	0	0	0	0	0	0	0	0	0	0	0	0	0	0	0	1	1	0	0	1	0	0	0	0	0	0	0	0	0	1	4	4	0	0	0	0	0	3	2	6	2	0	0	0	0
C6_02340W_A	HRR25	0	0	0	0	2	0	0	0	1	1.336	0	1	0	0	0	0	3	8	2	1	0	0	0	0	2	1	0	0	0.998	2	3.001	1.94	0	0	0	0	0	0	1	0	0	0	0	0	0	1.001	1	2	0	2	1	0	6.874	1	7	4	1.271	1.198	2	0
C6_02350C_A	PUS1	6	12	6	9.944	9	9.994	2	10	2	4	4	5.002	6	5	5	6	4	4	4.782	6	6	6	8	4	5.011	10	10	13.906	8	10	12	8.009	7	12	7	3	3	3	1	4	5	1	3	1	5	6	5	9	14	13.973	11.999	14.233	9	11	13.937	9	10.106	17	10	19
C6_02360W_A	NIP7	0	0	0	0	0	0	1	0	0	0	1	0	0	1	0	0	0	0	0	0	0	0	0	0	0	0	0	0	0	0	0	0	0	0	0	1	1	0	0	0	0	0	0	0	1	0	0	0	0	0	0	0	0	0	0	0	0	0	0	0
C6_02370C_A	C6_02370C_A	0	0	0	1	1.703	1	0	1	0	0	0	1	0	0	1	1	0	0	1	0	0	0	1	1	0	0	1	0	1	1	3	1	0	0	0	0	0	1	0	1.644	0	0	0	0	0	2.004	0	0	1	0	1	0	1	1	0	0	0	0	1.004	1.102
C6_02380W_A	MRH4	0	0	0	0	0	1	0	1	0	2	0	0	0	0	0	0	0	0	0	1	1	0	0	0	0	0	0	0	1	0	1.08	1	0	0	0	0	0	0	0	0	0	0	0	0	1	1	0	0	0	0	0	0	1	0	0	2	1	0	1	1
C6_02390W_A	C6_02390W_A	0	0	0	0	0	0	0	0	0	0	0	0	0	0	0	0	0	0	1	0	0	0	0	0	0	0	0	0	0	0	1	0	0	0	0	0	0	0	0	0	0	0	0	0	0	0	0	0	0	0	0	0	0	0	0	0	0	0	0	0
C6_02400W_A	C6_02400W_A	0	0	0	0	0	0	0	0	0	0	0	0	0	0	0	0	0	0	0	0	0	0	0	0	0	0	0	0	0	0	0	0	0	0	0	0	0	0	0	0	0	0	0	0	0	0	0	0	0	0	0	0	0	0	0	0	0	0	0	0
C6_02410W_A	C6_02410W_A	0	1	0	2.001	0	1	0	0	0	0	0	0	0	1	0	0	0.966	0	0	1	0	0	1	0	0	0	0	2	1	0	0	1	1	1	0	0	0	0	0	1	0	0	0	0	1	0	0	0	0	0	1	0	2.013	0	2.665	0	0	1	0	0
C6_02420W_A	C6_02420W_A	0	0	0	0	0	1	0	1	0	0	0	0	1	0	0	0	0	0	1	0	0	0	0	0	0	0	0	0	0	0	1	0	0	0	1	0	0	0	0	0	0	0	0	0	0	0	0	0	0	0	2	0	1	1	0	0	2.653	0	0	0
C6_02430W_A	C6_02430W_A	0	0	0	2	0	1	0	0	1	2	2	0	1.004	0	0	0	0	0	0	0	0	0	4	0	1.6	3	0	0	3.983	2	0	0	1	2.293	1	0	0	0	0	0	0	0	0	0	2	1	1	1.003	1.19	1.226	0	1	0	0	0	2	0	1.107	1	2.189
C6_02440C_A	PRP45	1	0	0	1	0	1	0	1	0	0	1	0	0	1	0	0	0	0	0	0	2	0.687	0	0	1	0	0	1	1	0	0	0	1	0	0	0	0	0	0	0	0	0	0	0	1	0	0	0	1	0	1	2	2	0	0	0	0	2	1	1
C6_02450W_A	C6_02450W_A	3	4	4	1	2	1	0	0	0	0	0	0	0	0	0	0	0	0	0	0	1	1	0	0	0	3	1	0	1	0	1	1	6	4	4	5	1	0	0	0	0	0	0	0	0	1	0	0	0	0	0	0	1	0	1	0	0	0	0	0
C6_02460C_A	C6_02460C_A	0	0	0	0	0	0	1	0	0	0	0	0	0	0	0	0	1	0	0	0	1	0	1	1	0	0	0	0	1	1	0	0	0	1	0	0	0	0	1	0	0	0	0	0	0	0	0	0	0	0	0	2	0	0	0	0	1.563	1	1.79	2.019
C6_02470W_A	C6_02470W_A	1	0	1	1	0	0	0	0	0	0	0	1	0	0	0	0	0	0	0	0	0	0.999	0	3	0	0	1	0	0	0	0	0	3.561	1	2	2	1	1	1	4	0	0	0	1	2	0	3	3	1	0	1	1	0	0	1	1	0	1.006	0	2
C6_02480W_A	C6_02480W_A	0	0	0	0	0	1	0	0	0	0	0	0	0	0	0	0	0	0	0	0	0	0	0	0	0	0	0	0	0	1	0	0	1	0	0	1	0	0	0	0	0	0	0	0	0	0	0	0	0	0	0	0	0	0	0	0	0	0	0	0
C6_02490C_A	C6_02490C_A	0	0	0	0	0	0	0	0	0	0	0	1	0	0	0	0	2	0	0	0	0	0	0	0	0	0	0	0	0	0	0.999	0	0	0	0	0	0	0	0	0	0	0	0	0	0	0	0	0	0	0	1	1	0	0	0	0	0	0	0	0
C6_02500C_A	GCV1	0	0	0	0	0	0	0	0	0	0	2	0	0	0	0	0	0	1	1	0	0.987	2	1	2	0	0	0	0	0	1.84	0	0	1	0	0	0	0	0	0	0	0	1	0	0	0	0	0	2	0	1	0	1.802	0	0	1	0	0	0	0	0
C6_02510C_A	ASG7	0	0	1	0	0	0	0	0	0	0	0	0	0	0	0	1	0	0	0	0	0	0	0	0	0	0	0	0	0	0	0	0	0	0	0	0	0	0	1	0	0	0	0	0	0	0	0	0	0	0	0	0	0	0	0	0	0	0	0	0
C6_02520W_A	ISA1	0	0	0	0	0	0	0	0	0	0	0	0	0	1	0	0	0	1	0	0	0	1	1	3	0	1	1	0	1	2	0	0	0	0	0	0	0	0	0	0	0	0	0	0	0	0	0	0	1.101	0	0	0	0	0	0	0	0	0	1.461	0
C6_02530C_A	C6_02530C_A	0	0	0	0	0	0	0	0	0	0	0	0	0	0	0	0	0	0	0	0	0	0	0	0	0	0	0	0	4	1	1	2	0	0	1	0	0	0	0	0	0	0	0	0	0	0	0	0	0	0	0	0	0	0	0	0	0	0	0	0
C6_02540C_A	C6_02540C_A	0	0	0	0	0	0	0	0	0	0	0	0	1	0	0	0	0	0	0	0	0	0	0	0	0	0	0	0	0	1	1	1	1	0	0	1	0	0	0	0	0	0	0	0	1	0	0	0	0	0	1	0	0	1	1	0	0	1	1	1.663
C6_02550W_A	C6_02550W_A	0	1	0	0	0	0	0	0	0	0	0	1	0	0	0	0	0	0	0	0	0	0	0	1	0	0	0	0	0	0	0	0	1	0	0	1	0	0	0	0	0	0	0	0	0	0	0	1	0	0	1	1	0	0	0	0	0	0	0	0
C6_02560W_A	C6_02560W_A	0	1	0	1.067	0	0	0	0	0	0	0	0	0	0	0	0	1	0	0	1	0	0	0	0	0	0	0	0	0	0	0	0	0	0	0	0	0	1	0	0	1	0	0	0	0	0	0	0	0	0	0	0	1	0	0	1	0	0	0	0
C6_02570C_A	SEC20	0	0	0	1	1.024	0	0	0	2	1	1	0	0	1	0	0	0	0	0	1	0	1	0	2	3	1	3	6	1.143	0	0	0	1	0	0	1	0	0	0	1	0	1	0	0	0	0	0	0	1	0	0	1	2	0	1	1	4	1.913	5	0
C6_02580W_A	C6_02580W_A	0	0	0	0	1.422	0	1	0	0	0	0	0	0	0	0	0	1	2	2	0	0	0	0	0	0	0	0	0	0	1	1	0	0	0	0	0	0	0	0	0	0	0	0	0	1	0	0	0	0	0	0	1	0	1.719	0	0	1	0	0	1
C6_02590C_A	MOB1	0	0	0	0	0	0	0	0	0	0	0	0	5	3	3	3	0	0	0	0	0	0	0	1	1	0	0	0	0	0	0	0	0	0	1	0	0	0	0	0	0	0	0	0	0	0	0	0	1	1	0	0	0	0	0	0	1.285	1	1	0
C6_02600W_A	NAB3	0	0	0	0	0	0	2	0	0	1	0	1	0	0	1	0	0	0	0	0	0	0	3	0	0	0	0	1	0	1	1	1	0	0	0	1	0	0	0	0	0	0	0	0	1	1	0	0	0	0	0	1	0	0	0	0	0	0	0	1
C6_02610C_A	CDC37	0	0	0	1	0	0	1	0	0	0	0	0	0	0	0	0	2	2	6	1	1.457	2	0	2	0	0	1	0	0	0	0	0	2	5	3	5	0	0	0	0	0	0	1	1	0	0	0	0	0	0	2	0	1	0	1	1	0	0	0	0
C6_02620C_A	C6_02620C_A	1	0	0	0	0	0	0	0	0	0	0	0	0	0	0	0	0	0	0	0	1	1	0	0	0	0	0	0	1	0	0	0	0	0	0	0	0	0	0	0	0	0	0	0	0	0	0	0	0	0	0	0	1	0	0	1	0	0	0	0
C6_02630C_A	C6_02630C_A	0	0	0	0	0	1	0	1	0	0	0	0	1	0	0	1	0	0	0	1	1	1	0	0	0	1	1	1.999	0	0	0	0	0	0	1	0	0	0	0	0	1	0	0	0	0	1	0	0	0	0	0	2	1	1	1	0	0	0	0	2.823
C6_02640C_A	C6_02640C_A	0	0	0	0	0	0	0	0	0	0	1.307	0	0	0	0	0	0	0	0	2	0	0	0	0	0	0	0	0	0	1	0	0	0	0	0	0	0	0	0	0	0	0	1	0	0	0	0	0	0	0	2	0	0	0	0	0	1	0	0	0
C6_02650C_A	C6_02650C_A	0	0	0	0	0	1	0	0	0	1	0	0	0	1	0	0	0	0	1	0	0	0	0	0	0	1	0	2	0	0	0	1	0	0	1	0	0	0	0	0	0	0	0	0	0	0	0	0	0	0	0	0	0.951	0	0	1	0	0	0	1.242
C6_02660C_A	C6_02660C_A	0	0	0	0	1	0	0	0	0	0	0	1	1.999	0	0	0	0	1	0	0	2	0	0	0	1	1	1	1	1	1	0	0	0	0	1	0	0	0	0	0	0	0	0	0	0	0	0	0	2	1.519	3	0	0	1.032	0	1	0	1	3.031	1
C6_02670C_A	WSC2	0	0	0	0	0	0	0	0	1	3	2	1	0	0	0	1	5	1	4	0	0	1	0	0	1	0	0	1	0	0	1	0	0	1	1	1.999	0	0	0	0	0	0	0	0	1	0	0	0	0	0	0	0	0	1	0	0	1	1	0	0
C6_02680W_A	C6_02680W_A	0	0	0	0	0	0	0	0	1	0	0	0	0	0	0	0	0	0	0	1	0	1	0	0	0	0	0	0	0	0	0	0	0	0	0	0	0	0	0	0	0	0	0	0	1	1	0	0	0	0	0	1	0	0	0	0	1	0	0	0
C6_02690C_A	C6_02690C_A	0	0	0	0	1	1	0	0	1	0	0	1	0	1	0	0	0	0	0	1	0	0	0	0	0	0	0	0	0	1	0	0	0	0	1	0	0	0	0	0	0	0	0	0	0	0	0	0	0	0	0	0	0	0	0	0	3.308	1	1	1
C6_02710C_A	SAP6	1	2	2	1.501	0	0	0	0	0	0	1	0	0	0	0	0	0	0	0	0	0	0	1	0	0	0	0	0	0	1	1	0	2	0	0	0	0	0	0	0	0	0	0	0	1	0	0	0	0	0	0	0	0	0	0	0	2	0	0	0
C6_02720C_A	C6_02720C_A	1	0	0	0	0	0	0	0	0	0	1	0	0	0	0	0.5	0	0	0	0	0	0	0	0	0	3	0.934	0	0	0	4	0	0	2	0	0	0	0	0	0	2.783	0	0	0	0	0	0	0	0	0	0	0	0	0	0	1	0	0	0	0
C6_02730W_A	SAC6	1	1	3	0	2	2	1	0	1.299	5	6	1	1	0	2	0	0.981	0	0	1	4	2	0	1.001	0	3	2	2	6	4.3	2	1	0	0	1	0	0	0	0	0	0	0	0	0	3	1.989	0	3	1	0	0	1.297	2	3	5	6	3.883	0	1.218	1.746
C6_02740W_A	C6_02740W_A	0	0	0	0	0	0	0	0	0	0	0	0	0	0	0	0	0	0	0	0	0	0	0	0	0	0	0	0	0	0	0	0	0	0	0	0	0	0	0	0	0	0	0	0	0	0	0	0	0	0	0	0	0	0	0	0	0	0	0	0
C6_02750C_A	LYS14	0	0	0	0	1.028	0	1	0	0	0	0	0	0	0	0	0	0	0	0	0	0	0	1	0	2	0	1.001	1	0	0	0	0	0	0	0	0	0	0	0	0	0	0	0	0	0	0	0	0	0	0	0	0	0	0	0	1	0	0	2	0
C6_02760W_A	C6_02760W_A	0	0	0	0	0	0	0	0	0	0	0	0	0	0	0	0	0	0	0	0	0	0	0	0	0	0	0	0	0	0	0	2	0	0	0	1	0	0	0	0	0	0	0	0	0	0	0	0	0	0	0	0	0	0	0	0	0	0	0	0
C6_02770W_A	MRT4	0	0	0	0	0	0	0	0	0	0	0	0	0	0	0	0	0	1	0	1	0	0	0	0	0	0	1	0	0	0	1	1	0	0	0	0	0	0	0	0	1	0	0	0	0	0	0	0	0	0	1.006	1	0	0	0	0	0	0	0	0
C6_02780C_A	MIF2	0	0	0	0	0	1	0	0	0	0	0	0	0	0	0	0	1	1	0	2	0	0	0	1	1	0	0	1	1	0	1	0	0	0	0	0	0	1	0	0	0	0	0	0	0	1	0	0	0	1	0	0	0	0	0	1	0	0	0	0
C6_02790C_A	C6_02790C_A	0	0	0	0	1	0	0	1	3	1	0	0	0	0	1.915	1	0	0	0	0	2	0	0	0	3	3	1	1	1	1	0	0	0.964	1	0	0	1	0	0	2	0	0	0	0	0	0	0	1	0	0	0	1	0	1	0	0	2.484	1.383	1	1
C6_02800W_A	C6_02800W_A	0	0	0	0	0	0	0	0	0	0	0	0	0	0	0	0	0	0	0	0	1	0	0	0	0	1	0	0	0	1	0	0	0	0	0	0	0	0	0	0	0	0	0	0	0	0	0	0	0	0	0	0	0	0	0	0	1	0	0	0
C6_02810C_A	C6_02810C_A	1	0	0	0	2	1.068	0	2	0	0	0	0	1	2	0	1	0	2	0	0	2.426	0	2	2	0	1	2.643	1	6	3	4	1	1	2.007	1	0	0	0	0	1	0	0	0	0	0	0	1	0	0	2.69	0	4.854	3	1	0	1.108	2.26	2	2	1.226
C6_02820W_A	C6_02820W_A	2	0	0	0	1	5	1	0	3.999	4	6	0	1	0	1	2	0	1.001	2	1	0	0	2	1	7	2	3.518	1.015	2	2	4.896	6.653	1	1	0	2	2	0	1	0	1	0	0	0	0	0	0	0	3	1	4.985	0	5.965	6	4	2	6.928	1.818	1	0
C6_02830W_A	MNN45	0	0	0	1	0	2	3.304	0	1	1.016	0	0	0	0	0	0	0	0	0	0	0	0	1	1	0	0	3	0	0	0	0	0	0	0	0	0	0	0	0	0	0	0	0	0	0	3	0	0	0	0	2	0	5	1	0	2.008	2	0	1	0
C6_02840C_A	RBF1	0	0	0	0	0	0	0	0	0	1	0	0	0	0	0	0	0	0	0	0	0	0	0	0	0	1	0	0	0	0	0	1	0	0	0	0	0	0	0	0	0	0	0	0	0	0	0	0	0	1	0	0	1	0	0	0	1	0	0	0
C6_02850W_A	RAV2	0	0	0	0	0	0	0	1	0	0	0	0	0	0	0	0	0	0	0	0	0	0	0.992	0	0	1	0	0	0	0	0	0	0	0	0	0	0	0	0	0	0	0	0	0	1	0	1	0	0	0	0	0	0	0	0	1	0	0	2	0
C6_02860W_A	STE23	0	1	0	0	0	0	1	1	1	2	2	1	0	2	0	0	0	0	1	0	1	1	3.238	1.001	0	1	1.019	0	0	0.999	3	0	0	0	1	1	0	0	0	1	0	0	0	1.277	0	0.982	0	0	0	0	0	0	0	0	0	0	0	0	2	0
C6_02870W_A	RNH1	0	0	0	0	0	0	0	0	0	0	0	0	0	1	0	0	0	0	0	0	1	0	0	0	0	0	0	0	0	0	0	0	1	0	0	0	0	0	0	0	0	0	0	0	0	0	0	0	0	0	0	0	0	0	0	0	0	0	1	0
C6_02880W_A	C6_02880W_A	0	0	0	0	0	1	0	0	0	1	0	0	0	0	0	0	0	0	0	2	0	0	0	0	0	0	0	1	0	0	0	1	0	0	0	0	0	0	0	0	0	0	0	0	0	0	0.961	0	0	0	0	0	0	0	0	1	0	0	0	0
C6_02890C_A	HPD1	0	0	0	0	0	0	0	0	0	0	0	0	0	0	0	0	0	0	1	0	1	0	0	0	0	1	1	0	0	0	1.877	1	0	0	0	0	0	0	0	0	0	0	0	0	1	0	0	1	0	1	1	0	3	2	1	0	0	0	0	0
C6_02900C_A	C6_02900C_A	0	0	0	0	0	0	1.542	1	1	0	0	0	0	1	0	1	0	0	0	0	0	0	0	0	1	0	2	0	0	0	0	0	0	0	0	1	0	0	0	0	0	0	0	1	0	1	2	0	1	3	2	1	0	1	1	0	3	0	0	0
C6_02910W_A	POP4	0	0	0	0	1	0	0	0	1	0	0	1	0	0	0	0	0	0	0	0	0	0	0	0	0	0	1	0	0	1	0	1	0	0	0	0	0	0	0	0	0	0	0	0	0	0	0	0	1	0	0	0	0	0	0	0	1	0	0	0
C6_02920C_A	VPS51	0	0	0	0	0	0	0	0	0	0	0	0	0	0	0	0	0	0	0	0	0	0	0	0	1	0	0	0	1	2	1	1	0	0	0	0	0	0	0	0	0	0	0	0	0	0	0	0	1	0	0	0	0	0	1	2	0	0	0	0
C6_02930W_A	C6_02930W_A	0	0	0	0	0	0	1	2	0	1	0	2	0	0	0	1	0	0	0	0	0	0	0	3	0	2	1.018	2	3.001	1	0	1	1	0	0	0	0	3	0	0	0	0	0	0	0	0	1	0	0	2.278	1	1	0	0	0	1	2.94	0	0	0
C6_02940C_A	C6_02940C_A	0	0	0	0	0	0	0	1	0	0	0	1.734	1.001	0	0	0	0	0	0	0	0	1	0	0	0	0	0	0	0	0	0	0	0	0	1	0	0	0	0	0	0	0	0	0	0	0	0	0	0	1	0	0	0	0	0	0	0	1	1.142	0
C6_02950C_A	C6_02950C_A	0	0	0	0	0	0	0	0	0	0	2	1	0	2	0	2	0	0	1	0	1	2	1	0	1	2	0	1	0	0	0	1	0	2	1	0	0	0	0	0	0	0	1	0	1.087	0	0	0	1	0	0	1	0	1	0	0	1.821	0	0	0
C6_02960W_A	C6_02960W_A	0	1	1	1	0	1	0	0	0	0	0	0	0	1	2	4	0	1	0	0	0	0	0	0	0	0	0	0	0	0	1.13	0	0	0	0	0	0	0	0	0	0	0	0	0	0	0	0	0	0	0	0	0	1	0	0	0	0	0	0	1
C6_02970C_A	C6_02970C_A	0	0	0	1	2	0	0	0	0	3	3	0	1	0	2	0	2.999	0	1	1	0	1	5	1.427	1.909	3	2	3.706	1.006	0	3	6	2	2	1	0	0	0	0	1	0	1.228	3	0	1	1	2	2.887	1.413	5.826	1.694	0	2	1	0	5.558	0	2.935	3	0
C6_02980C_A	C6_02980C_A	0	0	1	0	0	0	0	0	0	1	0	0	0	0	0	0	0	0	0	0	0	0	0	0	0	0	1	0	0	0	0	1	1	1	2	0	0	0	1	0	0	0	0	0	0	0	0	0	0	0	0	1	0	1	1	0	0	3	0	3.379
C6_02990W_A	C6_02990W_A	0	0	0	0	0	0	1	1	0	1	0	0	1	0	0	1	0	0	0	0	0	0	0	0	0	0	0	0	0	0	1	1	0	0	0	0	0	0	0	0	0	0	0	0	0.978	0	0	0	1	0	2	0	1	0	0	3	0	0	0	1
C6_03000C_A	C6_03000C_A	0	0	0	0	0	0	0	0	0	0	0	0	0	0	1	1	0	0	0	0	0	0	0	0	0	0	0	1.665	0	0	1	0	0	0	0	0	0	0.78	0	0	0	0	0	0	0	0	0	0	0	0	0	0	0.998	0	0	0	0	1	3	0
C6_03010W_A	TEL1	1	0	1	1	1.039	1	1	2.022	2	2.97	0	1.18	1	1	3	1	1	1	0	1	3.001	1.872	1	2.048	3.147	0	2.001	0	2	0	0	3.473	4	1.255	1	5	0	0	0	0	0	0	0	0	2	0	0	1.069	3.138	4	4.874	4	6.004	2.236	3	2.594	1.432	2.928	5.056	4.43
C6_03020W_A	PEP3	1	0	1	0	0	0	1	1	1	0	0	0	1	1.572	0	0	0	1	1	0	0	0	0	0	0	0	0	0	0	0	0	0	0	0	0	0	0	0	0	0	0	0	0	0	0.999	1.127	0	0	1.22	6.463	2.6	2	3	0	0	0	0	0	2.284	1
C6_03030W_A	SAP5	0	0	0	1.499	3	0	0	0	2	0	0	0	0	0	0	1	0	3	0	0	0	1	0	0	0	0	0	2	3	4	4	6	5	2	10	6	1.999	0	1	4	1	0	0	0	5	4	3	1	2	0	1	0	5.003	3	6	8	2	0	0	0
C6_03040C_A	C6_03040C_A	1	0	0	0	0	2	0	0	0	1	1	0	0	1	0	0	2	0	0	0	0	0	0	1	1	0	1	1	3.363	1.996	0	0	1	0	0	1	0	1	0	0	0	0	2	0	0	0.989	0	1	0	0	0	1.235	1.999	0	0	1	1	0	2	0
C6_03050C_A	C6_03050C_A	1	0	1	0	3	0	0	0	0	0	0	1	0	1	0	0	0	1	0	0	0	0	0	0	0	0	0	1.306	1	0	0	0	0	0	0	0	0	0	0	0	0	0	0	0	2	0	0	0	0	0	0	0	0	0	0	1	0	0	1	1
C6_03060W_A	PGA60	0	0	0	0	0	0	1	1	1	0	0	1	1	0	1	0	0	0	0	0	1	1	0	1.003	1	1	1.188	1	0	0	0	0	1	1	0	0	0	0	0	0	0	0	0	0	0	0	1	0	0	1	1	1	2	0	0	1	0	0	0	0
C6_03070C_A	C6_03070C_A	0	0	0	1	2	4	5	2	0	0	1	1	2	0	1	1	2	0	0	0	0	0	1	0	3	0.863	2	1	1	2	1	2.994	2	1	0	0	0	1	0	1	0	0	1	0	0	0	0	1	3	1	0	1.047	0	0	0	0	1.027	3	0	0
C6_03080C_A	ADO1	0	0	0	0	0	0	0	0	0	0	0	0	0	0	0	0	0	0	0	0	1	0	0	0	1	0	0	0	1	0	0	0	0	0	0	0	0	0	0	0	0	0	0	0	0	0	0	0	1	0	0	0	0	0	0	0	0	0	0	0
C6_03090W_A	C6_03090W_A	0	0	0	1	0	1	1	1	0	0	0	0	0	0	0	0	0	0	0	0	0	0	0	0	0	0	2	0	0	1	0	0	1	1	1	0	0	0	0	0	0	0	0	0	0	0	0	0	0	0	0	0	0	0	0	0	1	0	0	0
C6_03100W_A	SHE3	0	1	0	3	0	1	0	1	1	0	0	0	0	0	0	0	0	0	1	0	4	2	0	3	0	0	0	0	0	0	0	1	1	1	1	0	0	0	0	0	0	0	1	1	4	4	3	3	3	0	1	2	2	2	0	2	1	0	2.295	1.247
C6_03110C_A	ASA1	0	0	0	1	0	0	0	1	0	0	0	0	0	0	0	0	0	0	0	0	0	0	0	0	0	1	0	0	0	0	0.999	1	0	0	0	0	0	0	0	0	0	0	0	0	0	0	0	1	0	2.865	0	0	0	0	0	0	0	0	1	0
C6_03120W_A	POL5	0	0	1	0	0	0	1.002	0	2	1	0	0	0	0	0	0	0	0	1	0	1	1	0	0	0	0	1	0	1	0	0	0	0	0	0	0	0	0	1	2	0	0	0	0	0	1	0	1	1	0	0	0	0	0	0	1	0	0	1	0
C6_03130W_A	C6_03130W_A	0	0	0	0	0	0	0	0	0	0	0	0	0	0	0	0	0	0	0	0	1	0	0	0	0	0	0	0	0	0	0	0	0	0	0	0	0	0	0	0	0	0	0	0	0	0	0	0	0	0	0	0	0	0	0	0	0	0	0	0
C6_03140C_A	MDL2	1	2	0	0	0	0	0	0	0	3.189	0	0	3.018	2	0	5	1	0	1	1	0	0	1	0	2	1	1	1	0	1	2	0	0	1	0	0	1	0	3	0	2	0	0	0	0	1	0	1	0	1	0	0	2	3	3	2	0	0	2.49	2
C6_03150C_A	C6_03150C_A	0	0	0	0	1	0	1.004	0	0	0	0	0	0	0	0	0	0	0	0	0	0	0	0	0	0	0	0	0	0	1	0	1	1	1	1	1	0.96	0	0	0	0	0	0	0	0	0	0	0	0	0	0	0	1	0	0	2	0	0	0	0
C6_03160C_A	BMT6	0	0	0	1	0	0	2	0	0	0	0	0	0	0	1	0	0	0	0	0	1	3	2	0	0	1	0	1	1	1	1	1	0	0	0	0	0	1	0	0	0	0	0	1	1	1	0	3	0	1	0	0	6	2.002	2	3.062	1	1.079	1	0
C6_03170C_A	MDR1	0	1	0	1	1	0	0	1	0	2	0	0	0	0	0	1	0	0	0	0	1	0	0	0	0	0	0	0	0	0	0	0	0	0	0	1	0	0	0	0	0	0	0	0	0	0	0	0	0	0	1	0	0	1	1	0	0	0	2	0
C6_03180C_A	C6_03180C_A	0	0	0	0	0	0	0	0	1	0	0	1.185	0	1	0	1	0	0	0	0	0	0	0	1	1	2	1.177	2.002	0	2	1	0	0	0	0	0	0	1	0	1	0	1	0	0	2	0	0	0	0	2	1	1	0	0	0	0	0	0	0	0
C6_03190C_A	C6_03190C_A	0	0	0	0	0	0	0	0	0	0	0	0	0	0	0	0	0	0	0	0	0	0	0	0	0	0	0	0	0	0	0	0	0	0	1	0	0	0	0	0	0	0	0	0	0	0	0	0	0	0	0	0	0	0	0	0	0	0	0	0
C6_03200W_A	C6_03200W_A	0	0	0	0	0	1	0	0	0	0	0	1	0	0	0	0	0	1	0	0	0	0	0	0	1	0	0	0	1	0	0	0	1	0	0	1	0	0	0	1	0	0	1	0	0	0	0	0	1	0	0	1	0	0	0	0	0	0	1.497	0
C6_03210C_A	C6_03210C_A	0	0	0	0	0	0	0	1	0	0	0	0	0	0	0	0	0	1	0	0	0	0	0	0	0	0	0	1	0	0	1	1.859	0	0	0	1	0	0	0	1	0	0	0	0	1	0	0	0	1	1	0	0	0	0	0	0	2	1	0	0
C6_03220W_A	C6_03220W_A	0	0	0	0	0	0	0	0	0	0	0	0	0	0	1	0	0	0	0	0	0	0	0	0	0	0	0	0	0	0	0	0	1	0	0	0	1	0	0	0	1	0	1	0	0	1	0	0	1	0	0	0	0	0	0	0	0	0	0	0
C6_03230W_A	ARG3	0	0	0	0	0	0	0	0	0	0	0	0	1.764	2	3	2	0	0	0	0	1	0	0	0	0	0	0	0	0	0	1	0	0	0	0	0	6	9	4	6	1	0	0	0	0	0	0	0	0	0	1	0	0	0	0	1	0	2	0	1
C6_03240W_A	C6_03240W_A	0	0	0	0	0	0	0	0	0	0	0	0	0	0	0	1	0	1	0	0	0	0	0	0	0	0	0	0	0	0	0	0	0	0	0	0	0	0	0	0	0	0	0	0	0	0	0	0.998	2	0	0	0	0	0	0	0	0	1	0	1
C6_03250W_A	BMT4	0	0	0	2	0	0	0	0	0	0	0	0	2	0	0	0	0	1	0	0	0	0	0	0	0	1	2.284	0.909	2	0	2	0	0	0	0	0	1	0	0	0	0	1	1	0	0	0	0	0	0	0	0	0	1.501	0	0	0	1.698	0	4	1
C6_03260W_A	C6_03260W_A	0	0	0	0	0	0	0	0	0	0	1	1	0	1	0	0	0	0	1	0	0	0	0	0	0	0	0	0	0	0	0	0	0	0	0	0	0	0	1	0	0	0	0	0	2	0	1	4	0	0	0	0	0	0	0	0	0	0	0	0
C6_03270C_A	AYR2	0	0	1	0	0	0	0	2	0	0	0	0	1	0	0	0	0	0	0	0	1	0	0	0	0	0	1	0	1	1	0	0	3	0	0	0	0	0	2	0	1	0	0	0	0	0	0	0	1	2	0	0	0	1	1.965	0	1	0	0	0
C6_03280W_A	C6_03280W_A	0	0	0	0	0	0	0	0	0	0	0	0	0	1	0	0	0	0	0	0	1	2	3	0	0	0	0	0	0	0	0	0	0	1	0	0	0	1	0	1	0	0	0	0	0	0	0	0	2	0	0	1	0	0	0	1	1	0	1	0
C6_03290W_A	C6_03290W_A	0	0	0	0	0	0	0	0	4	2	2	2	0	0	1	0	0	0	0	0	0	0	0	0	0	0	0	0	1	2	1	0	4	3	3	3.625	0	0	0	0	1	0	0	0	1	3	1	2	2	1	0	0	0	0	2	0	0	0	0	1
C6_03300C_A	C6_03300C_A	0	0	0	1	2	0	1	1	5	2	3	5	1	0	0	1	0	0	0	1	2	2	1	1.162	0	1	0	1.003	3	2	2	1.013	1	1	0	2	0	0	0	0	0	0	0	0	0	1	1	1	2	0	1	0	1.902	2	0	5	1.369	0	0	0
C6_03310W_A	C6_03310W_A	0	0	0	0	0	0	0	0	0	1.153	0	0	0	0	1	0	0	0	0	0	0	0	0	0	0	0	1	0	0	0	0	0	0	1	0	0	0	2	3	0	0	1	0	0	0	0	0	0	1	0	0	0	2	2	0	0	0	1	0	1
C6_03320W_A	C6_03320W_A	1	0	0	0	2	1	0	0	1	0	0	0	0	0	0	0	0	0.99	0	0	0	0	1	0	1	0	0	0	0	0	0	0	0	0	0	1	0	0	1	0	0	0	0	0	2	1	1	0	0	1	0	1	0.998	0	0	0	0	0	0	0
C6_03330C_A	C6_03330C_A	3	0	3	2	1.999	3	1	2.542	0	0	0	1	1	1	0	0	2.999	0	0	0	2	0	0	2	3.227	5	3	4	0	0	0	0	1	0	0	2.945	0	1	0	0	0	0	0	0	1	0	2	2	2	0	0	1.041	1	1.045	0	2.181	0	1	0	1
C6_03340C_A	GLC3	0	0	1.001	0	0	1	2	0	2.939	0	0	0	0	0	0	1.034	0	1	0	2	0	1	0	0.867	2.521	0	1.027	0	1.141	1.679	1	0	1	0	0	1	0	0	2	1	2	0	0	0	0	2.082	3	0	0	1	0	6.864	0	0	0	0	0	0	0	1.93
C6_03350C_A	ARP4	0	2	1	0	0	1	0	0	0	0	0	0	0	1	0	0	1	0	0	0	0	0	1	0	0	0	0	0	0	0	0	0	0	0	0	0	0	0	0	1	1	0	0	0	0	1	0	0	0	1	0	0	0	0	3	1	0	0	0	1
C6_03360C_A	C6_03360C_A	0	0	0	0	0	0	0	0	0	0	0	0	0	0	0	0	0	0	0	0	0	0	0	0	0	0	0	0	0	0	0	0	0	0	0	0	0	0	0	0	0	0	0	0	0	0	0	0	0	0	0	0	0	0	0	0	0	0	0	0
C6_03370W_A	C6_03370W_A	0	1	0	0	1	2	1	3	4	6	11	6	0	3	3	3	10	14	19.124	14	6	4	3	1	5	5	3.302	5	0	0	0	0	0	0	0	0	0	0	0	0	0	0	0	0	0	0	1	0	0	2	0	1	1	3	3	3.014	1	3	1.119	0
C6_03380W_A	C6_03380W_A	0	0	1	0	0	1	0	0	0	0	0	0	0	0	0	0	0	0	0	0	0	0	0	0	0	0	1	0	1	0	0	0	0	0	0	1	0	0	0	0	0	0	0	0	0	0	1	0	0	0	0	0	0.62	0	0	0	0	1.601	0	1
C6_03390W_A	C6_03390W_A	0	0	0	1	1	4	1	2	0	0	0	0	0	0	0	0	0	0	0	0	0	0	0	0	2.999	0	1.997	0	1	0	0	0	1	0	0	1	0	0	0	0	0	0	0	0	0	0	0	0	0	0	0	0	0	0	0	0	0	1	0	0
C6_03400C_A	QCR7	4	8	4	1	6	0	2	0	5	6	5	5	1	0	1	0	1	0	0	0	0	0	0	1	0	0	0	0	2	3	0	3	0	0	0	0	0	0	1	3	0	1	0	0	0	0	1	1	0	0	0	0	4	4	1	4	0	0	0	0
C6_03410C_A	APA2	0	0	0	1	0	0	0	0	0	1	0	0	0	0	0	0	0	1	0	0	0	0	0	0	0	2	1	0	0	1	0	0	0	0	0	1	0	0	0	0	0	0	0	0	5	2	2.044	1	1	0	1	0	1.968	0	1	0	1	0	0	0
C6_03420W_A	C6_03420W_A	0	0	1	0	1.009	1	4.701	2	0	0	1	0	0	0	2	1	0	0	1	0	0	1	0	1.001	0	2	1	0	0	0	0	2.261	0	0	1	0	0	0	0	0	2	0	0	1.678	1	1	0	0	0	2	0	1	3.002	0	1	0	1.109	4.798	1.111	1.171
C6_03430C_A	C6_03430C_A	1.012	0	3	1.948	6.973	2	1	1	0	2	2	3	1	0	0	4	2.017	4	1	2	3	1	0	0	3.31	1.011	1.927	3	1.011	0	1	0	2.019	0	1	0	0	0	0	1	0	2	0	0	3	2.002	1	1.401	3	2.321	3.205	1.128	3.576	1	3.229	3	4.616	2.036	1.06	3.396
C6_03440W_A	CCM1	0	0	0	0	0	0	0	0	0	1	0	1	0	0	0	0	1	0	0	0	0	0	0	0	1.006	1	1	1	0	0	2	0	1	0	1	0	1	0	1	0	0	0	0	0	0	0	1	1	0	0	0	2.575	0	0	0	0	0	0	0	1
C6_03450C_A	NAM2	0	0	1	1.243	0	0	0	2	1	1	0	0	1	0	0	0	0	0	0	0	0	0	1	1	1	1	1	0	0	0	2.471	0	0	0	2	0	0	0	1	0	0	0	0	0	0	0	1.01	0	1	2	0	1	0	1	0	0	0	2	0	1
C6_03460W_A	C6_03460W_A	1	0	1	0	0	0	0	1	1	0	1	1.999	0	1.21	0	1.004	0	1	1	0	1	0	0	0	1	0	1	1	0	4	1	0	0	0	0	0	0	0	1	0	0	0	0	0	1	1	0	0	1	0	1	1.036	2	0	0	1.033	1.284	1	3.816	0
C6_03470W_A	C6_03470W_A	0	0.97	0	0	0	0	1	0.999	0	0	1.094	0	0.999	0	0	1	1	0	0	0	1.469	0	0	0	0	1	1	1	0	0	0	0	0	0	0	1	0	0	0	0	0	0	0	0	0	0	0	0	0	0	0	1	1	0	0	1	1	1.241	3	0
C6_03480W_A	YMX6	1.98	0	0	0	1.508	3.459	0	2.989	0	1.255	0	0	0	0	0	0	0	0	2.576	0	1	1	0	0	0	1	1.14	2.001	1.002	1	1	0	2	1	3.003	2.535	0	1	0	1.037	0	0	0	2	2	0	2	3	2.588	1	0	1	1.318	1	2	5.034	0	2.494	1.757	2.726
C6_03490C_A	SAP1	0	0	0	0	0	0	0	0	1	0	1	0	0	0	0	0	0	0	0	0	0	0	0	0	0	0	0	1	0	1	1	0	1	0	0	0	0	0	1	0	0	0	0	0	0	0	0	0	1	0	0	0	0	2	0	0	1.383	1	0	1
C6_03500C_A	SAP4	0	0	0	0	0	0	0	0	0	0	0	0	0	0	0	0	0	0	0	0	0	0	0	0	1	0	0	1.012	0	0	0	1	0	0	0	0	0	0	0	0	0	0	0	0	0	0	0	0	2	0	0	0	0	0	0	0	0	0	0	2
C6_03510C_A	C6_03510C_A	0	0	0	0	0	0	0	0	0	0	0	0	0	0	0	0	0	0	0	0	0	0	0	0	0	0	0	0	0	0	0	0	0	0	0	0	0	0	0	0	1	0	0	0	0	0	0	0	0	0	2	0.67	0	0	0	0	0.863	0	0	0
C6_03520C_A	C6_03520C_A	0	0	0	0	0	0	0	0	0	0	0	0	0	0	0	0.5	0	0	0	0	1.038	1	0	0	0	0	0	0	1	3	0	2	0	0	0	0	0	0	0	0	0	0	0	0	0	0	1	0	0	0	0	0	0	0	0	0	0	0	0	0
C6_03530C_A	C6_03530C_A	0	0	0	0	0	0	0	0.845	0	0	0	0	0	0	0	0	0	0	0	0	0	0	0	0	0	0	0	0	0	0	1	0	0	0	0	0	0	0	0	0	0	0	0	0	0	0	0	0	0	0	0	0	0	1	0	0	0	0	0	1
C6_03540W_A	C6_03540W_A	0	0	1	0	1	2	0	0	1	0	0	0	0	0	0	0	1	1	0	0	0	0	0	0	1.002	1	0	0	0	1	0	0	0	2	1	0	0	0	0	0	0	0	0	0	0	0	0	0	2	0	0	0	0	0	0	0	0	0	0	1.857
C6_03550C_A	C6_03550C_A	0	1	0	0	2	0	0	0	0	1	0	0	0	1	1	0	1	0	0	0	0	2	0	0	0	0	0	1	0	0	1	0	0	0	0	0	0	0	0	0	0	1	0	0	0	0	0	1	0	1.745	0	0	1	0	0	0	0	0	0	0
C6_03560W_A	POX1	0	0	0	0	0	0	0	0	1	0	0	0	0	0	0	1	0	0	0	0	1	2	2	2	1	0	0	0	0	0	0	1	2	1	0	0	0	0	0	0	0	0	0	0	1	1	4	1	0	2	0	1	2	3	1	3	0	0	0	2
C6_03570W_A	C6_03570W_A	1	1	1	0	0	1	1	0	0	0	0	0	0	0	0	0	1	0	0	0	0	0	0	0	0	0	0	0	0	0	0	0	0	0	0	0	1	0	0	0	1	0	0	0	0	0	0	0	0	0	0	0	0	0	1	0	0	0	1	0
C6_03580W_A	CCZ1	0	0	0	0	1	2	0	2	0	0	0	0	1	0	0	0	1	0	0	1	0	1	0	0	0	2	0	0	0	1	0	0	1	0	0	0	0	0	0	0	0	0	0	0	1	2	0	0	2	0	1	1	0	0	0	0	1	0	2.177	1
C6_03590C_A	C6_03590C_A	0	0	0	0	0	0	1	0	0	0	1	0	0	0	0	0	1	0.999	1	0	0	0	0	1	0	0	0	0	0	0	0	1	0	0	0	0	0	0	0	0	0	0	0	0	0	0	0	0	0	0	2.084	0	0	1	0	1	0	0	1.888	1
C6_03600C_A	C6_03600C_A	0	0	0	0	1	0	0	0	0	0	0	0	0	0	0	0	0	0	0	2	0	0	0	0	0	0	0	1	0	0	0	0	0	0	0	0	0	0	0	0	0	1	0	0	0	1	0	0	0	0	0	0	0	0	0	0	0	0	0	0
C6_03610W_A	FGR17	0	0	0	2	1	2	0	0	1.54	0	0	1	0	1	0	0	0	0	1	0	0	0	0	0	2	0	2.003	2	0	2	0	1	0	1	1	1	0	0	1	0	0	0	1	1	0	0	0	0	0	0	0	0	0	0	0	0	0	0	0	0
C6_03620C_A	C6_03620C_A	0	0	0	0	1	1	0	0	1	0	0.99	0	0	0	0	0	0	0	0	0	0	0	0	0	0	0	1	0	0	0	0	0	0	0	2	0	2	1	0	0	0	0	0	0	1	0	0	0	1.259	1	1.656	0	0	0	0	1	0	1	0	0
C6_03630W_A	PAD1	0	0	0	1	0	1	0	0	0	1	0	0	0	0	0	0	0	0	0	1	0	0	0	0	1	0	0	0	0	1	0	0	0	0	0	0	0	0	0	1	0	0	0	0	0	0	0	1	1	0	0	0.872	0	0	0	0	0	0	1	0
C6_03640W_A	NOG2	0	0	0	0	0	0	0	0	0	0	0	1	0	0	0	0	1	0	0	0	0	0	0	0	1	0	0	0	0	0	0	0	2	2	1	1	0	0	0	1	0	0	0	0	0	3	2	1	1.222	0	0	0	0	0	1	0	0	0	0	0
C6_03650C_A	POP2	1	0	0	0	1	1	0	0	2	2	2	5.135	0	0	0	0	0	0	1	0	2	1.209	3	1	0	1	0	0	1.001	0	0	0	0	0	0	0	1	0	0	0	0	0	0	0	0	0	1	0	0	0	0	0	0	0	1.009	0	0	0	0	0
C6_03660C_A	CDC50	0	0	0	0	2	0	1	0	1	0	1	1	0	0	0	0	0	0	1	0	0	0	1	0	0	0	1	0	0	1	0	0	0	0	0	0	0	0	0	0	0	1	0	0	0	0	1	2	1	1	0	1	0	0	0	0	0	0	1	0
C6_03670C_A	C6_03670C_A	0	0	1	0	0	0	0	0	0	0	0	0	0	0	0	1	0	0	0	0	0	0	0	0	0	0	0	0	0	0	0	0	2	3	2	1	0	0	0	0	0	0	0	0	0	0	0	0	0	0	0	0	0	0	0	0	1	0	0	0
C6_03690W_A	ALS5	0	0	0	1	1.022	0	2	0	0	0	0	0	1	0	0	0	1	0	0	0	1	0	0	1	0	0.981	0	2	0	0	0	0	0	0	0	0	0	0	0	1	0	0	0	0	0	0	0	0	2	0	0	0	1	0	0	1	1	1	1	1.322
C6_03700W_A	ALS1	0	0	0	0	0	0	0	1	1	1	0	1	0	0	0	0	0	0	0	0	2	0	0	0	2	2	0	0	0	1.029	0	0	0	0	0	0	3	0	5	2	0	0	1	0	0	0	0	0	1	0	0	0	0	0	1	0	0	0	2	0
C6_03710W_A	ALS9	0	0	0	0	1.978	0	1.002	1	0.928	0	0	0	1	0.998	0	0	2	0	1	1	1	3	1.04	1	1	3	0	1	0	0	1.605	0	0	0	2	0	0	0	0	0	0	0	0	1	0	1.004	0	0	0	2	1	0	1	1	0	0	0	0	1.094	0
C6_03720W_A	ALA1	1	0	0	0	0.991	0.999	0	0	0	1	0	0	0	0	0	0	1	1	1	1.036	2	4.791	3	2	0	0	1	2	0	0	2	0	2	1	3	4	0	0	0	1	0	0	0	1	3.334	6	5	4	1	0	0	0	0	1	0	0	0	0	0	1
C6_03730C_A	C6_03730C_A	0	0	0	0	0	0	0	0	0	0	0	0	0	0	0	0	0	0	0	0	0	0	0	0	2	0	2	0	1	0	1	0	0	0	0	0	0	0	0	0	0	0	0	1	0	0	0	0	2	0	0	0	2	0	0	1	1	2	2	0
C6_03740W_A	C6_03740W_A	0	0	0	0	0	0	0	0	0	0	0	0	0	0	0	0	0	1	0	0	0	1	0	0	0	0	0	0	0	0	0	0	0	0	0	0	0	0	0	0	0	1	0	0	0	0	0	1	1	0	0	2	0	0	0	1	0	0	0	0
C6_03750C_A	SBA1	0	0	0	0	6	3	3	0	1	0	0	0	0	0	0	0	0	1	0	0	3	1	2	2	0	0	0	0	2.94	0	1	2	0	0	0	0	0	0	0	0	0	0	0	0	0	3	0	0	1	1	0	0	2	1	0	1.938	1	0	0	0
C6_03760C_A	SHM2	0	1	0	0	1	0	0	0	0	0	1	0	1	0	0	0	0	1	0	0	1.377	0	0	1	0	0	0	0	0	0	0	0	0	0	0	0	0	0	0	0	0	0	0	0	0	1	0	1	0	1	0	0	0	0	0	0	0	0	0	1
C6_03770C_A	ORM1	0	0	0	0	0	1.945	0	0	0	0	0	0	0	0	0	0	0	0	0	1	0	0	0	0	2	1	0	0	0	0	0	0	0	0	2	0	0	0	0	0	0	0	0	0	1	3	3	2	0	0	0	0	4	0	3	3	0	1	0	1
C6_03780C_A	C6_03780C_A	1	0	0	1	0	1	3.015	1.006	1.237	0	2.006	0	0	1	0	0	1	2	3	0	0	0	1	0	0	2	1.001	0	0	0	0	0	0	0	1	0	0	1	1	1	0	0	0	0	1.419	0	0	0	0	0	0	0	3	1.991	2	0	0	3	0	0
C6_03790C_A	HGT10	0	2	0	0	1	0	0	1	0	0	0	0.997	0	1	0	0	0	0	0	0	0	0	0	0	0	0	1	1	0	0	0	0	0	0	0	0	0	0	1	0	0	0	0	1	0	0	1	0	0	0	0	0	0	0	1	1	0	2.268	1	0
C6_03800C_A	C6_03800C_A	0	0	0	0	1.998	0	2	0	6	3	4	2	0	0	0	0	3.001	3	7	6	0	0	0	0	1	2	0	0	0	2.566	0	0	0	0	1	0	0	0	3	0	0	0	0	0	0	0	0	1	0	0	0	0	0	0	2	1	0	0	3	0
C6_03810W_A	C6_03810W_A	1	0	0	0	0	0	0	1	0	0	0.987	1	2.92	3	6	7	0	1	0	0	0	0	1	0	4	0	1.001	0	0	1	1	0	2	0	0	0	1	0	0	0	1.663	0	0	0	0	0	0	0	1	2.664	2	0	1	3	0	3.256	2.59	0	0	1
C6_03820C_A	C6_03820C_A	0	0	0	0	0	1	0	0	1	0	0	0	0	0	0	0	0	0	0	0	0	0	0	0	1	0	0	1	0	0	0	1	0	0	0	0	0	0	1	0	0	0	0	0	0	0	0	0	2	0	0	1	0	0	2	0	0	1	0	0
C6_03830W_A	SAL6	0	1	0	0	0	0	0	0	1	0	0	0	0	0	0	0	0	0	0	0	0	0	0	0	0	0	0	0	0	0	0.999	0	0	0	0	0	0	0	0	0	0	0	0	0	0	1	0	0	0	1	0	0	0	0	0	0	0	0	0	1
C6_03840C_A	SNQ2	0	0	0	0	1	2	2	1	3	0	1.025	2	0	0	0	0	4	0	0	0	0	1.946	0	0	1	0	0	0	0	1	3.004	2	0	0	0	0	0	0	1.012	0	0	0	0	0	2	0	3	0	0	1.032	1	1.446	0	1	2	1.246	1.089	2	0	2.291
C6_03850C_A	IHD1	0	1	0	1	2	5	2	2	9	4	8	12	0	5	0	1	3	2	4	3	2	0	2	0	0	3.951	4	1.502	1	1	3	1	0	0	0	0	4	2	4	1	0	1	0	0	3	4	4	2	0	0	0	0	6	4	5	2	2	0	0	0
C6_03860C_A	PGA61	0	0	1	0	0	0	0	1	0	1	0	0	0	0	0	1	0	0	0	0	0	0	0	0	0	0	0	0	0	0	0	0	0	0	0	0	0	0	0	0	0	0	0	0	0	0	0	0	1	0	0	1	0	1	0	0	0	1	0	1
C6_03870C_A	tA(UGC)2	0	0	0	0	0	0	0	0	0	0	0	0	0	0	0	0	0	0	0	0	0	0	0	0	0	0	0	0	0	0	0	0	0	0	0	0	0	0	0	0	0	0	0	0	0	0	0	0	0	0	0	0	0	0	0	0	0	0	0	0
C6_03880W_A	C6_03880W_A	0	0	0	0	0	0	0	1	0	0	0	1	0	0	0	0	0	0	0	1	1	0	0	1	0	0	0	0	0	0	0	1	2	1	2	3	0	0	0	0	1	0	0	0	0	0	0	0	0	0	0	0	1	0	0	0	1	1	0	0
C6_03890C_A	SKI8	0	0	0	0	0	1	1	0	0	0	0	0	0	0	0	0	0	0	0	0	0	0	0	0	1	0	3	1	1	0	0	0	1	0	0	0	0	1	0	0	0	0	0	0	0	0	0	1	0	0	0	0	0	0	1	0	0	1	1	0
C6_03900W_A	NUP82	2	0	0	0	0	0	1	0.991	1.072	0	1.994	1	1	0	1	3	0	0	1	0	2	1	0	3	0	0	0	1	0	2	0	2	1	1	2	0	0	6	6	3	0	0	0	0	0	0	0	1	0	2	1.113	0	0	0	1	1	0	1	0	0
C6_03910C_A	C6_03910C_A	0	0	0	0	1	0	1	0	0	0	0	0.985	0	0	0	0	0	1	0	0	1	0	0	1	0	1	0	0	0	0	0	0	0	0	1	0	0	0	0	0	0	0	0	0	0	0	0	0	0	1	0	0	0	0	0	0	0	0	1	0
C6_03920W_A	SNF4	0	0	0	0	0	0	0	0	0	0	0	0	5	3	2	1	0	4	4	1	0	0	0	0	0	0	0	0	0	0	0	0	1	0	0	0	0	0	0	0	0	0	0	0	1	0	0	1	0	1	0	0	0	0	0	0	0	1	2	1
C6_03930W_A	OPT8	0	0	0	0	0	1	0	0	2	0	1	0	0	0	0	0	0	1	0	1	1	0	0	0	0	0	0	0	0	2	0	0	1	0	0	0	0	0	0	0	0	0	1	0	0	0	1	0	2	0	3	2	0	1	2	1	1	1.504	0	0
C6_03940C_A	PBP2	0	0	0	0	0	0	1	0	1	0	1	0	0	0	0	0	0	0	0	0	0	0	0	0	0	0	0	0	0	0	1	1	0	0	0	0	0	0	0	0	0	0	0	0	0	0	0	0	0	2	0	0	0	2	0.991	0	1	2.088	0	1.42
C6_03950C_A	SWC5	1	0	1	0	0	1	0	1	1	0	0	0	0	0	0	0	0	0	1.008	0	0	3	4	2	0	0	1	0	0	1	1	0	1	2	0	0	1	1	0	0	0	0	0	0	1	0	1	0	0	1	0	0	1	0	2.989	0	0	0	1.705	1
C6_03960W_A	C6_03960W_A	1	0	1	0	0	0	0	0	6	8	3	2	0	0	1	0	0	0	0	0	0	0	0	0	0	0	1	0	0	0	1	0	0	1	0	0	0	0	0	0	0	0	0	0	0	0	1	0	2	2	0	0	0	0	0	0	0	0	0	0
C6_03990C_A	C6_03990C_A	0	0	0	0	0	0	0	0	0	0	0	0	0	0	0	0	0	0	0	0	1	0	0	0	0	0	0	0	0	0	0	0	0	1	0	0	0	0	0	0	0	0	0	0	0	0	0	0	0	0	0	0	0	0	0	0	0	0	0	0
C6_04030W_A	ALG2	0	0	3	1	2	0	3.775	2	0	0	3	1	2	1	1	1	1	0	2	1	2	0	3	2	0	1	2	1	2	1	2.794	3	1	2	1	1	0	1	0	1	0	1	0	2	2.961	0	0	2	2	0	1.201	1	0.958	1	1	3.475	2	3.133	0	3
C6_04040C_A	RVS167	3	2	2	9	0	5	1	4	0	1	0	0	0	1	0	0	0	0	0	0	0	1	0	1	0	1	2	1	1.979	0	0	0	0	0	0	1	0	0	0	0	0	0	0	0	0	0	0	0	0	0	1	0	0	4	2	2	0	0	1	0
C6_04050W_A	C6_04050W_A	0	0	0	0	0	1	0	0	0	0	0	1	0	0	0	1	0	0	0	0	0	0	2	0	1	0	0	0	1	0	0	0	2	0	0	0	0	0	1	0	0	0	0	0	0	0	1	0	1	0	0	0	0	0	1.997	0	1	0	0	0
C6_04060W_A	C6_04060W_A	0	0	1.818	0	1	1.999	2	1	1	0	0	1	0	0	0	1	0	0	1.3	0	0	0	1	1	1	0	1	1	1	1	0	0	1	1.226	1.011	0	1	0	0	0	0	0	0	0	0	1.993	1.306	0	1	2.278	0	0	0	0	0	1	0	2	1.346	0
C6_04070C_A	C6_04070C_A	0	0	0	1	0	1.002	0	0	2	0	1	0	1	0	0	0	0	0	1	0	2	0	0	0.753	2	0	0	0	1.466	0	0	0	0	0	0	0	0	0	0	0	1	0	0	0	1	0	0	0	0	0	0	0	1	1.001	1.01	0	0	1.671	0	0
C6_04080W_A	MAP2	0	0	0	0	1	3	4	3	0	0	0	0	0	0	0	0	0	0	0	0	1	2	5	2.551	0	1	0	0	0	1	0	2	0	1	0	0	4	3.998	5	5	0	0	0	1	1	1	3	0	2	0	0	0	0	0	0	0	1.659	1.186	0	1
C6_04100W_A	C6_04100W_A	0	0	0	0	1	0	0	0	0	0	0	1	0	1	0	0	0	0	0	0	0	2	1.11	1	0	0	0	0	0	0	0	1	1	0	0	0	0	0	0	0	0	0	0	0	0	0	0	0	0	0	0	0	0	0	0	0	0	0	0	0
C6_04110W_A	C6_04110W_A	0	0	1	0	1	0	1.258	0	0	0	0	0	0	0	0	0	1	0	0	1	1	0	1	0	0	0	0	1	2	0	2	2	0	3	0	0	0	0	2	0	0	0	0	0	1	1	1	0	0	0	1	0	0	1	2	0	1	0	0	0
C6_04120C_A	C6_04120C_A	1	0	0	0	1.873	0	0	3	0	0	0	1	1	1.033	0	0	2	3	3	2	1	0	3	1	0.997	3	2	1.386	2	0	0	0	1	0	0.801	0	0	0	0	1	0	0	0	0	0	0	0	0	3.775	0	1	2	2.929	0	3	0	0	0	1	3
C6_04130C_A	ALS4	0	0	0	0	0	0	1	1	0	0	0	0	0	1	0	0	0	0	0	0	0	1	0	0	0	0	0	0	0	1	0	0	0	0	0	0	0	0	0	0	0	0	0	0	0	0	0	0	0	0	0	0	1.001	0	1	0	0	0	0	0
C6_04140C_A	C6_04140C_A	0	0	1	0	2	0	1	1	3	5	2	5.013	0	0	0	0	0	0	0	1	0	1	0	0	0	0.946	0	0	0	0	0	0	0	0	0	0	0	0	0	0	0	0	0	0	0	0	1	0	0	0	0	0	0	0.998	0	1	1	0	3	0
C6_04150W_A	C6_04150W_A	0	0	0	0	0	1	0	0	0	0	0	0	0	0	0	0	0	0	0	0	0	0	0	0	0	0	0	0	0	0	0	0	0	0	0	0	0	0	0	0	0	0	0	0	0	0	1	0	0	0	0	0	0	0	0	0	0	0	0	0
C6_04160C_A	SPB1	1	0	2	0	4	3	7.85	3	0	1	0	0	0	0	2.722	0	0	3	2	0	0	0	0	0	1	1.075	2	2	0	2	4.002	1	2	1	0	1	1	1	0	0	0	0	0	0	1.997	1	1	1	2	2	1.362	1	0	1.244	2	1	1.21	2.179	3	2.053
C6_04170C_A	SEC5	0	0	0	0	2.332	1	2	0	0	0	1	0	0	0	0	0	0	0	1	0	0	0	0	0	0	2	1	0	5	0	0	1	1	0	0	0	0	0	0	0	1	0	0	2	1.853	0	0	0	0	1	1	1	0	0	0	0	2.449	1	1.312	0
C6_04180W_A	C6_04180W_A	0	0	0	0	3.669	0	2	2	0	1	2	1	1	1	0	0	0	0	1	0	0	0	1	1	1	0	3	1.114	5	1	5	0	1	0	0	0	1	0	0	1	0	0	0	0	0	2	1	0	1.117	0	0	0	0	2	1	0	0	0	2	0
C6_04190C_A	C6_04190C_A	0	0	0	0	0	0	0	0	1	0	0	0	0	0	0	0	0	0	0	0	0	0	0	0	0	0	0	0	1	0	0	0	1	0	1	0	0	0	0	0	0	0	0	0	1.95	0	0	0	0	0	0	0	0.959	0	0	0	0	0	0	0
C6_04200C_A	C6_04200C_A	0	0	0	0	0	0	0	0	0	0	0	0	0	4	1	1	2	5	6	3	0	0	0	0	0	0	0	0	3	3	4	1	0	0	0	0	0	0	0	0	0	0	0	0	0	0	0	0	0	0	0	0	0	0	0	0	0	0	0	0
C6_04210C_A	ATM1	0	0	0	0	0	0	1.142	0	0	0	0	0	0	0	0	0	0	0	0	0	4	5	1	2	0	0	1	0	0	1	0	0	0	0	0	0	0	0	0	0	0	0	0	0	1	0	0	0	0	0	1	2	0	1.334	0	0	0	0	0	0
C6_04220C_A	HBR2	0	0	1	0	0	1	2	0	0	1	1	0	1	0	0	1	0	1	0	0	1	2	3	2	0	0	0	0	1	1.004	0	1.747	0	0	0	0	0	0	1	0	0	0	0	0	0	0	0	0	0	0	1	0	0	0	0	0	0	0	0	0
C6_04230W_A	C6_04230W_A	0	0	0	0	1	1	3	0	0	0	0	0	0	0.996	0	0	0.993	1	0	1	0	1	0	0	0	0	0	1	2.004	1	1	0	0	0	1	0	0	0	0	0	0	0	0	0	1	0	0	0	0	0	0	0	0	1	0	0	0	0	0	0
C6_04240W_A	C6_04240W_A	1	0	0	0	0	0	1	0	0	0	0	0	0	0	0	0	0	0	0	0	0	0	0	0	1.999	0	0	0	0	0	0	1	0	0	0	0	0	0	0	0	0	0	1	0	0	0	0	0	0	0	0	0	0	0	1	0	0	0	0	0
C6_04250W_A	C6_04250W_A	0	0	0	0	0	0	0	0	0	0	0	0	0	0	0	0	0	0	0	0	0	0	0	0	0	0	0	0	0	1	0	0	0	0	0	0	0	0	0	0	0	0	0	0	0	0	0	0	0	1	0	0	0	0	0	0	0	0	0	0
C6_04260C_A	C6_04260C_A	0	0	0	0	0	1	0	0	0	0	0	0	0	0	0	0	0	0	0	0	0	0	0	0	0	0	0	0	0	0	0	0	0	0	0	0	0	0	1	0	0	0	0	0	0	0	0	0	0	0	0	0	0	1	0	0	0	0	0	0
C6_04270W_A	CDC39	2.356	1	0	0	1.976	1	2	1	1.022	1	0	0	0	0	0	0	1.987	2	1	0	0	0	1	0	2	1	0	0	1	0	1	0	1	0	1	0	0	0	1.004	1	0	0	0	0	1	0	0	1	0	0	0	1.135	2.521	1	0	2	0	1.555	2	2.098
C6_04280W_A	C6_04280W_A	0	0	0	0	0	0	0	0	0	0	0	0	0	0	0	0	3	1	4	2	0	0	0	0	0	0	0	0	0	0	0	1	0	0	0	0	0	0	0	0	0	0	0	0	1	0	0	0	0	0	0	0	1	2	0	2	0	0	0	0
C6_04290W_A	C6_04290W_A	0	0	0	0	1	3	1.839	0	4	7	4	5	0	0	0	0	0	1	0	0	5	4.81	7	3	0	0	1	0	3	3	2	0	0	3	0	2	1	1	1	2	1	0	1	0	1	0	3	0	0	0	0	0	2	4	1	4	0	0	0	2.886
C6_04300W_A	C6_04300W_A	2	2	1	2.624	4	4	1.497	1	0	1.872	1	2	3	3.001	2	3.815	2	3	3	1	6.582	2.424	3	3.999	4	0	7	8	4	2	2	0	4	0	3	1	2	1.301	3	1	0	2	3	1.304	1	1.007	1	2	3	5	5.28	3	3	3	6.006	3	3.659	5	3	5.999
C6_04310W_A	PEX11	0	0	0	0	0	0	0	0	0	3	1	1	0	0	2	0	0	0	0	0	0	0	1	0	0	0	1	1	0	0	0	0	0	0	0	1	0	2	1	0	0	0	0	0	0	0	0	0	0	0	1	0	0	0	2.002	0	0	1	0	1
C6_04320C_A	C6_04320C_A	0	0	0	0	0	0	0	0	0	0	0	0	0	0	0	0	0	0	0	0	0	0	0	0	0	0	0	0	0	0	0	0	0	0	0	1	0	0	0	0	0	0	0	0	0	0	0	0.997	0	1	0	0	0	0	0	0	0	1	1	0
C6_04330W_A	NOP8	0	0	0	0	0	0	0	1	2	1	1	1	0	0.883	1	0	0	0	0	0	2	0	0	0	1.052	0	0	3	1	4	0	1	0	0	0	1	0	0	1	0	0	0	0	0	0	1	0	0	0	0	0	0	1.001	1.998	0	0	0	1	0	0
C6_04340W_A	C6_04340W_A	1	0	0	0	0	0	0	0	0	0	0	0	0	0	1	0	1	0	0	0	1	5	5.985	2	1	0	0	1	0	0	0	2	0	0	0	0	0	0	1	0	0	0	0	0	0	0	0	1	0	0	0	0	1.008	0	0	1	1	0	2	1
C6_04350C_A	FLO8	0	0	0	0	0	0	1	0	0	0	0	0	0	0	0	0	0	1	0	0	0	0	2.001	0	1.001	2	1	0	0	0	0	0	2	2	1	2	1	0	0	0	0	0	0	0	0	1	0	0	0	0	0	2	0	0	0	0	0	0	0	1
C6_04360C_A	GLE2	0	0	0	0	1	0	0	0	0	0	0	0	0	1	0	0	0	0	0	0	0	0	0	0	0	0	0	0	0	0	0	0.999	0	0	0	0	1	0	0	0	0	0	0	0	0	0	0	0	0	0	1	1	0	0	0	0	0	1	0	0
C6_04370W_A	C6_04370W_A	0	0	0	0	0	1	0.984	0	0	1	0	2	2	0	0	0	0	0	0	0	0	0	1	0	0	2	1	2	1	0	0	0	0	0	0	1	0	0	0	0	0	1	0	0	0	0	0	1	3	2	3	0	0	0	2	0	0	0	0	0
C6_04380W_A	ALS2	0	0	0	0	1.065	2	3	0	1	2	0	0	0	0	0	0	1	0	0	0	0	0	0	0	0	1	1	1	2	0	1.395	0	0	0	1.149	1	0	0	0	0	0	0	0	0	1	0	0	0	1	1	0	1.211	4.043	0	2	1.034	5.979	0	3.339	1.049
C6_04400W_A	C6_04400W_A	0	0	0	0	0	0	0	0	0	0	0	0	0	0	0	0	0	0	0	0	0	0	0	0	0	0	1	0	0	0	0	0	0	0	0	0	0	0	0	0	0	0	0	0	0	0	0	0	0	0	0	0	0	0	0	0	0	0	0	0
C6_04410C_A	C6_04410C_A	0	0	0	0	0	1	0	0	0	0	0	0	0	0	0	0	0	0	0	0	0	0	0	0	0	0	0	0	0	0	0	0	0	0	0	0	0	0	0	1	0	0	0	0	0	0	0	0	0	0	0	0	0	0	0	0	0	0	0	0
C6_04420W_A	C6_04420W_A	3	8	10	3	0	2	4	6	2	2	3	4	0	0	0	0	0	0	0	0	4	5	5	3	3	2	3	0	4	3	1	3	1	0	1	0	4	4	6	7	0	0	0	0	6	9	4	5	0	0	0	0	6	5	3	5	0	0	0	0
C6_04430W_A	CST5	0	2	0	0	0	1	0	0	0	0	0	0	0	0	0	0	0	0	0	1	0	0	0	0	0	0	0	0	0	0	0	1	1	0	0	0	0	0	0	0	0	0	0	0	0	0	0	0	1	0	0	0	2	0	0	2	1	1.376	2	0
C6_04440C_A	C6_04440C_A	0	0	1	1	0	1	1	0	1	0	1	0	0	1	0	0	1	1	2	0	0	1	1	0	2	0.983	3	1	0	2.7	1	4	5	6	9	5	0	0	1	0	0	0	0	0	0	1	1	0	2	1	2	2	1	0	0	0	1	2	3	0
C6_04450W_A	C6_04450W_A	0	0	0	0	0	0	0	0	0	0	0	0	0	0	0	0	0	0	0	0	0	0	0	0	0	1	1	1.971	0	0	0	1	0	0	0	0	2	0	0	0	0	0	0	0	1	1	1	2	0	0	0	0	0	0	0	0	1	0	0	1
C6_04460W_A	tL(CAA)3	0	0	0	0	0	0	0	0	0	0	0	0	0	0	0	0	0	0	0	0	0	0	0	0	0	0	0	0	0	0	0	0	0	0	0	0	0	0	0	0	0	0	0	0	0	0	0	0	0	0	0	0	0	0	0	0	0	0	0	0
C6_04470C_A	C6_04470C_A	1	0	0	1	0	0	2	1	1	0	0	0	0	1	1	0	2	0	1	2	0	0	0	0	3	0	0	0	0	0	0	0	2	0	0	1	0	0	2	0	0	0	0	0	0	0	2	1	2	0	0	1	0	0	0	0	1	1	0	0
C6_04480C_A	C6_04480C_A	0	0	0	0	0	0	0	1	1	0	0	0	1	0	0	0	0	0	0	0	0	1	0	0	0	0	0	0	0	0	0	0	0	0	0	0	0	0	0	0	0	0	0	0	2	3	2	1	0	0	0	0	0	0	0	0	1.013	0	0	0
C6_04490W_A	LIP4	0	0	0	0	0	1	1	1.22	0	0	0	0	0	0	0	0	0	0	0	0	0	0	0	0	0	0	0	0	0	0	1	0	0	0	0	0	0	0	0	0	1	0	0	0	0	0	0	0	0	2	1	2	0	0	0	1	1.455	0	0	1
C6_04500C_A	TSM1	2.399	1.017	0	1	0	1.079	6	0	0	0	2	1	0	2	0	0	1	3	3	2	0	1	1.998	0	0	1	1	2	3	1	3	0	1	2	1	1	1	0	1.067	0	2	0	0	0	1	1	1	0	0	0	0	1	1.004	1	1	3	0	0	4.195	0
C6_04510C_A	C6_04510C_A	0	1	0	0	4	0	0	2	0	1	0	1	0	3	0.995	2	2	2	2	0	1	0	0	1	1	2	0.998	1	3.049	1	2	2	1.129	0	1	1	0	1	1	1	0	0	0	1	0	1	0	1	2	3	2	1	1	1	3	2	0	1	0	3.019
C6_04520W_A	ILS1	1	0	0	0	0	1	0	0	0	0	1	0	0	1	0	0	0	0	0	1	1	2	1	1	0	0	2	0	0	0	0	0	0	1	0	0	0	1	1	0	0	0	0	0	0.999	2	4	1	0	0	0	0	2.051	1	3	2.21	0	1.069	1.901	0
C6_04530C_A	C6_04530C_A	0	0	0	0	2	0	0	0	1	0	0	0	0	1	0	0	0	0	2	1	0	0	0.997	0	2	1	1	0	0	2	1	0	0	1	0	0	0	0	1	0	0	1	0	0	2	1	0	0	1	0	0	0	0	1	0	1	0	0	1	1
C6_04540C_A	HAT2	0	0	0	0	0	0	0	0	0	1	0	0	0	0	1	0	0	0	0	0	0	0	0	0	0	1	0	0	0	0	0	0	6	0	5	5	6	5	8	4	0	0	0	0	3	0	0	0	0	0	0	0	0	0	0	0	1	0	0	0
C6_04550C_A	C6_04550C_A	1.299	1	0	0	1	0	0	1	0	0	0	1	0	0	0	0	1	0	0	0	1	0	0	0	1	0	0	0	2	1	0	1	0	0	0	0	0	0	0	1	0	0	0	0	0	0	0	0	1	0	0	1	0	2	0	0	0	0	2	0
C6_04560W_A	C6_04560W_A	0	1	0	0	2	0	0	1	0	0	0	0	0	0	0	0	0	0	0	0	1	0	1	0	1	0	1	0	0	0	0	1	0	0	0	0	0	0	0	0	0	0	0	0	2	5	2	1	0	1	0	0	0	0	0	0	0	2	0	1
C6_04570W_A	NAG6	1.356	2	2	3	0.991	0	0	0	1	2	2	1	0	0	0	1	2	1	1	1	0	3	2	2	4	1	4	2	1	0	0	0	0	0	2	0	0	0	0	0	0	0	0	0	2	6	7	3	0	0	0	1	2	6	4	4	0	0	0	0
C6_04580W_A	HXK1	8	11	7	5	4	12	8	6	5	4	3	5	0	1	0	0	4	10	7	7	5	10	8	9	2	0	3	0.999	1	0	1	3	1	0	1	1	3	4	3	5	0	0	0	0	7	7	6	7	0	0	0	0	7	8	11	4	0	0	2.336	0
C6_04590C_A	NAG1	0	0	0	0	0	0	0	0	1	1	1	1	0	0	0	0	0	0	0	0	0	0	0	1	1	1	2	3	1	0	0	0	3	5	2	7	4	3	3	2	0	0	0	0	0	0	0	2	0	0	0	0	1	1	0	5	0	1	0	0
C6_04600W_A	DAC1	0	0	1	0	5	3	3	4	0	0	0	0	3	2	4	1	0	1	2	0	1	0	0	0	7	5.877	3	4	0	0	0	0	1	0	0	0	0	0	0	0	0	0	0	0	3	0	2	1	0	1	0	0	3	0	3	5	0	0	0	0
C6_04610C_A	NAG3	0	0	0	0	0	0	0	0	1	1	0	1	0	0	0	0	2.225	1	1	1	1	0	0	0	0	0	0	0	0	0	0	1	1	0	0	0	0	0	0	0	0	0	0	0	0	0	0	0	0	0	0	1	0	0	0	2	0	0	1	0
C6_04620C_A	NAG4	0	0	0	1	1	1.986	1	2	0	1	0	0	0	0	1	1	2.775	0	0	0	0	2	0	0	0	0	1	0	1.262	0	0	0	0	0	0	0	0	0	0	0	1	0	0	1	0	0	0	0	1	0	1	0	0	0	1	0	0	0	0	1
C6_04650W_A	C6_04650W_A	1	0	1	3	0	0	1	2	0	0	0	0	0	0	0	2	0	1	0	1	0	0	0	1	0	0	0	0	0	0	0	0	0	0	0	0	1.731	0	0	0	0	0	0	1	1	0	0	0	0	0	0	0	1	0	0	0	0	0	0	0
C7_00010C_A	C7_00010C_A	0	0	1	0	1	0	0	0	0	0	0	0	0	0	0	0	0	0	0	0	0	0	0	1	4	3	6	4	0	0	0	1	0	0	0	0	0	0.988	0	0	0	0	0	0	0	0	0	0	0	0	0	0	0	0.997	1	0	1.74	1	1.175	1
C7_00020C_A	RVS161	1	0	0	0	0	0	0	0	1	4	2	6	0	0	0	0	0	0	0	0	4	6	2	0	0	0	0	0	0	0	0	1	0	0	0	0	0	0	0	0	0	0	0	0	1	6	4	3	0	0	0	0	3	0	2	4	0	0	0	0
C7_00030W_A	C7_00030W_A	0	0	0	0	0	0	1	0	0	0	0	0	0	0	0	0	0	0	0	1	1	1	0	0	0	0	0	0	0	0	0	0	0	0	0	0	0	0	0	0	0	0	0	0	0	0	0	0	0	0	0	1	0	0	0	0	0	1	0	0
C7_00040C_A	C7_00040C_A	0	0	0	0	0	0	0	0	0	0	0	1	0	0	0	0	1	0	0	0	1	0	0	1	0	0	0	0	0	0	0	0	0	0	0	0	0	0	0	1	0	0	0	0	0	0	0	2	0	0	2.34	1	0	0	0	0	0	0	0	0
C7_00050C_A	RAD3	0	0	0	0	1	0	0	0	0	0	0	0	1	0	0	0	0	0	0	0	1	1	1	0	2	4	2	2	1	1	1	1	0	0	0	0	0	0	0	0	0	0	0	0	2	5	3	4	0	0	0	0	0	0	0	0	1	1	0	1.785
C7_00060C_A	C7_00060C_A	0	0	1	0	0	0	1	0	0	0	0	0	0	0	0	0	0	0	1	2	0	0	0	0	0	1	0	0	0	0	0	0	1	0	0	0	0	0	0	0	0	0	0	0	2	1	0	1	0	0	0	0	0	1	0	0	0	0	0	0
C7_00070C_A	C7_00070C_A	0	0	0	0	2	2	1	2	0	0	0	1	1	0	0	0	3	4	1	1	0	0	0	0	2.88	1	1	0	0	0	0	0	0	1	1	1	0	0	1	0	0	0	0	0	1	2	2	4	2	0	0	0	0	1	1	0	2	0	0	0
C7_00080C_A	SAC7	2	2	1	2	2	6.003	6	5	1.001	2	1	5	3	4	2	5.14	5	3	1	0	1	0	1	1	4	2	2.482	4.985	13	11.001	5.998	4.416	2	2	2	0	1	1	0	0	0	0	1	0	2	2	4	2	7	8.092	1	2.348	3	1	6	6	5.614	4.863	9.857	3.78
C7_00090C_A	CSA1	0	1	0	1	0	0	1	0	0	0	1	1	0	0	0	0	1	0	0	0	0	0	0	0	0	0	0	1.002	0	0	0	0	0	0	0	0	0	0	0	0	0	0	0	0	0	0	0	0	0	1	0	0	0	0	0	1	1	1.906	0	1
C7_00100W_A	FRP2	0	0	0	0	0	0	0	1	0	0	0	0	0	0	0	0	0	0	0	1.582	0	0	0	0	0	0	0	0	1	0	0	0	0	1	1	0	0	0	0	0	0	0	0	0	0	0	1	0	1	1	1	0	1	1	0	0	0	2	0	0
C7_00110W_A	SOD3	0	1	1	0	0	0	1	0	0	0	0	0	0	0	0	0	0	0	0	0	0	0	0	0	0	0	1	0	0	0	0	1	0	0	1	0	1	0	0	0	0	0	0	0	0	0	0	0	1	0	0	0	0	0	0	0	1	1	0	0
C7_00120W_A	FIS1	0	0	0	0	1	2	0	1	2	1	0	1	0	0	0	0	0	0	0	0	0	0	0	0	0	0	0	0	4	2	2	1	0	0	0	0	0	0	1	0	0	0	0	0	1	0	1	0	0	0	1	0	0	1	0	0	0	0	0	0
C7_00130W_A	C7_00130W_A	0	0	0	0	5	3	1	1	0	0	1	0	0	0	0	0	0	0	1	0	0	0	0	1	0	1	0	0	0	0	0	0	0	0	1	0	1	0	0	0	0	0	0	0	0	1	0	1	0	0	0	0	1	0	0	0	0	2	0	0
C7_00140C_A	C7_00140C_A	1	0	1	0	0	0	0	0	0	0	0	0	0	0	0	1	0	0	0	0	0	0	0	0	2	1	0	0	0	0	0	0	0	1	0	0	0	0	0	0	0	0	0	0	0	0	0	0	0	0	0	0	1	0	0	0	0	0	0	0
C7_00150W_A	C7_00150W_A	0	0	0	0	0	0	0	0	0	0	0	1	0	0	1	0	0	0	0	0	0	0	0	0	0	0	1	0	0	0	0	0	0	0	0	0	0	0	0	0	0	0	0	0	0	0	1	1	0	0	0	0	0	0	0	0	0	0	0	0
C7_00160C_A	ALB1	0	0	0	1	0	0	0	1	1	0	0	0	1	0	0	0	0	0	0	0	2	0	1	0	1	1	1	0	0	0	1	0	1	0	0	0	0	0	0	0	0	0	0	0	1	0	0	0	1	1	0	0	0	0	0	0	2	0	0	0
C7_00170W_A	VPS70	0	1	0	0	0	0	1	2	0	0	0	0	0	0	0	0	0	1	1	0	0	0	0	0	1	0	1	0	1	0	1.843	0	0	2	1.001	1	1	1	0	1	0	1.619	0	0	0	0	0	0	1	1	0	0	2	0	1	1	1.651	0	1.118	0
C7_00180W_A	FAR1	1	0	0	0	0	0	0	1	1	1	2	1	0	1	0	0	1	0	0	0	2	1	1	0	1	0	0	0	0	0	0	1	0	0	0	0	0	0	1	0	0	0	0	0	2	1	0	0	0	0	0	0	0	1	2.998	1.996	0	0	1	0
C7_00190W_A	C7_00190W_A	0	0	0	0	0	0	0	0	0	0	1	0	0	0	0	0	0	0	0	0	0	0	0	0	0	0	0	0	5	6	2	6	0	0	0	0	0	2	1	0	0	0	0	0	0	0	1	0	0	0	0	0	0	0	0	0	1	0	0	0
C7_00200W_A	C7_00200W_A	0	0	0	0	0	0	0	0	0	1	0	0	0	0	0	0	0	0	0	1	0	0	0	0	0	0	0	0	0	0	0	0	0	1	0	0	0	0	0	0	0	0	0	0	1	0	1	1	1	1.879	0	2	0	0	0	0	0	0	2	0
C7_00210C_A	C7_00210C_A	1	1	0	0	0	0	0.952	1	1	0	0	2	1	1	0	3	0	1	1	0	1	1	2	1	2	1	0	0	1	0	0	0	0	1	0	2	0	0	0	0	0	0	0	0	0	0	0	0	2	0	1.072	1	0	1	1.363	0	2.264	1	0	0
C7_00220W_A	C7_00220W_A	0	0	0	0	0	0	0	0	0	0	0	1	2	0	0	0	0	0	0	0	0	0	0	0	1	0	0	2	0	0	0	0	1	1	1	2	0	0	0	0	0	0	0	0	0	0	0	0	0	0	2	1	1	1	1	0	0	1	0	0
C7_00230W_A	C7_00230W_A	0	0	0	0	0	0	0	0	0	0	0	1	0	0	0	0	0	1	0	1	0	0	0	0	1	0	0	0	0	0	0	0	0	0	0	0	0	0	0	0	1	0	0	0	0	0	0	0	0	0	0	0	0.928	0	0	1	1.165	0	0	0
C7_00240W_A	C7_00240W_A	1	3	0	1	2.848	3	0	1	1	1	3	1	1	1	2	2	0	2	1	1	0	2	1	0	3	0	0	2	2	2	3	2	0	0	2	0	3	1	5	6	0	0	0	0	0	3	1	0	1.635	1	0	0	10	4.855	7	2	2	0	0	0
C7_00250C_A	C7_00250C_A	0	0	0	0	0	0	0	0	1	0	0	0	0	0	0	0	0	0	0	0	0	0	0	0	0	0	1	0	0	0	1.605	0	0	0	0	0	0	0	0	0	0	0	0	0	0	0	0	0	0	0	0	0	1	0	1	2	0	0	0	0
C7_00260C_A	C7_00260C_A	0	0	0	0	2.002	0	0	2	0	2	2.997	0	0	1	0	0	6	6	10	4	1	0	3.008	0	0	4	2	1	0	0	0	3.006	1	1	0	2.016	0	0	0	0	1	1	0	0	0	3	2	0	2	4.274	1	0	0	1	0	0	2	1	1	4
C7_00270W_A	FEX1	0	0	1	0	0	1	0	0	0	0	0	0	0	0	1	0	0	0	0	0	0	0	1	0	0	1	0	0	0	0	3	0	0	0	1	0	0	0	0	0	0	0	0	0	0	1	1	0	0	0	0	0	0	1	0	0	0	0	0	0
C7_00280W_A	HGT12	0	0	0	0	0	0	0	0	5	0	0	4	0	1	2	1	2	3	5	2.973	0	0	0	0	2	4	2.016	1.039	1	0	2	2	0	0	0	0	1	2	1	2	0	0	0	0	0	0	0	0	0	0	0	1	1.941	1	1	0	0	1	0	0
C7_00290C_A	HGT13	0	1	0	0	0	0	0	1	0	1	0	0	0	1	0	1	0	0	0	0	0	0	0	0	0	0	0	0	0	0	0	0	0	0	0	0	0	0	0	0	0	0	0	0	0	1	0	0	2	0	0	0	0	2	0	0	0	0	1	0
C7_00300W_A	C7_00300W_A	0	0	1	0	0	1.922	4.083	1	0	0	0	0	2	0	1	0	6	4	4	7	0	1	4	0	1.03	1	0	1	0	1	0	2.023	0	0	0	0	0	0	0	0	0	0	0	1.822	2	2	1.001	2	1	0	0	0	1	0	0	0	2	2.723	0	1
C7_00310C_A	C7_00310C_A	0	0	0	0	0	0	0	0	0	1	0	0	0	0	0	0	0	1	1	0	0	0	0	0	0	0	0	0	0	0	3	0	0	0	1	0	0	3	1	1	0	0	0	0	0	0	0	0	1	0	0	0	0	0	0	0	1	0	0	1.006
C7_00320C_A	PMR1	0	0	0	0	0	0	0	1	1	0	1	1	0	0	0	0	5	4	10.001	6	0	2	0	0	0	0	2	0	0	1	0	0	0	0	0	0	0	0	0	0	0	0	0	0	0	0	0	0	0	0	0	0	2	0	0	0	2	0	0	1
C7_00330C_A	C7_00330C_A	0	0	0	0	0	0	0	0	0	0	0	0	0	0	0	0	0	1	0	0	0	0	0	0	0	0	0	1	0	0	1	0	2	1	0	0	0	0	0	0	0	0	0	0	0	0	0	0	0	0	0	1	0	0	0	0	1	1	0	0
C7_00340C_A	C7_00340C_A	0	0	0	0	0	1	2	0	1	0	0	1	0	0	0	0	0	2	1	0	0	1	0	0	0	1	1.002	0	1	0	1	0	0	0	0	0	0	0	0	0	0	0	2	0	0	0	0	1	0	0	0	2	1	0	1	1	0	2	0	0
C7_00350C_A	C7_00350C_A	0	0	0	0	3	7	7	5	2	4	6	5	2	2	0	2	0	0	0.999	0	9	7	8	2	5	8	3	2.925	2	1	2	3	0	0	1	0	1	3	1	2	0	0	1	0	9	10	12	10	0	0	0	0	13	16	10	9	0	0	0	0
C7_00360W_A	DFI1	0	0	0	0	0	1	0	0	2	0	0	1	0	0	0	0	1	0	0	0	0	0	0	1	0	0	0	0	6	4	1	0	1	2	1	0	1	0	0	0	0	0	0	0	4	5	5	3	1	2	0	0	0	1	0	0	1	1	0	0
C7_00370W_A	DCC1	0	0	0	0	1	1	0	0	1	0	0	0	0	0	0	0	0	0	0	0	0	1	1.992	0	1	0	0	2	1	0	0	1	0	0	0	0	0	0	0	0	0	0	0	0	2	4	3	1	0	0	0	0	1	0	0	0	0	0	1	0
C7_00380W_A	C7_00380W_A	0	0	0	1	0	0	0	0	0	0	0	0	0	0	0	0	0	0	0	0	0	0	0	0	0	1	0	0	0	0	0	0	0	1	0	1	0	0	0	0	0	0	0	0	1	0	0	1	1	0	0	0	0	1	0	2	0	0	0	0
C7_00390W_A	SPL1	0	1	0	1	0	0	0	0	0	0	0	0	0	1	0	0	0	0	0	0	0	0	0	0	0	0	0	0	0	0	0	0	1	0	0	0	0	0	0	0	0	0	0	0	0	0	1	0	0	1	0	1.604	1	2	1	3	0	1	0	0
C7_00400W_A	LEU2	0	0	0	0	0	0	0	0	0	0	0	0	0	0	0	0	1.892	0	1	0	0	0	2	1	1	0	0	0	0	0	0	0	0	1	1	1	0	1	1.049	1	0	0	1	0	0	0	0	0	0	1	0	0	0	2	0.998	0	0	0	1	0
C7_00410C_A	C7_00410C_A	0	2	1	0	8	7	5	0	2	0	0	1	0	0	0	0	1	1	1	0	0	0	2	1	1	2	0	0	0	1	1	1	0	0	2	0	1	0	0	0	1	0	0	0	3	1	1	1	0	2	3	0	0	3	0	2	0	1.262	1.184	1
C7_00420C_A	C7_00420C_A	1	0	0	0	0	0	0	0	0	0	0	0	0	0	0	0	0	1	1	0	1	0	0	0	0	0	1	0	0	2	0	0	0	0	0	0	0	0	0	0	0	0	0	0	0	0	0	0	0	1	0	0	0	0	1	0	0	1	1	0
C7_00430W_A	C7_00430W_A	1	0	0	0	1	0	1	0	0	3	1	5	1	0	0	0	1	1	0	0	0	1	0	2	0	0	0	0	0	2	1	0	0	0	1	0	0	0	0	0	0	0	0	0	0	0	0	0	1	0	0	0	1	0	0	0	0	0	2.724	0
C7_00440C_A	GBP2	0	0	0	0	0	0	0	0	0	0	0	0	0	0	0	0	0	0	0	0	0	0	0	0	0	0	0	0	0	0	0	0	0	0	0	0	0	0	0	0	2	0	0	0	0	1.011	0	0	0	0	0	0	0	0	0	0	0	0	1	1
C7_00450C_A	C7_00450C_A	0	0	0	0	0	1	0	1	2	0	1	2	0	1	0	0	0	0	0	0	0	0	2	0	0	0	1	0	0	0	0	0	0	0	0	1	0	0	0	0	0	0	1	0	0	0	0	0	0	0	1.282	0	0	1	0	0	0	0	0	0
C7_00460W_A	C7_00460W_A	0	1	1	0	0	0	0	0	0	0	0	0	0	0	0	0	0	0	0	0	1	0	0	0	0	0	0	0	0	0	0	0	0	0	0	0	0	0	0	0	0	0	0	0	0	0	0	0	0	1	1	0	0	0	0	0	0	0	0	0
C7_00470C_A	PEL1	0	0	0	0	1	0	0	0	2	0	0	1	0	0	0	0	1	1	0	1	0	0	1	0	0	0	0	0	0	1	0	0	0	1	0	0	0	0	0	0	0	1	0	0	1	0	0	0	0	2	0	0	1	0	0	0	1.2	1.082	2.594	0
C7_00480W_A	FGR2	0	1	0	0	0	2	1	2	1	0	0	2	0	0	0	1	1	0	0	0	0	1	0	1	0	1	0	0	0	0	0	2	1	2	0	1	0	0	0	0	1	0	0	0	0	0	0	0	2.728	1.365	1	1.451	1	2	0	0	0	0	2.839	0
C7_00490C_A	C7_00490C_A	0	0	0	0	0	0	0	0	0	2	0	0	0	1	0	0	0	0	1	0	0	0	0	0	0	0	0	0	0	1	1	1	0	0	0	0	0	0	1	0	0	0	1	0	0	0	0	0.939	2	0	0	0	0	1	1	0	0	0	0	1
C7_00500W_A	C7_00500W_A	0	0	0	0	0	0	0	0	0	0	0	0	0	0	0	0	0	0	0	0	0	0	0	0	0	0	0	0	0	0	0	1	0	0	0	0	1	0	0	0	0	0	0	0	0	0	0	0	0	0	0	0	0	0	0	0	0	0	0	0
C7_00510W_A	MAC1	0	0	0	0	0	0	0.963	0	0	0	2	0	0	0	0	0	0	0	0	1	0	0	0	1.217	0	0	0	0	0	0	1	0	0	0	1	0	0	0	0	0	0	0	1	0	0	2	1	1	0	0	0	0	1	0	0	0	0	0	0	0
C7_00520W_A	C7_00520W_A	0	2	0	0	2	0	0	0	3	0	5.016	3	0	1.005	0	1	1	2	1	0	0	1	1	0	3	6.707	3.029	3.998	0	1.075	1	1.212	0	0	1	0	0	0	1	0	0	0	0	0	0.862	1	0	0	1	0	2	0	5.002	2	1.001	2.006	0	3.393	0	0
C7_00530C_A	PSF3	0	0	0	0	0	1	0	0	0	0	0	0	0	0	0	0	0	0	0	0	0	0	1	0	0	0	0	0	1	0	1	0	0	0	0	0	0	0	0	0.998	0	0	0	0	0	0	0	0	0	0	0	0	0	1	0	1	0	0	0	0
C7_00540W_A	C7_00540W_A	0	0	0	0	0	0	0	0	0	0	0	0	0	0	0	0	1	0	0	0	0	0	0	0	0	0	0	0	0	0	0	0	0	0	0	0	0	0	0	0	0	0	0	0	0	0	0	0	0	0	0	0	0	0	0	0	1	0	0	0
C7_00550C_A	GLN4	0	0	1	0	0	4	0	1	0	0	0	1	0	1	0	0	0	1	0	0	0	0	1	0	0	1	2	1	0	0	0	0	0	1	0	0	1	4	4	3	0	0	0	0	0	1	0	0	0	1	2	0	1.009	2	8	4	0	0	0	1
C7_00560C_A	THG1	0	0	1	0	0	0	0	0	0	0	0	0	0	0	0	0	2	1	0	3	1	0	0	0	0	0.946	1	0	1	1	2	1	0	1	0	0	0	1	0	0	0	0	0	0	0	0	0	0	0	0	0	0	2.975	2	1	2.996	0	0	0	0
C7_00570W_A	RPA135	0	1	0	1	0	0	0	0.995	0	0	0	0	0	0	0	0	0	1	0	0	1	0	1	0	0	1.069	0	0	1	0	1	1	0	0	0	0	0	0	0	0	0	0	0	0	0	0	0	0	0	0	0	1	1	0	0	1.983	0	0	0	2.315
C7_00580C_A	C7_00580C_A	0	0	0	0	1	0	0	2	0	0	0	0	0	1	0	0	0	1	1	0	0	1	0	0	1	0	0	0	0	1	0.961	0	0	0	0	0	1	0	1	0	0	0	0	0	0	0	0	0	0	0.822	0	0	0	1	0	0	2	0	0	0
C7_00590W_A	C7_00590W_A	0	0	1	0	0	0	0	0	1	0	0	0	0	0	0	0	0	0	0	0	0	1	0	0	1	0	0	1	1.572	0	0	0	1	0	0	0	0	0	0	0	0	0	0	0	0	0	2	0	0	0	0	0	0	0	0	0	1	0	0	0
C7_00600C_A	C7_00600C_A	0	0	0	0	0	0	0	1	0	0	0	0	0	0	0	0	0	0	0	0	0	0	0	0	0	0	0	0	0	2	1	0	0	0	0	0	0	0	0	0	0	0	0	0	0	0	0	1	1	0	0	1	0	0.766	1	1	0	3	0	2
C7_00610C_A	C7_00610C_A	1	0	0	0	0	0	0	0	0	0	0	1	0	0	0	1	0	0	0	0	0	0	0	0	1	0	1.017	1	1	0	0	1	0	0	0	0	0	1	1	0	0	1	0	0	0	0	0	0	2.376	1	1	0	0	0	0	1	0	2	0	0
C7_00620W_A	GUS1	0	0	0	0	0	0	1	0	0	0	1	0	1	0	0	1	0	0	1	0	0	0	0	0	0	0	0	0	0	0	0	1	0	0	0	0	0	0	0	0	0	0	0	0	0	0	0	0	0	0	0	0	0	1	0	0	0	0	0	0
C7_00630C_A	C7_00630C_A	0	3	0	1	0.996	0	0	0	0	0	0	1	1	0	0	1	1.996	0	0	0	1.998	0	1	0	0.999	1	0	0	0	0	0	0	0	1	1	1	0	1	1	0	0	0	0	0	0	0	0	0	0	0	0	0	1	1.869	0	1	0	0	0	0
C7_00640C_A	C7_00640C_A	0	0	0	0	1	0	1	1	0	1	1	1.03	0	1	0	1	1	1	0	0	1	0	0	1	0	0	0	1	0	2	1	2	0	0	1	1	0	0	0	1	0	0	0	0	0	3	0	0	1	0	0	1	1	1	0	1.003	2	2	2	3
C7_00650W_A	C7_00650W_A	0.906	0	0	0	0	0	0	0	0	0	0	0	0	0	0	0	0	0	0	0	1	0	0	0	0	0	0	1	0	0	0	0	0	0	0	0	0	0	0	0	0	0	0	0	0	0	0	0	0	0	0	0	0	0	0	0	0	0	0	0
C7_00660W_A	GAC1	0	2	1	2	0	0	0	0	3	2	2	3	0	0	0	0	0	0	0	0	0	0	1	0	0	0	0	0	0	0	0	0	1	0	0	0	0	0	0	0	0	0	0	0	0	1	1	2	0	0	0	1	0	0	0	1	0	0	0	1
C7_00670C_A	C7_00670C_A	0	1	0	0	0	2	0	0	2	2.328	1	0	0	0	0	0	0	1	0	1.075	2	1	0	1	1	0	0	2.001	0	0	1	2	0	0	1	1	1.121	0	0	1	0	0	0	0	1.008	0	0	0	1.883	3	0	2	2.087	0	4	3	1.292	3	3.526	3.202
C7_00680W_A	C7_00680W_A	0	0	0	0	0	1	0	1	0	0	0	0	0	0	0	0	0	0	1	0	0	0	0	0	0	0	1	0	0	0	0	0	0	0	1	0	0	0	1	0	0	1	0	0	0	0	1	0	1	0	1	0	0	0	0	0	0	1	0	0
C7_00690W_A	NOP15	0	0	0	0	0	1	0	0	0	0	0	0	0	0	0	0	0	1	0	0	0	0	0	0	0	0	0	0	0	1	1	0	0	0	0	0	1	0	0	0	0	0	0	0	0	0	0	0	0	0	1	0	1	1	1.342	1	1	0	0	0
C7_00700W_A	CYB5	0	0	0	0	0	0	0	0	0	0	0	0	0	0	0	0	1	0	0	0	0	0	0	0	0	0	0	0	0	0	0	0	0	0	0	0	0	0	0	0	0	1	0	0	0	0	0	0	0	0	0	0	0	0	0	0	1.743	0	0	0
C7_00710W_A	RPS28B	0	0	0	0	0	1	0	1	0	0	0	0	0	0	0	0	0	0	0	0	0	0	0	0	0	0	0	0	0	0	0	0	0	0	0	0	0	0	0	0	0	0	0	0	0	0	0	0	0	0	0	0	0	0	0	0	0	0	0	0
C7_00720W_A	RTF1	0	0	0	0	2.004	0	2	2	0	0	0	0	0	0	0	0	4.004	0	6	4	2.002	0	0	0	1.326	0	0	1	0	2	0	0	0	0	0	0	1	0	1	0	1	0	1	0	0	0	2	0	3.792	0	1	0	0	2	2.995	2	0	0	0	2
C7_00730W_A	MET28	0	0	0	0	0	0	0	0	0	0	0	0	0	0	0	0	1	0	0	0	1	0	0	0	0	0	0	0	0	0	0	0	0	0	0	1	0	1	0	0	0	0	0	0	1	1	4	2	0	0	0	0	4	6	6	6	0	1.001	0	0
C7_00740W_A	RIM15	5	7	5.585	3	1	1	0	0	3	1	0	0	0	1	1	0	0	1	0	0	1	4	0.856	1	1	1	0	0	0	1	0	0	0	0	0	0	1	0	0	0	0	0	1.047	0	0	1	3.763	3	5.342	0	3.126	3.374	2	3	2.99	1.405	7.891	4	3.271	3
C7_00750W_A	ACB1	2	1	0	2	7	2	10	9	0	0	0	0	0	0	0	0	0	0	0	0	0	0	0	0	0	0	1	0	3	3	0	2	0	0	0	0	2	1	0	1	0	0	0	0	1	1	2	1	0	0	0	0	0	2	0	4	0	0	0	0
C7_00760C_A	C7_00760C_A	1	0	1	0	1	0	1	3	0	0	0	0	0	0	0	0	0	0	0	0	0	0	0	0	0	1	0	0	0	0	0	0	0	0	1	0	0	0	0	0	0	0	0	0	0	0	0	0	0	0	0	0	0	0	0	0	0	2.696	0	0
C7_00770W_A	C7_00770W_A	0	0	0	0	0	0	0	0	1	0	0	0	1	0	0	0	0	0	1	1	0	0	0	0	0	0	1	0	0	0	0	0	0	0	0	0	2	4	2	4	0	0	0	0	0	1	0	1	1	1	0	1	0	0	0	0	0	0	0.802	0
C7_00780W_A	C7_00780W_A	3	3	6	6	2	0	1.888	1.256	0	1	1	0	1	2	0	2	1	1	2	1	2	0	0	1	2	0	1	2	3	3	3	3	0	2.774	0	0	0.999	1.998	2.988	1	1	0	0	0	0	0	1	3	0	2	1.672	0	0	1	2	0	1	0	2.611	1
C7_00790W_A	MVP1	0	0	0	0	0	0	0	1	2	2	1.002	1	0	2	0	1	0	0	0	0	2	0	0	0	0	0	0	0	1	0	2	1	0	2	0	0	0	0	1	1.999	0	0	1	0	0	0	0	0	0	0	3	0	1	0	0	0	0	0	0	0
C7_00800C_A	YAE1	0	0	0	0	0	1	0	1	0	0	1	0	0	0	0	0	0	0	0	0	1	0	0	0	0	0	0	1	0	0	0	0	0	0	0	0	0	0	0	0	0	0	0	0	0	2	0	0	1	0	0	0	0	0	1	0	2	0	1	0
C7_00810W_A	C7_00810W_A	0	0	0	0	0.963	0	0	2.882	0	0	1.572	0	0	0	1	0	0	1	0	0	4	0	1.795	0	0	1	1	0	1	0	1	0	0	0	0	0	0	0	0	0	0	1	0	0	0	0	0	0	1	1	0	0	0	2	0	0	1	1	0	1
C7_00820W_A	RFC2	0	2	0	0	0	0	0	0	0	0	1	0	1	0	2	0	0	0	0	0	0	0	0	1	0	1	0	2	0	0	0	0	0	0	1	1	0	0	0	0	0	0	0	0	0	0	1	0	2	0	0	0	1	0	0	0	0	0	0	0
C7_00830C_A	C7_00830C_A	1	2	0	0	1	1	0	0	0	1	0	0	4	6	4.009	3	0	1	0	0	0	0	0	0	2	1	0	0	1	0	0	2	0	0	0	0	0	0	0	0	0	0	0	0	0	0	0	0	0	0	0	1	0	0	0.999	0	1.199	0	1	1
C7_00840C_A	C7_00840C_A	0	0	2	0	1	0	0	1	1	0	0	0	0	0	0	0	0	1.001	1	0	1.995	1	1	1	1.008	3	2	0	0	0	0	2.119	1	0	1	3	0	0	0	0	0	0	0	0	1.504	1	1.998	0	2	3	2	1	1.067	1.056	1	2	1	2.468	0	0
C7_00850W_A	C7_00850W_A	0	0	1	0	0	0	0	0	0	0	1	0	0	2	2	0	0	0	1	1	0	0	0	0	2	1	0	1	0	0	0	0	0	2.841	0	1.304	0	0	0	0	0	0	0	0	1	3	0	2	0	0	1.22	0	2	1	0	0	2.614	0	0	2.142
C7_00860W_A	SSR1	0	0	0	0	0	0	0	0	0	0	0	0	0	0	0	0	0	0	0	0	0	1	0	0	0	0	0	1	0	0	0	0	0	0	0	0	0	0	0	0	0	0	0	0	0	0	0	0	1	0	0	0	0	0	0	0	0	0	0	0
C7_00870W_A	C7_00870W_A	0	0	0	0	3	2	0.999	0	1	0	0	0	1	0	0	0	3.002	2	4	1	0	2	0	0	0	1.113	0	0	0	0	0	0	0	0	0	0	1	1	1	0	1	0	0	1	1	1	1	0	0	1	1.594	1	0.939	0	0	0	2	0	0	0
C7_00880C_A	C7_00880C_A	0	0	0	0	0	0	0	0	0	0	0	0	0	0	0	1	0	0	0	1	2	1	0	1	0	1	0	0	0	1	0	0	0	0	1	0	0	0.951	0	0	0	0	0	0	0	1	0	0	0	1	2	0	1	0	1	0	4.387	0	0	0
C7_00890C_A	MCM1	0	0	0	0	0	0	0	0	0	0	0	0	0	1	0	0	0	0	0	0	0	0	0	0	0	0	0	0	0	0	0	0	0	0	0	0	0	0	0	0	0	0	0	0	0	0	0	0	0	1.514	0	0	0	0	0	0	0	0.943	0	0
C7_00900W_A	C7_00900W_A	0	0	0	0	0	0.999	0	0	0	0	1	0	0	0	0	0	0	0	0	0	1	0	0	1	0	0	0	0	0	0	0	0	0	1	0	0	0	0	1	0	0	0	0	1	0	0	0	0	0	0	0	0	0	1	0	0	0	2	1	1
C7_00910C_A	C7_00910C_A	0	0	0	0	7	1.361	1	7	1	0	0	0	0	0	0	0	0	0	0	0	0	0	0	0.999	0	0	2	0	0	1.002	0	1	0	0	0	0	0	0	0	0	0	0	0	0	0	0	0	0	0	0	0	0	1	3.966	5	1	1	1	0	0
C7_00920C_A	C7_00920C_A	0	0	0	0	0	0	0	0	0	0	0	0	1	1	0	0	0	0	0	0	0	1	0	0	0	1.005	1	0	0	0	0	0	0	0	0	0	0	0	0	0	0	0	0	0	0	1	0	1	0	1	0	0	0	0	0	1.201	0	0	2	1
C7_00930W_A	GPH1	0	0	0	0	1	0	0	0	0	1	0	0	5	5	4	7	0.93	0	0	1	0	0	0	1	1	0	0	0	0	0	0	0	0	0	0	0	0	0	0	0	1	0	0	0	2	0	0.776	0	0	0	0	0	0	0	0	0	1.096	0	2	2.485
C7_00940W_A	KEX1	2	7	1.556	3	2	2	1	0	2	2	3	6	0	1	2	0	0	1	0	2	2	0	3	1	1	1	0	0	1	3	1	1	0	0	0	0	0	1	0	0	0	0	0	0	0	2	3	1	0	0	0	1	3	1	4.925	5	0.999	2.35	3.004	1.208
C7_00950W_A	YML6	0	0	0	0	0	0	0	0	0	0	1	0	0	1	0	0	0	0	1.008	0	1	0	1	1	0	0	0	0	0	0	0	0	0	0	0	2	0	0	0	0	0	0	0	0	0	0	0	0	0	0	0	0	0	0	0	1	0	0	0	0
C7_00960W_A	RPS18	0	0	0	0	0	0	0	1	0	0	0	0	0	1	0	0	0	0	0	0	1	0	1	1	0	0	1	1	0	0	0	0	0	0	0	0	0	0	0	0	0	1	0	0	0	0	0	0	0	0	0	0	0.987	0	0	0	0	0	0	0
C7_00970C_A	YOX1	0	0	0	0	1	0	0	1	1	0	0	0	0	0	0	0	0	0	0	0	0	0	0	0	1	0	1	0	0	0	0	1	0	0	0	0	0	0	0	0	0	0	0	0	0	0	0	1	0	0	0	0	1	0	0	0	0	0	1	0
C7_00980W_A	PHM5	0	0	0	0	0	0	0	3	0	1	0	0	0	0	0	1	0	1	0	0	0	1	0	0	0	0	0	0	2	6	3	3	0	0	0	0	4	5	6	2	0	1	2.486	0	1	2	2.563	0	0	0	0	0	0	0.976	0	0	0	2	1	0
C7_00990W_A	RPP0	0	0	0	0	0	0	0	0	1	1	0	0	0	1	0	0	0	0	0	0	0	0	0	0	0	0	0	0	0	0	0	0	0	0	0	0	0	0	0	0	0	0	0	0	0	0	0	0	0	0	0	0	0	0	0	0	0	0	0	0
C7_01000C_A	C7_01000C_A	0	0	0	0	0	0	0	0	0	0	0	0	0	0	0	0	0	0	0	0	0	0	0	0	0	0	0	0	0	0	0	0	0	0	0	0	0	0	0	0	0	0	0	0	0	0	0	0	0	0	0	0	0	0	0	0	0	0	0	0
C7_01010W_A	C7_01010W_A	0	0	0	0	1	0	0	0	0	0	0	0	1	0	0	0	0	0	0	1	0	0	0	0	1	0	1	0	2	0	1	0	1	0	1	0	1	0	0	0	0	0	0	0	0	1	1	0	0	0	0	0	0.828	0	0	0	0	1.75	0	1
C7_01020C_A	C7_01020C_A	0	0	0	0	0	0	0	0	0	0	1	0	0	0	0	0	0	0	0	0	0	0	0	0	1	0	1	0	0	0	0	1	0	0	1	0	0.997	0	0	0	0	0	0	0	0	1	1	0	1	0	0	0	0	0	2	0	1	0	0	1
C7_01030C_A	C7_01030C_A	2	0	0	0	0	1	1	0	0	0	0	0	0	1	0	1	0	0	1.007	0	2.132	0	1	1	0	0	0	1	0	1	2	0	0	0	1	0	2.002	0	0	0	1	0	0	0	0	1.392	0	1	0	0	0	1	0.996	1	1	1	1.087	0	1	1
C7_01040C_A	C7_01040C_A	0	0	0	0	1.46	0	0	0	0	0	0	1	0	0	0	1	0	1	0	0	0	2	1.1	0	0	0	2	0	0	1	0	0	0	1	0	0	0	0	0	0	0	0	0	0	0	0	0	0	0	0	1	2	0	0	1	1	0	1	0	0
C7_01050W_A	C7_01050W_A	0	0	0	0	0	0	1	0	0	0	0	0	0	0	0	0	0	0	0	0	0	0	0	0	0	0	0	0	0	0	0	0	0	0	0	0	0	0	0	0	1	0	0	0	0	0	0	1	0	0	0	0	0	0	0	0	1	0	0	0
C7_01060W_A	C7_01060W_A	0	0	0	0	0	0	0	0	0	0	0	0	0	0	0	0	0	0	0	0	0	0	0	0	0	0	0	0	0	0	0	0	0	0	0	1	0	0	0	0	0	0	0	0	0	0	0	0	0	0	0	0	0	0	0	0	0	0	0	0
C7_01070C_A	C7_01070C_A	3	3	0	0	0	0	1	1	1	3	1	0	0	0	0	0	0	0	0	0	0	1	1	1	6	3	2	4	5	2	1.001	7	0	1	0	0	0	0	1	0	0	0	0	0	2	0	0	0	0	1	0	0	2.162	1	0	1	2	1.2	1.994	2
C7_01100C_A	C7_01100C_A	0	0	1	0	0	0	0	0	0	0	0	0	0	0	0	0	0	0	0	0	2	1.024	0	2	0	0	0	0	0	0	0	0	0	0	0	0	0	0	0	0	0	0	0	0	0	0	0	0	0	0	0	1	0	0	0	0	0	0	0	0
C7_01130C_A	C7_01130C_A	0	0	0	0	0	1	0	0	0	0	1	0	0.875	0	0	0	0	0	0	0	0	0	0	0	0	1	0	0	0	0	0	0	0	0	0	0	0	0	0	0	0	0	0	0	0	0	0	0	1	0	0	0	0	0	0	0	0	2	1	0
C7_01150W_A	C7_01150W_A	0	0	1	0	1	0	0	0	0	0	0	0	0	0	0	0	0	0	0	0	0	0	0	1	0	0	0	0	0	0	0.907	0	0	0	0	0	0	0	0	0	0	0	0	0	0	0	1	0	0	0	0	0	1	1	1.146	0	0	0	1.341	0
C7_01160C_A	C7_01160C_A	0	0	0	0	0	0	0	0	0	2	2	3	0	0	0	0	0	0	0	0	0	0	0	0	0	0	0	0	0	0	0	0	0	0	0	0	0	0	0	0	0	0	0	0	0	0	0	0	0	0	0	0	0	0	0	0	0	0	0	0
C7_01170C_A	C7_01170C_A	0	1	0	0	0	0	1	1.892	0	0	0	0	0	0	1	0	0	0	0	0	0	0	0	0	0	0	0	1	0	0	0	0	0	0	0	0	1	1	0	1	0	0	0	0	0	0	0	0	0	0	0	0	2	0	0	0	0	0	2	0
C7_01180W_A	MDM12	0	0	0	1.332	0	0	1	0	0	1	0	0	0	0	0	1	0	0	0	0	0	0	0	0	0	1	2	2	0	0	2	0	0	0	0	0	0	0	0	0	0	0	0	0	0	0	0	0	0	0	1	0	2	2	0	3	0	0	0	0
C7_01190W_A	C7_01190W_A	0	0	0	0	0	0	0	0	0	1	0	0	1	0	0	0	1	0	0	0	0	0	0	0	3	0	1.128	0	1	0	0	0	0	0	0	0	1	1	0	0	0	0	1	0	0	0	1	0	0	0	0	1	0	0	1	1	0	0	0	1
C7_01200C_A	DBP7	0	2	0	2.001	0	0	0	1	1	1	1	0	0	1	0	0	3	0	0	0	0	0	0	0	2	1	1	1	0	0	0	0	1	0	0	0	0	0	0	0	0	0	0	0	0	0	0	0	0	0	0	0	0	3.602	1	0	0	4.64	1	2
C7_01210C_A	C7_01210C_A	0	0	0	0	0	0	0	0	0	0	0	1	0	0	0	0	0	0	0	0	0	0	0	0	1	0	0	1	0	0	0	0	0	0	0	0	0	0	0	0	0	0	0	0	0	0	0	1	0	0	0	0	0	0	0	0	0	0	0	0
C7_01220W_A	GCN3	0	0	0	0	1	0	0	0	0	0	0	0	0	0	0	0	0	0	0	0	0	0	0	0	2	0	0	0	0	0	0	0	0	0	0	1	0	0	0	0	0	0	0	0	0	0	0	0	0	0	0	0	0	0	1	1.005	0	1	0	2
C7_01230C_A	C7_01230C_A	0	0	0	0	1	0	0	0	0	0	0	0	0	1	0	0	0	0	0	0	1	0	1	0	0	0	1	1	1	0	1	0	0	1	0	0	0	0	0	0	0	0	0	0	0	0	0	0	2.606	0	0	0	0	0	0	0	0	0	0	0
C7_01250W_A	ASC1	0	0	0	0	0	1	0	0	0	1	0	0	0	0	0	0	0	0	0	0	0	0	0	0	0	0	0	0	0	0	0	0	0	0	0	0	0	0	0	0	0	0	0	0	0	0	0	0	1	0	0	0	0	1	0	0	0	0	0	0
C7_01260W_A	C7_01260W_A	5	4	7	5	3	3	3	3	20	20	23	19	16	13	21	15	27	22	19	22	30	23	24	36	38	35	25	27	39	29	44	40	8	3	3	6	3	3	5	6	0	0	0	0	35	33	44	41	0	0	0	0	31	27	32	33	0	0	1	0
C7_01270C_A	C7_01270C_A	0	0	1	0	0	0	0	0	1	0	0	0	0	0	0	0	1	0	0	0	0	2	0	0	0	0	0	1.166	0	0	0	0	1	0	0	0	0	0	0	0	0	0	0	0	0	0	0	0	2	0	0	2	1	0	1	0	2.921	0	0	2
C7_01280C_A	C7_01280C_A	0	0	0	0	2	0	2	0	3	0	0	0	0	1	0	0	1	0	0	0	0	0	0	0	0	0	0	0	0	0	0	0	0	0	0	0	0	0	0	0	0	0	1	0	0	0	0	1	0	0	2	1	1	1	0	0	1	0	0	0
C7_01290W_A	MED11	0	0	1	0	0	1	0	0	0	0	0	0	0	0	0	0	0	2	0	1	0	0	0	0	0	0	0	0	0	0	0	0	3	1	0	6	0	0	0	0	0	0	0	1	0	0	1	0	0	0	0	0	0	1	0	0	1	1	0	0
C7_01300C_A	PSF1	0	0	0	0	0	0	0	0	0	0	0	0	0	1	0	0	0	0	0	0	0	0	0	0	0	0	0	0	0	0	0	0	0	0	0	0	0	0	0	0	0	0	0	0	0	0	0	0	0	0	0	0	0	0	0	1	0	1	0	0
C7_01310C_A	C7_01310C_A	0	0	0	1	0	0	0	0	0	0	0	0	0	0	0	0	0	0	0	0	0	0	0	0	0	0	0	0	0	0	0	0	0	0	0	0	0	0	0	0	0	0	0	0	0	0	0	1	0	0	0	0	1	0	0	0	0	0	0	0
C7_01320W_A	C7_01320W_A	0	0	0	0	0	0	1	0	0	0	0	1	0	1	0	0	0	0	0	1	1.102	0	0	1.638	1	1.688	1.071	0	1.999	0	1	1	0	0	0	1	0	0	0	0.872	0	0	0	0	4	3	2	1	1	0	0	1	1	0	0	2	0	0	0	0
C7_01330C_A	GCN2	2	0	1	0	2.001	4	6	6	2	0	0	0	2	0	2	0	0	2	1	0	1	1.001	1.704	2.143	2	1	1	3.342	3	3.111	1	3.921	3	1	4.312	0	0	0.961	1	0	0	0	0	1.079	0	1	1	1	3.459	2.321	2	5	1.88	2	2.824	3.056	2.256	2.409	4.161	4.237
C7_01340W_A	MRE11	0	0	1.168	0	2	2	1	0	0	0	2	2	0	0	1	0	1	1	0	0	1.021	0	1.015	0	0	0	0	1	0.916	0	0	0	0	0	0	0	0	0	0	0	0	1	0	0	0	1	1.994	0	0	1.28	0	0	0	0	3	0.962	0	0	1	0
C7_01350C_A	C7_01350C_A	0	0	0	0	1	0	0	0	0	0	0	0	0	0	1	0	0	0	1	0	0	0	1	0	0	0	0	0	0	0	0	0	0	0	0	0	1.036	0	0	0	0	0	0	0	0	0	0	0	0	1.717	0	1	1	0.998	0	0	1	0	1	0
C7_01360C_A	C7_01360C_A	0	0	0	0	1	1.923	0	0	0	0	0	0	0	0	0	0	0	0	0	0	1	0	0	0	0	1	0	1	0	0	0	1	0	0	1	1	0	0	1	0	0	1	0	0	1	0	0	0	0	0	0	0	0	0	0	1	0	0	0	0
C7_01370W_A	C7_01370W_A	2	2	2	0	1.024	1	0	1	1	2	1.421	0	3	2	1	0	1	0	2	1	1.721	1	0	0	2	0.825	1.773	3.021	1	1	2	2	2	1	1	0	1	0	0	0	2.131	1.634	0	1	1	1	0	2	1	1	4	1.262	1	2	3.36	3	3	1.963	2	5.91
C7_01380W_A	C7_01380W_A	0	1	0	0	0	0	0	1	0	0	0	1	1	0	0	0	0	0	0	0	0	0	1	0	0	0	1	0	0	0	0	0	0	0	0	0	0	1	0	0	0	0	0	0	1	0	0	0	0	0	0	0	1	0	0	0	0	1	0	0
C7_01390W_A	C7_01390W_A	0	0	0	0	0	0	0	0	0	0	0	0	0	0	0	0	1	3	0	3	2	1	4	1	0	0	0	0	0	0	0	0	0	0	0	0	0	0	0	0	0	0	0	0	0	0	0	0	0	1	0	0	0	0	0	0	0	2.816	0	0
C7_01400C_A	C7_01400C_A	0	0	0	0	1	4	1	2.999	1	2	1	0	4	1	0	6.805	1	1	1	1	2	1	1	0	2	1	2.017	0	0	0	3	2	1	0	3	1	0	1	0	0	0	1	0	3	0	0	0	0	1.559	0	1.046	4.605	1	0	0	1	0	3	0	3
C7_01410C_A	NBP2	0	0	0	1	0	0	1.666	0	4	4	7	4	0	0	1	0	0	0	0	0	0	0	0	0	5	3	1	3	0	0	0	0	1	0	1	0	0	0	0	0	0	0	0	0	0	0	0	0	0	1	0	0	3	7	3	3	0	1	0	0
C7_01420W_A	GIR2	0	0	0	0	0	0	1	0	0	0	0	0	1	1	0	1	0	0	0	0	1	1	0	0	0	0	1	0	0	0	0	0	0	1	0	0	0	0	0	1	0	0	0	0	0	0	0	0	0	0	0	0	1	0	0	0	0	0	0	3.103
C7_01430C_A	C7_01430C_A	0	0	0	0	0	0	0	0	4	1	1	3	0	0	0	0	0	0	0	0	0	0	0	0	0	0	0	0	0	0	0	0	0	0	0	0	0	0	0	0	0	0	0	0	2	3	1	1	0	1	0	0	1	0	0	0	0	1	0	0
C7_01440W_A	C7_01440W_A	0	0	0	0	0	1	0	0	0	0	0	0	0	0	1	0	0	0	0	0	0	0	0	0	0	1	0	0	0	0	1	0	0	0	1	0	0	0	0	0	0	0	0	0	0	0	0	0	0	0	1	1	0	0	0	0	0	0	0	0
C7_01450C_A	PRT1	0	0	0	0	1	0	0	0	0	1	1	0	0	0	0	0	0	0	0	0	0	2.105	1.002	0	3	0	1	0	0	1	1	0	0	0	0	0	0	0	0	0	0	0	0	0	0	1.759	2.074	0	0	0	0	0	1.088	0	1	0.999	0	1	0	1
C7_01460C_A	C7_01460C_A	0	1	0	2	0	0	0	1	0	0	1	0	0	0	2	0	1	0	0	0	0	1	0	1	4	2	1	6	1	0	1	1	2	2	0	2	0	1	0	0	1	0	0	0	0	0	0	1	0	0	1	2	0	0	0	2	0	2	0	2
C7_01470C_A	PRE10	0	0	0	0	1	1	0	1	0	0	0	0	0	0	0	0	0	0	0	0	0	0	0	0	0	0	0	1	0	0	0	2	6	3	2	5	0	0	0	0	0	0	0	0	0	0	0	0	0	0	0	0	0	0	0	1	0	0	0	0
C7_01480W_A	PFA4	0	0	0	1.728	2	0	0	1	0	0	0	0	0	0	0	0	0	0	0	1	1	0	0	0	2	0	0	0	2	0	0	1	0	0	0	0	0	0	0	1	0	0	0	1	1	1	0	0	0	0	0	0	0	0	0	0	0	0	0	0
C7_01490W_A	C7_01490W_A	0	4	2	3	0	0	0	0	0	0	0	0	0	1	0	0	1	0	0	0	0	0	0	0	0	0	0	0	0	0	0	0	0	0	0	0	0	1	0	0	0	0	0	0	0	0	0	0	0	0	0	0	1	0	0	0	0	1	0	0
C7_01500W_A	C7_01500W_A	0	1	0	0	0	0	0	1	3	1	1	4	0	0	0	0	0	0	0	2	1.441	1	0	0	0	0	0	1	1	1	0	0	0	0	0	0	2	0	0	0	0	1	0	0	0	1	0	0	0	0	1	0	0	0	0	0	0	0	0	0
C7_01510W_A	C7_01510W_A	0	0	0	2	1	1	0	0	1	0	0	0	0	0	1	0	0	0	0	0	0	0	0	0	0	0	0	0	0	0	1	0	1	0	0	0	0	0	0	0.963	0	0	1	0	0	0	0	0	1	2	0	0	0	0	0	1	0	1	0	1.145
C7_01520W_A	FLU1	0	0	0	0	0	0	1.003	0	0	0	0	0	0	0	0	0	1	0	1	1	0	0	0	1	0	0	0	0	1	0	0	0	0	0	0	0	0	1	0	0	0	0	0	0	0	1	0	0	1	0	0	0	1	0	0	0	1	0	3	0
C7_01530W_A	C7_01530W_A	2	2	4	0	3	5.886	9	5	2	4	1	2	4	3	3	3	2	1.91	1	4	3	3	6	2	4	2	4.993	6	4	10	4	4	5	5.703	5.124	3.287	3	2	2	3	1.873	0	0	3	0	5	2	1	6	6	4	10	5	3.413	3	2.764	9.574	1	4	3
C7_01540W_A	ALK6	0	0	0	0	0	0	0	0	2	0	0	0	0	0	0	1.01	0	1	0	0	0	0	0	0	1	0	0	0	0	0	0	0	0	0	0	0	1	0	0	2	0	0	0	0	0	0	0	0	1	2	0	0	0	0	0	2	0	0	1	0
C7_01550W_A	BEM2	2.001	0	2	2	3	5	7.122	4.997	1	1	2	3.976	0	0	2	3	3	0	0	0	6.001	6	6	7	2	6.709	2	5.484	2	5.999	10	5.116	3.001	1.124	8.999	9	1	2	3	0	0	0	0	0	4	2	2.119	3.27	0	2	0	0	2.029	4.039	6.376	3	0	4.03	0	4.808
C7_01560C_A	NUP	0	0	0	0	0	0	0	0	0	0	0	0	0	0	1	0	0	0	0	0	0	0	0	0	0	0	1	0	0	0	0	0	0	0	0	0	0	0	1	0	0	0	1	0	0	0	0	0	1	0	0	0	0	0	1	0	1	0	1.606	0
C7_01570C_A	C7_01570C_A	0	0	0	0.999	0	0	0	1	0	0	0	0	0	0	0	0	0	1	0	0	0	0	0	0	0	0	0	0	0	0	1	1	0	0	0	0	0	0	0	0	0	0	1	0	1	0	0	0	2	0	0	0	0	0	0	0	0	0	0	0
C7_01580W_A	SMC6	1	0	0	0	1	1	0	1.253	5.025	2	0	3	0	0	0	1	1.228	0	1.913	0	0	0	1	2.275	0	1	2.082	0	1	2	1	2.046	0	0	0	0	1	0	0	1	0	0	0	0	0	3	0	0	1	2.383	2.731	1	0	2	0	1	1.283	0	0	1.254
C7_01590C_A	C7_01590C_A	0	0	0	0	0	0	1	1	0	0	0	0	0	0	0	0	0	0	0	0	0	0	0	0	0	1	0	0	3	1	1	0	0	1	0	0	0	0	0	0	0	0	0	1	0	1	0	1	0	1.451	1	1.526	0	1	1	0	0	1	2.596	0
C7_01600W_A	C7_01600W_A	0	0	0	0	0	1.006	0	0	0	0	0	0	0	0	2	0	2	1	0	0	1	0	0	0	0	0	1	0	0	0	0	0	0	0	0	0	0	0	0	0	0	0	0	1	0	0	0	0	0	1	0	0	0	0	0	0	0	0	0	0
C7_01610W_A	C7_01610W_A	0	0	0	0	0	0	0	0	0	0	0	0	0	0	0	0	0	0	0	0	0	0	0	0	0	0	0	0	0	1	0	0	0	0	0	0	0	0	0	0	0	0	0	0	0	0	0	0	0	0	0	0	0	0	0	0	0	0	0	0
C7_01620C_A	KCH1	0	0	0	0	0	1	1	0	0	0	0	0	0	1.099	2	0	0	0	0	0	0	0	0	0	0	0	0	0	0	0	3	0	0	0	0	1	0	0	0	0	0	0	0	0	1	0	2	0	1	1	0	1.765	2.089	1	2	1.174	1	2	4.655	0
C7_01630W_A	RNH35	2	1	1	4	3	1	2	1	0	0	0	1	1	2	1	0	0	0	1	0	0	0	3	0	0	2.046	1	0	0	0	0	0	1	0	0	0	1	0.995	1	0	0	1	1	0	0	1	1	1	1.066	1	1	0	0	0	2	1	0	1	1.528	0
C7_01640W_A	LAT1	1	1	0	0	1	0	0	0	0	0	1	0	0	0	0	0	1	0	1	0	1	1.014	1.002	1	0	0	0	0	0	0	1	0	0	0	0	0	1	0	0	0	0	0	0	0	0	0	0	0	0	0	0	0	1	0	0	0	0	1	0	0
C7_01650W_A	C7_01650W_A	0	0	1	0	2	0	0	1	0	0	0	0	0	0	0	0	0	0	0	0	0	0	0	0	0	0	1	0	0	0	1	0	0	1	0	0	2	0	1	0	0	0	0	0	0	0	0	0	2	0	0	0	0	2	0	0	0	0	0	1
C7_01660C_A	C7_01660C_A	0	0	0	0	0	0	1	2	1	2	0	0	1	0	0	0	0	1	1	1	1	1	0	0	0	3.773	0	0	1	0	1	0	1	1	0	0	1	0	1	0	0	0	0	0	1	0	0	2	0	0	0	2	6	1	2	1.01	0	0	0	1
C7_01670W_A	C7_01670W_A	1	1	0	0	2.966	0	1	1.782	2	3.619	3	5	0	0	0	0	1	1	0	2	1	0	0	2.999	4	1	1	1	1.376	2	2	1.002	1	2	1	0	1	2	1.589	2	0	0	0	0	0	1.022	1	1	3	3	0	1	2.771	1.023	4	2	1	3.329	4.878	0
C7_01680C_A	C7_01680C_A	0	0	0	0	0	0	0	0	0	0	0	0	0	0	0	0	0	0	0	0	0	0	0	0	0	0	0	0	0	0	0	0	0	0	0	0	0	0	0	0	0	1	0	0	0	0	0	0	0	0	0	0	0	0	0	0	0	0	0	0
C7_01690W_A	C7_01690W_A	1	2	1	4	0	2	1	1	0	0	0	0	0	0	0	0	1	0	0	0	0	0	0	0	0	0.92	0.92	0	0	0	0	0	0	0	0	0	0	0	0	0	0	0	0	0	3	0	0	3	0	0	0	0	0	0	1	0	0	0	0	0
C7_01700W_A	C7_01700W_A	0	0	0	0	0	0	1	0	1	2	1	0	0	0	0	0	1	0	0	0	0	0	0	0	0	0	0	0	0	0	0	0	0	0	0	0	0	0	0	0	0	0	0	0	0	0	0	0	0	0	0	0	1	4	1	2	0	0	0	0
C7_01710W_A	C7_01710W_A	0	0	0	0	0	0	0	0	0	0	0	1	0	0	0	0	0	0	1	0	0	0	0	0	0	0	0	1	0	0	0	0	0	0	0	0	0	0	0	0	0	0	0	0	0	0	0	0	1.363	0	0	0	0	0	1	0	0	0	0	0
C7_01720W_A	C7_01720W_A	0	0	0	0	2	4	4.945	3	0	0	0	0	1	0	0	0	0	0	0	0	0	0	0	0	0	0	0	0	0	0	0	0	0	0	0	0	0	0	0	0	0	0	0	0	0	0	0	0	0	1	0	0	0	0	0	0	0	1	0	0
C7_01730C_A	STE18	0	0	0	0	0	0	0	0	0	0	0	0	0	0	0	0	0	0	0	0	0	0	0	0	0	0	0	0	0	0	0	0	0	0	0	0	0	0	0	0	0	0	0	0	0	0	0	0	0	0	0	0	0	0	0	0	0	1	0	0
C7_01740C_A	C7_01740C_A	0	0	0.708	0	0	0	0	0	0	0	0	0	0	0	0	0	0	0	0	0	0	0	0	0	0	1	0	1	0	0	0	0.866	1	0	1	0	0	0	0	0	0	0	0	0	0	0	0	0	0	0	0	0	0	0	1	0	0	1	0	0
C7_01750W_A	C7_01750W_A	0	0	0	0	2	0	0	0	0	0	0	0	0	0	0	0	0	0	0	1	0	0	0	0	0	0	0	0	1	0	1	0	1	1	0	0	0	0	0	0	0	1	1	0	0	0	0	1.993	3	0	0	0	0	0	0	0	1	1.644	1.685	1
C7_01760C_A	ISU1	0	0	0	0	0	0	2	0	0	0	0	0	0	0	0	0	0	0	0	0	0	0	0	1	0	0	0	0	0	0	0	1	0	0	0	0	0	0	0	0	0	0	0	0	0	0	0	0	0	0	0	0	0	0	0	0	1	0	0	0
C7_01770W_A	C7_01770W_A	1	1	0	0	0	1	1	0	0	0	0	0	0	0	0	0	0	0	1	0	0	0	0	0	1	0	1	1	0	0	0	0	0	0	0	0	0	0	0	0	0	0	0	0	0	0	0	0	2	0	0	0	1	0	0	0	0	0	0	1
C7_01780W_A	LPI9	4	2	0	0	0	1	1.998	1.003	1.001	2.012	1	1	0	0	0	1	3	1	0	7	0	0	1.155	0	1	0	1.024	0	1	1	0	0	0	0	0	0	2	1	0	1	0	0	0	0	3	1.002	1	3	1	0	0	0	3	5.079	2	3	0	0	0	0
C7_01790C_A	RPL5	0	0	0	0	0	0	1	0	0	1	0	0	0	1	0	0	0	0	0	0	0	0	0	0	0	1	0	0	0	0	0	0	0	0	0	0	0	0	0	0	0	0	0	0	0	0	1	0	1	0	0	0	0	0	1	0	0	1.712	0	0
C7_01800C_A	PFK2	1	0	0	0	0	0	0	0	2	1	1.171	3	0	0	0	1	0	1	0	0	0	0	0	0	0	0	0	0	0	0	0	0	0	0	0	0	0	0	0	0	0	0	0	0	0	0	1	0	0	0	0	0	0	0	0	0	1	1	0	0
C7_01810W_A	RVB2	0	0	0	1	0	0	0	0	1	0	0	0	0	0	0	0	0	1	0	0	2	0	2	0	0	1	1.331	1.209	0	0	0	1	0	0	0	0	1	0	1	0	0	0	0	0	1	0	0	0	0	0	0	1	0	0	0	0	0	0	0	1
C7_01820C_A	VMA11	0	0	0	0	1	1	0	0	0	0	0	0	0	0	0	0	0	0	0	0	0	0	0	0	0	0	0	0	0	0	0	1	0	0	0	1	0	0	0	0	0	0	0	0	0	0	0	0	0	0	2	1	0	0	0	0	1	0	0	0
C7_01830W_A	C7_01830W_A	0	0	0	0	0	0	0	0	0	0	0	0	0	2	0	0	0	0	0	0	0	0	0	0	0	0	1	0	0	0	0	0	0	0	0	1	0	0	0	0	0	0	0	0	0	0	0	0	0	0	1	0	0	1	0	0	0	0	0	0
C7_01840W_A	IQG1	2	1	0	0	2.812	2	3	2	0	1	2.006	1.009	3	0	1	1	8	5	4	6	5.034	4	3	1	0	0	0	2	0	3.451	4.997	5	1	0	0	1	0	0	0	1	0	1	1	0	1.306	1	2	0	4.77	2.41	0	0	4.782	3	0	3.001	0	1.111	2	3.197
C7_01850C_A	CRN1	0	1	0	0	1	1	2.976	2	1	0	0	0	0	0	0	0	0	0	1	0	0	0	0	0	4	1	1	2	2	0	0	0	0	1	0	0	0	0	0	0	1	0	0	0	0	0	0	0	0	0	0	0	0	0	0	0	0	0	0	1
C7_01860W_A	C7_01860W_A	2	2	3.002	2	4	7	1	4	2	3	2	3	3	4	6	3	4	3	3	3.999	1	6	7	2	11	6	3	4	4	2.008	8	3	7.002	1	5	1	1	3	3	2	4	0	1	0	3	0	3	2	6	4	8	3	6.777	2.709	5	4.831	8	2	3	4.604
C7_01870W_A	MSK1	0	0	1	0	0	1	0	0	2	1	0	2	0	1	0	0	0	0	0	0	0	0	1	1	0	0	1	1	2	1	1	1	0	0	0	1	0	1	1	0	0	0	0	0	0	0	0	0	1.094	0	1	1	1.995	1	0	1	1	0	0	0
C7_01880C_A	C7_01880C_A	0	0	0	0	0	0	0	0	0	0	0	0	0	0	0	0	0	0	0	0	1	0	0	0	0	0	0	1	0	0	0	0	0	0	1	0	0	0	0	0	0	0	0	0	0	0	0	0	0.818	1	1	1	0	0	1.334	2	0	1	0	0
C7_01890C_A	TOM7	0	0	0	0	1	1	1	0	0	0	0	1	0	0	0	0	0	0	0	0	0	0	0	0	0	0	0	0	0	0	0	0	0	0	0	0	0	0	0	0	0	0	0	0	0	0	0	0	0	0	0	0	0	0	0	0	0	0	0	0
C7_01900W_A	NUC2	0	0	0	0	1	1	0	1	0	1	0	0	0	0	0	0	0	0	0	0	0	0	0	0	2	3	1.099	1	0	0	0	0	0	0	0	0	0	0	0	0	0	0	1	0	2	0	0	3	0	0	0	0	0	0	1	2	0	0	1	0
C7_01910C_A	C7_01910C_A	0	0	0	0	0	0	0	0	1	0	0	0	1	0	0	1	0	0	0	0	0	0	0	1	0	0	1	0	0	0	0	0	0	0	0	0	1	0	0	0	0	0	0	0	0	0	0	0	0	0	0	1	2	0	0	2.998	0	0	0	0
C7_01920W_A	CDC34	0	1	0	0	0	0	0	0	0	0	0	0	0	0	0	0	0	0	0	1	0	0	0	0	0	0	0	0	1	0	0	0	0	0	0	0	0	0	0	0	0	0	1	0	5	1	2	1	0	0	0	1	0	0	0	0	0	0	1	0
C7_01930C_A	C7_01930C_A	0	0	0	0	0	0	0	0	0	0	0	0	0	0	0	0	0	0	0	0	0	0	0	0	0	0	0	0	0	0	0	0	0	0	0	0	0	0	0	0	0	0	0	0	0	0	0	0	0	0	0	1	0	0	0	0	0	0	1	0
C7_01940C_A	PRM10	2	0	1	0	3	1	0	1	1	0	0	0	0	0	0	0	0	0	1	1.044	0	0	0	0	0	1	3	4	0	0	1	0	1	1	0	1	0	0	0	0	0	1	0	1	0	1	2.99	2	1.053	0	0	0	0	0	0	2	2	4	0	2.299
C7_01950W_A	RBD2	0	0	0	0	0	0	1.088	1	0	0	0	0	0	0	0	0	1	0	0	0	0	0	0	1	0	0	0	0	0	0	0	2.464	0	0	0	0	0	0	0	0	0	0	0	0	0	0.894	0	1	0	0	0	0	0	0	0	0	0	0	0	0
C7_01960W_A	C7_01960W_A	0	1	0	0	0	0	0	1	0	0	0	0	0	0	0	0	0	0	0	2	0	0	0	1	0	3	1	1.354	0	0	0	1	1	0	0	0.736	0	1	0	0	0	3	0	0	1	0	0	0	0	0	1	0	0	2	0	0	1	1.045	0	0
C7_01970C_A	TOM40	0	0	0	0	0	0	0	0	1	2	3	2	7	6	0	5	2	8	2	2	0	0	0	0	0	0	0	0.999	0	0	0	1	0	0	0	0	0	0	1	2	0	0	0	1	0	0	3	0	0	0	1	0	2	1	1	3	0	0	0	0
C7_01990C_A	C7_01990C_A	0	1	0	0	2	1	0	1	0	0	1	0	0	0	0	0	1	0	0	0	0	0	0	0	2	1	0	1	2	0	1	0	0	0	0	0	0	0	0	0	0	0	0	0	0	1	0	0	0	0	0	0	1	2.989	0	0	1	0	2.777	0
C7_02000C_A	C7_02000C_A	0	0	0	0	0	1	1	1	0	0	0	0	0	0	0	1	1	0	1	0	2	0	1	2.014	1	0	3.015	0	1	1	2	0	0	0	0	0	0	0	0	0	0	0	0	0	1	0	0	0	0	0	2	0	2	5.011	2	0	1	2.002	0	3.679
C7_02010C_A	C7_02010C_A	0	0	0	0	1	0	0	0	0	0	0	0	5	2	2	2	0	0	0	0	0	0	0	0	0	0	0	0.997	0	1	0	1	0	1	0	0	0	1	0	1	0	0	0	0	1	0	0	0	0	0	1	0	0	0	0	0	0	0	2	0
C7_02020W_A	RAD14	0	0	0	0	0	0	1	0	0	0	0	0	0	1	0	0	0	1	0	0	1	0	0	0	0	0	0	0	0	0	2	2	0.999	0	0	2	0	0	0	0	1	1	0	0	0	0	0	0	0	0	0	0	0	0	0	0	1	0	0	2
C7_02030W_A	HSP90	7	1	2.031	3	1	2	0	1	5	6	7	5	1	1	3	3	3	6	2	0	0	3	3	9	2	3	3	3	0	0	0	0	0	1	1	1	6	10	7	5	0	0	0	0	10	7	8	4	0	0	0	0	2	7	4.011	3	0	0	0	1
C7_02040C_A	CUP9	0	0	0	0	0	0	0	0	0	0	0	0	0	0	1	0	0	0	0	0	0	0	0	0	0	0	0	0	0	0	0	0	0	0	0	0	0	0	0	0	0	0	0	0	0	2	0	1	0	0	0	0	1	0	1	0	1.061	1	1	0
C7_02050C_A	EXO70	0	2	0	0	0	0	0	0	2.023	1	1	0	2.867	0	0	0	0	0	0	0	0	0	0	0	1	2	0	0	1	1	1.999	0	0	0	1	0	0	1	0	1	0	0	0	0	0	0	0	0	3	0	2	1	0	0	0	0	0	0	0	0
C7_02060W_A	LIG1	1	1	1	1	4	3	2	2	0	1	2.004	1	4	1	2	0	1.075	2	3	1	4	3	3	2	2.05	2	3	1.998	0	3	1	0	2	1	0	2	4	7	6	6	0	0	0	0	0	0	0	1	0	5.811	3	2	0	2.044	4	2	6.892	2	7.629	3
C7_02070W_A	GRX1	1	0	0	0	0	0	0	0	0	0	0	0	0	0	0	0	0	0	0	0	0	0	0	0	1	1	0	0	0	0	0	0	0	0	0	0	0	0	0	0	0	0	0	0	0	0	0	0	0	0	0	0	0	0	0	0	0	0	0	0
C7_02080W_A	C7_02080W_A	0	0	0	0	0	0	1	1	0	0	0	0	0	0	0	0	0	0	0	0	0	0	0	0	0	0	0	2	0	0	0	0	0	0	0	0	0	0	0	1	0	0	0	0	0	0	0	0	0	0	1	0	0	0	0	0	0	0	0	0
C7_02090C_A	C7_02090C_A	0	0	0	0	0	0	0	0	0	0	1	0	0	0	0	0	0	0	1	0	0	1	0	1	0	0	0	1	0	0	0	0	0	0	0	0	0	0	0	0	0	0	0	0	0	0	0	0	0	0	0	0	2	0	0	0	0	0	0	0
C7_02100W_A	C7_02100W_A	0	0	0	0	0	0	0	0	0	0	0	0	0	0	0	0	0	0	0	0	0	0	0	0	0	0	0	2	0	0	0	1	0	1	0	0	0	0	1.003	0	0	0	0	0	0	0	1	0	1	0	0	1	0	0	1	0	0	0	2	0
C7_02110W_A	C7_02110W_A	0	0	1	0	0	0	0	0	1	1.006	2	1	0	0	0	0	0	0	0	0	0	2	1	0	1	2	0	1	2	0	1	0	1	1	0	1.836	6	1	4	1	0	0	0	0	0	0	1	0	1.315	1	1	0	0	0	0	0	0	0	0	0
C7_02120C_A	C7_02120C_A	0	0	0	0	0	0	0	0	1	0	0	0	0	0	0	0	0	0	0	0	0	0	0	0	0	0	0	1	0	0	0	0	0	0	0	1	0	0	0	0	0	0	0	0	1	0	0	0	1	0	0	0	1	0	1	0	1	0	0	0
C7_02130W_A	C7_02130W_A	0	0	0	1	0	0	0	0	0	0	0	0	0	1	0	0	0	0	0	0	0	0	0	0	1	0	0.997	0	1	2	0	1	0	0	0	0	0	0	1	0	1	0	0	0	0	0	0	0	1	0	0.774	0	0	0	0	0	0	0	0	0
C7_02140W_A	C7_02140W_A	0	0	0	0	0	0	0	0	0	0	0	0	0	0	0	0	1	0	1	0	0	0	0	0	1	1	1	1	0	1	0	1	0	0	0	0	0	0	0	0	0	0	1	0	1	0	2	0	0	0	0	1	0	1	1	1	2	0	1.005	0
C7_02150C_A	ECM42	0	0	0	0	1	0	0	0	0	0	0	0	0	0	0	0	0	0	0	0.935	0	0	0	0	0	1	0	0	1	0	0	0	0	1	0	0	0	1	0	0	0	0	1	0	0	0	0	0	0	0	2	0	0	0	0	1	0	0	0	0
C7_02160W_A	C7_02160W_A	0	0	0	0	3.002	2.997	2.33	0.981	1.089	0	2	1	0	0	0	2	3.996	3	1	1	1	4	3	0	2	1.102	2	1.192	6	1	5	1	1	2	0.997	1	2	0	3	0	0	1	0	0	2.496	2	4	2.019	2	2.355	5	0	4	4.037	7.573	2	2	4	4.816	5.817
C7_02170C_A	C7_02170C_A	2	0	0	0	0	1	1	0	0	0	0	0	0	0	0	0	0	0	0	1	0	1	0	0	0	0	0	0	0	0	1	0	0	1	0	0	0	0	0	1	0	0	0	0	0	1	1	0	1	0	0	0	1	1	0	0	0	1	0	1
C7_02180C_A	TRS33	0	0	0	0	0	0	0	0	0	0	0	0	0	0	0	0	1	0	0	0	0	0	0	0	0	0	1	0	0	0	0	0	0	0	0	0	0	0	0	0	0	0	0	0	0	0	0	0	1	0	0	0	1	1	2	1	1	0	0	0
C7_02190W_A	C7_02190W_A	1	2	0	0	1	2	1	0	1	0	1	0	0	1	1	1	2	1	1	0	2	0	2	0	0	3	0	0.999	1	4	3	2	2	1	1	0	1	1	1	0	0	0	0	1	1	1	1	1	1	0	0	0	1	2	1	1	0	1	0	0
C7_02200W_A	WHI3	0	0	0	0	0	1	0	1	0	1	0	1	0	0	0	0	1	0	0	0	0	0	1	0	0	0	0	0	0	0	0	0	0	1	0	0	0	0	0	0	0	1	0	0	0	0	0	0	0	1.438	1	0	0	0	0	0	0	0	0	0
C7_02210W_A	C7_02210W_A	0	0	0.823	0	0	0	0	0	0	0	0	0	0	0	0	0	0	0	0	0	0	0	0	0	1	0	0	0	0	0	0	0	1	0	0	1	0	0	0	1	0	0	0	0	0	0	0	0	0	0	0	0	0	0	0	0	0	0	0	0
C7_02220C_A	C7_02220C_A	1	0	0	0	1	0	0	1	0	0	0	0	0	0	1	0	0	0	0	0	0	1	0	0	1	0	0	1	0	0	0	2	1	0	0	0	0	0	0	0	1	0	0	0	0	0	0	0	1	0	0	1	0	0	1	0.999	2.147	0	0	0
C7_02230W_A	C7_02230W_A	0	0	1	3	0	2	1.845	0	0	0	2	0	2	2	1	1	0	0	0	0	0	2	0	0	2	1	0	0	2	2	2	0	2	1	0	1	4	3	7	1	1	1	0	1	0	0	2	1	0	2	3	2	0	2	2	0	3	1	2	2
C7_02240W_A	FMP45	1	0	0	0	0	0	0	0	1	0	0	0	0	0	0	0	0	0	0	0	1	0	0	0	0	0	0	0	0	1	0	0	0	0	0	0	0	0	0	0	0	0	1	1	0	0	0	0	0	3	1	0	3	0	0	0	1	0	0	1.912
C7_02250W_A	C7_02250W_A	0	0	1.615	1	0	1.935	0	0	1	0	0	0	0	0	0	0	1	0	0	0	0	0	0	2	0	1	0	0	0	0	0	1	2	0	0	1	0	0.994	0	0	0	0	0	0	1	0	1	0	0	1	1.276	0	1.926	1	0	1	0	1.812	2	1.09
C7_02260W_A	C7_02260W_A	0	0	0	0	0	0	1	0	0	0	0	0	0	0	0	1	0	0	0	0	0	0	0	0	0	0	0	0	0	0	0	0	0	0	0	0	0	0	0	0	0	0	0	0	0	0	0	0	0	0	0	0	0	0	0	0	0	0	0	0
C7_02270W_A	LDG3	0	0.5	0	0.999	0	0	0	0	0	0	0	0	0	0	0	0	0	0	0	0	0	0	0	0	1	0	0	0	0	0	0	0	0	0	0	0	0	0	0	0	0	0	0	0	0	0	0	0	0	0	0	0	0	0	1	0	0	0	0	0.5
C7_02280W_A	C7_02280W_A	0	0.5	0	0	0	0	0	0	0	1	0	1	2	0	0	0	3	3.133	6	3	2	4	7	9	0	0	0	0	0	0	0	0	0	0	0	0	0	0	0	1	0	0	0	0	0	0	0	0	0	0	0	1	0	0	0	0	0	0	0	0.5
C7_02290W_A	C7_02290W_A	0	0	0	0	0	0	1	0	3	5	3	3	0	0	0	0	1	0	0	0	1	0	0	0	0	0	0	0	0	1	1	0	2	2	0	2	0	0	0	1	0	0	0	0	0	0	0	0	0	0	0	0	0	0	1	0	0	0	0	1
C7_02300W_A	YPS7	0	0	0	1.964	0	2.376	0.975	3	1	1	0	0	0	0	0	0	1	0	1	0	0	0	0	2	0	0	0	2	0	1	1	0	1	0	0	0	0	0	1	0	0	0	0	1	0	0	1	1	1.687	0	3	0	0	0	0	0	0	0	0	4.633
C7_02310C_A	C7_02310C_A	0	0	0	0	1	3	1.214	1	0	1.037	1	0	0	1	0.921	0	0	2	0	0	0	0	0	0	2	0	0	1.855	1	0	0	1.002	0	1	0	0	1	0	0	0	0	0	0	0	1	0	0	0	0	0	2	1	3	1.891	0	0.992	0	0	1	3.517
C7_02320W_A	SEC1	0	0	0	0	0	0	0	0	0	0	1	0	0	0	0	1	0	0	0	0	0	0	0	2	1	0	4	0	0	0	0	0	0	3	0	1	3	0	7	2	0	0	0	0	2.797	1	1	0	0	0	2	1.242	8	1	6	5	0	2	0	2.515
C7_02330W_A	YCF1	1	0	2	0	1	1	0	4	0	3	1	1	0	1	1	1	2	1.032	0	0	0	1	2	0	1	1	1.016	2.022	0	3.933	2	1.573	1	0	2.779	0	0	0	1.04	0	0	0	0	1	0	0	0	0	1.166	1	1	3.937	0	2	0	4.51	1.183	3	0	1
C7_02340C_A	TRM82	1	0	0	0	0	2	0	1	0	0	1	0	0	0	0	0	0	0	0	1	0	1	0	1	0	0	1	0	1	0	0	0	0	0	2	1	0	0	0	0	0	0	0	0	0	0	0	1	0	0	0	0	0	0	0	0	0	0	0	0
C7_02350C_A	C7_02350C_A	0	0	0	0	0	0	0	0	1	0	0	0	0	0	0	0	1	0	1.059	0	0	0	0	0	0.99	0	1	0	0	0	0	1.091	0	0	0	1	0	0	0	0	0	0	0	0	1.988	1	0	0	0	0	1	0	0	0	1.324	0	0	0	0	1.239
C7_02360W_A	C7_02360W_A	1	0	0	0	0	0	0	0	0	0	0	0	0	0	0	0	1	0	0	0	0	1	0	1	0	0	0	0	0	0	1	0	0	1	0	0	0	0	0	0	0	0	0	1	0	0	0	0	0	0	0	0	0	0	0	0	1	0	0	0
C7_02370W_A	C7_02370W_A	0	0	0	1	0	0	0	0	0	0	1	0	2	0	1	0	0	0	0	0	0	0	0	0	0	0	0	0	0	0	0	0	0	0	0	0	0	0	0	0	0	0	0	0	0	0	0	0	0	0	0	0	0	0	0	0	0	0	0	0
C7_02380C_A	CYP1	0	0	0	0	0	0	0	0	0	0	0	0	0	0	0	0	1	5	3	3	1	1	0	1	0	0	0	0	0	0	0	0	0	0	0	0	0	0	0	0	0	0	0	0	0	0	0	0	0	0	0	0	0	1	0	0	0	0	0	0
C7_02390W_A	AHP2	1	0	0	0	0	0	1.008	0	0	3	2	1	0	0	0	0	3	4.99	5	5	1	1	3	0	0	0	0	0	1	0	2	3	4	2	2	3	0	0	0	0	0	0	0	0	0	0	0	0	0	0	1	0	0	1	2.002	0	0	0	0	0
C7_02420C_A	C7_02420C_A	0	0	0	0	3	2.968	0	0	0	1.753	1	0	1	0	0	0	1	1	3	0	0	1	1.934	0	6	3.006	4	2	0	1	1	0	1	3	0	0	0	1	0	0	1	0	0	1	1	2	0	3	1	2	0	1	0.999	0.947	1	1	3.569	0	0	1.579
C7_02430C_A	C7_02430C_A	0	0	0	0	1	2.991	0	0	0	0	0	1	0	0	0	0	0	0	0	0	1	0	1	0	0	0	0	0	0	0	1	1	0	1	0	0	0	0	0	0	0	0	0	0	0	0	0	0	1	0	0	0	1	0	0	2	0	0	0	0
C7_02450W_A	C7_02450W_A	0	0	1	0	0	0	0	0	0	0	0	1	0	0	0	0	0	0	0	0	0	0	1.001	0	2	0	0	1	0	1	1	0	0	0	0.999	0	0	0	0	0	0	0	1.314	0	0	0	1	0	0	0	0	0	1.998	0	0	0	0	0	0	1.931
C7_02460C_A	C7_02460C_A	2	1	2	4	1	0	0	3	0	0	0	1	0	0	0	0	1	1	0	0	0	0	0	0	1	0	2	0	4.997	4	6	3	1	1	0	0	0	0	0	0	2	2	0	0	2	0	1	0	3	0	1	0	1	0	2.01	0	2	2	1	0
C7_02470C_A	C7_02470C_A	0	0	0	0	0	1	0	0	0	0	0	0	0	0	0	0	0	1	0	0	0	0	0	0	0	0	0	0	0	0	0	0.998	0	1	0	0	1	0	1	0	0	0	0	0	0	0	0	0	1.894	1	0	0	0	0	0	1	1	0	0	1
C7_02480W_A	C7_02480W_A	1	0	0	1	1.913	3	1.021	3	0	0	0	1	1	3	1	2	0	1	0	1	0	0	0	1	1.066	0	1	1	0	2	0	1	1	0	1	0	0	0	0	0	0	0	0	1	0	2	5	3	1	2	3	0	0	2	5.09	0	1	1	2	6
C7_02490W_A	PEX1	1	0	1	1	1	0	0	0	0	0	1	1	0	0	2.989	0	1	1	0	0	1.003	2	2	0	1.13	0	0	2	2	1	4.915	1	1	0	1	0	0	1	0	0	0	0	0	0	0	0	2.33	0	0	1.342	0	0.902	1.097	2	1	5	0	1	0	0
C7_02500C_A	DPP3	0	0	2	0	0	0	1	0	0	0	1	0	0	0	0	0	0	0	0	0	1	1	0	0	0	0	0	0	3	2	2	2	0	0	1	0	0	0	0	0	0	0	0	0	0	0	0	0	0	0	1	0	0	2	0	0	0	0	0	0
C7_02510W_A	C7_02510W_A	0	0	0	0	1	0	0	0	0	0	0	0	0	0	0	0	0	0	0	0	0	0	0	0	1	0	0	0	0	0	0	1	0	0	0	0	0	0	0	0	0	0	0	0	0	0	0	0	0	1	0	0	0	0	0	1	0	0	0	1.002
C7_02520W_A	C7_02520W_A	0	0	0	0	0	0	0	1	0	0	0	1	0	0	0	0	0	0	0	0	0	0	0	0	0	0	0	0	0	0	1	0	0	0	0	0	0	0	0	1	0	0	0	0	0	0	0	0	0	1	0	0	0	0	0.998	0	1	0	0	2
C7_02530C_A	C7_02530C_A	0	0	0	0	0	0	0	0	0	0	0	0	0	0	0	1	1	0	0	0	1	0	1	1	0	1	0	0	1	0	0	0	0	0	0	0	2	2	0	0	0	0	0	0	1	2	0	1	0	0	1	0	0	0	1	0	0	0	0	0
C7_02540W_A	C7_02540W_A	0	0	0	0	0	0	1	0	3.999	6	0	4	0	1	1.001	1	2	0.998	0	0.956	2	0	1	1	2.607	1	1	0	3	3	1	2	0	1	1	2	0	0	0	1	0	1	0	0	2	2	1	1	2	2	1	1	2.006	2	2.003	2.799	4	0	2.182	1
C7_02550C_A	C7_02550C_A	0	0	0	0	2	2	0	1	0	0	0.996	1	1	0	1	0	0	2	1.999	1	1	0	1	0	1	0	2	1.731	0.994	0	0	2	1.995	0	2	0	0	0	0	0	0	0	0	0	1	0	0	1	1	1	1.609	1	4	1	3	2	1	0	1.233	1.889
C7_02560W_A	C7_02560W_A	0	1.003	1	2	1	0	1	1	2.307	0	1.144	0	1.011	0	0	1.012	0	1	0	1	1	0	2	1	5	2.025	1.999	1.018	1.002	1	0	3.001	0	1	2	0	0	3	0	1	0	0	2	0	0	2	1	1	0	0	1	1	4.303	1.108	3	0	1.001	3	3.695	1
C7_02570C_A	RBP1	0	0	0	0	0	0	0	0	3	3	2	4	0	0	0	0	3	1	3	2	2	1	1	0	0	0	0	0	1	1	0	0	0	0	0	0	0	0	0	0	0	0	0	0	0	1	0	0	0	0	0	0	0	0	0	1	0	0	0	0
C7_02600C_A	C7_02600C_A	3	6	3	3	1.759	0	1.002	0	10	13	11	12	0	1	1	0	0	0	0	0	1	1.032	0	2	6.287	3	2.001	5	5	5	7.543	13	1.936	0	2.511	2.883	3	3	8	6.46	0	0	0	0	12.728	6.546	8.567	7.855	0	1.061	0	2.155	4.642	3.394	7	5	2.177	1	1	2.019
C7_02610C_A	C7_02610C_A	10	5	4	5	1	2	4	2	5	6	10	5	5	3	4	2	3	6	4	8	6	5	3	6	5	2	3.001	4	4	7.994	6	7	0	0	1	0	9	5	1	10	0	1	0	0	9	7	10	10	2	1	0	0	9	8	4	9	0	0	0	0
C7_02630W_A	C7_02630W_A	0	0	0	2	0	2	0	1	0	0	0	0	0	1	0	1	0	0	1	0	1	0	1	0	0	0	0	0	0	0	0	1	0	1	0	0	0	0	0	0	0	0	0	0	0	0	0	0	0	0	1	0	0	0	1	0	1	0	0	0
C7_02640W_A	TOM70	0	0	0	0	2	3	2	3	0	1	1	0	0	0	0	0	0	1.003	0	0	0	0	0	0	1.528	0	1	1	2	0	1	1	0	0	0	1	0	0	2	0	0	0	0	0	2	0	0	0	0	1	0	0	0	0	0	0	0	0	1	0
C7_02650W_A	TEP1	1	0	0	0	0	0	0	2	0	1	2	1	0	0	1	0	1	0	0	0	0	0	2	0	0	1.54	1.352	0	0	1	1	1.011	0	0	0	1	1	0	0	0	0	1	0	1.421	0	1	0	0	1	0	1	0	0	1.108	1	4.872	1	0	0	1
C7_02660C_A	C7_02660C_A	0	0	1	0	0	0	0	0	0	0	0	0	0	0	0	0	0	0	0	0	0	0	0	0	0	1	1	1	0	0	0	0	0	0	0	0	0	0	0	0	0	0	0	1	0	0	0	0	1	0	0	0	0	1	1	1	0	0	0	1.776
C7_02670W_A	C7_02670W_A	0	0	0	1	2	3.08	0	0.941	1	5	5	5	0	1	0	2.023	0	0	0	0	1.582	2.449	0	1.316	1	1	1.109	1	2.367	1	1.995	1.999	0	2	0	0	1	0	0	1	0	1	0	0	0	0	0	1	2.918	0	0	2.555	5.001	5.001	2.208	3.003	0	0	2.501	2.859
C7_02680W_A	TOM22	0	0	0	0	0	2	2	0	0	0	0	0	0	0	0	0	0	0	0	0	0	0	0	0	0	0	0	0	0	0	0	0	0	0	0	0	0	0	0	0	0	1	0	0	0	0	0	0	0	0	0	0	0	0	0	0	0	1	0	0
C7_02690C_A	C7_02690C_A	0	0	0	0	2	3	1	1	1	1	2	0	0	0	1	1	1	1	1.635	2	1.622	1.716	2	0	1.928	1	0	0	1.007	1	0	0	1	1	2	1	0	0	0	1	0	0	0	0	0	0	1	0	1	0	1	2	1	0	0	1.002	2	1	2.182	1.832
C7_02750W_A	FGR6-1	0	0	0	0	0	0	0	0	0	0	0	0	0	0	0	0	0.999	0	0	0	0	0	0	1	0	0	0	2	0	0	0	1	0	1	0	0	0	0	0	0	0	0	0	0	0	0	0	0	0	0	0	1	0	0	0	0	0	2.094	0	0
C7_02760W_A	C7_02760W_A	0	0	1	0	0	0	0	0	0	0	0	0	0	0	0	0	0	0	0	0.861	0	0	2	0	0	1	0.999	0	0	0	1	0	0	0	1	0	0	0	0	0	0	0	0	0	0	0.918	0	0	0	0	0	1.937	1	1	0	0	0	0	1	0
C7_02770W_A	CHS1	0	0	0	1	1	0	0	0	1	2	0	0	4	6	1	4	2	0	1.03	2	1	2	3	2	1	0	2	2	5	4	5.057	8	0	0	2	3	0	0	1	0	0	0	0	1	6	1	2	0	1	0	0	0	0	2	1.003	3	2.125	2	3.722	0
C7_02780W_A	C7_02780W_A	0	0	0	0	0	1	1	1	2	0	0	0	0	0	0	0	0	0	0	1	0	0	0	0	1	0	0	1	0	2	0	0	0	0	0	0	0	1	0	0	0	0	0	0	0	0	0	0	0	0	0	0	4	1	2	4	1	1	1	0
C7_02790C_A	POL3	0	0	0	1	1	1	0	0	1.007	1	0	0	0	0	0	0	0	0	0	0	1	0	1	0	0	0	1	0	1.113	1	2.011	1	0	0	0	0	0	0	0	0	0	0	0	0	0	0	0	0	0	0	0	0	0	1	0	0	1	0	0	0
C7_02800W_A	NIK1	0	0	1	0	0	0	0	0	1	1	0	0.999	0	1	0	1	2	1	0	0	1	1	2	2	2.005	0	2	1.186	0	0	0	1	1	0	0	0	1.651	1	0.993	0	0	0	0	0	3	0	0	0	0	1	1	0	2	3.982	3.035	1	0	0	0	0
C7_02810W_A	PRX1	1	0	1	1	7	3	3	1	5	2.018	4	2	3	3	1	1	2	1	3.945	2	2	0	3	2	1	6	4	3	2	3	1	1	2	1	0	2	0	2	1	1	1	0	0	2	0	3	1	1	3	4	2	5	2	8	5	2	3	7.988	7	4
C7_02830C_A	LIP5	0	1	0	0	1	0	0	1	0	0	0	0	0	0	1.01	0	0	0	0	0	1	0	0	0	0	1.488	0	0	0	0	1	0	0	0	0	0	0	0	0	0	0	0	0	0	0	0	0	0	0	0	0	1	0	0	0	0	0	0	0	0
C7_02840C_A	ERG5	0	0	0	0	1	1	0	0	1	1	0	2	0	0	1	0	1.192	1	0	0	1.062	0	0	2	1.978	1.164	0	0	1	0	0	1	5	3	4	5	1	2	2	0	0	0	0	0	0	1	2	0	1	1	0	0	2	0	0	0	0	0	0	1
C7_02850W_A	C7_02850W_A	0	0	0	0	0	0	0	0	0	0	0	0	1	0	1	1	1	2	1	1	0	1	0	0	1	2	2.685	0	2	2	1	0	0	0	0	0	1	0	1	0	0	0	0	0	0	0	0	0	0	0	0	1.477	0	1	2	0	0	1	0	0
C7_02860C_A	C7_02860C_A	0	0	0	0	0	0	2	0	1	1	1.141	0	0	0	1.996	0	1	1	0	0	0	0	1	0	2	0	1	0	2.388	2.025	1.999	0	1.001	1	0	0	0	0	0	1	1	1	0	0	0	0	0	1	4	3	0	3.617	0	1	0	0	1	2	1	4.615
C7_02870C_A	TAF19	4	2	4	0	1	0	0	0	1	0	0	0	0	0	0	0	0	0	0	0	0	0	0	0	1	0	1	2	5	1	0	3.004	1	0	0	0	1.001	0	0	0	0	1	0	0	0	0	0	0	0	1	0	0	0	0	0	0	0	2	1	1
C7_02880C_A	LIP9	0.983	0	0	0	0	0	0	0	1	0	0	0	0	0	0	0	1	0	0	0	0	0	0	0	0	1.512	0	0	1	1	0	1	0	0	0	0	0	0	0	0	0	0	0	0	0	0	0	0	0	0	1	0	0	0	0	0	0	0	0	1
C7_02890C_A	PMT1	0	0	0	0	0	0	1	1	0	0	0	1	0	0	0	0	0	0	0	0	0	0	1	0	1	0	1	0	0.999	2	1	1.295	0	0	0	0	0	0	1	1	0	1	0	0	0	0	0	1	2.942	0	1.358	0	3	2.422	0	2	0	0	0	0
C7_02910W_A	ENA21	0	0	0	0	0	0	1.001	0	0	0	1	0	0	0	0	0	0	1	1	0	0	1	1	0	1	0.999	1.872	1	1	1	0	0	0	0	0	0	0	0	0	0	0	1	0	0	1	0	1	0	0	0	0	0	2	2.131	0	0	1.253	1.096	4.536	2
C7_02920W_A	C7_02920W_A	1.555	0	0	0	0	1	1	1	0	1	1	0	0	0	2.76	0	1	0	0	0	1	0	0	2	0	0	0	0	1	0	0	0	7	5	1	3	1	0	0	0	0	0	0	1	0	0	0	0	1	0	0	1	0	0	0	1	0	1	0	0
C7_02930C_A	C7_02930C_A	1.001	0	0	0	1.995	1	1	1	3	3	2	3	1	0	0	1	2	3	1	1	0	1.572	0	1	2	2	1	0	1	2	0	2.602	0	1.412	0	0	0	0	0	0	0	0	0	0	0	0	0	1	1	0	0	0	0	0	1	0	0	1.713	0	0
C7_02940C_A	IFM1	0	0	0	2	0	2.224	0	1	0	0	1.007	0	1	0	0	0	0	1	0	0	0	0	0	0	0	1	0	1	1	1	0	1	0	0	0	0	0	0	0	0	0	0	0	0	0	0	0	0	0	0	1	0	1	0	1	0	1	1	1	0
C7_02950C_A	DBF4	0	0	0	0	1	0	0	0	0	0	0	0	1	0	0	0	0	0	0	0	0	0	0	0	3.002	4	3	4	0	0	0	0	0	0	0	1	0	0	0	1	0	0	0	0	0	0	0	0	0	1	1	1	0	0	0	0	0	0	0	0
C7_02960C_A	C7_02960C_A	0	0	1	0	0	1	0	0	1	1.001	1	0	0	1	0	1	0	0	1	0	1.145	0	0	1	0	0	0	0	1	3	0	0	0	0	1	0	1	1	0	0	0	1	0	1	1	0	0	0	0	1.612	1	0	0	0	1	0	0	0	0	0
C7_02970W_A	ECM39	0	0	0	0	0	1	0	0	1	0	0	0	0	0	0	0	2	0	0	0	0	0	0	0	0	0	0	0	0	1	0	0	2	0	0	0	0	0	1	0	0	0	0	0	0	0	0	1	0	0	1	0	4	2	3	8	3.41	2	2	0
C7_02980C_A	SFI1	1	0	0	1	1.997	0	1	2	9	6	4	5	0	0	0	0	0	1	1	1.037	1	1	0	0	4.227	0	0	0	3	0	0	1	0	2	0	1	0	0	0	0	1	0	0	0	0	0	1	1	1.164	0	0	3	0	0	1	0	3.23	1.501	1.12	1.071
C7_02990W_A	BCK1	0	0	0	1	0	0	2	0	1	0	0	1.105	1	0	1	0	0	0	0	0	1.98	0	0	2.166	0.999	0.973	1	1	0	1	0	2	0	0	0	0	2	0	0.983	0	0	0	0	0	0	1	0	0	0	0	1.134	3	1	1	0	0	0	0	2	0
C7_03000C_A	C7_03000C_A	0	0	0	0	2	1	2	2	0	0	0	0	0	0	0	0	0	0	0	0	0	0	0	0	1	0	0	0	1	0	0	0	0	0	0	0	1	0	0	0	0	0	0	0	0	0	0	0	0	0	1	0	0	0	0	0	0	0	1	0
C7_03010W_A	C7_03010W_A	0	2	0	1	1	0	0	0	0	0	0	0	3	4	5.001	7	1	0	2	0	0	0	0	0	1	1	6	2	0	2	1	1.003	0	2	0	1.002	0	3	1	0	1	0	0	1	2	8	2	3	1	0	0	0	1	0	0	0	0	0	1.251	1.273
C7_03020C_A	DUG3	1	0	0	0	1	0	0	0	0	0	0	0	0	0	0	0	0	0.954	0	0	2	0	0	0	0	0	0	0	1	1	0	0	0	0	0	0	0	0	0	0	0	0	1	0	0	0	0	0	2	0	0	0	2	0	0	0	0	0	0	0
C7_03030W_A	C7_03030W_A	0	0	0	0	0	0	0	0	0	0	0	0	0	0	0	0	0	0	0	0	0	0	0	0	0	0	0	0	0	0	0	0	0	0	0	0	0	0	0	0	0	0	0	0	0	1	0	0	0	0	0	1	0	0	0	0	0	0	0	2
C7_03040W_A	C7_03040W_A	0	0	0	0	0	0	1	0	0	0	0	0	0	0	0	0	0	0	0	0	0	0	0	0	0	0	0	0	1	0	0	0	0	0	0	0	0	0	0	0	0	0	0	0	0	0	0	0	0	0	0	0	0	0	0	0	0	0	0	1
C7_03050W_A	C7_03050W_A	0	0	0	0	0	0	0	0	0	0	0	1	2	5	7	8	4	0	2.847	2.94	0	0	0	0	0	0	1	0	0	0	0	0	0	0	0	0	1	2	3	0	1	0	0	0	0	1	0	1	0	0	1	0	0	0	0	0	0	0	1	0
C7_03060C_A	CHS6	1	0	0.999	3	0	1.583	1	1	1	3	0	0	0	1	0	0	1	0	0	1	1	0	1	1	2	0	0	0	1	1	0	1	0	1	0	1	0	0	0	1	1	0	0	0	0	0	0	0	4.706	2	2	0	0	1.999	3.007	0	0	1	0	0
C7_03070C_A	CYR1	0	2	0	2	1	1	0	0	0	0	3	1	2.002	0	2	1	2	0	0	1.195	0	2	0	2.632	2	0	1	2	1	2	2	1	2	0	1	0	0	1	0	0	0	1.164	0	1	0	2	1	0	2.441	0	3.614	1	1	0	3	1	1.096	3	1.861	0
C7_03080W_A	LMO1	1	0	0	0	1	0	0	0	1	0	0	0	0	1.117	0	0	0	0	0	1	0	0	0	0	1	1	2	0	0	1.108	1	0	0	0	0	0	1	0	0	0	0	0	0	0	1	0.985	1	0	0	0	0	0	1	0	0	1	0	0	0	0
C7_03090C_A	SSP96	1	0	0	0	0	0	0	0	0	0	0	0	0	0	0	0	0	0	0	0	0	1	0	0	1	0	1	0	0	0	0	0	0	0	0	0	0	0	0	0	0	0	0	0	1	0	0	0	0	0	0	0	0	0	0	0	0	0	0	0
C7_03110W_A	PGA28	0	0	0	0	0	0	0	0	0	1	0	0	0	0	1	0	0	0	0	0	0	0	0	0	0	0	0	0	0	0	0	0	0	0	0	0	0	0	0	0	0	0	0	0	0	0	0	0	0	2	0	0	0	0	0	1	0	0	0	1
C7_03120W_A	TIM54	1	0	1	0	0.976	0	0	0	1.968	1	0	0	0	2	2	0	2	2	1	1	0	0	0	0	0	0	0	0	0	0	2	0	1	0	0	0	0	0	0	0	0	0	0	0	1	2	1	1	1	0	0	0	0	1	1	0	0	0	0	0
C7_03130C_A	DFR1	0	1	0	0	0	0	0	1	0	0	1	0	0	0	0	0	0	0	0	1	0	0	0	0	0	0	0	0	0	0	0	2	0	0	1	0	0	0	0	0	0	0	0	0	0	0	0	0	1	0	0	0	0	0	0	0	1	0	1	0
C7_03140W_A	C7_03140W_A	0	0	0	0	0	1	0	0	0	0	1	0	0	0	0	0	0	0	0	0	1	0	1	1	0	1	0	2	0	0	1	1	0	0	0	0	0	0	0	0	0	0	1	0	0	0	1	0	0	0	0	1	1	1	1	0	0	2	0	0
C7_03150W_A	C7_03150W_A	0	0	0	2	0	0	0	0	0	0	0	2	1	0	0	0	1	0	0	1	0	0	0	1	2	3	4	1	0	1.053	1	0	0	0	1	0	0	0	0	0	0	0	0	0	1	0	0	1	0	0	0	1	2.689	0	0	0	0	1.308	1	1.439
C7_03160W_A	C7_03160W_A	0	0	0	2	2	2	1.018	1.357	2	3	2	4	0	0	3	0	1	2	2.667	4	2	0	0	1	4	3.571	3	1	2	0	6	1	3	2	0	0	0	0	0.973	0	0	0	0	2	1	1.002	1	1.002	2.851	0	2	1	3	0	3	0	1.162	3.463	1	0
C7_03170W_A	IFA21	0	0	0	1	0	2	0	1.059	0	1	1	0	1	1	0	0	0	0	0	0	1	1	1	0	0	1	0	1	0	1.144	0	1	0	1	0	0	0	0	0	0	1	0	1	0	0	1	0	0	1.009	7.566	0	0	3	1	1	0	0	0	0	0
C7_03180C_A	HHO1	0	0	0	0	0	0	2	0	0	0	0	0	0	0	0	0	0	0	0	0	0	0	0	0	1	0	0	0	2	5	5.021	3	0	0	0	0	0	0	1	0	0	0	0	0	1	1	1	0	0	0	1	0.963	0	0	0	0	1.988	1	0	0
C7_03190C_A	C7_03190C_A	2	0	2	0.992	1	3	2	1	1	0	3	1	0	0	3	1.89	3	4	2	0	1	2	2	1	1	7	1	2	3	3	2	3	2	3	1	2	1	2	0	1	1	0	4	2	1	1	3	1	3.256	3	6.977	0	2	3	1	1	2	2	3	1
C7_03200C_A	C7_03200C_A	0	0	0	0	0	0	0	0	0	0	0	0	0	0	0	0	0	0	0	1	0	0	0	0	0	1	0	0	0	0	1	0	0	0	0	0	0	0	0	0	0	0	0	0	0	0	0	0	0	0	1	0	0	0	0	0	1	0	0	0
C7_03210W_A	C7_03210W_A	0	0	0	0	0	0	0	1	0	0	0	0	0	0	0	0	0	1	0	0	0	0	0	0	0	0	0	0	0	0	0	1.012	0	0	0	0	0	0	0	0	0	0	0	0	0	0	0	0	0	0	2.227	0	0	0	0	0	0	1	0	0
C7_03220C_A	ZCF29	0	0	0	0	1.003	1	0	1	0	1	0	0	2	1	0	1	2	0	0	0	0	0	1	0	1	1	2	3.004	1	0	0	0	1	1.082	2	1	0	0	0	0	0	0	0	1	0	1	2	1	2.134	0	1.088	2	0	1	0	2	1	1.077	1	1
C7_03230C_A	C7_03230C_A	1	1	0	0	5	1	1	2	1.104	0	2	1	1	3	0	2	1	4	1	4	0	1	3.001	3	4	4	1	2	2	6	3	5	4	2	2	5	3	1.226	2	3	2	1	1	1	0	3	1	1	1	6	8	1	6.006	4	3	2	5	6	4	7
C7_03240W_A	C7_03240W_A	0	0	1	0	0	1	1	0	0	0	0	0	0	0	0	0	0	2	1	0	0.988	0	0	0	1	0	0	0	0	1	0	1	0	0	0	0	0	0	0	0	1	0	0	0	0	0	0	0	0	0	0	0	1	0	0	0	0	0	2.297	1.236
C7_03250C_A	PDI1	8	4	4	6	3	2	5	4	0	0	0	0	0	0	0	0	1	0	0	1	0	0	0	1	0	0	0	0	0	0	0	0	0	0	0	0	2	0	0	0	0	0	0	0	1	2	5	3	0	0	1	0	1	1	0	0	0	0	1	1
C7_03260C_A	C7_03260C_A	0	0	1	0	0	0	1	0	0	0	0	0	0	0	0	0	0	0	0	0	0	0	0	0	0	0	0	0	0	0	0	0	0	0	1	0	0	0	0	0	0	0	0	0	0	0	0	0	0	0	1.094	0	0	0	0	0	0	0	0	0
C7_03270W_A	C7_03270W_A	0	2	1	0	1	3	1	2	0	1	1	1	0	0	1	1	0	2	4	0	0	0	0	0	0	0	0	1	2	0	1	0	0	0	0	0	0	0	0	0	0	0	0	0	0	0	0	0	1	0	0	0	2.08	0	0	2	0	0	1	1
C7_03280C_A	C7_03280C_A	0	0	0	0	0	2	4	0	0	0	0	0	5	4	1	3	3	5	3	2	0	1	2.996	1	0	1	0	0	0	1	6	5	0	0	0	0	0	1	0	0	0	0	0	0	0	0	1	0	0	0	0	0	0	3	0	0	1	1.13	0	1
C7_03290C_A	RBR3	0	0	0	0	0	0	0	0	0	0	0	1	0	0	0	0	0	1	2	0	0	0	0	0	0	0	1	0	0	0	0	0	0	0	0	0	1	0	2	0	0	0	0	0	1	0	0	1	1.047	0	0	0	1	2	2.01	0	0	0	1	0
C7_03300C_A	LIP8	0	0	0	0	0	0	0	0	0	0	0	0	1	0	0	0	0	0	0	0	0	1	0	0	0	0	0	0	0	0	0	0	0	0	0	0	0	0	0	0	0	0	0	0	0	1	0	1	1	0	0	0	0	0	0	0	1	0	2	4.31
C7_03310W_A	C7_03310W_A	0	0	0	1	0.995	0	1	1	1	0	1	0	3	0	2	2	1	0	1	0	0	1	2	1	0	1	1	2	1	1	0	0	1	0	1	2	0	0	0	0	0	0	0	0	0	0	0	0	0	1	0	1	2	1	1.034	0	0	2	1	1
C7_03320C_A	MED16	0	0	1	1.668	2	0	0	1	0	0	0	1	1	0	1	0	0	0	1.004	1	2.005	1	1	1.935	3.999	1	0	0	0	0	1	0	1	1.995	1	0	0	0	1	0	0	0	2	0	0	0	1	0	1	0	0	1	0	4	2.013	5	3.203	0	0	0
C7_03330C_A	SHM1	1	0	0	0	0	1.07	1	2	0	0	0	2.061	2	0	0	0	0	0	0	0	0	0	0	0	1	0	0	0	1	1	1	1	0	0	0	0	0	0	0	0	0	1	0	0	0	0	1	0	1	1	0	0	0	1	1	4.994	1	0	0	0
C7_03340C_A	PRR2	0	0	0	0	0	0	0	0	0	0	0	0	1	0	0	0	0	0	0	0	2	0	0	0	0	0	0	0	0	0	0	0	0	0	0	0	0	0	1	0	0	0	0	0	0	0	0	0	0	1	0	0	0	1	1	0	0	0	0	1.003
C7_03350C_A	C7_03350C_A	0	0	0	0	0	0	1	0	0	0	0	0	0	0	0	0	0	0	0	0	0	0	1.628	0	0	0	0	0	0	0	0	0	0	0	0	0	0	0	0	0	0	0	0	0	0	0	0	0	0	0	0	0	0	0	0	0	0	0	0	0
C7_03360W_A	CPY1	0	0	0	0	0	0	0	0	0	0	0	0	0	0	0	0	0	0	1	0	0	0	0	0	0	0	0	0	0	1.001	0	0	0	0	0	0	0	0	0	0	0	0	0	0	0	0	0	0	0	1	2	0	0	0	0	0.999	1	0	1	2.109
C7_03370C_A	C7_03370C_A	0	0	0	0	0	0	0	0	1	1	0	0	0	0	0	0	0	0	0	0	0	0	1	0	0.995	0	1	0	0	0	0	0	0	0	0	0	0	0	0	0	0	0	1	0	0	0	0	0	0	0	0	0	0	0	0	0	0	0	1	0
C7_03380W_A	C7_03380W_A	0	0	0	0	0	0	0	0	0	0	0	0	0	0	0	0	0	0	0	0	0	0	0	0	0	0	0	0	0	0	0	0	0	0	0	0	0	0	0	0	0	0	0	0	0	1	0	0	0	0	0	0	0	0	0	0	0	0	0	1
C7_03390C_A	PUP3	0	0	0	0	0	1	0	1	0	0.991	0	0	0	0	0	0	0	0	0	0	0	1	0	0	0	0	0	0	0	0	0	0	1	0	0	0	0	0	0	0	0	0	0	0	0	0	0	0	0	0.999	1	0	0	0	0	0	0	0	0	0
C7_03400C_A	C7_03400C_A	0	0	0	1	1.002	0	0	3	1	0	2	0	2	5	1	0	0	0	2	1	0	0	0	0	1	1.357	0	0	1	1	0	1	0	0	0	0	0	0	1	0	0	0	0	0	1	0	0	0	1	0	3	2.16	0	0	1.991	1	2	0	0	0
C7_03410C_A	C7_03410C_A	0	0	0	0	0	0	0	0	1	3	3.019	2	0	0	0	0	0	0	0	1	0	0	0	0	2	0	2	0	3	0	2	2	0	1	0	0	6	2	5	8	0	0	0	0	2	0	1.001	0	1.121	0	0	0	0	1.002	0	0	1	1	0	2
C7_03420C_A	SNG3	0	0	0	1	3	0	3	3	0	0	1	1.002	1	0	0	0	0	0	1	1	2	0	1	1	0	0	1.574	2	0	0	1	0	1	3	7	5	3	3	4	1	0	0	1	0	0	1	0	0	0	0	0	0	3	1	3	1	1	0	1	0
C7_03440W_A	SNG4	1	0	1	0	1	2	3	3	0.991	1	0	1.043	3	2	3	1	0	0	0	0	0	1.165	0	1	1	3	2	1	2	2	0	0	1	1	2	0	0	0	0	2	0	0	1	0	1	1	0	0	2.327	0	0	1	1	0	1	0	2	0	1	1
C7_03450C_A	HSM3	0	0	0	0	0	0	0	1	0	1	0	0	0	0	0	0	0	0	0	1	0.999	0	0	0	1	0	2	0	0	0	1	1	0	0	1.995	0	1	0	0	0	0	0	0	0	1	0	0	0	0	0	0	0	0	0	0	0	0	1.929	3	1
C7_03460W_A	C7_03460W_A	1	1	0	0	0	0	2	0	1	2	0	0	0	0	1	0	1	1	0	0	0	0	0	0	2	0	1	0	1.039	0	1	0	1	2	3	0	0	1	0	0	0	3	0	2	0	1	0	0	2	1.075	0	0	0	1	0	0	1	0	0	1
C7_03470W_A	C7_03470W_A	0	0	0	0	0	0	0	0	0	0	0	0	0	0	0	0	0	0	0	0	0	0	0	0	0	0	0	0	0	0	0	0	0	0	0	0	0	0	0	0	0	0	0	0	0	0	0	0	0	0	0	0	0	0	0	0	0	0	0	0
C7_03480W_A	C7_03480W_A	0	0	0	0	0	0	1	0	0	1	0	0	0	0	0	0	0	0	1	1	2	1	0	0	0	0	0	1	1	0	0	1	1	1	1	0	1	2	2	1	0	2	0	0	0	0	0	2	0	0	0	0	0	3	0	1	1	0	0	0
C7_03490W_A	GYP7	0	0	0	0	1	0	0	0	0	0	0	0	0	0	1	0.992	2	3	6	5	2	1	0	0	0.997	1.051	0	0	0	0	0	0	0	0	0	0	0	0	0	0	0	0	0	0	1	0	0	2	0	1.191	0	0	5	7	5	2	2	0	3.104	0
C7_03500W_A	C7_03500W_A	0	0	0	0	0	0	0	0	0	0	1	0	0	0	0	0	0	0	0	0	2	1.576	0	1	1.002	0	2.999	0	0	0	0	2	0	0	0	0	6.002	4	3	1	0	0	0	0	0	4	0	0	1	0	0	0	2	0	0	0	1	2	0	1
C7_03520W_A	PNC1	0	0	0	0	0	0	0	0	0	0	1	0	0	1	0	0	0	0	0	0	0	0	0	0	1	0	0	0	0	0	0	0	1	0	0	0	0	0	0	0	0	0	0	0	0	4	2	3	0	0	0	0	0	0	0	0	0	0	0	0
C7_03530C_A	ISY1	0	0	0	0	0	0	0	0	0	0	0	0	0	0	0	0	1	0	0	0	0	0	1	0	0	0	1	0	0	0	0	0	5	10	3	6	0	0	0	0	0	0	0	0	0	0	0	0	0	0	0	0	0	0	1	0	0	0	0	1
C7_03540C_A	ENP2	0	0	0	0	0	0	0	0	0	0	0	0	0	0	0	0	0	0	1	0	0	0	0	0	0	0	1	2	0	0	0	0	0	0	0	1	0	0	0	0	0	1	0	0	0	0	0	1	0	0	0	0	0	1.997	0	0	0	0	1	0
C7_03550C_A	C7_03550C_A	1.022	1.213	0	1	0	0	1	1.314	1	1	3	0	0	0	0	0	0	0	1	0	0	1.448	0	0	0	2.137	3.398	1	0	1.702	1	0	1	3	0	1.129	0	0	0	0	0	0	0	0	0	0	0	0	1	1.484	1	1	0	0	0	0	1	2	2	1
C7_03560W_A	C7_03560W_A	0	0	0	0	0	0	0	0	0	0	0	0	0	0	0	0	0	0	0	0	0	0	0	0	0	0	1.943	0	0	0	0	1	0	1	0	0	1	0	1.283	1	0	0	0	0	0	0.978	0	0	1	0	0	0	0	2	0	1	0	0	0	0
C7_03570W_A	ARG4	0	0	0	0	0	0	0	0	0	0	0	0	0	0	0	0	0	0	0	0	0	0	0	0	3	0	0	0	1	1	0	0	0	0	0	0	1	0	0	0	0	0	1	0	1	0	0	2	0	1	0	1	1	0	0	0	1	0	1	0
C7_03580C_A	C7_03580C_A	3	0	2	2	1	1	0	1	0	0	1	1	0	0	1	0	0	1	0	1.418	0	0	0	0	0	2.492	2	0	1	1	1.001	0	0	2	0	0	1	0	0	0	0	0	0	0	0	1	0	0	0	0	0	2.172	0	2	2	1	1	0	0	1
C7_03590C_A	C7_03590C_A	0	0	0	1	1.001	0	1	0	0	1	0	0	0	2	1	0	0	2	0	1	0	1.001	0	0	1	0	0	2	2	1	2	3	1	2	2	1.007	0	1	0	0	0	0	0	1	1	0	0	0	0	0	1.475	0	0	0	0	0	6	2	2.118	1
C7_03600W_A	MNN26	2	1	0	0	0	0	0	0	2	1	0	1	0	0	0	0	0	0	2	1	0	0	1.003	2	1.916	0	0	0	2.203	0	3.003	1	1	0	0	0	0	0	0	1	0	0	0	0	0	0	0	0	1.245	2	4.155	0	1	1	1.395	0	1.652	0	0	2
C7_03610C_A	C7_03610C_A	0	2	0	0	1.037	2.998	1	1	1	0	0	0	1	0	0	0	6.002	5	5.109	4.294	2	3	2	6	3.072	0	3	0	6	4	3	3.002	3.005	0	1	2	0	1	2	0	0	0	1	0	2	0	3	4.354	1	3	1.028	1	4	3.029	1	1	0	0	3.903	2.089
C7_03620C_A	C7_03620C_A	0	0	0	0	1	0	1	0	2	3	5	5	0	0	0	0	0	0	0	0	0	1	2	1.003	2	1	1	1	0	0	0	0	0	0	0	2	0	1	0	1	0	0	0	0	2	1	2	1	0	2	2.615	0	5	2	1	2	1	1.642	2	1
C7_03630C_A	TIM9	0	0	0	0	0	0	0	0	0	0	0	0	0	0	0	0	0	0	0	1	0	0	0	0	4	3	3	7	0	0	0	0	0	0	0	0	0	0	0	0	0	1	0	0	0	0	0	0	0	1	0	0	0	0	1	0	0	0	0	0
C7_03640C_A	C7_03640C_A	0	0	1.794	0	0	0	0	1	0.994	2.999	1	0	1	0	1	0	1	0	1	0	0	0	0	0	2.373	0	0	1	0	1	0	0	0	0	0	1	0	0	0	0	0	0	0	0	0	0	0	1	0	0	1.763	0	1	1	0	0	0	1.192	0	2
C7_03650W_A	C7_03650W_A	0	1	0	0	0	0	1	0	0	0	0	0	0	0	0	1	0	0	1.999	0	0	0	1	0	1	0	2	0	0	0	0	0	0	0	0	1	1	1	0	0	1	0	0	0	0	0	1	0	0	0	0	1	0	1	0	1	1	0	1	0
C7_03660C_A	C7_03660C_A	0	1	0	0	0	1.233	0	1.2	1	0	1	0	0	1	0	0	0	0	1.05	0	0	0	0	0	0	1.002	0	0	0	0	0	1	0	0	0	0	0	0	0	0	0	0	1	0	1	0	1	0	0	0	1	0	0.999	0	2	0	0	0	1.225	0
C7_03670W_A	DED81	0	0	0	0	2	1	0	2	3	5	6	5	0	0	0	1	0	0	0	0	0	0	0	1	0	0	1	1	0	0	1	0	0	0	1	0	0	1	2	0	0	0	0	0	2	5	4	1	0	0	0	0	0	1	0	0	1	0	0	0
C7_03680W_A	C7_03680W_A	0	1	2	0	1	0	0	2	0	0	3	0	1	0	0	0	0	0	0	0	2	1	1	0	2	2	4	2	1	0	0	0	0	0	0	0	0	1	0	1	0	0	0	0	0	0	0	1	2	0	1	1	1.31	0	4	4	1	3.575	1	2
C7_03690W_A	C7_03690W_A	2	0	0	1	2	3	0	1	0	0	2	0	0	0	1	0	0	1	1	1	3	0	3	1	5	3	0	2	3	3	4	5	0	0	4	0	0	0	1	2	1	0	0	0	0	0	0	2	0	1	1	1.367	4.992	0	0	1	3	1	4	0
C7_03700C_A	ENP1	0	0	0	0	0	1	0	0	1	0	1	1.999	1	0	0	1	0	1	0	0	0	2	0	1	1	0	0	1	6	3	5	1	2	0	0	2	1	0	0	0	0	0	0	0	1	2	0	0	1	0	0	0	0	0	0	2	1	1	0	0
C7_03710C_A	PLC1	2	2	0	0	0	0	0	1	0	1	1	0	0	0	0	0	0	0.997	1.045	1	1.041	0	0	0	2	2	0	2	0	1.27	0	1.207	2	1	1.148	2	1	1	0	1	0	0	0	0	0	1.005	0	2	4.723	0	6.887	3.31	0	2	0	1.058	2	2.164	0	4.27
C7_03720C_A	HIS7	0	0	0	0	2	1.003	3	0	0	0	0	0	2.001	1	1	1	0	2	0	0	1.055	0	0	0	2	0	0	0	1	0	2	0	0	0	0	0	0	0	0	0	0	0	0	0	1.011	0	0	3	0	1	0	0	1	1	0	0.995	0	2.634	0	0
C7_03730C_A	C7_03730C_A	0	0	0	0	0.992	0	2.332	1.655	1	0	0	0	0	0	3	1	0	0	0	0	0	0	0	0	0	3	0	0	0	0	0	1	0	0	1	0	0	0	0	0	0	0	1	2	0	0	0	0.997	2	3	1.102	2	2	1.084	0	3.069	2.905	1.19	0	1
C7_03740C_A	C7_03740C_A	0	0	0	0	0	0	0	0	0	0	0	0	0	0	0	0	0	0	0	0	0	0	0	0	0	0	0	0	0	0	0	0	0	0	0	0	0	0	0	0	0	0	0	0	0	0	0	0	0	0	0	0	0	0	0	0	0	0	0	0
C7_03760W_A	C7_03760W_A	0	0	0	0	2	3	0	1	0	0	0	0	0	1	1	0	0	0	0	0	0	0	0	0	1	1	0	2	0	0	0	1	0	0	1	0	0	0	0	0	0	1.641	1.675	2	0	0	1	2	1	2	1.632	2	0	0	1	0	1.976	3	1.783	2.903
C7_03770C_A	YAF9	0	0	0	0	2	1	1.734	1	0	1	1	1	0	0	0	0	1	1	1	1	0	0	0	0	0	0	1	0	1	0	0	1	1	0	0	0	1	0	0	1	0	0	0	0	0	0	1	1	0	0	0	0	0	2	0	4	0	0	0	0
C7_03780C_A	C7_03780C_A	0	1	1	0	0	1	0	0	2	1	1	0	2	0	0	0	0	0	0	0	0	1	0	0	0	0	0	0	2	0	0	0	0	0	0	0	0	0	1	0	0	1	0	0	0	0	0	0	1	0	0	2	0	0	0	0.989	1	0	2	0
C7_03790W_A	MRP7	0	0	0	0	3	2	0.99	0	0.96	0	0	0	0	1	0	0	0	0	1	0	3.091	1	2	2	1	2.7	3	2	1	1	1	0	1.679	1	2	0	0	0	0	1	0	0	0	1	0	1	0	0	0	1.279	0	3.379	0	0	0	0	0	1.175	2.627	2.181
C7_03800W_A	C7_03800W_A	1	0	1	1	0	0	0	1	0	0	0	0	0	0	0	0	0.936	0	0	0	0	1	0	0	2	0	1.718	1	0	2	0	0	0	1	0	0	0	0	0	0	0	1	0	0	0	2	1	0	0	1	1	0	0	1	0	0	0	0	0	0
C7_03810W_A	SLA2	0	0	1	0	0	2	1	0	4	1	3.001	2	1	0	0.993	2	3.085	7	4	4	0	0	0	0	0	0	0	1	2	5	7	2.653	2	0	1.992	1	0	0	0	1	0	0	0	1.797	0	0	0	0	3	1.352	0	0	1.001	0	1.146	0	2	2.473	1.253	0
C7_03820C_A	C7_03820C_A	0	0	0	0	1	0	0	0	0	0	0	0	1	1	0	1	1	0	0	1	1	0	0	0	1	1	1	0	0	0	1	0	0	0	1	0	0	0	0	2	0	0	0	0	1	0	0	0	0	1	2	0	0.974	0	1	1	0	0	0	0
C7_03830C_A	C7_03830C_A	0	0	0	0	1	0	0	1	0	1	0	0	0	0	0	0	0	1	0	0	0	0	0	0	0	1	0	0	1	0	0	0	0	0	0	0	0	0	0	0	0	0	0	0	0	0	0	0	0	0	0	0	0	0	0	0	1	0	0	1
C7_03840W_A	C7_03840W_A	1	0	0	0	0	0	0	1	1	1	0	0	0	0	0.999	0	0	0	0	0	2	0	0	0	0	0	0	0	0	0	0	0	1	1	1.29	1	0	0	0	0	0	0	0	0	0	0	0	0	0	0	0	1	0	0	0	0	0	0	0	1.838
C7_03850W_A	C7_03850W_A	0	2	0	0	2	0	0	1	2	0	2	0	0	3	1	0	0	0	2	1	2	0	0	0	3	3	1	3	2	0	3	2.789	1	2.54	0	0	0	0	0	0	0	1	0	0	0	0	0	0	1	2.349	1.546	0	1	0	0	0	2	1	2.051	2
C7_03860W_A	C7_03860W_A	0	0	0	0	0	2.028	1	0	5	0	1	1	2	1.751	0	1.004	0	1	0	0	0	0	0	1	1	0	0.997	0	0	2.999	1	1	0	0	0	0	1	2.039	2	0	0	0	2	0	0	1	1	0	0	0	0	0	0	2	1	1	0	1	0	1
C7_03870W_A	RAD6	0	0	0	0	0	0	0	0	0	2	2	0	0	0	0	0	0	0	0	0	0	0.879	0	0	0	0	0	0	0	0	0	0	1	0	0	0	1	0	0	0	0	0	0	0	0	0	0	0	0	1	0	0	0	0	0	0	0	0	0	0
C7_03880C_A	C7_03880C_A	0	2	0	1	0	3	4	4	3	2	3	0	2.97	0	2	3.007	0	0	4	2	3	0	1	2	6	5	5	11	2	3	4	1	1	1	3	5	3	3	4	2	4	0	0	0	2	1	0	2	5	4	6.664	5	7	10	7	6	4	2	5.979	4.084
C7_03890C_A	C7_03890C_A	0	0	0	0	1.984	1	0	0	0	1.124	1	0	4	4	1	3	1	1	0	1.002	0	0	2	1	0	0	0	0	1	1	0	0	2	2	2	5	1	0	0	0	0	1	0	0	2	0	3	0	0	2.441	1	0	0	0	0	0	2	0	1	0
C7_03900W_A	C7_03900W_A	0	0	0	0	1	1	1	0	1	0	0	0	0	0	2	0	0	1	0	0	0	0	1	2	0	0	0	1	0	1	0	0	0	0.977	0	0	0	0	0	0	1	0.915	0	0	0	0	0	0	0	1	0	0	0	0	1	0	0	0	0	0
C7_03910W_A	OGG1	0	0	0	0	0	0	0.999	0	0	1	0	0	0	0	0	0	0	0	0	0	1	0	0	0	1	0	0	0	0	0	1	1	0	0	0	0	0	0	0	0	0	0	0	0	0	0	0	0	1	0	1	0	0	0	0	0	0	0	0	0
C7_03920C_A	RPP1B	1	0	0	1	0	0	0	0	0	0	0	0	0	0	0	0	0	2	0	0	0	0	0	0	0	0	0	0	0	0	0	0	0	0	0	0	0	0	0	0	0	0	0	0	1	1	2	1	0	0	0	0	0	0	0	0	0	0	0	0
C7_03930C_A	MAM33	0	0	0	0	1	0	0	0	0	0	0	0	0	0	0	0	0	0	0	0	0	0	0	0	0	1	0	0	0	0	0	0	0	0	0	0	0	0	1	0	0	0	0	0	0	1	0	0	1	0	1	0	0	0	0	2	1	0	0	0
C7_03940C_A	CLB4	0	0	0	0	2	1	3	3.056	0	0	0	0	0	0	0	0	1	0	0	0	1	0	0	0	0	2	1	2	1	0	0	0	1	0	0	0	1	0	1	0	0	1	0	0	0	2	2	5	2	2	0	1	0	0	1	2	1	0	0	0
C7_03950C_A	tL(UAA)5	0	0	0	0	0	0	0	0	0	0	0	0	0	0	0	0	0	0	0	0	0	0	0	0	0	0	0	0	0	0	0	0	0	0	0	0	0	0	0	0	0	0	0	0	0	0	0	0	0	0	0	0	0	0	0	0	0	0	0	0
C7_03960C_A	UME1	0	0	0	0	0	1	0	1	1	0	0	1	1	0	0	0	0	1	0	0	0	0	0	0	2	0	2	0	3	0	3	0	0	0	0	0	0	0	1	0	0	0	0	0	0	0	0	0	0	2.579	0	2	4	0	4	3	2	1	1	1
C7_03970C_A	C7_03970C_A	0	0	0	0	0	0	0	0	1	0	0	0	0	0	0	0	0	0	0	0	1	0	0	0	0	0	0	1	0	0	0	1	0	0	0.915	0	0	0	1	0	0	0	0	0	0	2	1	0	1	0	0	0	0	0	0	0	0	0	0	0
C7_03980W_A	C7_03980W_A	1	0	0	0	1	0	0	0	0	0	2	0	0	0	0	0	0	0	0	0	0	0	0	0	0	0	0	0	1	0	0	0	0	0	0	0	0	0	0	0	0	0	0	0	0	0	0	0	0	0	0	0	0	0	0	0	0	0	0	0
C7_03990C_A	C7_03990C_A	0	1	1	0	1	1	2	0	1	0	1	1	1	0	1	0	1	0	3	2	0	0	1	1	2	1	0	0	1	0.99	0	1	1	1	1	1	0	0	0	2	1	0	0	0	2.022	1	0	0	0	0	0	0	2	1	0	2	1	2	3	1.705
C7_04000W_A	C7_04000W_A	0	0	0	0	0	0	0	0	0	0	0	0	0	0	0	0	0	0	0	0	0.855	0	1	1.063	0	1	2	0	1	1	0	1	0	1	0	0	0	1	0	1	0	0	0	0	0	0	0	0	1	0	1	0	0	0	0.999	1	0	0	2	1
C7_04010W_A	SSQ1	0	0	1	0	0	0	1	0	1.8	0	0	0	0	0	1	0	0	0	0	0	0	1	0	0	0	0	0	0	0	1	0	0	0	1	0	1	0	0	0	0	0	0	0	0	1	0	1	0	0	0	0	0	4	4	1	6	2.286	2.791	2	0
C7_04020C_A	PRE5	0	0	0	0	0	0	0	0	0	0	0	0	0	0	0	0	0	0	0	0	1	2	2	2.899	0	0	0	0	1	0	0	0	0	0	0	0	1	0	1	0	0	0	0	0	1	0	0	1	0	0	1	1	0	0	1	1	0	0	0	0
C7_04030C_A	KAP120	0	1	0	0	0	0	1	0	1.979	0	2	1	0	0	0	0	0	0	1	0	1.793	6	7	7	1.009	0	0	1	0	0	1	1.527	0	0	1	1	0	0	0	1	0	0	0	0	1	0	2	0	2.646	0	0	0.981	1	0	1	0	1	2	2.474	2.128
C7_04040C_A	NPT1	0	0	0	1	0	1	1.373	0	2	2	0	0	0	0	0	0	0	0	0	0	0	0	1	0	0	0	1	0	1.136	2	4.824	1	1	0	0	0	0	0	0	0	0	0	0	0	0	0	0	0	0	0	1	0	0	0	0	1.083	3.176	0	1.023	0
C7_04050W_A	HLJ1	0	0	0	0	2	0	0	0	0	0	0	0	1	0	1	0	2.29	0	1	0	0	0	0	0	0	0	0	0	1	1	1	1	0	0	0	0	0	0	1	0	0	0	1	0	1	1	0	0	0	1	0	0	1	2	1	0	0	1	0	0
C7_04060W_A	C7_04060W_A	0	0	0	0	0	0	0	0	0	0	0	0	0	0	0	0	0	0	0	1	0	1.781	0	1	0	0	0	0	0	0	0	0	0	0	0	0	0	0	0	1	0	0	0	0	0	0	0	0	0	1	0	0	0	2	0	0	0	0	0	0
C7_04070C_A	C7_04070C_A	0	0	0	0	0	0	0	0	0	0	0	0	0	0	0	0	0	0	0	0	0	0	0	0	0	0	0	0	0	0	0	0	0	0	0	0	0	0	0	0	0	0	0	0	0	0	0	0	0	0	0	0	0	0	0	0	0	0	0	0
C7_04080C_A	C7_04080C_A	0	0	0	0	0	0	0	0	0	0	0	0	0	0	0	0	0	0	0	0	0	1	0	0	0	0	1	0	0	1	0	0	0	0	0	0	0	0	0	0	0	0	0	0	0	0	0	0	0	0	0	0	0	0	0	0	0	0	0	0
C7_04090C_A	C7_04090C_A	4.017	3	5	2	0	0	0	0	0	0	0	0	0	0	0	0	1	0	1	0	0	0	0	0	0	1	0	1	3	1	2	5	0	0	0.999	0	0	0	0	0	0	0	0	0	0	0	0	0	0	1	0	1	0	1	0	1	0	0	0	0
C7_04100C_A	MED9	1	0	0	0	0.816	0	1	0	0	0	2	0	0	0	0	0	0	1	0	0	0	0	0	0	1	0	0	0	0	0	0	0	1	0	0	0	1	0	0	1	0	0	0	0	1	0	0	0	0	0	0	0	0	1	0	0	0	0	0	0
C7_04110W_A	ENV7	1	0	0	0	0	1	0	0	1.025	0	0	0	1	0	0	0	0	1	2	0	0	0	0	0	2	0	0	1.794	1	0	0	0	2	0	0	0	0	2	0	0	0	0	2	0	0	0	0	0	0	0	1	0	0	0	0	3.008	0	2	0	0
C7_04120W_A	C7_04120W_A	0	0	0	0	0	0	0	1	1	0	0	0	0	0	1.001	0	1	4	3	4	0	0	0	0	1	0	0	0	0	1	0	0	0	0	0	0	0	0	0	0	0	0	0	0	0	0	0	0	0	0	0	0	0	0	0	0	0	0	0	0
C7_04130C_A	SUI3	0	0	0	0	0	0	0	0	0	0	0	0	0	0	0	0	1	0	1	3	4	6	5	6	0	0	0	0	0	0	0	0	0	3	1	0	0	0	0	0	0	0	0	0	2	2	2	2	0	1	0	0	4	0	4	1	0	0	0	0
C7_04140C_A	C7_04140C_A	0	0	0	0	0	0	0	0	0	0	1	0	0	0	0	0	0	0	0	0	0	0	0	0	0	0	0	0	0	0	0	0	0	0	0	0	3	5	0	2	0	0	0	0	0	0	0	0	0	0	0	0	0	0	0	0	1	0	1	0
C7_04150W_A	C7_04150W_A	0	0	0	0	0	0	3.995	1.044	0	0	0	2	0	0	0	0	1	0	0	0	0	0	0	0	1	1.245	1	2	0	0	0	1	0	0	0	1	1	0	0	0	0	1	0	0	1	2	0	2.029	1	1	0	1.704	2	1.005	2	1.26	0	2	0	0
C7_04160W_A	C7_04160W_A	0	0	0	1	0	0	0	0	0	0	1	0	0	0	0	0	0	0	0	0	0	0	0	0	0	0	0	1	1	0	0	1	0	0	0	0	0	0	0	1	0	0	0	0	0	0	0	1	0	0	0	0	0	0	0	1	0	0	0	0
C7_04170W_A	C7_04170W_A	0	0	0	0	0	1	0	0	0	0	0	0	0	0	0	0	0	0	0	0	0	0	0	0	0	0	0	0	0	0	0	1	0	0	0	0	0	0	0	0	0	0	0	1	0	0	0	0	0	0	0	0	0	1	1	0	0	2	0	0
C7_04180W_A	FAA2-3	0	0	0	1	0	0	0	1	0	0	0	0	0	0	0	0	0	0	1	0	0	0	0	0	1	1	2	0	0	0	0	0	1	0	0	0	0	1	0	0	0	2	0	0	0	0	0	0	1	0	0	1	0	0	0	0	1	0	1.12	0
C7_04190C_A	UTP18	0	0	0	0	0	0	0	2	0	1.987	1	0	0	0	0	0	0	0	0	0	0	0	0	0	0	0	0	0	0	0	0	1	1	0	0	0	0	1	0	0	0	0	0	0	0	0	0	1	0	1	3	0	0	1	0	0	0	0	0	0
C7_04200C_A	LOS1	0	0	0	0	2	0	2	1	0	1	0	0.999	0	0.996	0	0	0	0	3	0	1	1	0	2	1	0	3.202	0	2.004	1.298	0	2	3	0	1	1	0	1	1.025	0	2.853	0	0	0	0	0	0	0	0	0	1.154	0	3	3.011	5	2	0	0	0	1.088
C7_04210C_A	C7_04210C_A	0	0	0	1	0	0	0	0	0	0	0	0	0	0	0	0	0	0	0	0	0	1	2	0	0	0	0	0	0	1	0	0	0	0	0	0	0	0	0	0	0	0	0	0	0	0	0	0	1	0	1	0	0	0	0	0	1	0	0	0
C7_04220W_A	C7_04220W_A	0	0	0	0	0	0	0	0	1	1	0	0	0	0	0	0	0	1	0	0	1	0	0	0	0	0	0	0	0	0	0	0	1	1	0	0	0	0	0	0	0	0	0	0	0	0	2	0	0	0	0	0	0	0	0	0	0	0	1	0
C7_04230W_A	NRG1	0	0	0	0	1	0	1	0	0	0	0	0	0	0	0	0	0	0	0	0	0	0	0	0	0	0	0	0	0	0	0	0	0	0	0	0	0	0	0	0	0	0	0	0	0	0	0	0	0	0	0	0	0	0	1	0	0	0	0	0
C7_04240C_A	C7_04240C_A	0	0	0	1	0	0	1	0	0	1	0	0	0	0	0	0	0	0	0	0	0	0	0	1	0	0	0	1	1	0	0	0	0	1	0	0	0	1	0	0	0	0	0	0	0	0	0	0	1	3	0	0	0	0	0	0	0	0	1	0
C7_04250W_A	TPO2	0	0	0	1	1.001	0	0	0	0	0	2	0	0	1	0	0	0	1	0	0	0	0	0	1	0	0	0	0	0	2.771	0	0	0	0	0	0	0	0	0	1.011	0	1	0	0	0	0	1	0	2	0	1	0	1	0	0	0	1.677	0	2	2.095
C7_04260W_A	C7_04260W_A	0	0	1	0	0	0	4	0	0	0	1	1	2	0	0	0	2	1	0	1	0	0	0	0	2	0	0.999	1.016	0	0	0	0	0	1	0	0	0	0	1	0	0	0	1	0	0	0	2	0	0	1	1	0	2	1	0	0	1	1.75	1.089	0
C7_04270C_A	UFE1	0	0	1	0	0	0	0	0	0	0	1	0	0	0	0	0	0	0	1	1	0	0	0	0	6	4	4	8	0	1	1	1	0	0	0	0	0	1	0	0	0	0	0	0	1	0	1	1	0	0	0	0	0	1	0	0	0	0	1.846	1
C7_04280C_A	C7_04280C_A	0	0	0	1	0	1	0	0	2	4	0	0	0	0	1	0	0	0	0	0	1	0	1	0	0	1	0	0	0	0	0	0	0	0	0	0	1	2	2	2	0	0	0	0	0	0	0	0	0	0	0	0	1	1	1.01	0	0	0	0	0
C7_04290W_A	C7_04290W_A	0	0	0	0	1	0	1	1	0	0	1	1	0	0	0	0	0	0	0	0	0	0	0	0	0	0	1	0	0	0	0	1.005	3	1	3	1	0	0	0	0	0	0	0	0	0	1	0	0	0	0	0	0	0	0	0	0	0	0	1	0
C7_04300W_A	SPT6	2	0	5	1	5	0	1	0	4.979	3	1	0	0	2	0	4	1	2	1	0	1	1	0	3.1	9	5	3	3	1	3	1.997	2	1	4	1.059	1.026	0	1	1.027	1	0	0	0	0	0	0	5.24	4	4.832	2	0	1	3	6	3	4	4	0	0	3.679
C7_04310C_A	C7_04310C_A	0	0	1	1	0	0	0	1	0	0	0	0	0	0	1	1	1	0	0	0	0	0	0	0	0	0	1	2	1	1	2	0	0	0	0	0	0	0	0	0	0	0	0	0	2	3	1	1	0	0	0	0	2	4	4	4	0	0	0	0
C7_04320W_A	C7_04320W_A	0	0	0	0	0	0	0	0	0	0	0	0	0	1	0	0	0	0	0	0	0	0	0	0	1	1	0	0	0	0	0	1	0	0	0	0	0	0	0	1	0	0	0	0	0	0	0	0	1	0	0	0	0	0	0	0	0	1	0	0
C7_04330C_A	SYS1	0	0	0	0	0	0	0	0	1	0	0	0	0	0	0	0	0	0	1	0	0	0	0	0	0	0	1	0	0	0	0	0	0	0	0	0	0	0	1	0	0	0	0	0	0	0	0	0	0	0	0	0	0	0	0	0	0	0	0	0
C7_04340C_A	C7_04340C_A	0	0	0	0	0	0	0	1	0	0	0	0	0	0	0	0	4	1	2	0	0	0	0	0	0	0	0	0	0	0	0	0	0	0	0	0	0	0	0	0	0	0	0	0	0	0	0	0	0	0	0	0	0	0	0	0	0	0	0	0
C7_04360C_A	TLO16	0	0	0	0	0	0	0	0	0	0	0	0	0	0	0	0	0	0	0	0	0	0	1.014	0	0	0	5.941	0	0	0	0	0	0	0	0	0	0	0	0	0	0	0	0	0	0	0	0	1.815	0	0	0	0	0	0	0	0	0	0	0	0
CM_00010W	CM_00010W	39	24	28	27	72.001	44	56.048	49	131.01	112.872	96	103	99	76.854	97.994	92	109.991	93.045	88	94	112	103.027	126	106	49	61	56	51	93	80	78.001	79.999	62	54	73	63	85	119.02	133	123	2	0	0	0	134.003	113	116	116.022	2.36	1	2.141	0	115	118	102	96	0	4.677	5.163	3.138
CM_00020W	CM_00020W	0	0	0	0	0	0	0	0	0	0	0	0	0	0	0	0	0	0	0	0	0	0	0	0	0	0	0	0	0	0	0	0	0	0	0	0	0	0	0	0	0	0	0	0	0	0	0	0	0	0	0	0	0	0	0	0	0	0	1	0
CM_00030W	COX2	0	0	1	0	0	0	1	0	0	0	1	0	0	1	0	0	1	0	1	0	0	0	0	0	0	3	0	0	0	0	0	0	0	0	0	0	0	1	0	0	1	0	0	0	3	1	0	5	0	0	0	0	0	0	0	0	1	2	0	0
CM_00040W	CM_00040W	0	0	0	0	0	0	0	0	0	0	0	0	0	0	0	0	0	0	0	0	0	0	0	0	0	0	0	0	0	0	0	0	0	0	0	0	0	0	0	0	0	0	0	0	0	0	0	0	0	0	0	0	0	0	0	0	0	0	0	0
CM_00050W	NAD6	0	0	0	0	0	0	0	1	0	0	0	0	0	0	0	0	0	0	0	0	2	0	0	0	0	1	0	0	0	0	0	0	0	0	0	0	0	0	1	0	0	0	0	0	0	0	0	0	0	0	0	0	0	0	0	0	1	0	0	1
CM_00060W	NAD1	0	0	0	0	0	0	2	0	0	0	1	2	0	0	0	1	1	1	0	1	3	1	1	2	0	1	2	0	0	1	0	0	0	0	1	0	0	0	1	0	0	0	0	0	0	0	0	1	0	2.854	0	2.015	1	1	0	1	1	0	0	1
CM_00070C	COX3B	3	0	2	0	0	0	0	1	0	0	0.5	0	0	0	0	0	1	0	0	0	0	0	0	0	0.5	0	1	0	1	0	0	0	0	0	0	0	0	0	0	0	0	0	0	0	0	0	0	0	0	0.5	0	0.5	0	0	0	1.792	0	0	0	0
CM_00080C	CM_00080C	0	0	0	0	0	0	0	0	0	0	0	0	0	0	0	0	0	0	0	0	0	0	0	0	0	0	0	0	0	0	0	0	0	0	0	0	0	0	0	0	0	0	0	0	0	0	0	0	0	0	0	0	0	0	0	0	0	0	0	0
CM_00090W	CM_00090W	0	0	0	0	0	0	0	0	0	0	0	0	0	0	0	0	0	0	0	0	0	0	0	0	0	0	0	0	0	0	0	0	0	0	0	0	0	0	0	0	0	0	0	0	1	0	0	0	0	0	0	0	0	0	0	0	0	0	0	0
CM_00100W	CM_00100W	0	0	0	0	0	0	0	0	0	0	0	0	0	0	0	0	0	0	0	0	0	0	0	0	0	0	0	0	0	0	0	0	0	0	0	0	0	0	0	0	0	0	0	0	0	0	1	0	0	0	0	0	0	0	0	0	0	0	0	0
CM_00110W	CM_00110W	0	0	0	0	0	0	0	0	0	0	0	0	0	0	0	0	0	0	0	0	0	0	0	0	0	0	0	0	0	0	0	0	0	0	0	0	0	0	0	0	0	0	0	0	0	0	0	0	0	0	0	0	0	0	0	0	0	0	0	0
CM_00120W	CM_00120W	0	0	0	0	0	0	0	0	0	0	0	0	0	0	0	0	0	0	0	0	0	0	0	0	0	0	0	0	0	0	0	0	0	0	0	0	0	0	0	0	0	0	0	0	0	0	0	0	0	0	0	0	0	0	0	0	0	0	0	0
CM_00130W	CM_00130W	0	0	0	0	0	0	0	0	0	0	0	0	0	0	0	0	0	0	0	0	0	0	0	0	0	0	0	0	0	0	0	0	0	0	0	0	0	0	0	0	0.5	0	0	0	0	0	0	0	0	0	0	0	0	0	0	0	0	0	0	0
CM_00140C	ATP9	0	0	0	0	0	0	0	0	0	0	0	0	0	0	0	0	0	0	0	0	0	0	0	0	0	0	1	0	0	0	0	0	0	0	0	0	0	0	0	0	0	0	0	0	0	0	0	0	0	0	0	0	0	0	0	0	0	0	0	0
CM_00150C	CM_00150C	0	0	0	0	0	0	0	0	0	0	0	0	0	0	0	0	0	0	0	0	0	0	0	0	0	0	0	0	0	0	0	0	0	0	0	0	0	0	0	0	0	0	0	0	0	0	0	0	0	0	0	0	0	0	0	0	0	0	0	0
CM_00160C	ATP6	1	0	0	1	0	0	0	1	1	1	0	0	0	0	0	0	0	0	0	0	0	0	1	0	0	0	0	0	0	0	0	0	0	0	0	0	0	0	0	0	0	0	0	0	0	0	0	0	0	0	0	0	0	0	0	0	2	0	4	0
CM_00170C	ATP8	0	0	0	0	0	0	0	0	0	0	0	0	0	0	0	0	0	1	0	0	0	0	0	0	0	0	0	0	0	0	0	0	0	0	0	1	0	0	0	0	0	0	0	0	0	0	0	0	0	0	0	0	0	0	1	0	0	0	0	0
CM_00180C	CM_00180C	0	0	0	0	0	0	0	0	0	0	0	0	0	0	0	0	0	0	0	0	0	0	0	0	0	0	0	0	0	0	0	0	0	0	0	0	0	0	0	0	0	0	0	0	0	0	0	0	0	0	0	0	0	0	0	0	0	0	0	0
CM_00190C	CM_00190C	0	0	0	0	0	0	0	0	0	0	0	0	0	0	0	0	0	0	0	0	0	0	0	0	0	0	0	0	0	0	0	0	0	0	0	0	0	0	0	0	0	0	0	0	0	0	0	0	0	0	0	0	0	0	0	0	0	0	0	0
CM_00200C	CM_00200C	0	0	0	0	0	0	0	0	0	0	0	0	0	0	0	0	0	0	0	0	0	0	0	0	0	0	0	0	0	0	0	0	0	0	0	0	0	0	0	0	0	0	0	0	0	0	0	0	0	0	0	0	0	0	0	0	0	0	0	0
CM_00210W	COX1	0	0	0	0	0	0	0	0	5.729	6	4	3	0	0	1	0	0	1	0	0	0	0	0	2	0	0	0	0	0	0	0	0	0	0	0	0	0	0	0	0	0	0	0	0	1	0	1	1	0	0	0	0	0	0	0	0	2.512	0	0	0
CM_00220W	CM_00220W	0	0	0	0	1	0.998	1	0	2.271	1	0	0	1	0	1	0	1	2	1	2	0	1.758	0	3	2.045	1	3	0	0	1	0	0	1	1	1	1	2	1	0	0	0	0	1	0	0	0	1	0	2	1.682	1.241	2.632	1	1.115	1	0	2	0	2.605	2
CM_00230W	CM_00230W	0	0	0	0	2.301	1	2	0	0	0	0	1.639	0	0	1	0	1.999	0	1	1	0	0	0	0	4.294	2	3	5	0	0	0	0	0	0	0	0	0	0	1	0	0	0	0	0	0	1	2	0	0	0	1	2.577	1.554	5.788	2	0	0	0	0	0
CM_00240W	CM_00240W	0	1	0	0	2.884	1	0	2	0	0	0	0	0	1	0	0	0	0	0	0	0	0	2	0	6.454	5	11	3	1	2	0	0	2	0	3	2	1	0	0	0	1	0	0	0	2	2	1	1	0	1.379	0	0	0	1.097	0	0	2	1	1.518	0
CM_00250W	CM_00250W	1	0	0	0	0	1	1	0	0	0	0	0	0	0	0	0	1	0	0	0	1	1	0	0	2.113	1	0	1.075	0	0	0	1	0	0	0	1	0	0	0	0	1	0	0	0	0	0	0	0	0	1	0	0	1.446	0	0	0	0	0	0	1
CM_00260W	CM_00260W	0	0	0	0	0	0	0	0	1	0	0	0	0	0	0	0	0	0	0	0	0	0	0	0	1	0	0	0	0	0	0	0	0	0	0	0	0	0	0	0	0	0	0	0	0	0	0	0	0	0	0	1	0	0	0	0	0	1	0	0
CM_00270W	CM_00270W	0	0	0	0	0	0	0	0	0	0	0	0	0	0	0	0	0	0	0	0	0	0	0	0	0	0	0	0	0	0	0	0	0	0	0	0	0	0	0	0	0	0	0	0	0	0	0	0	0	0	0	0	0	0	0	0	1	0	0	0
CM_00280W	CM_00280W	0	0	0	0	0	0	0	0	0	0	0	0	0	0	0	0	0	0	0	0	0	0	0	0	0	0	0	0	0	0	0	0	0	0	0	0	0	0	0	0	0	0	0	0	0	0	0	0	0	0	0	0	0	0	0	0	0	0	0	0
CM_00290W	CM_00290W	0	0	0	0	0	0	0	0	0	0	0	0	0	0	0	0	0	0	0	0	0	0	0	0	0	0	0	0	0	0	0	0	0	0	0	0	0	0	0	0	0	0	0	0	0	0	0	0	0	0	0	0	0	0	0	0	0	0	0	0
CM_00300W	CM_00300W	0	0	0	0	0	0	0	0	0	0	0	0	0	0	0	0	0	0	0	0	0	0	0	0	0	0	0	0	0	0	0	0	0	0	0	0	0	0	0	0	0	0	0	0	0	0	0	0	0	0	0	0	0	0	0	0	0	0	0	0
CM_00310W	NAD2	0	0	0	0	1.685	0	3.008	0	2	0	0	0	1	1	1	2	0.997	1	0	0	0	1	0	2	0	0	0	0	1	1.003	0	1.001	0	0	0	0	0	0	1	0	0	0	0	1.001	0	1	0	1	0	1.734	2.578	0	1	0	0	1	0	0	0	0
CM_00320W	NAD3	0	0	0	0	0	0	0	0	0	0	1	1	0	0	0	0	0	0	0	0	0	0	0	0	1	0	0	0	0	0	0	0	0	0.946	0	0	0	0	0	0	0	0	0	0	0	0	0	0	0	0	0	0	0	0	0	0	0	0	0	0
CM_00330W	COB	0	0	0	0	0.999	1	0	1	1	0	0	0	0	0	0	0	4	4	2	2	0	0	1.296	0	0	0	0	0	0	0	1	0	0	1	0	1	0	0	0	0	0	0	0	0	0	0	0	1	2	0	2.799	0	0	0	0	0	0	0	0	1
CM_00340W	CM_00340W	0	2	1	0	0	0	1	3	0	1	1.304	1	0	0	0	0.93	0	0	0	1	0	0	0	1	0.999	0	0	1	3	2	1	1	1	1	3	0	0	0	0	0	0	0	0	0	0	2	2	0	3.64	0	1.201	0	2	1	0	0	2	1	3	3
CM_00350W	CM_00350W	0	0	0	0	0	0	0	0	0	0	0	0	0	0	0	0	0	0	0	0	0	0	0	0	0	0	0	0	0	0	0	0	0	0	0	0	1	0	0	0	0	0	0	0	0	0	0	0	0	0	0	0	0	0	1	0	0	0	0	0
CM_00360W	CM_00360W	1	0	0	1	3	5	1	2	6.118	7	13.982	10	3	7	5	1	4	2	6	3	0	0	2	0	0	1	3	1	8	7	12	12	10	8	8	5	4.001	4	9	4	1	0	0	2	11	6	8	6	1	0	1	2	8.115	2	0	2.416	2	1.597	1	1
CM_00370W	NAD4L	0	0.946	0	0	0	0	0	0	0	0	1	0	0	0	0	1	0	0	0	0	0	0	0	0	0	1	0	1	0	0	0	0	1	0	0	1	0	0	0	0	0	0	0	0	0	0	0	0	0	1	0	0	0	1	0	0	0	0	0	0
CM_00380W	NAD5	0	0	0	0	1	0	2	1	1.992	0	0.839	0	0	0	0	0	2.003	0	0	0	1	0	2	0	2	0	1	1	0	1	1	0.923	1	0.922	1.002	1	0	1	1	0	0	0	0	0	1	1	0	1	0	1	3	1	0	1	0	1	1	0	3.726	1
CM_00390W	CM_00390W	0	0	0	0	0	0	0	0	0	0	0	0	0	0	0	0	0	0	0	0	0	0	0	0	0	0	0	0	0	0	0	0	0	0	0	0	0	0	0	0	0	0	0	0	0	0	0	0	0	0	0	0	0	0	0	0	0	0	0	0
CM_00400W	CM_00400W	0	0	0	0	0	0	0	0	0	0	1	0	0	0	0	0	0	0	0	0	0	0	0	0	0	0	0	0	0	0	0	0	0	0	0	0	0	0	0	0	0	0	0	0	0	0	0	0	0	0	0	0	0	0	0	0	0	0	0	0
CM_00410W	CM_00410W	0	0	0	0	0	0	0	0	0	0	0	0	0	0	0	0	0	0	0	0	0	0	0	0	1	0	0	0	0	0	0	0	0	0	0	0	0	0	0	0	0	0	0	0	0	0	0	0	0	0	0	0	0	0	0	0	0	1	0	0
CM_00420W	CM_00420W	0	0	0	0	0	0	0	0	0	0	0	0	0	0	0	0	0	0	0	0	0	0	0	0	0	0	0	0	0	0	0	0	0	0	0	0	0	0	0	0	0	0	0	0	0	0	0	0	0	0	0	0	0	0	0	0	0	0	0	0
CM_00430W	CM_00430W	0	0	0	0	0	0	0	0	0	0	0	0	0	0	0	0	0	0	0	0	0	0	0	0	1	0	0	0	0	0	0	0	0	0	0	0	0	0	0	0	0	0	0	0	0	0	0	0	0	0	0	0	0	0	0	0	0	0	0	0
CM_00440W	NAD4	0	0	1.999	0	1	0	0	0	1.375	1	0	1	2	1	0	0	0	1	0	1	3	1.001	0	2.706	1	1	0	1	1.998	1.182	4	1	3	0	2	1	0	1.795	0	0	0	2	0	0	0	0	3	2	0	1	2.071	2	4.045	0	0	2	1	0	1	4
CM_00450W	CM_00450W	0	0	0	0	0	0	0	0	0	0	0	0	0	0	0	0	0	0	0	0	0	0	0	0	0	0	0	0	0	0	1	0	0	0	0	0	0	0	0	0	0	0	0	0	0	0	0	0	0	1	0	0	0	0	0	0	0	1	0	0
CM_00460C	CM_00460C	0	0	0	0	0	0	0	0	0	0	0	0	0	0	0	0	0	0	0	0	0	0	0	0	0	0	0	0	0	0	0	0	0	0	0	0	0	0	0	0	0.5	0	0	0	0	0	0	0	0	0	0	0	0	0	0	0	0	0	0	0
CM_00470C	CM_00470C	0	0	0	0	0	0	0	0	0	0	0	0	0	0	0	0	0	0	0	0	0	0	0	0	0	0	0	0	0	0	0	0	0	0	0	0	0	0	0	0	0	0	0	0	0	0	0	0	0	0	0	0	0	0	0	0	0	0	0	0
CM_00480C	CM_00480C	0	0	0	0	0	0	0	0	0	0	0	0	0	0	0	0	0	0	0	0	0	0	0	0	0	0	0	0	0	0	0	0	0	0	0	0	0	0	0	0	0	0	0	0	0	0	0	0	0	0	0	0	0	0	0	0	0	0	0	0
CM_00490C	CM_00490C	0	0	0	0	0	0	0	0	0	0	0	0	0	0	0	0	0	0	0	0	0	0	0	0	0	0	0	0	0	0	0	0	0	0.994	0	0	0	0	0	0	0	0	0	0	0	0	0	0	0	0	0	0	0	0	0	0	0	0	0	0
CM_00500C	CM_00500C	0	0	0	0	0	0	0	0	0	0	0	0	0	0	0	0	0	0	0	0	0	0	0	0	0	0	0	0	0	0	0	0	0	0	0	0	0	0	0	0	0	0	0	0	0	0	0	0	0	0	0	0	0	0	0	0	0	0	0	0
CM_00510W	CM_00510W	0	0	0	0	0	0	0	0	0	0	0	0	0	0	0	0	0	0	0	0	0	0	0	0	0	0	0	0	0	0	0	0	0	0	0	0	0	0	0	0	0	0	0	0	0	0	0	0	0	0	0	0	0	0	0	0	0	0	0	0
CM_00520W	COX3B	0	6	0	3	0	0	0	0	0	0	0.5	0	1	0	0	0	0	0	0	0	0	0	1	0	0.5	0	1	0	0	0	0	0	1	0	0	0	0	0	0	0	0	0	0	0	0	0	0	0	0	0.5	0	0.5	1	2	0	0	0	0	0	1
CR_00010C_A	CR_00010C_A	0	0	1.06	1.056	1.008	0	3	2	0	0	0	2	2	0	0	0	2	0.867	1	0	3	1.988	0	3	1	0	2	1	3	0	0	1	0	2	3	0	0	0	1	0	1	0	0	0	0	2	0	0	1	2	0	1	0	1	1	0	1.998	0	0	1
CR_00020W_A	TLO1	0	0	0	0	2	3	4	8	0	0	0	0	0	0	0	0	0	0	0	0	0	0	0	0	2	2	4	3	0	0	0	0	3	5	3	1	0	0	0	0	0	0	0	0	0	1.039	0	1.104	0	0	0	0	0	0	0	0	0	0	0	0
CR_00030W_A	tL(CAA)6	0	0	0	0	0	0	0	0	0	0	0	0	0	0	0	0	0	0	0	0	0	0	0	0	0	0	0	0	0	0	0	0	0	0	0	0	0	0	0	0	0	0	0	0	0	0	0	0	0	0	0	0	0	0	0	0	0	0	0	0
CR_00040C_A	CR_00040C_A	0	0	0	0	0	0	1	0	0	0	0	0	0	0	0	0	5	1	0	1	0	0	0	0	0	0	0	0	0	0	0	0	0	0	0	0	0	0	0	0	0	0	0	0	0	0	0	0	0	0	0	0	0	0.809	0	0	0	0	1	0
CR_00050W_A	INO2	0	0	0	0	0	0	0	0	0	0	0	0	0	0	0	0	0	1	0	0	1	0	0	0	0	0	0	0	1	0	1	1	0	0	0	0	0	0	0	0	0	0	0	0	0	0	1	0	0	0	0	0	0	0	0	0	0	0	0	1
CR_00060C_A	CR_00060C_A	1	0	0	0	0	0	1	1	0	0	0	0	2	1	1	0	0	1	0	0	0	1.999	1	0	1	0	1	0	1.988	2	1.007	0	0	3	2	1	0	0	0	1	0	0	0	0	1	0	0	0	0	0	1	1.654	0	0	1	0	2	1	0	2
CR_00070W_A	BNR1	0	0	0	0	2	0	0	1	1.231	1	0	0	8	8	3	8	0	0	1	0	2	1	0	1	0	1	0	1	2	2	1	2	0	0	2	1	1	1	0	0	0	0	0	0	2	2	2	1	0	0	0	3.974	0	0	0	0	1	2	1	1
CR_00080W_A	MIS12	1	1	3	3	6	3	1.89	2	2	1	0	1	2	3	4	0	3	2	1	1	2	3	0	2	4	5	6	4	0	2	2	2	5	2.361	1	3	4	1	0	2	0	0	0	1	2	0	0	2.011	4.68	3	2	6.475	3.996	4.451	4	5	5	7	7	3.283
CR_00090C_A	CR_00090C_A	0	0	0	0	0	1	1	1	1	0	1	1	0	0	0	0	0	1	0	0	0	0	0	0	0	0	0	0	0	1	0	0	0	0	0	0	0	0	0	0	0	0	1	0	0	0	1	0	0	0	0	0	1	2	0	1	0	0	0	0
CR_00100C_A	EPL1	0	0	1	0	0	1	0	0	0	0	0	2.361	0	0	0	1.016	1	0	0	0	5	6	5	1	1	0	0	0	4	2	0	1	0	0	1	0	0	0	0	0	1	0	0	0	0	0	1	0	1	0	2	2	2	1	2	3.082	0	0	0	0
CR_00110W_A	CR_00110W_A	0	0	1.999	0	1	0	0	0	0	1	0	0	1.002	2	1	0	2.998	3.998	0	2	1	0	0	1	3.999	0	2	3	2.77	0	0	3	1	1	0	0	1	1	0	0	0	0	0	0	1	1	1	1	0	3	0	0	0	1	0	0	2	3	1.55	0
CR_00120C_A	MKC1	0	0	0	0	0.998	0	1	0	0	0	0	0	0	0	0	0	0	0	0	1	2	2	0	1	1	1	0	0	0	1	0	0	0	0	1	0	0	0.999	0	0	0	0	0	0	0	0	1	0	0	0	0	0	1	0	0	1	2	0	1	0
CR_00130C_A	CR_00130C_A	0	0	0	0	1	0	0.998	1	0	0	0	0	0	0	0	0	1	0	0	0	0	0	0	0	1	0	1	0	0	0	0	0	0	0	0	2	0	0	0	0	0	0	0	0	0	0	1	0	1.781	0	0	0	0	0	0	0	0	0	0	0
CR_00140W_A	REP1	0	0	0	0	0	0	1	0	0	0	0	0	0	0	0	0	2.108	0	1	3	3	1	9	3	2	1	0	0	0	0	0	0	0	0	1	0	0	0	0	0	0	0	0	0	0	0	0	0	0	0	0	0	1	0	0	0	0	0	0	2
CR_00150C_A	POT1	0	0	0	0	0	0	0	0	0	0	0	0	0	0	0	0	2	1	5	1	0	0	0	1	1	0	0	0	2	0	2	2	0	0	0	0	0	0	1	0	0	0	0	0	0	2	0	0	0	0	0	0	0	0	0	0	0	0	0	0
CR_00160C_A	CR_00160C_A	3	0	2	4	8	4	4	2	4	3	4	2	0	1	0	2	4	0	2	1	2	1	1	0	0	1	0	0	0	0	1	0	0	0	0	0	0	0	2	0	0	0	0	0	2	3	2	1	0	0	0	0	0	1	1	1	0	0	0	0
CR_00170W_A	ZCF38	0	1	0	0	1	1	0	1	0	0	0	0	0	0	0	0	0	1	0	0	0	0	0	1	1	1.004	1.921	0	0	0	0	0	0	0	1	0	0	0	1	0	0	0	0	0	0	0	0	0	1	1	1	0	1	0	1	0	0	2	0	0
CR_00180C_A	CHT1	0	0	0	0	1	0	0	0	0	0	1	0	0	0	1	0	0	0	0	0	0	0	0	0	0	1	0	0	1	0.956	1	0	0	0	0	1	0	0	0	0	0	0	0	1	0	0	0	1	0	0	0	0	1	0	0	2	1	0	0	0
CR_00190W_A	NGS1	0	0	0	0	0	1	0	0	1	0	0	0	0	1	0	1	1	1	1	0	0	0	0	0	2	0	0	1	1	2.001	0	0	0	1	1	1	0	0	0	0	0	0	0	0	0	1	0	0	2	0	0	0	3	0	1.118	4	1	0	1.173	0
CR_00200W_A	PCK1	1	2	3	3	2	13	8	9.587	12	13	13	14	7	14	9	16.903	1	2	2	2	6	0	1	7	12.009	2	7	6	0	4	1	2	2	2	3	3	3	1	6.013	7	0	0	0	0	1	8	3	5	0	0	0	0	13	8	13	9	0	0	0	0
CR_00210W_A	ALK2	0	1	1	0	0	0	1	1	0	0	0	0	0	0	0	1	0	0	0	0	1	0	0	0	0	0	1	0	0	0	0	0	0	0	1	1	0	0	1	0	0	0	0	0	0	0	0	0	1	0	0	0	0	0	0	0	0	0	1	0
CR_00220W_A	CR_00220W_A	0	0	0	0	0	1	0	0	0	0	0	1	0	0	0	0	1	1	1	0	0	0	0	0	0	0	1.016	0	2	0	1	0	0	0	0	0	0	0	0	0	0	1	0	1	0	0	0	0	0	0	0	0	0	0	0	1	3	0	0	1
CR_00230W_A	CR_00230W_A	1	1	1	0	2	2.005	1.001	2.296	3	6	2.002	3.693	0	1	2	1	0	1	1	2	0	0	0	1.037	1.008	1	0	0	10.007	7	3	10.723	0	0	0	1	1	0	0	0	0	0	0	0	1	1	1	0	4	3	3.56	2.267	0	2.022	0	0	0	2	3	3
CR_00240W_A	LSM6	2	3	3	3	1	0	0	0	3	1	1	2	0	0	0	0	1	2	0	2	4	4	4	4	1	1	1	0	0	0	0	0	0	0	0	0	5	5	4	8	0	0	0	0	2.922	3	2	1	0	0	0	0	2	0	4	1	0	0	0	0
CR_00250W_A	ATP17	0	0	0	0	0	1	0	0	1	1	1	1	0	0	0	0	0	0	0	0	5	3	4	2	2	6	3	6	0	0	0	0	0	0	0	1	0	0	0	0	0	0	0	0	0	0	0	0	0	0	0	0	0	2	0	0	0	0	0	0
CR_00260W_A	KIN2	1	0	0	0	0	0	0	1	3	3	3	3	0	0	0	1	0	0	1	0.938	0	0	0	0	0	0	1	0	4.958	3.001	0	0	1.051	1.457	1	1	3	1	2	0	0	0	0	0	5	3	7	3.945	1	0	1	0	1	2	0	0	1	4.288	2.113	0
CR_00270C_A	CR_00270C_A	0	0	1	0	0	0	0	0	0	0	0	1	0	0	0	0	0	0	0	0	0	0	0	0	0	0	0	0	0	0	0	0	0	0	0	0	0	0	0	0	0	0	0	0	0	0	0	0	0	0	0	0	0	0	0	0	0	0	0	0
CR_00280C_A	CR_00280C_A	0	0	0	0	0	0	0	0	0	0	0	0	0	0	0	0	0	0	0	0	0	0	0	0	0	0	0	0	0	0	0	0	0	1	0	2	0	0	0	0	0	0	0	0	0	0	0	0	0	1	0	1.255	0	1	0	0	0	0	1	0
CR_00290W_A	CR_00290W_A	2	2	0	0	0	0	0	1	1	1	1	0	0	0	0	0	0	0	0	0	0	0	0	0	0	0	0	0	0	0	0	0	0	0	0	0	0	0	0	0	1	0	1	0	0	1	1	4	1	1	0	0	3	3	2	3	0	0	0	0
CR_00300W_A	CDA2	0	0	0	0	0	1	0	0	0	0	0	0	0	0	0	2	0	0	0	0	0	0	0	0	0	0	1	0	0	0	0	0	0	0	0	0	0	0	0	0	0	0	0	0	0	0	1	0	0	0	0	0	0	0	0	0	0	1	1.229	0
CR_00310C_A	CR_00310C_A	0	0	0	0	1	0	1	0	1	1	0	0	0	0	0	0	0	0	1	0	0	0	0	1	0	0	0	1	0	0	0	0	0	0	0	0	0	0	1	0	0	0	0	0	0	0	0.865	0	0	0	0	0	0	0	0	1	0	0	0	0
CR_00320C_A	NAP1	5	1	3	1	0	0	0	0	2	0	0	0	0	0	0	1	0	0	0	0	0	0	1	0	3	1	2	1	0	0	0	0	0	0	0	1	0	0	0	0	0	0	0	0	1	0	0	0	2	0	0	0	3	5	3	2	1	1	3	0
CR_00330C_A	PXA1	0	0	0	0	0	1.001	0	1	0	0	0	0	0	0	0	0	1	0	0	1	0	2	0	1	0	3	2.6	1	0	0	1.205	1	0	0	0	0	0	0	0	0	1	0	1	0	1	0	1	0	0	1.061	0	1.343	0	0	1	0	0	1.244	0	0
CR_00340C_A	CR_00340C_A	0	0	0	0	0	0	0	0	0	0	0	0	0	0	0	0	1	0	0	0	0	0	0	0	1	0	0	1	0	0	0	0	0	0	0	0	0	0	0	0	0	0	0	0	0	0	0	0	0	0	0	0	0	0	0	1	0	0	0	0
CR_00350W_A	CR_00350W_A	0	0	0	0	0	0	0	1	0	0	0	0	0	1	1	0	0	0	0	0	0	4	2	2	0	1	0	1	0	0	0	0	0	0	1	0	0	0	0	0	0	0	0	0	1	0	0	0	1	1.998	0	2	0	0	1	0	1	0	0	1
CR_00360C_A	LEU1	1	0	0	1	0	0	0	2	0	0	0	0	0	1	0	0	0	2	1	1.805	0	0	0	0	2	0	2	2	0	0	0	0	1	1	0	1	0	0	0	0	0	0	0	0	0	0	0	0	0	0	0	0	0	2	1	0	0	1	1	0
CR_00370W_A	CR_00370W_A	0	0	0	0	1	1	0	0	0	0	0	0	0	0	0	0	0	0	2	0	0	0	0	1	0	0	0	0	0	0	0	2	0	0	1	0	0	0	0	0	0	0	0	0	0	0	0	0	2.814	1.209	0	2	1	1	0	0	0	1	0	2
CR_00380W_A	CR_00380W_A	0	1	0	0	0	0	0	1	0	0	0	0	0	0	0	0	1	0	0	0	0	0	0	0	0	0	0	0	0	1	0	0	0	0	0	0	0	0	0	2	0	0	0	0	0	0	1	0	0	0	0	0	0	0	0	0	1.511	2.48	1	0
CR_00390W_A	MMS22	2	2	0	0	3	1	2.082	0	1	1	3.851	0	0	0	1	0	0	2	0	0	0	0	1	1	0	3	3.125	2	1	1	1	0	0	0	2	1	0	1	1	0	1	1.259	0	1.12	0	3	0	0	3.088	2.052	0	1	2.999	0	3	3	4.442	1.156	6	1
CR_00400C_A	SWC4	1	0	0	0	3	1.232	1	0	0	0	1	0	0	0	0	3	2	2	1	0	0	0	1	1	1	1	0	1	3	4	3	4	2	0	1	0	0	0	1	0	0	0	0	0	0	0	0	0	1.291	1	1	0	5	7	4	4	2	0	4.161	1
CR_00410W_A	RTT109	0	0	1	0	0	0	3	0	2	1	0	0	1	0	1	0	0	0	0	0	0	0	0	0	0	2	1	2	1	0	0	0	1	0	0	0	0	1	1	0	0	0	0	0	0	0	0	0	1	0	0	0	1.445	1	1	0	1	1	0	0
CR_00420W_A	CR_00420W_A	0	0	0	0	0	0	0	0	0	0	0	0	0	0	0	0	2	0	4	2	0	0	0	0	0	1	0	1	0	1	0	0	0	0	0	1	0	0	0	0	1	0	0	0	0	0	0	0	0	2	1	0	0	0	1	0	0	0	0	0
CR_00430C_A	CR_00430C_A	1	0	0	0	1	0	0	0	0	1	0	0	0	0	0	0	0	0	0	0	0	0	0	0	0	0	0	0	0	0	0	0	0	0	0	0	0	0	0	0	0	0	0	0	0	0	0	0	0	0	0	0	1	0	0	0	0	0	0	0
CR_00440C_A	LRG1	0	0	0	0	0	0	0	1	0	0	3	0	1	0	2	1	2	1	1	0	0	0	0	1	0	1	3.964	1	2	3	7	4.627	1	1	0	0	0	0	0	1	0	0	0	0	1	1.003	0	1	0	0	0	0	3	1	0	0	0	0	0	0
CR_00450C_A	CR_00450C_A	0	0	0	0	0	0	0	0	0	0	0	0	0	0	0	0	0	0	0	0	0	0	0	0	0	0	0	0	0	0	0	0	0	0	0	0	0	0	0	0	0	0	0	0	0	0	0	0	0	0	0	0	0	0	0	0	0	0	0	0
CR_00460C_A	CR_00460C_A	0	0	0	0	1	0	0	1	0	0	0	0	0	0	0	0	0	0	0	0	0	0	0	0	0	0	0	0	1	0	0	0	0	0	0	0	0	0	0	0	0	0	0	0	0	0	0	0	1	0	0	0	0	0	0	0	0	0	1	0
CR_00470W_A	CR_00470W_A	0	1	0	1	0	0	1	1	1	0	0	0	0	0	0	1.105	0	0	0	0	0	0	0	0	1	0	0	0	0	0	0	0	0	1	0	0	0.996	2	0	0	1	0	0	0	0	0	0	0	0	0	0	0	0	0	0	0	0	0	0	0
CR_00480W_A	MRPL6	0	0	0	0	0	2	0	0	0	0	0	0	0	0	0	0	0	0	0	1	0	2	0	0	0	1.002	1	1	0	0	0	1	0	0	0	0	4	1	2	4	0	0	0	0	0	1	0	0	1	0	0	0	0	0	0	0	0	0	0	0
CR_00490W_A	CR_00490W_A	5	5	0	2	0	0	1	0	0	0	0	0	0	0	0	1	0	1	1	0	0	0	1	0	0	0.948	1	0	0	0	0	0	0	0	1	0	0	0	0	0	0	0	0	0	0	0	0	1	0	1	0	0	0	0	0	0	0	0	0	0.923
CR_00500C_A	CR_00500C_A	0	0	0	0	0	0	0	0	0	0	0	0	0	0	0	0	0	0	0	0	0	0	0	0	0	0	0	0	0	0	0	0	0	0	0	0	0	0	0	0	0	0	0	0	0	0	0	0	0	0	0	0	0	0	0	0	0	0	0	0
CR_00510C_A	ADE1	0	0	0	0	4.968	1	0	2.999	0	0	0	0	0	0	0	0	0	0	0	1	0	0	0	0	0	0	0	0	0	1	0	0	0	0	0	0	0	0	0	0	0	0	0	0	1	0	0	0	0	0	0	0	0	1	1	1	0	0	0	0
CR_00520C_A	CRM1	0	1	0	0	0	0	0	2.846	0	1	0	1	1	0	0	0	0	0	0	0	0	0	0	1	2	0	0	2	1	0	0	3.997	0	1.206	0	1	0	0	2	0	0	0	0	0	0	1	0	0	1.137	0	0	1	0	2.528	3	1	3.669	0	0	3.471
CR_00530W_A	CR_00530W_A	1	4	0	1	0	1	0	0	0	0	0	0	0	0	1	0	0	0.984	0	0	1	0	0	0	1	0	0	0	0	0	0	0	0	0	0	0	0	0	0	0	0	0	0	0	0	0	0	0	0	0	0	0	0	0	0	0	0	1	0	0
CR_00540C_A	MDH1	0	0	0	0	7.008	2	2	1	1	4.816	6.766	4	0	0	0	0	0	0	0	0	0	0	0	0	3	5	6	5	1	0	1	0	0	0	0	0	0	0	0	0	0	0	0	0	5	4	1	5	0	0	0	0	0	0	0	2	0	0	0	0
CR_00550W_A	CR_00550W_A	1	1	0	0	2	2	1	2.08	1	0	1	2	2	1	2	1	1	0	1	0	0	1.001	0	4	0	2	1	4	1	1	0	1	1	2.007	5	2	0	2	1	0	0	1	0	0	1	1	1	0	2	0	1.001	2.094	3	2.053	5	1	2	3	4	3
CR_00560W_A	NTH1	0	0	2	0	0	0	1	1	1.001	0	0	1	0	0	1.193	0	0	0	0	2	0	0	0	0	0	0	0	2	0	2	0	1	1	0	0	0	0	0	0	0	0	0	0	0	2	2	1	4	0	0	1.222	1	0	0	0	0	0	0	0	1.148
CR_00570W_A	CR_00570W_A	0	0	1	0	0	0	0	0	0	0	1	0	0	0	0	1	0	0	0	0	0	0	0	0	0	0	0	0	0	0	0	0	1	0	0	0	0	0	0	2	0	0	0	0	0	0	0	0	0	0	0	0	1	0	0	1	0	0	0	0
CR_00580W_A	YRB1	0	0	0	0	0	4	2	3	5	3	4	2	1	3	3	0	0	0	0	0	4	4	1	0	0	0	0	0	0	2	0	4	6	2	2	2	1	0	1	1	0	0	0	0	2	2	1	1	0	0	0	0	0	0	0	3	0	0	0	1
CR_00590W_A	PHO81	0	1	0	0	1.997	0	0	0	1	1	0	0	0	0	0	2	1	1	0	2	0	0	0	1	1	1	1.01	0	0	1	0	0	1.083	0	0	0	1	0	0	0	0	0	0	0	0	0	0	0	0	0	0	1	0	1	0	1	0	3	2.712	0
CR_00600C_A	CR_00600C_A	0	0	1	1	0	1	3	1	1	1	0	1	0	1	1	0	1	1	0	0	0	0	2	0	0	0	0	1	1	0	0	0	0	1	0	1.099	0	0	0	0	1	0	0	0	2	1	0	1	0	0	1	0	0	1	2.279	2.001	0	0	3	0
CR_00610W_A	IFF4	0	0	1	0	1	2	0	1	1.056	0	0	0	0	1	0	0	0	1	0	0	0	0	0	0	1	1	0	0	0	0	0	1	1	0	0	0	0	0	0	0	0	0	0	0	0.999	0	0	0	0	2.203	0	1	0	1	0	0	0	0	0	0
CR_00620C_A	ARG1	1.573	0	0	0	0	0	0	0	0	0	2	0	0	1	0	2	1	0	0	0	0	0	0	0	1	1	0	0	0	0	1	0	0	0	0	0	0	0	0	0	0	0	0	0	0	0	0	0	1	0	1	0	0	0	0	0	1	0	0	0
CR_00630W_A	CR_00630W_A	0	0	0	0	2	1	1	3	0	0	0	0	1	0	0	0	0	0	0	0	0	0	0	0	2	0	0	0	0	0	0	0	0	0	1	0	1	0	1	0	0	0	0	1	0	0	1	0	0	1.184	0	0	1.001	1.866	0	0	0	0	0	1
CR_00640W_A	ACC1	1.001	0	2	0	8	7	4	4.018	0	2.022	1	1	1	4	0	2	2	5	4	3	0	1	1	2	2.219	2	1	2	0	3	2	1	0	1.993	0.986	2	7.001	1	6	1	0	1	1	1.203	7	0	1.041	3	1	3	0	2	3.324	3.313	7	5	2.264	0	1.018	0
CR_00650W_A	CR_00650W_A	0	0	1	0	0	4	1	0	0	0	0	0	0	0	0	0	0	1	0	0	0	0	0	0	0	0	1	1	0	1	1	0	0	1	1	0	0	0	0	1.01	0	0	0	0	1	0	0	0	2	0	0	1	0.999	0	1.015	0	0	1.009	1	1
CR_00660W_A	CR_00660W_A	0	0	0	0	0	0	0	1	0	0	0	0	0	1	0	0	1	0	0	0	0	1	0	0	0	0	1	0	0	0	0	0	0	0	0	0	0	0	0	1.199	0	0	0	0	0	0	0	1	0	0	0	0	0	1	1	0	0	0	0	1
CR_00670C_A	CR_00670C_A	0	0	0	1	0	0	0	0	0	0	0	0	0	1	0	0	0	0	1	0	0	1	0	0	1	1	0	0	1.002	0	0	0	0	0	0	0	0	0	0	0	0	0	0	0	0	0	0	0	1	0	0	0	0	2.205	0	1	1.269	1	0	0
CR_00680W_A	BUD22	0	0	0	0	0	0	0	1	0	1	0	0	0	0	0	0	0	0	1.003	0	1	0	1.002	0	0	0	0	0	1	0	0	1	0	0	0	0	1	1	0	0	1	0	0	1	0	0	0	0	0	1.094	1	0	0	1	0	1	2.801	1	0	0
CR_00690C_A	CR_00690C_A	0	0	0	0	0	0	0	0	0	0	0	0	0	1	0	0	0	0	0	0	0	0	0	0	1	0	0	0	0	0	0	0	0	0	0	0	0	0	0	0	0	1	0	0	0	1	0	0	0	0	0	0	0	0	2.328	0	1	0	1	0
CR_00700W_A	CR_00700W_A	0	2	0	0	0	1.617	2.908	0	1	0	0	0	0	1	0	0	0	2	1	0	0	1	1	0	1	0	2.998	1.562	3	1.526	1	0	0	0	1	1	0	0	0	0	0	0	0	0	0	0	0	0	0	1.129	0	0	0	1	3	1	1	1.293	1.483	1.396
CR_00710C_A	CR_00710C_A	0	0	0	0	0	0	0	0	0	0	0	0	0	0	0	0	0	0	0	0	0	0	1	0	0	0	0	0	0	0	0	2	0	0	0	0	0	0	0	0	0	0	0	0	0	0	0	0	0	0	0	1	1	1	1.159	0	0	0	0	1
CR_00720W_A	CR_00720W_A	0	0	0	0	0	0	0	0	0	0	0	0	0	0	0	0	0	0	0	0	0	0	0	0	0	0	0	0	0	0	0	0	0	0	0	0	0	0	0	0	0	0	0	0	0	0	0	0	0	0	0	0	0	0	0.841	0	0	0	0	0
CR_00730C_A	tT(AGU)3	0	0	0	0	0	0	0	0	0	0	0	0	0	0	0	0	0	0	0	0	0	0	0	0	0	0	0	0	0	0	0	0	0	0	0	0	0	0	0	0	0	0	0	0	0	0	0	0	0	0	0	0	0	0	0	0	0	0	0	0
CR_00740C_A	BMT3	0	0	0	0	0	0	0	0	0	1	0	1	1	0	0	2	0	0	0	0	0	0	0	0	0	1	0	1	0	1	1	0	0	0	0	0	0	0	0	0	0	0	0	0	0	0	0	0	0	0	0	1	0	0	0	0	0	1	0	1
CR_00750C_A	JHD1	3	0	0	1	0	2	0.988	1	0	1	0	0	0	0	0	2	0.999	2.197	1	0	0	0	1	0	1	0	0	1	2	0	2	0	2	1	0	1	1	0	1	0	0	2	0	0	1	0	0	0	0	0	0	1	2	0	1.77	0	2.422	0	0	0
CR_00760C_A	HYR4	0	0	0	0	2	2	2	1	0	3	1	1	2	0	0	0	0	0	0	0	0	0	0	0	1.021	1	2.005	0	1.985	1	2.999	1	0	0	1	0	1	1	0	1	0	0	0	0	0	0	1.997	0	1.122	1	2.009	0	1	0	0	2	2	3.901	2	0
CR_00770W_A	CR_00770W_A	0	0	0	0	0	0	0	0	0	0	0	0	0	0	0	0	0	0	0	0	0	0	0	0	0.979	0	0	0	0	0	0	0	0	0	0	0	0	0	0	0	1	0	0	0	0.824	1	0	0	0	0	0	0	0	0	0	0	0	0	0	1
CR_00780C_A	GSY1	0	2	4	2	0	1	0	0	1	0	0	0	0	0	0	0	4.842	2	3	3	1	1	1	1	0	1.002	0	0	1	2	2	0	0	0	0	0	2	0	1	1	0	0	0	0	1	1	0	3	1	0	0	0	1	1.584	0	0	0	3	3.57	1
CR_00790C_A	CR_00790C_A	0	0	0	0	0	0	0	0	0	0	0	0	0	1	0	0	0	0	0	0	0	0	0	0	0	0	0	0	0	1	0	0	0	0	0	0	0	0	0	0	0	0	0	0	0	0	0	0	1	0	0	0	0	0	0	0	0	0	0	0
CR_00800C_A	PWP2	0	0	0	0	1.008	5	2	2	1	0	0	1	0	0	1.271	0	3	0	0	0	1	1	0	1	0	0	0	0	0	0	0	0	0	1	1	0	2	0	0	1	0	0	0	0	0	0	1	1	0	1	0	0	0	0	0	0	3	0	0	0
CR_00810W_A	CR_00810W_A	0	0	0	0	0	0	0	0	0	0	0	0	0	0	1	0	0	0	0	0	0	0	0	0	0	0	0	0	0.998	0	0	0	0	0	0	0	0	0	0	0	0	0	0	0	1	0	0	0	1	0	0	0	0	0	0	0	0	0	0	0
CR_00820C_A	CR_00820C_A	0	1	0	0	0	0	0	0	0	0	0	0	1	0	0	0	0	0	0	0	0	0	0	0	1	0	1	1	0	0	1	1	0	0	0	0	0	0	0	0	0	1	0	0	0	0	1	0	2	0	1	2	0	0	0	0	0	0	0	0
CR_00830W_A	CR_00830W_A	0	0	0	0	1	0	0	1	0	0	0	0	0	0	0	0	0	0	1	0	0	0	0	0	0	0	0	0	1	0	0	1	8.01	8	9	4	1	0	0	0	0	0	0	0	0	0	0	0	0	0	0	1.857	0	0	0	1	0	0	2	0
CR_00840C_A	CR_00840C_A	0	0	0	0	0	0	0	0	0	1	0	0	0	0	0	0	0	0	0	0	0	0	0	0	0	0	0	0	0	0	0	0	0.99	0	0	0	0	0	0	0	0	0	0	0	0	0	0	0	0	0	0	0	0	0	0	0	0	0	0	2
CR_00850C_A	GSL2	2	2	1	0	0	2	1.933	1	1	0.878	1	0	0	0	1	1.097	1	1	0	1	1	1	0	0	1.162	2	4	0	0	2	1.152	0	1	0	2	0	0.907	0	1	0	0	1	0	0	1	1	0	0	1	1.107	1	4.95	0	1	4	1	2	3.937	2	4
CR_00860C_A	TMA19	0	0	0	0	2	0	3	1	0	0	0	0	0	0	0	0	3	2	4	5	4	5	3	8	0	0	0	0	0	0	0	0	0	0	0	0	0	0	0	0	0	0	0	0	2	6	3	2	0	0	0	0	2	2	1	3	0	0	0	0
CR_00870C_A	SWF1	0	0	0	0	0	0	0	0	0	0	1	0	1	1	0	0	0	0	0	0	0	0	0	0	2	0	0	1	0	0	0	2	0	1	0	0	1	0	1	0	0	0	0	0	1	1.73	0	0	2.673	1.017	0	0	0	1	0	1	0	0	0	2
CR_00880W_A	CR_00880W_A	1	0	0	0	0	0	0	0	2	0	0	0	0	0	0	0	0	0	0	0	0	0	0	0	1	0	0	1	0	0	0	1	0	0	0	0	0	0	0	0	0	1	0	0	1	0	0	0	1	1.842	0	0	1.001	0	0	0	0	0	0	0
CR_00890C_A	CR_00890C_A	0	0	0	0	0	0	0	0	0	0	0	0	0	0	0	0	0	0	0	0	0	0	0	0	0	0	0	0	0	0	0	0	0	0	0	0	0	0	0	0	0	0	0	0	0	0	0	0	0	0	0	0	0	0	0	0	0	0	0	0
CR_00900W_A	TRM1	0	0	0	0	0	0	0	0	0	1	0	0	0	0	0	0	6	2	2	2	0	0	0	1	0	1	0	0	1	0	2	1	0	1	0	1	0	3.002	1	0	0	0	0	0	0	2	0	1	0	0	0	0	1.902	0	0	1	0	2.405	0	0
CR_00910W_A	CR_00910W_A	6	3	4	4	4	2	3	4	12	11	9	10	9	4	10	10	0	0	0	0	2	0	1	4	0	0	0	0	3	6	5	7	2	4	0	3	0	0	1	1	0	0	0	0	4	6	4	2	0	0	0	1	0	0	0	0	0	0	0	0
CR_00920W_A	CCE1	0	0	0	0	0	0	0	2	0	1	0	0	0	0	0	0	0	0	0	0	0	0	0	0	0	1	0	0	0	0	0	0	0	0	0	0	0	0	0	0	0	0	0	0	0	0	0	0	0	0	0	0	0	0	0	0	0	0	0	0
CR_00930W_A	ATO10	0	0	1	0	0	0	1	0	0	0	0	0	0	0	0	0	0	1	0	0	0	0	0	0	0	0	1	0	1	1	0	0	0	0	0	0	0	0	0	0	0	0	0	0	0	0	0	0	0	0	0	0	0	0	0	0	0	1	0	0
CR_00970W_A	ATO9	0	1.007	1	1	1.051	2.859	0	2.978	3	5	1.001	1	3	2	1	0	1	0	3	2.03	2	1	0	1	0	2.001	2	1	1	1.024	0	1	4	5	3	1	3	3.002	1	1	0	0	0.886	2	1	0	1	0	1	5.015	4	1.903	1	1	0	4.803	0	0	8	0
CR_00980C_A	CAB3	0	0	0	0	0	0	0	0	0	0	1	1	0	0	0	0	0	0	0	0	0	0	0	0	0	0	0	0	1.003	1	2.146	0	1	1	0	0	0	1	1	0	0	0	0	0	0	1.011	3	1	0	1	1	0	1	1	3	3.007	0	0	0	0
CR_00990W_A	SEC11	0	0	0	0	0	0	1	0	0	0	0	0	0	0	0	0	0	0	0	0	0	0	0	0	1.389	0	0	1	0.998	0	0	0	0	0	0	0	0	0	0	0	0	0	0	0	0	0	0	0	1	0	0	0	1.992	0	0	1	0	0	0	0
CR_01000C_A	SLN1	2	1	1	1	1	0	3	4	2	2	0	0	1	0	0	1	0	0	2	1.014	0	0	2	0	2	0	2	1.216	0	0	0	0	0	0	1	0	0	0	1	0	1	0	1	0	1	0	1	2	1.065	3.422	0	0	2.783	8.048	6.049	3	4.188	1.593	2.477	0
CR_01010W_A	TEN1	0	0	0	0	0	0	0	0	0	0	0	0	0	0	0	0	0	1	0	0	0	0	0	0	0	0	0	0	0	0	1	0	0	0	0	1	0	0	0	0	0	1	0	0	0	0	0	0	0	0	0	0	0	0	0	0	0	2	1	0
CR_01020C_A	CR_01020C_A	0	0	0	1	0	1	0	0	6	3.113	4.015	4	0	0	0	1	0	0	0	1	0	0	0	1	0	1	2	0	1	1.836	1.726	1	0	1	0	0	1	0	0	0	1	2	1	0	0	0	0	0	0	0	1.177	0	1	4	1	0	2	1	1	0
CR_01030W_A	DAL81	0	0	0	0	1	1	1	3	0	0	2	1	0	0	1	2	1	0	0	0	1	1	1	1	1.779	1	4	1	2.472	0	0	2	1	0	0	0	2	0	0	0	1	0	0	0	0	0	0	0	0	0	1	1.226	1	1	3	1	0	1.601	1	1
CR_01040C_A	ARC19	1	0	0	0	1	0	0	0	0	0	0	0	0	0	0	0	0	0.909	0	0	0	0	0	0	0	0	0	1	0	0	0	0	0	0	0	0	0	0	0	0	0	0	0	0	0	0	0	0	0	0	0	0	0	0	0	0	0	0	0	0
CR_01050C_A	CR_01050C_A	1	0	0	1.039	1	1	1.35	0	2.044	0	3	0	1	0	1	2	2	0	0	2.365	1	1	0	0	2	2	3.007	1.998	6.027	1	2	4.472	0	0	2	0	0	1	0	1	1	0	2	0	2	4.022	0	1	1	3	2	0	1.997	0	1.001	3	2.296	2	0	0
CR_01060W_A	LAG1	0	0	0	0	0	0	0	2	0	0	0	0	0	0	0	0	0	0	0	1.001	0	0	1.021	0	2	0	0	0	1	0	1	0	0	0	0	0	0	0	0	0	1	0	0	0	2	3	1	0	1.174	2	1	0	2.867	0	1.723	0	0	0	0	0
CR_01070W_A	CR_01070W_A	0	0	0	0	0	1	0	0	0	0	0	0	0	0	0	0	0	0	1	0	0	0	0	0	0	0	0	0	0	2	1.979	0	1	1	1	0	0	1	0	0	0	0	0	0	1	1	1	3	0	0	0	0	0	0	1	0	0	2	1	1
CR_01080W_A	CR_01080W_A	1.045	2	0	1	4	9	5	4.088	4	4	2	5	3	1.283	0	0	4.002	6.002	4.004	3	6.189	1	3	3.102	5	5.745	5	4.926	7.117	4	0	3	2.008	3	7.372	6	3.109	1.109	2	0.923	0	0	4.618	1.164	1	2	2	3.292	5	2	3.066	6.467	5.037	2.999	4	3.391	8	3.875	3.375	6
CR_01090W_A	CR_01090W_A	0	0	0	0	2	0	0	0	0	0	0.857	0	0	0	0	0	0	1.072	0	0	1	0	0	0	1.27	1	1	1	0	1	0	1.209	0	0	0	0	0	0	0	0	0	0	0	0	1	1	0	0	0.999	1	2	2.073	1.3	0	0	1	1	0	0	0
CR_01100C_A	COX23	0	0	0	0	0	1	1	0	0	1	0	0.989	0	0	0	0	4	1	6.965	2	0	0	0	0	1	0	0	0	1	1	0	0	0	0	0	0	0	0	0	0	0	1	0	0	0	0	0	0	0.764	0	0	0	0	0	0	0	1	1	1	0
CR_01110W_A	SRP54	0	0	0	0	0	0	0	1	2	2	0	1	0	1.776	0	0	2	0	0	0	0	0	0	0	1	1	1	0	1	0.999	0	1	0	1.579	1	0	2	0	0	0	0	0	0	1	2	1.917	3	1	0	1	0	1	0	1	0	1	0	0	1.229	1
CR_01120C_A	CR_01120C_A	0	0	0	0	1	0	0	0	0	0	0	0	0	0	0	0	0	0	0	0	1	0	0	0	0	0	0	0	0	0	0	0	0	0	1	0	0	0	0	0	0	0	0	0	0	0	0	0	1	1	1	0	1	0	0	0	0	1	0	0
CR_01130W_A	CR_01130W_A	0	1	0	0	0	1	1.001	6	1	0	1.128	1	0	0	0	0	3	0	1	1	0	0	2	0	0	2	0	2	1	3.443	0	3.992	0	2	2	1	1	1	0	0	0	0	0	0	1.458	0	0	0	2.209	2.172	0	1.722	2.106	1	1.067	1	0	2.444	2.22	4
CR_01140C_A	ERG27	0	0	0	0	0	0	0	0	0	0	0	0	0	0	2	0	0	0	0	0	1	0	1	1	1	0	0	0	2	0	1	0	0	0	0	0	0	0	0	0	0	1	0	0	0	0	1	0	0	1	0	0	0	0	0	0	2.002	0	0	0
CR_01150C_A	CTF18	1	0	0	0	0	0	0	0	0	0	0	0	1	0	0	1	1	0	0	0	0	0	0	0	0	1	1.4	0	1	1	1.021	0	0	0	0	0	0	0	0	1	0	0	0	0	1	0	0	0	1	0	0	2	0	0	1	0	1.115	0	0	0
CR_01160W_A	CR_01160W_A	0	0	0	0	0	0	0	0	0	0	1	0	1	0	0	0	0	1	0	0	0	1	1	0	0	0	0	0	1	0	1	0	0	0	0	0	0	0	0	0	0	0	0	0	0	0	0	0	1	0	0	0	0	1	0	0	0	1	0	0
CR_01170W_A	CR_01170W_A	0	3	0	1	4	8	5	4	0	0	0	0	2	0	0	0	0	0	0	0	2	0	0	1	1	3.119	1	1	0	0	2	0	0	3	1	0	0	0	2	1	0	0	0	0	2	2	3	3	2.451	1	0	0	0	0	2	0	0	2.68	0	2.304
CR_01180W_A	CAP01	0	0	0	0	0	1	0	0	1	0	0	0	0	0	0	1	0	0	0	0	0	0	0	0	0	0	0	0	0	0	0	0	0	0	0	0	0	0	0	0	0	0	0	0	0	1	0	1	0	0	0	0	1.809	0	0	0	0	0	0	0
CR_01190C_A	SFT1	0	2	0	0	0	0	0	0	0	0	0	0	0	0	0	0	0	0	0	0	0	0	0	0	0	0	0	0	0	0	0	0	0	0	0	0	0	0	0	0	0	0	0	0	1	1	1	4	0	0	0	0	0	0	0	0	0	0	0	0
CR_01200W_A	OYE22	1	0	1	0	0	0	0	0	0	0	0	0	1	0	0	1.862	0	0	0	0	0	0	1	0	0	0	0	0	0	0	0	1	0	0	0	0	0	0	0	0	0	0	0	0	0	0	0	0	0	0	0	0	0	0	0	0	0	0	0	0
CR_01210C_A	HSE1	0	0	0	0	0	0	0	0	2	0	0	0	1	0	0	0	1	0	0	0	0	0	0	0	1	0	0	1	0	0	0	0	0	0	0	1	0	0	0	0	0	0	0	0	1	0	1	1	0	0	0	0	0	0	1.008	0	0	0	1	0
CR_01220W_A	CR_01220W_A	0	0	1	0	1	1	0	0	2.01	0.965	0	0	0	0	1	0	0	1	1	0	2	1	2	0	1	0	1	0	1.834	2	0	1	0	0	1	0	1	1	0	0	0	0	0	0	1	0	1	0	1	2	1	0	1	0.998	2.005	0	1	0	0	0
CR_01230C_A	CDC27	1	0	0	0	0	0	0	1.95	0	0	0	1	1	3	0	0	1	0	0	0	1	0	0	0	0	1	1.451	1.002	1.812	0	0	0	0	0	1	0	2	0	0	0	0	0	0	0	0	1	1	0	1	2	1	0	1	0	1	1	4.735	0	2	0
CR_01240C_A	BOI2	0	0	1	0	0	0	0	1	0	0	1	0	0	1	0	0	0	0	0	2	1	0	1	0	0	1	0	1	3.067	0	0	2	0	0	0	0	0	0	0	0	0	1.161	0	0	2	3	4	2	1	0	1.346	1.518	0	2.996	2	0	1	4.207	1	1.002
CR_01250C_A	CR_01250C_A	1	1.505	5.871	3.899	8.955	2	6.026	8.814	3	4.739	14.372	9.9	5.912	6.808	7.097	7.976	4.954	10.879	4	8.476	9.948	9	6.886	11.887	7.382	12.332	14.847	13.338	5.907	10.864	7.493	15.45	7.795	10.807	9.165	9.92	2.685	2.912	1.942	4.866	1	2.912	5.96	5	6.845	2	4	9.676	11.308	14.705	13.84	23.425	9.068	18.381	12.652	11.961	10.325	26.797	25.872	20.479
CR_01260W_A	CR_01260W_A	0	0	1	1	2.996	0	0	2	0	3	0	0	0	0	1	0	1	0	0	1	1	0	0	0	0	3	2	0.994	0	1	0	1	0	0	1	2	4	0	1	0	0	0	1	0	0.97	1	1.886	2.73	3.512	1	1.138	0	0	0	0	2	1.26	0	2	3.698
CR_01270C_A	FTH2	0	1	2	3.809	1	0	1.03	0	2	1	0	1	1	0	0	1.101	1	2	0	1	1	0	1	0	2	1	3.002	1	3	0	1	0	0	0	0	0	0	0	0	1.003	0	0	0	2	1	1.052	1	1	1.539	0	0	0	1.266	0	0	1	6.361	1	0	0
CR_01280C_A	NPC2	0	0	0	0	0	0	1	0	2	1	2	2	0	0	0	0	0	0	0	0	0	0	0	0	0	1	0	0	0	0	0	0.99	0	0	0	0	0	0	0	0	0	0	0	0	0	0	0	1	0	0	0	0	0	0	0	0	0	0	0	0
CR_01290C_A	CWH43	1	1	0	0	1	0	0	1.482	2	2	1	0	1	0	0	0	0	0	0	0	1.036	1	0	1	1.001	0	1	0	1	0	0	1	2	3	2	0	0	0	3	1	1	0	1	0	0	1	1	1	0	0	0	0	2	1.972	2.01	2	2.547	1.127	4.646	3
CR_01300W_A	CR_01300W_A	0	0	0	0	0	0	0	0	0	0	0	0	0	0	0	0	0	0	0	0	0	0	0	0	0	0	0	0	0	1	0	2	0	0	0	0	0	0	0	1	0	0	0	0	0	0	0	0	0	0	0	0	0	0	0	0	0	0	1.952	0
CR_01310W_A	ATP3	0	0	0	0	1	0	3	3	1	0	0	0	0	0	0	0	0	1	2	0	1	3	1	0	0	0	0	0	0	0	0	0	0	0	0	0	0	0	0	0	0	0	0	0	0	1	0	0	0	1	1	0	0	0	0	0	0	0	0	0
CR_01320C_A	CR_01320C_A	1	0	0	0	0	0	1	1.08	1	1	1	0	0	1	0	0	0	0	0	0	1	0	0	0	0	0	0	2	0	0	0	3	0	0	1	0	0	0	1	1	1.309	0	0	2	0	0	0	0	1	0	1	1.153	1.031	0	0.999	1.3	4.275	0	0	2.964
CR_01330W_A	CPA2	0	0	0	0	0	2	3.673	0	3	0	0	0	0	1	0	0	0	0	0.983	0	0	0	0	1	0	0	0	0	0	1	0	0	1	2.033	1	0	1	0	0	0	1	0	1	0	0	0	0	0	0	1	0	2.524	0	2	1	1	2.252	0	0	3.494
CR_01340W_A	CR_01340W_A	0	1	0	0	0	0	1	1	2.191	0	0	1	1	0	0	1	2	0	1	0	1	1	0	0	0	2.985	1	2	1.002	0	0	0	0	0	0	0	1	0	0	0	1	1	0	0	1	0	1.886	0	2	0	2	0	1	0	0	2	1.139	0	3	1
CR_01350C_A	CR_01350C_A	0	0	0	0	0	0	0	1	0	0	0	0	0	0	0	0	0	0	0	0	0	0	0	0	0	0	0	0	0	0	1	0	1	0	0	0	0	0	0	0	0	0	0	0	0	0	0	0	1	0	0	0	0	0	1	0	0	0	0	0
CR_01360W_A	CR_01360W_A	0	0	1	0	0	0	0	0	0	1	0	0	0	0	0	1	1	0	0	0	1	0	1	1	2	0	0	0	0	0	0	0	0	0	0	0	0	0	0	0	0	0	0	0	0	1	0	0	0	0	0	0	1	1	0	0	0	0	1	1
CR_01370C_A	CR_01370C_A	0	0	1	0	0	0	0	1	0	0	0	0	0	0	0	0	3	2	1	0	0	0	0	0	0	0	1	0	1	1	1	1	0	0	0	0	6	2	4	3	0	0	0	0	3	0	2	2	0	0	1	1	2	0	0	2	0	0	0	0
CR_01380W_A	CR_01380W_A	0	0	1	3.005	0	0	0	0	3.935	0	0	2.078	0	0	0.732	1	0	0	0	1	2	1	0	2.121	0	0	0	0	2	3.885	3	1	0	0	0	0	0	0	0	0	0	0	0	0	0	0	0	0	2.642	0	3.654	1	5.424	2.872	1.266	2	3.794	1.919	0	7.802
CR_01390W_A	MGE1	0	0	0	0	0	0	0	0	0	1	0	0	0	0	0	0	0	0	0	0	0	0	0	0	0	0	0	0	0	0	0	0	0	0	0	0	0	0	0	0	0	0	0	0	0	0	1	4	0	0	0	0	0.926	0	0	0	0	0	0	0
CR_01400W_A	LYS12	0	0	0	0	0	0	0	0	0	0	0	0	3	5	1	7	0	0	0	0	0	1	0	0	0	0	0	0	0	0	0	0	0	0	0	0	0	0	0	0	0	0	0	0	1	0	0	0	1	1	0	0	0	0	0	1	0	0	0	0
CR_01410C_A	CR_01410C_A	0	2	0	2	0	1	0	0	0	0	0	0	0	1	0	0	0	0	0	1	4	2	1	1	0	0	2	0	0	1	1	1	1	0	0	0	0	0	0	0	1	0	0	0	0	0	0	0	3	1	2.974	0	0	0	1	0	2	0	1	1
CR_01420W_A	CR_01420W_A	0	0	0	0	0	0	0	1	7	7	5	2	0	1	0	0	0	0	0	0	0	0	0	0	0	0	0	1	1.01	0	0	0	0	0	0	0	5	4	7	4	0	0	0	0	0	0	1	0	0	0	0	0	0	0	0	1	0	0	0	0
CR_01430W_A	CR_01430W_A	0	0	0	0	0	0	1	0	0	0	0	0	0	0	0	0	1	0	0	1	0	0	0	0	1	1	2	1	0	0	0	0	0	0	0	0	1	0	0	0	0	0	0	0	0	0	0	0	0	0	1	0	0	0	0	1.99	0	3	2	0
CR_01440C_A	CR_01440C_A	0	0	0	0	0	0	0	0	0	0	0	0	0	0	0	0	0	0	0	0	0	0	0	0	0	0	0	0	0	0	0	0	0	0	0	0	0	0	0	0	0	0	0	0	0	0	0	0	0	0	0	0	0	0	0	0	0	0	0	0
CR_01450C_A	tL(UAA)2	0	0	0	0	0	0	0	0	0	0	0	0	0	0	0	0	0	0	0	0	0	0	0	0	0	0	0	0	0	0	0	0	0	0	0	0	0	0	0	0	0	0	0	0	0	0	0	0	0	0	0	0	0	0	0	0	0	0	0	0
CR_01460C_A	CR_01460C_A	0	0	0	1	0	1	0	0	0	0	0	0	0	1	0	0	0	0	0	0	0	0	0	0	0	0	0	0	0	0	0	0	0	0	0	0	0	0	0.975	0	0	0	0	0	0	0	0	0	0	0	0	0	0	1	0	0	0	0	1	0
CR_01470W_A	CSP37	0	0	0	0	0	0	0	0	0	0	1	0	1.605	0	0	0	0	2	0	0	0	1	0	0	0	0	0	0	0	0	0	0	0	0	0	0	0	0	0	0	0	0	1	0	1	0	0	0	1	0	0	1	0	1	1	2	0	0	0	0
CR_01480W_A	PRS	0	0	0.991	0	0	0	0	1	2	0	1	0	1	1	0	1	0	0	1.371	0	0	2	1	0	1	0	0	0	0	0	1	0	1	1.002	1	1	1	0.891	1	1	0	0	0	0	0	0	0	0	0	0	1.445	1	1	1.08	0	1	1	0	0	0
CR_01490C_A	CR_01490C_A	0	0	0	0	0	0	0	0	2	8	4	3	0	0	1	0	0	0	1	0	0	0	0	0	0	0	0	0	0	0	0	0	0	0	0	0	0	0	0	0	0	0	0	0	2	0	2	0	0	0	0	0	0	0	0	0	0	0	0	1
CR_01500W_A	PIN4	0	0	0	0	2	2	1	3	0	0	0	0	1	1	1.303	0	1	0	0	0	1	1	1	0	1	1	1.422	0	0	1.181	1	0	0	2	0	0	0	0	1	0	0	0	0	0	0	0	0	0	0	0	0	1	1	0	2.568	0	0	0	1.075	0
CR_01510C_A	CR_01510C_A	1.02	1	1	0	0	3	2	1	1	2	2	1	2	4	0	1	0	1	1	0	0	3	1	2	2	1	3	6	2	2	1	2	1	5	1	2	1	0	1	1.93	3	1	0	0	2	0	1	2	3	1	7	2	3	2	1	0	0	6	3	3
CR_01520W_A	PTC2	0	0	0	0	0	1	0	1	0	1	1	0	0	0	0	0	2	5	2	2	0	0	0	0	1	0	0	1	0	1	4	2	7	5	6	6	8	6	7	14	0	0	0	0	2	3	4	2	1	3	0	0	0	1	0	3	1	1.982	0	0
CR_01530C_A	CR_01530C_A	5	3.069	4.001	7	4.961	7	8.001	14.85	2	5	4	5.961	2	5	2	4	3.202	6	5	3	5	4.995	4	6	13.944	3	19	8	6	7	10	4.002	10	3	3	3	1.039	1	4	3	3	1	1	2	2.847	5	3	4	9.929	7	5	8	14	5	3	11	9.537	12.96	9	10
CR_01540W_A	SAS3	0	0	0	0	1	0	1	1	2	1	0	0	0	2	0	0	0	2	0	1.004	0	0	0	0	2	0	1	0	0	1	1.613	0	0.994	1	0	1	0	0	1	0	0	0	1	0	1	0	0	0	2.353	1.558	0	1.269	1.966	0	0	0	2	2	0	1
CR_01550C_A	CR_01550C_A	0	0	0	0	0	1	0	0	0	0	0	0	0	1	0	0	0	0	0	0	0	0	0	0	0	1	1	0	0	1	0	0	0	0	0	0	0	0	0	0	0	0	0	0	1	0	0	0	0	1	0	1	1	0	1	0	0	0	1	1
CR_01560W_A	CR_01560W_A	0	2	1	1	0	1	0	0	4	3	2	1	2	0	0	0	1	0	0	0	0	0	0	1	2.959	2	3	2	2	0	2	1	2	1	3	1	0	1	0	1	0	0	1	0	2	1	2	0	0	0	1	5	0	0	0	0	2	2.64	0	0
CR_01570W_A	CR_01570W_A	0	0	0	0	1	0	0	0	0	0	0	0	0	0	0	0	0	0	0	0	0	0	0	1	1	0	0	0	0	0	0	0	0	0	0	0	0	1	0	0	0	0	0	0.935	0	0	1	0	1.67	1	0	1	1	1	0	1	0	0	0	0
CR_01580C_A	DOT6	0	0	0	0	0	0	0	0	1	0	0	0	0	0	0	0	2.155	1	0	3	2	2	2	0	1	0	1	0	1	0	2	1	0	0	1	1	0	1	1	0	0	0	0	0	0	0	0	1	1	0	0	1	0	1	0	0	0	0	0	0
CR_01590C_A	TRP2	0	0	0	0	0	0	0	0	0	0	0	0	0	0	0	1	1	0	0	0	0	0	0	0	1	0	0	0	0	0	1	0	0	0	0	0	0	0	1	0	0	0	0	0	1	3	1	0	1	0	2	0	0	0	0	0	0	0	2.471	0
CR_01600C_A	CR_01600C_A	1	0	0	0	2	0	0	1	1	1	1.214	0	0	0	1	0	0.942	1	0	0	1	0	3	0	0	0	0	0	1	1	1	1	0	0	0	0	0	0	1	1	0	0	0	0	1	2.724	0	3	4	0	1	0	0	0	1.998	0	0	0	1.004	0
CR_01610C_A	SHP1	0	0	0	0	0	0	0	1	0	0	0	0	0	0	0	0	0	0	1	0	0	0	0	0	0	1	0	0	1	0	0	1	0	0	0	0	0	1	0	0	0	0	0	0	0	0	0.998	0	0	0	0	0	0	0	0	1	0	1	2	0
CR_01620C_A	MET6	0	0	0	0	1	0	1	1	1	0	0	1	0	0	0	0	0	1	0	0	0	1	0	0	0.996	0	0	0	1	0	0	0	0	1	0	0	0	0	0	0	0	0	0	1	0	0	0	0	0	0	0	0	0	0	0	0	0	0	0	0
CR_01630C_A	CR_01630C_A	0	0	0	0	0	0	0	0	1	0	0	0	0	0	2	0	0	1	1	0	0	0	0	0	0	3	2	0	0	0	0	0	0	0	0	0	0	0	0	0	0	3	0	0	0	1	0	1	0	0	1	0	0	1	0	3	0	1	0	0
CR_01640C_A	CR_01640C_A	0	0	0	0	0	0	0	1	0	0	0	0	0	0	1	0	0	0	0	0	0	0	0	1	0	0	0	0	0	0	0	1	0	1	1	0	0	1	0	0	1	0	0	0	0	1	0	0	0	0	0	0	0.999	0	0.999	0	1	0	0	0
CR_01650W_A	URA5	0	0	0	0	1	0	0	0	0	0	0	0	0	1	2	0	0	0	0	0	0	0	0	0	0	0	0	0	0	0	0	0	0	0	0	0	0	0	0	1	0	0	0	0	3	1	3	0	0	0	0	0	0	0	0	0	0	0	1	0
CR_01660C_A	SEC65	0	1	0	0	0	0	0	0	0	0	0	0	0	0	0	0	0	0	0	0	0	0	0	0	0	0	0	0	0	0	2	0	0	0	0	0	2.93	2	4	4	0	0	0	0	0	0	0	0	0	1	0	0	1	1	0	0	0	0	2	0
CR_01670W_A	CR_01670W_A	0	0	1	0	3	1	1	0	0	1	1	0	0	0	0	0	2	0	0	0	0	0	0	0	0	1	0	1	2.992	0	1	0	0	0	2	0	1	0	1	2	1	0	0	0	1	0	0	0	0	0	1.157	0	1	0	0	0	0	0	3.467	1
CR_01680C_A	CDC4	0	1	0	0	0	0	2	0	0	0	1.637	0	0	0	1	1	2	4	1.002	1	6	4	2	1	3	2	13.67	5.001	1.005	2	0	0	4.036	2.232	3	3	1	0	0	2	0	0	0	1	0	1	1	0	2	2	0	1	0	3.472	1	0	2.16	2.382	0	3
CR_01690C_A	CDC60	0	0	0	1	0	0	0	1	0	0	0	0	0	1	1.009	1.002	0	0	0	0	0	0	0	0	0	0	2	0	0	0	0	0	0	0	0	0.889	0	0	1	0	0	0	0	0	1	0	0	0	0	0	0	1	2	0	0	2	0	2	0	0
CR_01700C_A	CR_01700C_A	0	0	0	0	2	1	2	0	0	1	1.003	2	0	0	1	0	0	0	0	1.986	2	1	1	0	0	0	2.983	1.253	0	0	0	1.006	0	0	0	0	1	1	0	0	0	0	0	0	0	0	2	0	2	2	0	1	3.033	1	2	2	6.538	1	1	2.85
CR_01710W_A	CR_01710W_A	0	0	0	0	4	1	1	1	2	0	1	2	0	2	3	0	0	1.017	1	1	0	1	2	0	0	0	0	3	0	0	2	0	2	0	0	1	0	0	1	0	0	0	0	0	1	0	1	0	0	0	0	0	1	0	1	0	2	0	0	0
CR_01720W_A	CR_01720W_A	0	0	1	0	0	0	0	0.983	7	3	3.001	2	2	2	1	4	1	0	0	1	1	0	0	0	0	1.078	0	0	2.796	1	0	0	1	0	0	0	0	0	0	0	1	1	1	1	4	4	3	7	0	0	4	1	4	11	4	5	1.37	2.863	0	0
CR_01730W_A	IFU5	0	0	0	0	4	2	3	0	0	0	0	0	0	0	0	0	1	1	1	3	0	0	0	1	0	0	0	0	0	0	0	0	0	0	0	0	0	0	0	0	0	0	0	0	1	1	0	0	0	0	0	0	0	0	0	0	1	0	1	1
CR_01740W_A	MCI4	1	1	1	1	1	3	1	1	0	0	0	0	0	0	0	0	7	3	7	4	0	0	3	0	2	1	1	0	0	0	0	0	2	1	1	0	0	0	0	0	0	0	0	0	2	3	4	1	0	0	0	0	2	1	2	3	0	0.774	0	0
CR_01750C_A	SEC4	0	0	0	0	0	1	0	1	0	0	0	0	0	0	0	0	0	0	0	0	0	0	0	0	0	0	0	0	3	3	1	6	3	2	1	1	0	0	2	1	0	0	0	0	1	0	0	1	0	0	0	0	9	4	2	2	0	0	1	0
CR_01760C_A	FRS1	0	0	1	0	0	0	0	0	0	1	0	0	0	0	0	0	1	0	0	0	0	0	1	0	0	0	0	0	0	0	0	0	0	0	0	1	0	0	1	0	0	0	0	0	1.15	0	1	0	0	1.285	0	0	0	0	0	0	1	1	1	1
CR_01770C_A	CR_01770C_A	0	0	2	1	0	1	0.998	0	1.371	0	0	0	2	3	2	3	0	0	2.819	0	0	0	0	0	0	3.042	4	1	3	3.009	1.001	5	1	2	0	0	2	0	0	0	0	0	0	0	5	0	1	1	2	0	1.096	2	3	5	2	3	1	1.362	0	1.249
CR_01780W_A	CR_01780W_A	1	0	0	0	0	2	0	0	1	0.965	0	0	0	0	0	0	2	0	0	0	0	1	0	1	3	0	2	1	1	0	0	0	0	0	1	0	0	0	1	1	0	0	0	0	3	0	0	0	1	0	0	0	1	0	0	0	0	1	0	1
CR_01790C_A	CR_01790C_A	0	0	0	0	1	0	0	2	0	1	1	1	0	0	0	0	0	0	0	0	0	0	0	0	0	1.078	1.723	2	0	0	1.979	1.103	0	0	0	0	0	1	0	0	0	0	1	0	0	0	0	0	0	0	0	1	1	2	0	1	0	1	2	0
CR_01800C_A	HST2	0	0	0	0	0	0	0	2	0	0	0	0	0	1	0	0	0	0	1.418	0	0	0	1	0	0	0	0	0	0	1	0	0	0	0	2	1	0	1	0	0	1	0	0	0	1	0	1	1	1	0	0	0	0	0	0	0	1.004	0	0	0
CR_01810C_A	CR_01810C_A	0	0	0	0	0	0	0	0	1	0	1	0	0	0	0	0	0	0	0	0	0	0	2	0	0	0	0	1.612	0	0	0	0	0	0	0	0	0	1	0	0	0	0	0	0	0	0	1	0	0	0	0	0	0	0	0	1	0	0	0	1
CR_01820W_A	CR_01820W_A	0	1	0	0	2	1	0	1	5	0	5	1	0	0	0	0	0	0	0	0	0	2	0	2	0	2	0	1	1	0	1.998	0	0	0	0	0	0	0	1	0	0	0	0	0	1	0	0	0	0	0	4.722	0	0	1	1	1.001	0	0	0	0
CR_01830C_A	PTR2	0	0	0	0	0	0	0	1	0	0	0	0	0	0	0	0	0	0	1	2	1	0	1	0	0	1	0	0	0	1	0	0	0	0	0	0	0	0	1	0	0	0	0	0	1	1	0	1	0	1	0	1	0	0	2	3	1	0	2	1
CR_01840W_A	CR_01840W_A	0	0	0	0	0	0	0	0	0	0	0	0	0	0	0	0	0	0	0	0	0	0	0	0	0	0	1	0	0	0	0	0	0	0	0	0	0	0	0	0	0	0	0	0	0	0	0	0	0	0	0	1	0	0	0	0	2	0	1	0
CR_01850C_A	CR_01850C_A	0	0	0	0	0	0	0	0	0	0	0	0	0	0	0	0	0	0	0	0	0	0	0	0	0	0	0	0	0	0	0	0	0	0	0	0	0	0	0	0	0	0	0	0	0	0	0	0	0	0	0	0	0	0	0	0	0	0	0	0
CR_01860W_A	OPT9	0	0	0	0	0	0	0	0	0	0	0	0	0	0	1	0	0	0	0	0	0	0	1	0	0	0	0	0	0	0	0	0	0	0	0	0	0	0	0	0	0	0	0	0	0	0	0	0	0	0	0	0	0	0	0	0	0	0	0	0
CR_01870C_A	CR_01870C_A	2	0	0	0	1	0	1	1	0	0	0	0	2	0	1	0	2	0	0	0	1	0	1	1	2	0	1	0	2	0	0	2	0.983	0	1	0	0	0	0	0	0	0	0	0	0	0	0	1	1.73	1	0	0	6	0	3	4	4	0	0	0
CR_01900C_A	HNM3	0	0	0	0	0	1	1	1	0	0	0	0	0	1	0	1	0	0	0	1	0	0	1	0	0	1	0	1	0	1	0	0	0	0	0	1	0	0	1	0	0	0	0	0	0	0	0	0	0	0	1	0	0	1	0	1	1	0	1	0
CR_01910C_A	CR_01910C_A	0	0	0	0	0	1	0	0	1	0	0	0	0	0	0	0	0	0	0	1	0	0	0	0	0	0	0	1	1	1	0	0	1	0	2	2	0	0	0	0	0	0	0	0	0	1	0	0	0	1.886	1	0	0	0	0	0	0	0	1	0
CR_01920W_A	CR_01920W_A	0	0	0	0	0	3	1	1	1	0	0	0	0	0	0	0	0	0	0	0	0	0	0	0	2	0	0	1.013	0	0	0	0	0	0	0	0	0	0	0	0	0	0	0	0	0	0	0	0	0	0	0	0	0	0	0	0	1	0	0	0
CR_01930C_A	BIO2	0	0	0	0	0	0	0	0	0	0	0	0	0	0	0	0	1	0	0	0	3	0	4	1	0	0	0	0	0	0	0	0	0	0	0	0	0.748	0	0	0	0	0	1	0	0	0	0	0	0	0	0	0	0	0	1	0	0	0	0	0
CR_01950W_A	CR_01950W_A	2	0	1	0	0	0	1	0	0	1	0	0	0	0	0	0	0	0	0	0	2	0	0	0.963	0	1	0	0	0	0	0	0	0	0	0	0	0	0	0	0	0	0	1	0	0	0	0	1	0	0	1	0	0	0	2	0	0	2	0	0
CR_01960C_A	MRS2	0	0	0	0	0	1	0	0	0	0	0	0	0	0	0	0	1	0	0	1	0	1.385	0	0	0	0	0	0	0	0	1	0	0	2	0	0	0	0	0	0	0	0	0	0	0	0	0	0	0	1	0	0	1.668	1	0	2.889	0	0	1	0
CR_01970C_A	VMA4	0	0	0	0	0	0	1	0	0	0	0	0	0	0	0	0	0	0	0	0	3	2	1	0	0	0	0	0	3	0	0	0	0	0	0	0	0	0	1	0	0	0	0	0	2	1	1	1	0	0	0	0	0	0	0	1	0	0	0	0
CR_01980C_A	CRC1	0	0	0	0	0	0	0	0	0	0	0	0	0	0	0	0.999	0	0	0	0	1	0	1	3	0	0	0	0	0	0	0	0	0	0	0	0	3	0	1	1	0	0	0	0	0	0	0	0	0	0	0	0	1	0	0	0	0	0	0	0
CR_01990C_A	SPC98	0	0	1	0	0	3	1.285	0	0	0	0	1	0	0	0	0	2	0	4	1	0	0	0	1	0	1	2.524	1	0	1.551	0	1	2	0	0	1	0	1	0	1	1	0	1	0	3	0	0	0	0	1.3	2	2	3.459	2.001	0	1	0	4	2	2.385
CR_02000C_A	HEM1	0	0	2	0	0	0	0	0.998	0	0	0	0	0	0	0	0	0	0	0	0	0	0	0	0	0	0	0	0	0	0	0	0	0	0	0	0	1	5	4.929	7	0	0	0	0	0	0	0	0	2.82	0	0	0	0	0	0	0	1	0	1	0
CR_02020C_A	OPT1	0	0	0	0	0	1.006	0	1	2	0	1	1	0	0	0	0	0	0	0	0	0	0	0	0	0	2	1	0	2.345	0	0	0	0	0	0	0	1.998	1	0	0	0	0	0	0	0	0	0	0	0	0	2	0	0	0	0	0	0	0	0	0
CR_02030C_A	CR_02030C_A	0	0	0	0	0	1	0	0	1	1	0	1	0	0	0	0	0	0	0	0	0	1.293	1	0	0	0	0	1	0	0	0	0	0	0	0	0	0	0	2.859	0	0	0	0	0	0	0	0	0	0	2.495	0	2.539	2	0	1	0	0	0	0	0
CR_02040W_A	PRK1	0	0	1	0	0	0	0	1.004	1	0	0	0	0	0	0	0	0	3	0	0	1	0	0	0	2	2	3.977	1	0	0	1	0	0	0	0	1	0	0	0	0	0	0	1	0	0	0	0	0	0	0	0	0	1.225	0	0.987	1	0	2	0	0
CR_02050C_A	HDA1	0	0	0	0	0	1	2	0	0	1	0	0	0	0	0	0	0	0	0	1	1	1	1.011	0	2	0	0	2	0	1.124	0	1	4	1	0.999	3	1	0	0	0	0	0	0	0	2.97	1	0	1	1	0	0	0	1	3	3	3	2	0	1	0
CR_02060W_A	CR_02060W_A	1	0	0	0	0	2	0	0	1	0	0	0	0	0	0	0	0	0	0	0	0	0	0	1	0	0	0	0	0	0	0	0	0	0	0	0	1	0	0	0	0	0	0	0	0	1	0	1	0	0	0	0	0	0	0	0	0	0	0	0
CR_02070C_A	ADH5	0	0	0	0	0	0	0	1	0	0	0	0	3	6	4	1	0	0	0	0	1	2	0	0	1	0	1	2	1	1	0	1	1.754	1	0	0	0	1	2	1	0	0	0	0	0	0	0	0	0	0	1	0	2	1	1	1	1	0	2.59	2
CR_02080W_A	tL(AAG)1	0	0	0	0	0	0	0	0	0	0	0	0	0	0	0	0	0	0	0	0	0	0	0	0	0	0	0	0	0	0	0	0	0	0	0	0	0	0	0	0	0	0	0	0	0	0	0	0	0	0	0	0	0	0	0	0	0	0	0	0
CR_02090C_A	CET1	1	0	0	0	0	1	0	0	1	1	0	0	0	0	0	0	0	0	0	0	0	0	1	0	1	0	0	0	0	0	1	0	0	0	0	0	5	2	8	1.001	0	0	0	0	2	3	0	2	0	0	0	1	5.009	1	1	1	1	0	0	0
CR_02100C_A	CR_02100C_A	0	0	0	0	0	0	0	0	1	6	2	1	0	0	0	0	0	0	0	0	0	0	0	0	0	0	0	0	0	0	0	0	0	0	0	0	0	0	0	0	2	0	0	0	0	0	0	0	1	0	0	0	0	1	1	0	0	0	0	0
CR_02110W_A	MCM6	0	0	0	0	0	0	0	3.02	1	0	1	0	0	1	0	0	0	0	0	0	0	0	2	1	0	0	0	0	0	0	0	0	1	1	1	0	0	0	0	0	0	0	0	0	0	0	1	0	0	0	0	0	1	0	0	1	4.542	2	2.139	1
CR_02120C_A	CR_02120C_A	0	0	0	0	0	0	0	0	0	0	1	0	0	0	0	0	0	1	0	0	0	0	0	0	0	1	1	0	0	0	0	0	1	0	0	0	0	0	0	0	0	0	0	0	0	0	0	0	2	0	2	0	0	0	0	1	0	0	0	1
CR_02130W_A	ECM4	0	0	0	0	0	0	1	0	4	4	2	3	0	0	0	0	0	0	0	0	0	0	0	0	0	0	0	0	2	0	0	1	0	0	0	0	0	0	0	0	0	0	0	0	0	0	0	1	0	0	0	0	0	0	0	0	1	0	1	0
CR_02140W_A	RSR1	3	2	2	3	4	2	3	4	8	11.007	5	7	7	3	3	2	0	0.918	0	0	0	1	0	0	0	1	2	1	0	2	2	0	0	0	0	0	9	5	2	6	0	0	1	0	1	2	1	1	0	0	0	0	1	8	2	3	0	0	0	0
CR_02150W_A	MDL1	2	1	0	1	1	0	1	0	1	0	0	0	0	0	0	2	0	2	1	0	0	1.954	2.931	0	0	2	1	1	1	1	1	2	1	0	1	0	0	1	1	0	2	0	0	0	0	1	0	2	2.991	1	1.721	0	1	2.782	2	1	3	0	0	2.228
CR_02160W_A	UGT51C1	0	0	0	0	1.146	1.144	1.001	0	0	1	1.513	0	0	1	0	0	1.002	1	1	1	0	1	1	1.235	0	1	0	0	0	3.699	2	0	0.965	0	4	1	1	3	3	1	0	1	1	0	0	1	1.237	1	0	0	4	0	1.997	0	1	1.332	1	0	2.14	0
CR_02170W_A	MET2	0	0	0	0	0	1	0	0	1	0	0	0	0	1	0	0	0	0	0	0	0	0	0	0	2	2	4	2	1	1.434	0	1.997	0	0	0	0	0	0	0	1	0	0	0	0	0	0	0	0	0	0	1	0	0	0	1	0	0	0	0	2
CR_02180W_A	PHO113	0	0	0	0	1	0	1	1	0	0	1	0	1	0	0	0	0	0	0	0	0	0	0	0	0	0	1	0	0	0	0	1	0	0	0	0	0	0	0	0	0	0	0	0	0	0	1	0	0	0	0	0	0	0	0	1	0	0	3.796	0
CR_02190C_A	SEF1	0	1	0	0	0	1.999	1	2	0	0	0	2.068	0	0	0	0	0	0	0	0	0	0	0	0	2	1	1	0	2	0	0	1	0	0	0	0	2	0	0	0	0	0	0	0	0	2	0	1	0	1.064	2	1.077	1	1.969	3	0	0	0	0	2
CR_02200C_A	RAD51	0	0	0	0	0	0	0	0	0	0	0	0	0	0	0	0	0	0	0	0	0	0	0	0	0	0	1	0	3	3.947	0	1	0	0	0	0	0	0	0	0	0	0	0	0	0	0	0	0	0	0	0	1	0	0	0	0	0	0	0	0
CR_02210W_A	CR_02210W_A	0	1	1	1	2	3	4	7	5	1	2	2	0	0	0	1	0	4.001	4.001	4.447	1	2	2	3	3.062	1	4	5.471	1	0	0	2	4	4.282	2.003	4	0	0	0	0	0	0	0	0	4	1	4	3	1	2	2	1	4	2	5	7	1	2	0	2.149
CR_02220C_A	OPT3	0	0	1.165	0	2.086	1.025	1.019	1.036	0	0	0	1.019	0	0	0	1.084	2.252	2.336	4.006	0	5.255	7.552	2.331	3	0	2.178	0	1.064	0	0	1.25	5.235	1	0	0	1	1.077	0	0	0	0	0	0	0	0	2.069	1	0	1	1.11	2.276	1.034	1	1.058	0	2.042	3.099	0	4.384	0
CR_02230W_A	CR_02230W_A	0	0	0	0	0	1	0	0	0	0	0	0	0	0	0	0	0	0	0	0	0	0	0	0	0	0	0	0	0	1	0	0	0	0	0	0	0	0	0	0	0	0	0	0	0	0	0	0	0	0	0	0	0	0	0	0	0	0	0	0
CR_02240C_A	OPT2	1	0	2.542	1	0.993	0	0	0	3.005	0	0	1	0	0	1	0	0	1	0	0	0	0	0	0	4	0	0	0	0	1	1.24	0	1	0	0	1	0	0	0	0	0	0	0	0	1	0	1	1	0	0	0	0	0	0	0	1	0	0	0	0
CR_02250C_A	CEX1	0	0	0	0	0	0	0	0	0	0	0	0	0	1	0	0	0	2	0	0	0	1	3	4	1	2	2	0	1	0	0.892	1	1	0	0	1	0	0	0	0	0	0	0	0	0	0	0	0	1	0	3	0	0	0	1	0	1.646	1	1	0
CR_02260C_A	CR_02260C_A	0	0	0	0	0	1	1	0	0	0	0	0	1	1	0	0	0	0	1	0	0	0	0	0	0	0	0	0	0	0	0	0	0	0	0	0	0	0	0	0	0	0	1	0	0	0	0	0	0	0	1	1	2	1	1	1	0	0	0	1.218
CR_02270C_A	CR_02270C_A	0	0	0	0	0	0	0	0	0	2	0	0	0	0	0	0	0	0	0	0	0	1	2	1	0	0	0	0	1	0	0	0	0	0	0	0	0	0	0	0	0	0	0	1	0	0	0	0	0	0	3	0	0	0	0	0	1	0	0	0
CR_02280W_A	PGA23	0	0	0	1	4	2	1	4	0	0	0	0	0	0	1	0	1	1	3	4	2	1	2	0	0	0	0	0	1	3	4	5	0	0	0	0	1	0	2	1	0	0	0	0	5	3	7	1	0	0	0	0	0	0	0	0	0	0	0	0
CR_02290W_A	PGA22	0	0	0	0	1	0	0	0	0	1	0	0	0	0	0	0	0	0	0	0	0	0	0	0	0	0.999	0	0	0	0	0	0	0	0	1	0	0	0	0	0	0	0	0	0	0	0	0	0	0	0	0	1	0	0	0	0	1	0	0	0
CR_02300C_A	CR_02300C_A	0	0	0	0	1.073	0.973	1	0	1	0	1	1	0	0	0	0	0	0	1	0	0	0	1.375	0	2	3	1	0	0	0	1	1	0	1	2	0	0	0	2	2	1	0	0	0	0	0	0	0	2	0	0	2	0	0	0	1	0	2	0	0
CR_02310C_A	tV(AAC)3	0	0	0	0	0	0	0	0	0	0	0	0	0	0	0	0	0	0	0	0	0	0	0	0	0	0	0	0	0	0	0	0	0	0	0	0	0	0	0	0	0	0	0	0	0	0	0	0	0	0	0	0	0	0	0	0	0	0	0	0
CR_02320W_A	CR_02320W_A	0	0	0	0	0	0	0	0	13	13	7	8	11	8	8	4	3	1	7	5	9	6	8	7	6	9	13	13	8	7	9	10	0	0	0	1	3	3	2	1	0	0	0	0	8	9	9	3	0	0	0	0	12	17	10	5	0	0	0	0
CR_02330C_A	KAR4	0	1	0	0	1	0	0	0	0	0	0	0	2	0	0	0	0	0	1	0	0	0	0	0	0	0.835	1	0	0	0	1	0	0	0	0	0	1.576	0	0	1	0	0	0	0	0	0	1	0	0	0	0	0	0	1	0	0	0	1	0	1
CR_02340W_A	CR_02340W_A	0	0	0	0	0.97	2	0	0	1	0	0	0	0	0	0	0	0	0	0	0	0	1	1	0	0	0	0	0	0	1	0	0	0.999	0	0	0	0	0	0	0	0	2	0	0	0	0	0	0	0	0	0	0	0	0	1	0	2	0	1.874	0
CR_02350C_A	GEF2	1.023	0	0	1	1	1.082	3.002	2.997	1	0	1.252	0	2	1	2.094	1	4	1	3	4.648	1	0	2	0	3.393	0	3	4.026	2.999	1	2	3	3.999	1.003	0	1	0	0	0	1	0	2	0	2	2	0	1	1	2.232	1	1.136	4	4	1	6	2.535	3.225	4.219	0	2
CR_02360W_A	IDP2	0	0	0	0	0	0	0	0	0	0	0	0	1	2	0	2	0	0	0	0	0	0	0	0	1	0	0	1	0.999	0	0	0	0	0	0	0	1	3	2	1	0	0	1	0	2	2	3	0	0	0	1	0	0	0	0	0	0	0	0	0
CR_02370W_A	ERG25	1	1	1	1	0	0	0	0	0	2	0	0	0	1	0	0	0	0	0	0	1	0.974	0	0	1	0	0	0	1	0	0	0	0	0	1	0	0	0	0	0	0	1	1	0	1	0	3	0	1.73	0	1.779	1	0	1	0	0	0	0	0	1
CR_02380C_A	CR_02380C_A	1	0	0	0	0	0	0	1	0	0	0	0	0	0	0	0	0	0	1	0	0	0	0	0	0	0	0	1	0	0	0	0	0	0	0	0	0	0	0	0	0	0	0	0	0	0	0	0	0	1	0	0	0	0	0	0	0	0	0	0
CR_02390W_A	CR_02390W_A	0	0	0	0	0	0	0	0.999	1	3	2	2	0	0	0	0	0	0	0	1	4	2.001	1	3	1.212	1.375	1	0	0	0	0	0	0	0	0	0	0	0	1	0.992	0	1	0	0	0	0	1	0	0	0	1.171	0	0	0	0	0	0	1.129	0	0
CR_02400W_A	PHO112	0	0	0	0	0	1.451	0	0	0	0	0	0	0	1	0	1	0	0.998	0	1	0	0	0	1	1	2	0	0	0	0	0	0	0	0	0	0	0	0	0	0	0	0	0	0	0	0	0	0	1	1	0	0	0	0	0	0	0	0	0	0
CR_02410W_A	CR_02410W_A	1	0	1.94	0	1	2	1	1	0	1	2	1	0	1.013	0	0	1	1	1	0	2	0	0	0	1.041	3	0	2	1	2.609	5.529	1	2.109	2.445	2.02	0	1	0	0	0	1	0	1	0	0	0	3.039	0	3.796	5	3	1	3	0	7.819	1	1.424	3.106	1.469	2
CR_02420W_A	CR_02420W_A	1	1	0	0	0	0	1	0	1	0	0	0	0	0	0	0	0	0	0	0	0	5	3	3	0	0	0	0	0	1	1	0	0	0	0	0	0	0	0	0	0	1	0	0	1	2	0	1	3	0	0	0	2	0	1	2	0	0	0	0
CR_02430C_A	CR_02430C_A	0	0	0	1	0	1	0	1	0	1	0	0	0.997	0	0	0	1	0	0	0	0	0	0	0	2	0	0	1	1.067	0	0	1.128	0	0	0	0	0	0	0	0	0	0	0	0	0	0	0	0	1.378	0	0	2	0	0	0	1	2.12	0	0	1
CR_02440W_A	CR_02440W_A	0	0	0	0	0	0	0	0	0	0	0	0	1	0	0	0	0	0	0	0	0	0	0	0	0	0	0	0	0	0	0	0	0	0	1	0	0	0	0	0	0	0	0	0	0	0	0	0	0	0	0	0	1	0	0	0	1	0	0	0
CR_02460W_A	CR_02460W_A	0	0	0	1	2.013	1	1	0	0	0	1	0	0	0	1	0	0	0	2	0	0	0	0	0	0	0	1	1	0	0	0	0	0.996	1.092	0	0	1	0	0	1	0	0	0	0	0	1	0	1	0	0	0	0	1.001	1	0	2	0	2	3.506	3.552
CR_02470W_A	CR_02470W_A	7	6	8	7	11	5	6	10	37	51	26	24	18	20	12	16	21	20	19	17	14	19	22	14	15	16	8	18	21	18	19	11	7	10	8	7.962	5	6	4	7	0	0	0	0	45	31	36	40	0	0	0	0	24	24	19	21	0	0	1	0
CR_02480W_A	CR_02480W_A	1.001	0	0	0	0	1	1	0	0	0	0	1	1	0	0	0	0	0	0	1	0	0	0	0	0	1	0	0	0	1	0	0	0	0	0	0	0	0	0	1	0	0	1	0	0	0	1	1	1	0	2	1	0	0	1	0	1	0	0	2
CR_02490W_A	OPT4	9	14	10.835	8	12.914	16.975	10.98	11.964	7	12.168	13	10.981	6	5	8	2.916	4.748	3.664	2	2	17.739	2.448	5.669	2	8	9.822	16	13.936	7	10	7.122	5.772	1	3	1	2	8.923	8	16	15	0	0	0	0	9	15.931	12	13	0	0	0	1.111	8	3.942	19	12.958	0	1	1.222	0
CR_02500W_A	CR_02500W_A	0	0	0	0	1	0	0	0	1	0	0	0	0	0	2	0	0	0	1	0	0	0	1	0	1	0	0	0	2	1.684	0	1	0	0	0	1.073	0	0	0	0	1	0	0	0	0	0	0	0	0	0	0	0	0	0	2	0	1	1.774	0	0
CR_02510W_A	CR_02510W_A	0	1	1	0	0	2	0	0	1	0	0	2	0	1	0	0	0	1	0	0	0	5	1	3	0	1	1.997	0	2	0	2	0	0	0	0	0	1	1	1	5	0	0	0	0	1	1	0.963	0	1.118	0	1	0	0	0	1	3.675	4.118	2	0	1.242
CR_02520W_A	RPC19	0	0	0	0	0	0	0	0	0	0	0	0	0	0	0	1	0	0	0	0	0	0	0	0	0	1	0	1	1	0	0	0	0	0	0	0	0	0	0	0	0	0	0	0	0	0	1	0	0	1	1	0	1.819	0	0	0	2	0	0	0
CR_02530W_A	DBP2	0	0	0	0	0	0	1	0	0	0	0	0	0	0	0	0	0	0	0	0	0	0	2	0	0	0	0	0	0	0	0	1	0	0	0	1	0	0	1	0	0	0	0	0	1	1	1	2	2	0	1	2	1	0	0	0	0	0	1	0
CR_02540W_A	CHO2	1	1	0	2	1	1	1	2.767	1	1	1	0	0	0	0	2	3.007	2	2	0	0	0	0	0	3	0	1	3	3.387	0	2	5	3	2.419	2	2	0	0	1.238	0	0	1	0	0	1.033	3	2	2	2.658	2	2	1.258	5	1.972	1	5	0	1	2.325	1.16
CR_02550C_A	CR_02550C_A	0	0	0	0	0	0	1	0	1	1	1	0	1	1	0	0	0	0	0	1	1	0	1	0	0	0	0	1	0	0	0	0	0	0	0	0	0	0	0	0	0	0	0	0	0	0	0	0	0	0	0	0	0	0	0	0	0	0	0	1
CR_02560C_A	ASG1	0	0	1.131	0	1	0	0	0	0	1	1	1	0	0	0	0	1	2.411	4.288	0	0	0	0	1	5.822	0	3.052	0	0	3	1	2	1	1.001	2.997	0	2	0	0	1.013	0	0	2	2	0	0	0	0.981	2	0	1	2.138	1.999	3	0	0	1.32	0	0	4.204
CR_02570C_A	CR_02570C_A	0	0	0	0	0	0	0	0	0	0	0	0	0	0	0	0	0	0	0	0	0	0	0	0	0	0	0	0	0	0	0	0	0	0	1	0	0	0	0	0	0	0	0	0	0	0	0	0	0	0	2	0	2.596	0	1	0	1	0	0	0
CR_02580W_A	PAN6	0	0	0	0	0	0	0	0	0	0	0	0	0	0	0	0	0	0	0	0	2	0	0	0	0	0	1	1	0	0	0	0	0	0	0	1	0	0	0	0	0	0	0	0	0	0	0	0	1	0	0	1	0	0	0	0	0	0	1	0
CR_02590C_A	CR_02590C_A	0	0	0	1	0	2.252	0	1	1	1	1	0	0	2	0	0	1.35	1	0	1	1	0	2.001	0	3	0	3	0	0	1	3	1	0	0	0	0	0	3	3	2	0	0	0	0	0	1	0	1	0	2	1	0	1	0	2	3	2	0	1	2
CR_02600W_A	CR_02600W_A	0	0	0	0	0	0	2	0	0	0	0	0	0	0	1	0	0	0	0	0	0	0	0	0	0	0	0	0	0	0	0	0	0	0	0	0	1	0	0	0	0	0	1	0	0	0	0	0	0	0	1	1	1	0	0	0	0	0	0	0
CR_02610C_A	CR_02610C_A	1	0	0	0	1	0	0	0	0	0	0	0	2	0	0	2	0	0	0	0	1.002	0	0	0	1	0	1	0	0	0	1	0	1	0	0	0	0	1	0	0	1	0	0	0	0	0	0	0	0	0	1	0	1.514	0	0	0	0	0	1.281	0
CR_02620C_A	CR_02620C_A	0	0	0	0	0	0	0	0	0	0	0	0	0	0	0	1.026	0	0	0	0	0	0	0	0	0	0	0	0	0	0	0	0	0	0	1	1	0	0	0	0	0	0	0	0	2	1	0	0	0	0	0	0	0	0	0	0	0	0	0	0
CR_02630C_A	CR_02630C_A	1	0	0	0	0	0	0	0	2	1	0	0	0	0	0	0	0	0	1	0	0	0	0	0	1	0	1	0	0	0	0	0	0	0	0	0	1	3.011	3	4	0	0	0	0	0	0	0	0	0	0	0	2	0	0	0	0	0	0	0	1
CR_02640W_A	RFG1	2	2	3	7	0	0	1	1.694	0	0	0	0	0	0	0	0	0	0	1	0	1	0	1	0	1	1	0	0	1.016	0	0	0	1	0	0	0	0	0	0	0	0	0	0	0	1	0	0	0	0	0	0	0	0	1	1	1	1.363	1	0	3
CR_02650C_A	DRE2	0	0	1	1	1	0	0	1	0	0	0	0	3	2	1	0	0	0	0	1	0	0	0	1.845	0	3	2	2	2	1.002	0	0	2.032	0	0	0	0	1	0.996	0	0	0	0	0	0	1.989	0	2.646	0	0	0	0	1	1	1	5	4	2	0	0
CR_02660C_A	CR_02660C_A	0	0	0	0	0	0	0	0	1	0	0	0	0	0	0	0	0	0	0	0	0	0	0	0	0	0	0	0	0	0	0	0	0	0	0	0	0	0	0	0	0	0	0	1	0	0	0	0	0	0	0	0	0	0	0	0	0	0	0	0
CR_02670C_A	CR_02670C_A	0	1	1	0	1	1	4	3	1.491	1	0	0	0	1	2	0.815	0	0	0	0	0	0	0	1	1.88	1	1	0	2.002	0	4.94	0	2	1	0	1.999	0	0	0	0	0	0	0	2	2	0	1	0	0	0	1.955	0	1.176	1.503	0	1.999	1	4.225	0	1
CR_02680W_A	NDC80	0	0	0	0	1	2.471	3.601	0	1	1	0	0	1	0	1.116	0	1	1	0	0	1	0	0	0	0	1	0	2	2.999	0	1.72	0	2	0	2	2	1	0	0	0	0	0	0	0	0	1.005	1	1.119	4.458	0	3	0	0	2	0	1.001	0	0	1	0
CR_02690W_A	CR_02690W_A	0	0	0	0	0	0	0	0	0	0	0	0	0	0	0	0	0	0	0	0	0	0	0	0	0	0	0	0.997	0	0	0	1	0	0	0	0	0	0	1	0	0	0	0	0	0	0	0	0	0	0	0	0	1	0	0	0	0	0	0	0
CR_02700W_A	CR_02700W_A	0	0	0	0	0	0	0	0	0	0	0	0	0	0	0	0	0	0	0	0	0	0	0	0	0	0	0	0	0	1	0	0	0	0	1	0	0	0	0	0	0	0	0	0	0	0	0	0	0	0	1	1	0	0	0	2	1	0	0	0
CR_02710W_A	RRP9	0	0	0	0	0	0	0	0	0	0	0	0	1	0	0	0	0	0	0	1	2	0	1	2	0	0	1	0	0	0	0	0	0	0	1	0	0	0	0	0	0	1	0	0	1	1	0	0	1	1	0	0	1.003	1.022	1	2	0	1	0	0
CR_02720C_A	RPC31	0	0.7	0	0	1	0	0	1	1	0	1	0	0	3	0	0	0	0	0	0	0	1	0	0	0	0	1	1	0	0	0	0	1	0	0	0	0	0	0	0	0	0	0	0	0	1	0	0	0	2	0	0	0	1	1	0	1	0	2	2.326
CR_02740W_A	INN1	3	2	2	4	0	1	0	0	2	0	2	0	1	0	0	0	7.718	2	2.228	0	0	0	0	0	1.999	1	1	0	1.051	0	1	2	0	1	1	0	0	0	0	0	0	0	0	0	1	1	1	4	0	1.419	1	0	2	1	4	1	0	1	0	0
CR_02750C_A	PGA34	0	0	0	0	0	0	0	0	0	0	0	0	0	0	0	0	0	0	0	0	0	0	0	1	1	0	1	0	3	3	0	5	0	0	0	0	0	0	0	0	0	0	0	0	0	0	0	0	0	0	0	1	0	0	0	0	0	0	0	1
CR_02760C_A	RPD3	0	1	0	0	1	1	0	0	0	0	2	0	0	0	0	1.905	0	0	0	0	0	0	0	0	0	1	1	0	1	1.229	4	2	2	0	2	1	0	1	0	1	0	0	0	0	2	2	1.371	0	0	1	0	0	0	1	0	1.493	0	0	0	0
CR_02770C_A	CR_02770C_A	1	0	1	0	1	0	2	0	1	0	0	0	0	0	0	0	1	0	0	2.91	2	0	0	1	2.313	1	0	0	0.94	1	0	0	0	0	0	1	0	2	0	1	0	0	1	1	0	0	0	1	1.369	1	2.848	1.953	0	0	0	0	1	1	1.368	1.307
CR_02780W_A	CR_02780W_A	0	0	0	0	0	0	0	0	0	0	0	0	0	0	0	0	0	1.953	0	1	0	0	0	0	0	0	0	0	1	0	0	0	0	0	0	0	0	0	0	0	0	0	0	0	0	0	0	0	0	0	0	0	0	0	0	0	0	0.992	0	0
CR_02790C_A	ALG5	0	0	0	0	0	0	0.999	0	0	0	0	0	0	0	0	0	0	0	0	0	1	0	0	0	0	0	0	0	0	0	0	0	0	0	0	0	0	0	0	0	0	0	0	0	0	0	0	0	1	0	1	1	0	1	0	1	0	0	0	0
CR_02800C_A	CR_02800C_A	0	0	0	0	0	0	2.667	0	1	1	0	0	0	0	0	0	0	0.968	0	2	0	0	1	0	2	0	2	0	0	0	1	0	0	1	0	0	0	1	0	1	1	1	0	0	0	1	0	0	0	0	1.119	0	1	0	3.145	1	1	1.045	0	0
CR_02810W_A	CIRT4B	0	0	0	0	0	0	0	0	0	0	0	0	0	0	0	0	1	2	3	2	1	1	0	0	0	1.999	1	0	0	1	1	0	1	0	0	1	0	0	0	0	0	1	0	1	1	0	0	0	0	0	0	0	0	0	1	0	0	0	0	0
CR_02820W_A	PGM2	0	0	0	0	0	1.101	0	3	0	0	1	0	2	0	1	0	2	0	1	0	0	1	1	1	1	0	0	0	0	3	1	0	0	0	1	0	1	0	1	1	0	0	0	0	1	0	0	0	0	1	0	0	3.003	1	1	0	0	2.57	0	0
CR_02850C_A	GZF3	0	0	0	0	0	0	0	0	0	1.998	0	0	1	1	0	0	0	0	0	0	0	0	0	0	1	0	0	1	1	0	1	1	0	0	0	0	0	0	0	0	0	0	0	0	0	0	0	0	0	1	0	1	0.837	1	1	1	3.23	0	0	1
CR_02860W_A	RHO1	0	0	0	0	1	3	1.005	2	10	6	9	10	0	0	0	0	8	8	7	4	7	3	7	9	3	4	3	3	3	2	3	7	0	0	0	0	9	15	9	8	0	0	0	0	8	12	6	12	0	0	0	1	7	6	7	13	0	0	0	0
CR_02870W_A	APL4	0	0	0	0	1	0	0	1	0	0	0	0	0	0	0	0	2	0	1	2	0	0	0	1	0	0	1	0	0	0	0	0	0	0	0	0	0	0	0	0	0	0	0	0	0	0	0	1	1	0	0	0	0	0	1	0	4	1	2	0
CR_02880W_A	CR_02880W_A	0	0	0	0	0	0	0	0	0	0	1	0	0	0	0	1	0	0	0	0	2	1	3	2	0	0	0	0	0	0	0	0	0	0	0	0	0	0	0	0	0	0	0	0	0	0	0	0	0	0	0	0.773	0	0	0	0	0	0	0	0
CR_02890C_A	RPC82	0	0	2	0	2	4.009	2	3.008	2.514	0.991	2	0	0	0	0	0	1	1	0	0	0	1.243	1	0	1	0	0	0	0	2	1.565	0	0	1	1	0	0	1	0	0	0	0	0	0	0	0	1	1	1	3	0	1	2.58	2	0	4	1.191	1	2.185	2.275
CR_02900W_A	CR_02900W_A	0	0	0	1	0	0	0	0	0	0	0	0	0	0	0	0	0	0	0	0	0	1	0	0	1	1.101	0	0	0	0	0	0	0	0	0	0	0	0	0	0	0	1	0	0	0	1	0	0	0	0	1	0	1	0	1	1	0	0	0	0
CR_02910W_A	ATG13	0	0	0	0	0	1	0	1	4	1	2.872	1	0	0	0	0	0	0	0	0	0	0	0	1	1	0	0	1	0	0	1.712	0	0	2	3	1	0	0	0	0	0	0	0	0	0	2	3	0	0	0	0	0	5	3	2.996	2	3	2.149	1	0
CR_02920C_A	AQY1	0	0	0	0	0	0	1	0	0	0	0	0	0	0	0	2	0	0	0	0	0	0	0	0	0	0	0	0	1	0	0	0	0	0	0	0	0	0	0	0	0	0	0	0	0	0	0	0	0	0	0	1	0	0	0	0	0	0	0	1.821
CR_02930W_A	CR_02930W_A	5	2	3	5	0	1	3	0	4	0	2	2	0	0	0	2.768	5	2	6.999	1	0	0	2.998	0	1	4.922	3	5	4	1	0	1.12	0	0	0	0	0	1	0	1	2	0	0	0	1	0	1	2	1.37	2.191	4.243	1.543	1	1	2	2	3.506	1.174	2	1.972
CR_02940C_A	CR_02940C_A	0	0	0	0	0	1	0	1	0	1	0	0	1	0	0	0	0	0	0	0	1	0	0	1	1	1	1	1	0	0	1	0	0	0	0	0	0	0	0	0	0	0	0	0	0	0	0	1	0	0	0	0	0	0	1	1	1.912	0	2	1
CR_02950C_A	CR_02950C_A	0	0	0	0	1	0	0	0	0	0	0	0	0	0	0	0	0	0	0	0	2	0	1	0	0	0	0	0	0	0	1	0	0	0	0	1	0	1	0	0	0	0	0	0	0	0	0	0	0	1	0	0	2	3	4	0	0	0	0	0
CR_02960W_A	CR_02960W_A	1	0	0	0	1	0	0	0	2	6	2	2	0	0	1	0	0	0	0	0	0	0	0	0	3	2	3	1	2	0	1	3	0	0	0	0	0	1	0	0	0	0	0	0	0	1	0	0	0	0	0	0	0	0	0	0	0	0	0	0
CR_02970C_A	CR_02970C_A	0	0	0	0	1	0	1	0	1	0	0	0	1	0	0	1	2	1.997	2.579	0	1	1	0	1	2	1.189	0	0	0	0	1	1	0	0	1.008	0	1	0	2	0	1	0	0	0	1	0	1	0	0	0	1.338	1.3	0	2	1	0	0	0	0	1.321
CR_02980C_A	SRP40	0	0	0	1	3	2	3	5.931	0	1	0	0	1	0	1	1	0	0	1	0	1	3	0	1	0	0	0	0	2	2.316	1	2	0	1	0	1	0	0	0	0	1.003	0	0	1	2	0	0	0	1	2	0	0	2	1	2	0	1	1.776	1.041	2
CR_02990C_A	RIB1	0	0	0	0	0	0	0	0	0	0	0	0	0	0	0	1	0	1	1	0	0	0	0	0	0	0	2	1	0	1	0	0	0	0	0	0	0	0	0	0	0	0	0	0	0	1	0	0	0	0	0	0	2	0	0	0	0	0	0	0
CR_03000C_A	CR_03000C_A	0	0	0	0	0	0	0	0	0	0	0	0	0	0	0	0	0	0	0	0	1	0	0	0	0	0	0	0	0	0	0	0	0	0	0	0	0	0	0	0	0	0	0	0	0	0	0	0	0	0	1	0	0	0	0	0	0	1	0	0
CR_03010C_A	ERV1	0	0	0	0	0	0	0	0	0	0	0	0	0	0	0	0	1	1	0	0	0	0	0	0	0	0	0	0	0	0	0	0	0	0	0	0	0	0	0	0	0	1.001	0	0	1	0	1	0	0	0	0	0	0	0	0	0	0	0	1	0
CR_03020C_A	CR_03020C_A	0	0	0	0	0	0	0	2	1	0	0	0	1	0	1	0	0	0	0	0	0	0	0	1	0	1	0	0	0	0	0	0	0	0	0	0	0	0	0	0	0	0	0	0	0	0	0	0	0	0	0	0	2	0	0	1	0	0	0	0
CR_03030C_A	RPL28	0	0	0	0	0	3	4	5	0	0	0	1	1	0	0	0	0	0.999	0	0	5.732	3	2	4	0	0	0	1	0	0	0	0	0	0	0	0	0	0	0	0	0	0	0	0	0	0	0	0	0	0	0	0	1	2.955	2	1	0	0	0	0
CR_03040C_A	HGT18	0	0	1.998	1	0	1	3	2	0	0	0	0	0	0	0	1	0	0	0	0	0	1	0	0	0	0	0	0	0	1	0	0	0	0	0	0	1	0	0	1	0	0	0	0	1	0	0	0	0	1.337	0	0	0	0	0	0	0	0	0	0
CR_03050C_A	ZCF11	0	0	0	0	0	1	0	0	0	0	0	0	0	1	0	0	0	0	0	0	0	0	0	0	1	1	0	0	0	0	0	0	0	1	3.607	0	0	0	0	0	0	0	1	0	1	0	0	0	0	0	0	1.461	0	0.983	0	1.02	2.41	0	0	1.413
CR_03060W_A	ARC1	0	0	0	0	4	4	3	3.003	0	0	1	0	0	0	0	0	0	0	0	0	0	0	0	1	0	0	0	0	0	0	0	0	0	0	0	0	0	0	0	0	0	0	0	0	1	0	2	1	0	0	0	1	0	0	0	0	0	0	0	1
CR_03070W_A	DOM34	0	0	0	1	0.98	1	0	0	0	0	0	0	0	0	0	0	0	0	0	0	0	1	1	1	0	0	0	0	1.987	0	0	0	0	1	0	0	0	1	0	0	0	0	0	0	0	0	0	0	0	0	0	1	0	0	0	1	0	0	0	0
CR_03080C_A	CR_03080C_A	0	0	0	0	0	0	0	0	0	0	2.038	1	0	0	0	0	0	1	0	0	1	0	0	0	1	0	0	0	0	1.001	0	0	0	0	0	0	0	1	0	0	0	0	0	0	0	0	0	0	0	1	0	1	0	0	0	0	1	0	0	0
CR_03090C_A	MLC1	0	0	0	0	0	0	0	0	0	0	0	0	1	2	1	1	0	0	0	1	0	0	0	0	0	0	0	0	0	0	0	0	0	0	0	0	5	4	1	4	0	0	0	0	0	0	0	0	0	0	0	0	0	0	0	0	0	0	0	0
CR_03100W_A	SMC5	1	1.457	0	0	3	2	1	1	7	2	1.906	1	2	2	0	1	1	1	0	1.456	2.167	6	2.625	1	8.066	2	4.953	0	4	1.001	1	1	1	3.006	2	0	2	0	0	1	0	0	0	1	7	0	2	1	4.946	2	3.826	1.396	6.976	3	4.864	4	3.571	4.717	4	4
CR_03110W_A	CR_03110W_A	2	0	0	1	0	0	0	0	0	1	0	0	0	0	0	0	1	1	0	0	1	0	0	0	0	1	1.117	1	0	0	0	0	0	0	0	1	1	0	0	0	0	0	0	0	0	0	1	0	0	0	0	1	0	0	0	0	0	0	0	1
CR_03120W_A	CR_03120W_A	0	0	0	0	0	0	0	0	0.994	0.737	0	0	0	0	0	0	0	1	0	0	1	0	0	0	1	0	0	0	0	0	0	0	0	0	0	0	0	0	0	0	0	0	0	0	0	0	0	0	1	0	0	0	0	0	0	0	0	0	1	1
CR_03130W_A	CR_03130W_A	0	0	0	0	0	0	1	0	0	0	0	0	0	0	0	0	0	0	0	0	0	1	0	0	1	0	0	0	1	0	0	0	0	0	0	0	0	0	0	0	0	0	0	0	0	0	0	0	0	2	0	0	0	0	0	1	1	0	0	0
CR_03140C_A	SYN8	0	0	0	0	0	0	0	0	2	0	2	0	0	0	0	0	0	0	0	0	0	0	0	0	1	0	0	0	1	0	0	0	0	0	0	0	1	0	0	0	0	0	0	0	0	0	0	0	0	0	0	0	0	1	0	0	1	0	0	0
CR_03150W_A	SYS3	0	0	0	1	3	0	1	0	1	0	0	0	0	0	2	0	1.995	0	1	0	1	1	0	3	4.002	3	3	6	1	0	0	1	1	1.794	0	0	2	2	5.002	2	0	0	0	0	0	0	0	0	0	0	0	1	0	0	0	2	0	3	1.154	0
CR_03160W_A	CR_03160W_A	0	0	0	0	0	0	0	0	0	0	0	0	0	0	0	0	2	0	0	0	3	2	3	2	0	0	1	0	0	0	0	1	0	0	0	0	0	0	0	0	0	0	0	0	0	0	1	2	0	1	1.391	0	0	0	0	0	0	0	0	1
CR_03170W_A	DPS1-1	0	0	0	0	0	0	0	0	0	0	0	0	0	0	0	0	0	0	0	0	0	0	0	0	0	0	0	0	0	1	0	0	1	0	0	0	0	0	0	0	0	0	0	0	0	3	0	0	0	0	0	0	2	6	2	4.003	0	0	0	0
CR_03180W_A	CR_03180W_A	0	1	0	0	0	0	0	0	0	0	0	0	0	0	0	1	0	0	0	0	0	1	1	0	1	0	2.047	2	1	2	1	1	0	0	0	0	0	0	0	0	0	0	0	0	0.999	0	0.993	0	0	0	1	0	3.002	1.103	1	0	2	1	1.533	0
CR_03190C_A	CR_03190C_A	0	1	0	0	0	0	0	0	8	5	11	7	5	2	7	3	14	8	4	8	12	8	8	12	4	8	5	5	6	10	8	5	0	0	0	0	6	2	12	7	0	0	0	0	17	7	10	11	0	0	0	0	13	26	13	24	0	0	0	0
CR_03200C_A	CR_03200C_A	0	0	0	1	0	1	0.997	3.997	0	0	1	1	0	3	1	0	0	4	0	1	0	0	0	0	0	3.532	0	2	0.974	0	0	1	0	0	0	1	0.999	0	0	2	0	0	0	0	0	0	1	0	1.63	0	0	0	3	0	0.997	1.947	2.574	0	1	3
CR_03210C_A	SSU72	0	0	0	0	0	0	0	0	1	0	0	0	0	0	0	0	0	0	0	0	2	2	1	4	0	1	1	0	0	0	1	0	3	2	4.997	3	2	0	1	1	0	1	0	0	1	1	3	1	0	0	0	0	1.059	4	2	4	0	0	0	0
CR_03220C_A	ATG4	0	0	0	0	0	0	0	0	0	0	0	0	0	0	0	0	0	0	2	0	0	0	0	1	0	0	0	0	1	0	0	0	0	0	0	0	0	0	0	0	0	0	0	0	0	0	0	0	0	0	0	1.374	0	0	1	0	0	0	0	0
CR_03230W_A	SQS1	1	0	0	1	0	0	1	1.009	0	0	0	1.98	1	0	0	1	0	0	1	0	0	0	0	0	1.006	2	1	1	0	1	0	0	0	0	0	0	0	0	4	0	0	0	0	0	0	0	0	0	4	0	0	1	1.015	1.076	0	1	1	0	6.769	0
CR_03240C_A	CR_03240C_A	0	1	1	1	2	0	0.905	0	0	0	1.035	1	1	0	0	0	0	0	1	1	0	0	0	0	5	1.002	2	1	0	0	1	1	0	0	1	0	1	2	0	0	0	0	0	0	1	0.999	1.009	0	3	0	1	3	0	2	1.003	1	5.794	0	0	0
CR_03250C_A	CR_03250C_A	0	0	0	0	0	0	0	1	0	0	0	0	0	0	0	0	0	0	0	0	0	0	0	1	0	0	0.999	0	0	0	0	0	0	0	0	0	0	0	0	0	0	0	0	0	0	0	0	0	0	0	0	0	0	0	0	0	0	0	0	0
CR_03260W_A	CR_03260W_A	0	0	0	0	0	0	0	0	0	1	2	0	0	0	0	0	0	0	0	0	0	0	1	0	0	0	2	0	0	0	0	0	0	0	0	1	0	0	0	0	0	0	0	0	2.413	0	0	0	1	0	0	0	0	0	0	1	0	1	2.555	1.875
CR_03270W_A	CR_03270W_A	0	0	0	0	2.841	0	0	0	0	0	0	0	0	0	0	1	2	0	0	0	1	0	0	2	0	0	1	0	0	0	0	0	0	0	0	0	0	0	0	0	0	0	0	0	0	0	1	0	1	0	0	2.579	0	0	0	0.999	1.703	1.356	0	3
CR_03280W_A	IFR2	0	0	0	0	1	0	0	0	0	0	1	0	0	0	0	0	0	0	0	0	0	0	0	1	0	0	0	0	0	0	1	0	0	0	0	0	1	0	0	0	0	0	0	0	0	0	1	0	0	0	0	0	0	0	0	0	0	0	0	0
CR_03290C_A	IME2	1	0	0	0	0	1	0	0	0	0	0	0	0	0	0	0	0	0	0	0	0	0	0	0	0	0	0	0	1	0	1	0	1	0	1	0	0	0	0	0	1	0	0	0	0	1	0	0	0	0	0	0	1	1	0	2	1	0	1	0
CR_03300C_A	CR_03300C_A	0	0	0	0	1	0	1	0	0	0	0	0	0	0	0	0	0	0	0	0	0	0	0	0	0	0	1	0	0	0	0	0	0	1	0	1	0	0	0	0	0	0	0	0	0	0	0	1	1	0	1	0	0	0	0	0	0	1	0	0
CR_03310C_A	CR_03310C_A	0	0	0	0	0	2	0	0	0	0	0	0	0	1	0	0	0	1	0	0	0	0	0	0	1.414	0	0	0	1	0	0	0	0	0	1	1	0	1	0	1	0	0	0	0	2	1	1	2	0	0	0	1.582	0	3	0	0	0	0	0	0
CR_03320C_A	CR_03320C_A	0	0	0	2	0	0	1	2	0	0	0	0	0	0	0	1	0	0	0	0	0	0	0	0	2.586	2	8	2	0	0	0	0	0	0	0	0	0	0	0	0	0	0	0	0	0	0	0	0	0	0	0	0	2	0	0	0	1	0	0	1.643
CR_03330W_A	CR_03330W_A	0	0	0	0	0	0	0	0	2	0	1	0	0	0	0	0	0	0	0	0	0	0	0	0	0	0	0	0	0	0	0	0	0	0	0	0	0	0	0	0	0	0	0	0	1	0	1	0	0	0	0	0	1	0	0	1	2	1	2	0
CR_03340C_A	SLD2	0	0	0	0	0	0	1	0	0	0	0	0	0	0	0	0	2	3	2	5	0	0	0	0	0	1	0	1	1	0	0	0	0	0	0	0	0	0	0	0	0	0	1	0	0	0	0	0	0	0	0	0	0	1	0	0	0	0	1	0
CR_03350C_A	ATP25	0	1	1.43	0	2	0	1.432	0	0	1	1	1	0	0	0	0	0	0	1	0	1	1	0	0	2.292	2	1	0	1.422	0	1.999	1	0	1	0	0.967	0	0	0	0	1	0	0	0	0	1	0	1	1	0	0	0	0	0	0	0	0	0	0	1
CR_03360W_A	CR_03360W_A	0	0	0	0	0	2	1	0	2	0	3	2	2	5	4	2	3	4	2	3	0	0	0	0	1	3	0	1	0	0	1	0	0	1	0	0	1	0	0	0	0	0	0	0	2	1	1	1	0	2	0	1	0	0	0	2	1	2	0	0
CR_03370C_A	KTI12	0	1	0	0	0	0	0	0	1	0	0	0	0	0	0	0	0	0	0	0	0	0	0	0	0	0	1	0	0	0	0	0	0	0	1	1	0	0	0	0	0	0	0	0	0	0	1	0	0	0	0	0	1	0	0	0	0	0	0	0
CR_03380W_A	MTG1	0	0	0	0	1	0	0	0.996	0	0	0	0	0	0	0	0	0	1	0	0	1	1	0	0	0	2	0	1	0	0	1	0	0	0	0	0	0	0	0	0	0	0	0	0	0	0	0	0	0	2	0	0	0	0	1	0	0	0	1	2
CR_03390C_A	YKU80	0	0	0	0	0	0	0	0	0	0	1	2	0	0	0	0	1	0	0	0	0	0	0	0	1	1	2	1	1	0	0	1	0	0	1	0	0	0	0	0	0	1	0	0	1	1.882	1.935	0	1.932	0	0	0	0	0	0	1	0	0	0	0
CR_03400W_A	CR_03400W_A	0	0	0	0	1	0	1	1	1	0	0	1	0	0	0	1	3.014	0	2	2	0	2	1	0	4	1	0	0.759	0	0	0	1.592	1	0	0	0	0	0	0	0	1	0	0	1	0.946	0	1.998	0	0	1.254	2.327	0	0	1	0	0	4	2.336	2	2
CR_03410W_A	CR_03410W_A	0	0	0	0	0	0	0	0	0	0	0	0	0	0	0	0	0	0	0	0	0	0	0	0	0	0	0	0	0	0	0	0	0	0	0	0	0	0	0	0	0	0	0	0	0	0	0	0	0	0	0	0	0	0	0	0	0	1	0	0
CR_03420C_A	NOT4	1	0	0	1	0	0	1	1	2	1	2	0	0	1	0	1	10	6	4	3	0	0	1	0	0	0	1	0	0	4	0.989	3	0	0	0	0	0	0	0	0	0	0	0	0	0	0	0	1	0	0	0	0	2	0	0	0	1	2	1	1.112
CR_03430W_A	CR_03430W_A	3	3	3	2	0	0	0	0	0	0	0	0	0	0	0	0	0	0	0	0	0	0	0	0	0	0	0	0	0	0	1	0	0	0	0	1	0	0	0	0	0	0	0	0	0	1	0	0	0	0	0	0	0	0	0	1	0	0	0	1
CR_03440W_A	CR_03440W_A	0	0.5	0	0	0	0	0	0	0	0	0	0	0	0	0	0	0	0	0	0	0	0	0	1	0	0	1	0	0	0	1	0.5	0	0	0	0	0	0	0	0	0	0	0	0	2	0	0	0	0	0	0	0.5	0	0	0	0	0	0	0	0
CR_03450W_A	HXT5	0	0	0	0	0	0	0	0	3	0	0	0	0	0	0	0	0	0	0	0	0	0	0	0	0	0	0	0	0	0	0	0	0	0	0	0	0	0	0	0	0	0	0	0	0	0	0	0	1.425	0	0	0	0	0	0	0	0	0	0	0
CR_03460W_A	CR_03460W_A	0	0	0.982	1	0	0	0	0	0	0	0	0	0	0	0	0	0	0	0	0	1	0	0	0	0.95	0	1	0.949	0	0	0	0	2	1	0	0	6	3	7	2	1	1	0	0	1	2	2	1	0	1	0	0	3	1	1	2	0	0	1	0
CR_03470W_A	CR_03470W_A	0	0	0	0	0	0	0	0	0	0	0	0	0	0	0	0	0	0	0	0	0	0	0	0	1	0	0	0	0	0	1	1	0	1	0	0	0	0	0	0	0	0	1	0	0	0	0	0	0	0	1	1.136	0	0	1.052	0	0	0	0	3
CR_03480W_A	CR_03480W_A	0	0	0	0	0	4	2	2	0	0	0	0	0	0	0	0	1	1	1	0	0	0	0	0	0	0	0	2	0	0	1	0	0	0	0	1	1	0	2.992	1	0	0	0	0	1	0	0	0	0	1	1.409	0	1	2	0	0	0	0	0	0
CR_03490W_A	DEM1	0	1.019	0	0	3	0	0	0	1	0	0	0	0	0	0	0	0	0	0	0	0	0	0	0	2	0	0.807	0	0	0	2	1	0	0	0	0	0	0	0	0	0	0	0	0	1	1	1	0	0	1.039	1	1	0	0	0	0	0	1.318	0	0
CR_03500W_A	CIT1	0	0	0	0	4	4	5	5	2	1	4	1	0	0	0	0	1	0	0	0	0	1.55	0	0	0	0	0	0	2.019	2	0	0	0	0	1	0	2	2	1	0	0	0	1	0	0	2	0	0	1	0.836	0	0	0	0	0	0	0	0	1	0
CR_03510W_A	CR_03510W_A	0	0	0	0	0	0	0	0	1	2	0	1	2	0	0	0	0	0	0	0	0	1	1	0	0	0	1	0	0	0	0	0	0	0	0	0	0	0	1	0	0	0	0	0	0	0	0	0	0	1	0	1.699	0	1	0	0	0	1	0	0
CR_03520C_A	CR_03520C_A	0	0	0	0	3	4	5	4	2	0	0	0	2	6	3	1	2	0	1	0	1	0	0	0	0	1	0	1	1	0	0	0	0	0	0	1	0	0	0	0	0	0	0	0	0	0	0	0	1	1	0	0	2	3.084	3	2	0	3.44	1.22	0
CR_03530W_A	MIC60	0	0	0	0	0	0	0	0	0	1	0	0	0	0	0	0	6	3	4	4	0	1	0	0	1	0	1	0	0	1	2	0	0	0	1	0	0	0	0	0	0	1	0	0	3	1	3	1	2	0	0	0	0	1	2	1	0	1	0	2
CR_03540W_A	CR_03540W_A	0	0	1	0	0	1	0	0	0	0	0	0	1	0	0	1	0	0	0	1	0	0	0	0	0	0	1	0	0	0	1	0	1	0	0	0	0	0	0	0	0	0	0	0	0	0	1	0	0	0	0	0	1	0	2	0.99	1	1	0	1
CR_03550W_A	NCS2	0	0	1	1	0	2	0	0	1	0	0	0	0	0	0	0	0	0	0	0	0	0	0	0	0	0	0	1	0.996	0	2.105	0	0	0	0	0	0	0	0	0	0	0	0	0	0	1	0	1	1	0	0	0.886	0	0	0	0	1	0	0	1
CR_03560W_A	CR_03560W_A	0	0	0	0	0	0	0	0	0	1	0	0	0	0	0	0	0	0	0	0	0	0	0	0	0	1	0	0	1	0	0	0	0	0	0	0	0	0	0	0	0	0	0	0	0	1	2	2	0	0	0	0	0	0	0	0	0	0	0	0
CR_03570C_A	YVH1	0	1	0	0	0	0	0	0	0	0	0	0	0	0	0	0	0	0	0	0	0	0	2	0	0	1	1	0	0	0	0	0	0	0	0	0	0	0	0	1	0	0	0	0	3	0	1	1	0	0	2	0	0	0	1	0	3	0	0	0
CR_03580C_A	CR_03580C_A	0	0	0	0	0	0	0	0	0	0	3	1	0	0	0	0	5	2	0	4	0	0	0	0	0	1	0	0	0	0	1	0	0	0	0	0	0	0	0	0	0	0	0	0	1	0	0	0	0	0	0	0	0	0	0	0	0	0	0	0
CR_03590C_A	CR_03590C_A	0	0.5	0	0	0	0	0	0	0	0	0	0	0	0	0	0	0	0	0	0	0	0	0	0	0	0	0	0	2	3	1	0.5	0	0	0	0	0	0	0	0	0	0	0	0	0	3	1	0	0	0	0	0.5	1	0	0	0	0	1	0	0
CR_03600C_A	CR_03600C_A	1	2	1	0	0	0	1	0	0	0	0	0	0	0	0	0	0	0	0	0	0	1	1	0	0	0	0	0	0	0	0	0	0	0	0	0	0	2	3	4	0	0	0	0	1	0	0	0	0	0	0	0	0	0	0	0	0	0	0	0
CR_03610C_A	VTC3	1	0	0	0	1	0	0	0	0	0	0	0	0	1.001	0	0	1	0	0	0	0	0	0	0	1	0	0	1	1	0	0	0	0	0	0	0	0	1	1	0	0	0	0	1	0	0	0	0	3	1	0	0	1	0	0	0	1	0	0	1
CR_03620C_A	CR_03620C_A	0	0	0	0	0	0	1	0	0	0	0	0	0	0	0	0	0	0	0	0	0	1	0	1	0	0.5	0	0	0.5	1	0	1.203	0	0	0	0	0	0	0	0.5	0	0	0	0	0	0	0	0	2	0	0.5	0.5	0	0	0.5	0	0.5	0	0	0
CR_03630W_A	IFF3	0	0	0	0	0	0	0	0	0	0	0	1	0	0	0	0	0	0	0	0	0	0	0	0	0	0	0	0	0	0	1	0	0	0	0	0	0	0	0	0	0.5	0	0	0	0	0	0	1	0	0	0	0	0	0	0	0	0	0	0.537	0
CR_03640C_A	CR_03640C_A	0	0	0	1	0	0	0	0	0	0	0	0	0	0	0	0	1	0	0	0	0	1	1	0	1	0	2.039	0	0	0	0	0	0	0	1	0	0	0	0	0	0	0	0	0	0	1	0	0	0	0	0	0	0	0	0	0	0	0	1	0
CR_03650W_A	SGD1	0	0	0	0	0	3.077	0	4	0	5	0	1.009	0	0	0	0	0	0	0	0	1	0	0	1	2.001	1	1	0	0	3	2	2	0	3	2	0	0	0	0	0	1	1	0	0	0	2	0	0	2.284	0	1	1	1	0	0	3.027	1.172	2.586	1.21	0
CR_03660C_A	CR_03660C_A	0	0	2	0	3.942	0	4	0.92	4	2	1	2	0	2	1	1	1	1	1	0	1	2	1	4	2.995	2	2	2.998	3	1	3	3	1	1	1	1	1	0	4	0	1	2	0	0	3	1	0	0	1	2	3.855	1	3	2	5	5	3	3	5	4.513
CR_03670W_A	CR_03670W_A	0	0	0	0	0	0	0	0.991	0	0	0	0	0	3	1	1	0	0	2	0	0	1	0.979	0	1	0	1	0	0	0	2	0	0	0	0	0	0	0	1	0	0	0	0	0	0	0	0	2.998	0	0	2	0	0	0	0	0	0	1	0	0
CR_03680C_A	SMC1	0	0	0	0	2.008	0	1	3	1	0	1	0	1	0	1	0	0	2	2	0	1	0	0	0	1	1	2.366	0	1	0	0	1	1	0	1	0	0	1	0	1	0	0	0	0	0	0	0	0	0	1	1	2	1.554	0	0	2	1.66	2	2.184	1.195
CR_03690W_A	CR_03690W_A	2	2	2	2	2	0	0	0	0	0	0	1	0	0	1	0	0	0	0	0	2	1	0	0	2	1	2	1	0	0	0	0	0	0	0	0	1	1	1	0	0	0	0	1	0	0	0	1	2	2	0	0	0	0	1	2	0	0	1	0
CR_03700C_A	CR_03700C_A	0	0	0	0	0	1	1	1	0	0	1	3	0	0	0	0	0	0	0	0	1	0	0	1	2	1	0	0	0	1	0	0	0	0	2	1	0	0	0	0	0	0	1	1.117	0	0	2	0	0	0	1	1	0	1.993	0	0	1	0	2.555	0
CR_03710C_A	CR_03710C_A	0	0	0	0	0	2	0	1.218	1	0	1	0	1	0	0	0	0	0	0	0	0	0	0	0	0	0	0	0	0	0	0	0	0	0	0	0	0	0	0	0	0	0	0	0	0	0	0	0	0	0	0	1	0	0	0	1	0	0	0	0
CR_03720W_A	TAL1	0	0	0	0	0	0	0	0	0	0	0	0	0	0	0	0	0	0	0	1	1	0	0	3	0	1	0	2	0	0	0	0	0	0	0	0	0	0	0	0	0	0	0	0	1	2	2	0	0	1	0	0	1	0	0	0	0	0	1	1
CR_03730C_A	CR_03730C_A	0	0	0	0	1	0	0	0	2	0	0	0	0	0	0	0	0	0	0	0	0	0	0	0	1	1	1	2	1	0	0	0	0	0	0	1	1	0	0	0	0	0	0	0	1	0	0	0	1.642	0	0	1	0	1	0	1	0	0	0	0
CR_03740C_A	CR_03740C_A	0	0	0	0	0	0	0	0	0	0	0	0	0	0	0	0	0	0	0	0	0	0	0	0	0	0	0	0	0	0	0	0	0	0	0	0	0	0	1	0	0	0	0	0	1	0	0	0	0	0	0	0	0	0	1	0	0	0	0	1
CR_03750C_A	PRP42	0	0	0	0	1.768	0	0	1	0	0	0	0	0	0	0	0	0	0	0	0	0	0	0	0	0	0	0	0	1	0	0	1	0	0	0	0	0	0	0	0	1.04	0	0	0	1	0	0	0	1	0	3	0	0	0	0	0	0	2	0	0
CR_03760W_A	EFM7	0	0	0	0	0	0	0	0	0	1	0	0	0	0	0	0	0	0	0	0	0	0	0	0	0	0	0	0	0	0	0	0	0	0	0	0	0	0	0	0	0	0	0	0	0	0	0	0	0	0	0	0	0	0	0	0	0	0	0	0
CR_03770C_A	RPS30	0	0	0	0	0	0	0	0	0	0	0	0	1	0	0	0	0	0	0	0	0	0	0	0	0	0	0	0	0	0	0	0	0	0	0	0	0	0	0	0	0	0	0	0	0	0	3	0	0	0	0	0	0	0	0	0	0	0	0	0
CR_03780C_A	CR_03780C_A	0	0	0	1	0	0	0	0	0	0	0	0	0	0	0	0	0	0	0	0	0	0	0	0	1	0	0	0	0	0	0	0	0	0	0	0	0	0	0	0	0	0	0	0	0	0	0	0	0	0	0	0	0	0	0	0	0	0	1	0
CR_03790C_A	KRE1	0	0	0	0	0	0	1	0	0	0	0	0	1	0	0	0	0	0	0	0	0	0	0	0	0	0	0	0	0	0	0	0	0	0	0	0	0	0	0	0	0	0	0	0	0	0	0	0	0	0	0	0	0	0	0	0	1	2	0	0
CR_03800C_A	PPH3	0	0	0	0	0	0	0	0	1	0	0	0	0	0	0	0	0	0	0	0	0	0	0	0	0	0	0	0	0	0	0	0	0	0	0	0	0	0	0	0	0	0	0	0	0	0	0	1	0	0	1	1	0	0	0	0	0	1	0	0
CR_03810W_A	PRP13	0	3	0	0	0	1	0	0	0	0	0	1	0	0	0	0	0	0	0	0	0	0	0	0	0	0.5	0	0	0.5	0	1.001	0	0	0	1	0	0	0	0	0.5	0	0	0	0	0	0	0	0	0	2	0.5	0.5	1	3	0.5	0	0.5	0	0	0
CR_03820C_A	ULP2	1	0	1	0	0	0	1	2.994	0	0	1	0	0	0	0	0	1	0	3	0	0	0	0	0	0	1	2	0	2	0	1	0	0	0	0	0	0	0	0	2	0	0	0	0	0	0	0	0	0	1	3	1	2	0	1	1	1	0	0	0
CR_03830C_A	MCM2	0	0	1	1	1	2	1	0	1	0	0	1	2	2	1	3	0	0	0	1	0	0	0	0	1	0	1.136	2	0	1	0	0	1	0	0	0	0	0	0	0	0	1.548	1	0	1	0	0	0	2	0	0	0	0	1	1.429	0	0	0	0	0
CR_03840C_A	CR_03840C_A	0	0	0	0	0	0	0	0	0	0	0	0	0	0	0	0	0	0	0	0	0	0	0	0	0	0	0	0	0	0	0	0	0	0	0	0	0	0	0	0	0	0	0	0	1	0	0	0	0	0	2	0	1	0	0	0	0	0	1	0
CR_03850W_A	HGT3	1	0	0	0	1	0	0	1	0	1	2	0	0	0	0	0	1	0	1	0	0	1	0	0	0	0	0	0	0	0	0	0	0	1	0	0	0	0	0	0	0	1	0	1	0	0	0	0	0	0	0	1	0	0	0	0	1	0	1	0
CR_03860C_A	CR_03860C_A	0	0	0	2	1	1	1	1	0	0	1	0	1	0	0	0	0	0	1	0	0	0	0	1	0	1.002	0	1	0	0	1	1	1	0	1	0	0	0	0	0	0	0	0	0	0	1	0	0	1	0	0	1	0	1	0	0	1	2	2	1
CR_03870W_A	CR_03870W_A	0	0	0	0	0	0	0	0	0	0	1	0	0	0	0	0	0	0	0	0	0	0	0	0	0	0	0	0	0	0	0	0	0	0	0	0	0	0	0	0	0	0	0	0	0	0	0	0	0	0	0	0	0	0	0	0	0	0	0	0
CR_03880W_A	IFF9	0	0	0	0	0	0	0	0	0	0	0	0	0	0	0	0	0	0	0	0	0	0	0	0	0	0	0	0	0	0	0	0	0	0	0	0	0	0	0	0	0.5	0	0	0	0	0	0	0	0	0	0	0	0	0	0	0	2	0	0.537	0
CR_03890W_A	WOR3	2	0	1	1	0	0	0	0	0	0	0	1	0	0	0	0	0	0	0	0	0	0	0	1	0	0	0	0	0	0.986	1	0	2	0	1	0	0	0	1	0	0.719	0	0	0	0	0	0	0	0	0	0	1	3	2	0	0	0	1	0	1
CR_03900W_A	HST7	0	0	0	0	1	0	0	0	0	0	0	0	0	1	0	1	0	1	0	0	1	1	0	0	0	0	0	0	0	0	0	0	3	0	0	0	0	0	0	0	0	0	0	0	2	2	2	2	0	1	1.245	1.428	4	3	3.999	6	0	0	2.307	0
CR_03910C_A	TAF12L	0	0	0	0	0.999	0	0	1.877	0	1	0	0	1	0	1	2	1	0	0	0	0	1	1	0	0	1	0	0.999	0	3	0	1	0	0	0	0	0	0	0	0	1	0	0	0	0	0	0	0	1	0	0	1	0	0	0	2	1	0	0	1
CR_03920C_A	TPO4	0	0	0	0	0	0	0	0	0	1	0	0	0	0	0	0	2	3	2.012	2	2	1	0	1	0	1	1	0	0	1	0	0	0	1	1	3	0	0	0	0	1	0	0	1	1	2	0	0	0	0	2.825	0	0	0	0	0	0	0	0	2
CR_03930C_A	CR_03930C_A	0	0	0	1	0	0	1	0	0	0	0	0	0	0	1	1	1	0	0	0	0	0	0	0	1	1	0	0	2	0	1	1	1.01	0	0	0	1	0	0	0	0	0	0	0	1	0	0	1.001	0	0	1.111	0	0	0	2.119	0	0	0	0	2.562
CR_03940W_A	IPI1	1	0	0	0	1	0	1	0	1	0	0	0	0	0	0	0	0	0	0	0	1	0	0	0	2	0	1	3	0	0	0	2	0	1	0	0	1	0	1	1	0	0	0	0	0	0	0	1.632	0	1	0	0	0	0	1	0	4	1	1.763	0
CR_03950W_A	CR_03950W_A	0	0	0	0	0	1	0	1	0	0	0	0	0	0	0	0	0	0	0	0	0	0	0	0	0	0	0	0	0	0	0	1.001	0	0	0	0	0	0	0	0	0	0	0	0	0	0	0	0	0	0	0	1	0	0	0	1	0	0	0	0
CR_03960C_A	MON1	0	0	0	0	0	0	1	0	0	0	0	0	0	0	0	1	2	0	0	0	0	0	0	0	2	1.522	0	3.676	1	0	1	2	1	0	0	1	2	0	0	0	1	0	1	0	0	0	0	0	0	1	2.802	0	0	0	0	0	0	0	0	0
CR_03970C_A	SEC22	0	0	0	0	0	1	1	0	1	0	2	1	0	0	0	0	0	0	2	2	0	0	1	0	0	0	0	0	0	0	1	1	0	0	0	0	3	2	3	4	0	0	0	0	0	1	0	0	0	0	1	0	0	0	0	0	2	0	0	1
CR_03980W_A	CR_03980W_A	0	0	0	0	1	0	0	0	0	0	0	0	0	0	1	0	2	0	0	0	0	0	0	0	0	2	0	0	0	0	0	0	0	0	0	1	0	0	0	0	0	0	0	0	0	0	0	0	0	0	0	0	1	0	0	0	1	0	0	0
CR_03990C_A	GCD1	1	0	0	0	1	1	0	0	1	1	0	0	0	2	1	0	0	0	0	0	1	3	0	0	9	6.004	9	7	0	2	5	0	0	0	0	0	3	0	0	0	0	0	0	0	2	0	0	0	2	2	1.828	2	2	1	2	0	2	6	1	0
CR_04000W_A	RPT4	0	0	0	0	0	3	2	3	0	0	0	0	0	0	0	0	0	2	2	3	0	0	0	0	1.393	1.889	0	0	0	0	0	0	0	0	1	1	0	1	0	0	0	0	0	1	0	0	0	0	0	0	0	0	1	1	1	3	0	0	0	0
CR_04010C_A	MRPL40	0	0	0	0	0	0	0	0	0	0	0	0	1	0	0	0	0	0	0	0	0	0	0	0	0	0	0	0	0	0	0	0	0	0	0	0	0	0	0	0	0	0	0	0	0	0	0	0	0	0	0	0	0	0	0	0	0	0	0	0
CR_04020C_A	CR_04020C_A	0	0	0	0	0	0	0	0	0	0	0	0	0	0	0	0	0	0	0	0	1	0	0	0	0	1	0	0	0	0	0	0	0	0	0	0	0	0	0	0	0	0	0	0	0	0	0	0	0	0	0	0	0	0	0	0	0	0	1	0
CR_04030W_A	NIP100	2.977	0	0	1	3.512	0	0	0	0	1	1	0	1	1.314	0	0	1	0	2	0	0	2	1	1	1	0	0	0	0	0	2	1.987	0	3	0	0	0	0	0	0	0	0	0	0	1.133	4	0	0	1.081	1	2	0	1	0	4	0	1.061	0	1	1.088
CR_04040C_A	SPT14	0	1	0	0	3	0	2	1	0.794	0.828	0	1	1	0	0	0	0	1.589	1	1	0	0	0	0	3	1	4	2	0	2	0	1	1.006	0	2.309	1	2	0	0	2	0	0	0	0	1.731	1	0	1	1	0	1	5.86	1	1	1	2	1	4.251	0	0
CR_04050C_A	MEX67	0	0	0	0	1	0	0	0	0	0	0	0	0	0	0	0	2	0	0	0	0	0	0	0	0	0	0	1.988	0	0	0	0	0	0	0	1	0	1	0	1	0	0	0	0	0	0	3	1	0	0	0	0	0	0	1	0	0	1.322	0	0
CR_04060C_A	DAP1	0	0	0	0	0	0	0	0	0	1	0	0	0	0	0	0	0	0	0	0	0	0	0	0	0	0	0	0	0	0	0	0	0	0	0	0	0	0	1	0	1	0	0	0	0	0	0	0	0	0	0	1	0	1	0	0	0	1	0	0
CR_04070W_A	NAT5	0	0	0	0	0	0	0	0	0	0	0	0	0	0	0	0	0	0	0	0	0	0	0	0	0	0	0	0	1	0	0	0	0	0	0	0	0	1	0	0	0	0	0	0	0	0	0	0	0	0	0	0	0	0	0	0	0	0	1	0
CR_04080C_A	SEC63	0	0	0	0	0	0	1	2.008	0	0	0	0	0	0	0	0	0	0	0	0	0	0	0	0	1.72	3	6.468	1	2	1	0.926	1	2	1	1	1	1	0	0	0	0	0	0	0	0	0	0	0	0	0	0	0	0	1	1.077	0	0	0	0	1
CR_04090C_A	ADE17	0	0	0	0	0	1	2	0	0	0	0	1	0	0	0	0	3.775	1	2.899	1	0	0	0	0	0	0	0	0	0	1	0	1.141	0	0	0	0	0	0	0	1	0	0	0	0	0	1	0	0	0	1	0	1.396	0	0	1	1.004	0	0	0	0
CR_04100C_A	RPL15A	0	0	0	0	0	0	0	0	0	0	0	0	0	1	0	0	1	0	0	0	0	0	0	0	0	0	0	0	0	0	0	0	0	0	0	0	0	0	0	1	0	0	0	0	0	0	0	0	0	0	0	0	1	0	0	1	1	0	0	0
CR_04110W_A	CR_04110W_A	0	1	0	0	0	0	0	0	0	0	0	0	0	0	3	0	0	0	0	0	0	0	0	1	1	0	0	1	0	1	0.978	0	0	0	0	1	0	1	0	0	0	0	1	0	0	0	1	0	3	0	0	1	0	0	1	0	0	0	1.579	0
CR_04120C_A	CR_04120C_A	2	3	1	0	4.982	2	4	3	0	3	2.45	0	1	1	0	1	3.68	0	4	2	2	4.369	2.001	2	2.137	2	4.972	1.126	4.942	1	3.901	4	0	2	0	0	2	0	2	0	1.075	3	0	1	2.59	4	1	0	2	1.328	2.498	4	1.018	2.134	2	1	5.39	3.053	2.272	0
CR_04130C_A	EAF7	0	0	0	1	0	0	2	0	1	1	0	0	1	0	1	0	1	0	2	0	0.992	0	0	0	0	0.85	0	0	0	0	0	1	0	1	0	0	0	0	0	0	0	0	0	0	2	0	3	3	1	0	1	0	1	1	0	0	0	2	0	1
CR_04140W_A	CR_04140W_A	0	0	0	0	0	0	0	1	0	0	0	0	0	0	0	0	0	1	0	0	0	0	0	0	1	0	0	0	0	1	0	0	0	0	0	1.002	0	1	0	0	0	0	0	0	0	1	0	0	0	0	0	0	0	0	0	0	0	0	1	0
CR_04150W_A	CR_04150W_A	0	0	0	0	0	0	0	0	0	0	0	0	0	0	0	0	0	0	0	0	0	0	0	0	1	0	0	0	1	2	4	3	0	1	0	0	0	0	0	0	0	0	0	0	0	0	1	0	0	0	0	0	2	1	1	0	0	0	0	1.863
CR_04160C_A	TRM6	0	0	0	0	1.647	1	0	0	0	1	0	0	1	0	0	0	2.695	0	0	0	0	1	1	0	0	0	0	1	0	0	0	1	0	0	0	0.918	1	1	0	0	0	0	1	0	2.615	0	0	0	1	1	2	0	0	1	2	1	1	4	1	0
CR_04170W_A	CR_04170W_A	0	0	0	0	4	1	3	1	0	0	0	0	0	0	0	0	3	1	3	2	0	0	0	1	0	1	0	0	1	0	2	0	0	0.92	0	0	0	0	0	0	0	0	0	0	2	0.962	0	3	0	1	2	0	1	0	0	0	0	0	0	0
CR_04180C_A	CR_04180C_A	0	0	0	0	1	1	0	0	3	7	2	4	8	5	3	3	3	2	1	3	0	1	0	1	3	0	0	0	1	0	1	1	1	1	0	0	0	0	1	0	0	0	0	0	0	2	0	2	1	2	0	0	3.001	2	1	1.661	1.359	3	0	1
CR_04190W_A	SRV2	1	0	0	0	1	0	1	0	0	0	0	0	1	1	1	0	0	1	0	1	0	1	0	0	0	0	0	0.994	0	0	1.001	0	0	0	0	0	2	2	0	1	0	0	0	0	2	3	2	2	1	1	0	2	0	0	0	1	1.905	0	0	0
CR_04200W_A	YDJ1	0	0	2	0	0	0	0	0	0	0	1	3	1	0	1	0	0.97	0	0	0	0	0	0	1	0.997	0	0	2	0	1	0	0	0	0	0	0	1	1	1	0	1	0	0	0	1	1	2	0	0	1.262	2	0	0	0	0	0	1.121	0	1	1
CR_04210C_A	QDR1	0	2	0	0	1	0	1	0	0	2	1	1	0	0	0	0	0	1	0	2	1.966	1	1	1	0	2	0	0	0	0	0	0	0	0	3	1	0	0	0	0	0	0	0	0	0	0	1	0	0	0	0	0	1	0	1	1	1	0	1	1.697
CR_04220C_A	CR_04220C_A	0	0	0	0	4	0	1	3	0	0	0	1	0	0	1	0	3	1	3	2	0	0	0	0	1	1	1	0	0	0	0	0	1	0	0	0	0	0	0	0	0	0	0	0	0	0	2	1	0	0	0	0	2	0	1	0	1	0	0	2.226
CR_04230W_A	CR_04230W_A	0	0	0	0	0	0	0	0	0	0	0	1	0	1	0	0	0	0	1	0	0	0	0	0	0	0	1	0	0	0	0	0	0.963	0	0	0	0	0	1.008	0	0	0	0	0	0	0	1	0	0	1	0	0	1	0	0	0	0	1	0	0
CR_04240C_A	CR_04240C_A	1	0	0	0	0	0	0	2	0	0.865	1	0	0	1	1	1	0	0	0	0	0	0	0	0	0	1	1	0	0	0	1.074	0	0	3	0	0	0	0	0	0	0	0	1	0	1	0	0	0	0	2	0	0	0	1.004	0	1.999	3.43	4	0	2
CR_04250W_A	RON1	0	0	1	0	0	1	3	0	1	0.832	0	0	0	0	0.988	0	1	0	1.071	1	0	0	0	0	2	2	1	1	0	1	1	0.999	0	0	1	0	0	1	0.995	0	0	1	0	0	1	0	0	0	0	0	0	1	0	0	0	2	1.715	4	0	4
CR_04260W_A	SNP3	0	0	0	0	0	0	0	0	0	0	0	0	0	0	0	0	0	0	0	0	0	0	0	0	0	0	0	0	0	0	0	0	0	0	0	0	0	0	0	0	0	0	0	0	0	0	0	0	0	0	0	0	6	3	3	2	0	0	0	0
CR_04270C_A	CR_04270C_A	1	0	1	0	2	0	0	0	0	1	2	1	0	1	0	0	0	0	1	1	0	0	0	0	2	1	1	0	0	0	1	0	1	0	1.006	1	0	0	0	0	0	0	0	0	0	0	0	0	0	1	0.893	0	2	0	0	0	1	0	0	1
CR_04275W_A	SCR1	3	3	4	4	1	5	1	0	2	2	1	2	0	0	0	0	0	0	0	0	0	0	0	0	3	0	2	2	0	0	0	0	0	1	0	0	0	0	0	0	0	0	0	0	0	0	0	0	0	0	0	0	1	0	0	0	0	0	0	0
CR_04280C_A	RFT1	0	0	0	0	0	0	0	0	0	0	0	0	0	0	0	1	1	0	0	0	0	0	0	0	1	1	1	1	0	0	0	0	0	0	0	0	1	0	0	2	0	0	0	0	2	1	0	0	1	0	0	0	0	0	1	0	1.633	0	0	0
CR_04290W_A	HAP31	0	0	0	0	0	0	0	0	2	0	3	1	0	0	1	1	1	0	3	0	0	0	0	0	1	0	0	0	0	0	0	0	0	0	0	0	0	0	0	0	0	0	0	0	2	2	1	1	0	1	0	1	1	0	2	0	1	0	0	0
CR_04300W_A	CR_04300W_A	0	1.945	0	0	0	0	1	0	0	0	0	0	0	0	0	0	0	1	0	1	1	0	0	0	0	0	0	0	1	0	0	0	1	0	0	0	1	0	2	0	0	0	0	0	0	0	0	0	0	1.219	0	0	2	2	4	0	1	0	0	2
CR_04310C_A	CR_04310C_A	0	0	0	0	0	0	0	0	1	1	0	0	0	0	0	0	1	0	0	0	0	0	0	0	0	0	0	1	0	1	1	0	0	0	0	0	0	0	0	0	0	0	0	0	0	0	0	0	0	0	0	0	0	0	0	1	0	0	0	1
CR_04330W_A	CR_04330W_A	0	1	1	0	0	0	1	0	1	0	0	1	0	0	0	0	0	0	0	0	1	0	0	0	0	0	0	1	0	0	0	0	2	0	0	1	0	0	0	0	0	0	0	0	1	1	0	4	0	0	0	0	0	0	0	1.01	0	1.55	1	1
CR_04340W_A	PIM1	3	2	1	2	0	0	1	0	4	6	3	5.001	1	2	0	0	0	0	0	1	0	1	0	0	8	3	5	8.143	0	2	0	4	4	5	9	5	1	1	0	1.033	0	0	0	0	1	1	0	2	0	0	1	1.498	0	4	1	2	2	0	1	0
CR_04350C_A	CR_04350C_A	0	1	0	1	0	0	0	0	0	0	0	0	1.919	0	0	1	0	0	0	0	0	0	0	0	0	0	0	2	0	0	0	0	0	0	0	0	0	0	0	1	0	0	0	0	1	0	0	0	0	0	0	0	1	0	2	2	0	0	0	0
CR_04360C_A	NHP2	0	0	0	0	0	1	0	0	0	0	0	0	0	0	0	0	0	0	0	0	1	0	0	0	0	0	0	0	0	0	0	0	1	1	1	0	0	0	0	0	0	0	0	0	0	0	0	0	0	1	0	1	0	0	0	0	0	0	0	0
CR_04370W_A	CR_04370W_A	0	0	0	0	0	0	1	0	0	0	0	0	0	0	0	0	0	0	0	0	0	1	0	0	0	1	0	0	0	0	0	0	0	0	0	1	0	0	0	0	0	1.091	0	0	1	0	0	0	0	0	0	0	0	0	0	0	0	0	1	1
CR_04380C_A	SEC26	0	0	0	1	0	0	0	1	0	1	1	2	0	0	1	0	0	0	2	0	1	2	3	3	2	3	1	3	3	1	2	2	1	9.718	7	8	1	2	2	2	0	0	0	0	1	0	0	0	1	0	0	1	2	1	4	0	1	2.649	0	2
CR_04390C_A	CR_04390C_A	0	1	0	1	0	1	0	0	0	1	0	0	0	1	1	1	1	0	0	0	0	0	0	0	0	1	0	0	1	0	0	0	1	0	0	0	0	0	0	0	0	0	0	1	0	2	0	0	0	1	0	1.198	0	0	0	0	0	1.76	0	0
CR_04400W_A	CR_04400W_A	0	0	0	0	0	0	0	0	0	0	0	0	0	0	0	0	0	0	0	0	0	0	0	0	0	0	0	0	0	0	0	0	0	0	0	0	0	0	0	0	0	0	0	0	0	0	0	0	0	0	0	0	0	0	0	0	0	0	0	0
CR_04410W_A	CR_04410W_A	0	0	0	0	2	0	0	0	1	0	2	0	0	1	1	0	1	0	0	0	0	0	0	0	0	1	0	1	0	0	1	1	1	0	0	0	1	1	0	1	0	0	0	0	0	0	0	0	0	0	1	0	1	0	1	0.677	0	1	1.303	0
CR_04420C_A	RBR2	0	0	0	0	0	0	0	0	0	0	0	0	0	0	0	0	0	0	0	0	0	0	0	0	0	0	0	0	0	2	2	3	0	0	0	0	0	0	0	0	0	0	0	0	0	0	0	0	0	0	0	0	0	0	0	0	0	0	0	0
CR_04430W_A	CR_04430W_A	1	0	1	1	0	2	0	0	2	1	0	2	0	0	0	0	2	3	1	2	0	0	0	0	1	0	1	0	2	0	1	1	1.06	1	1	2	0	1	0	0	1	0	0	1	2	1	0	0	1	3.081	1	1	0	2	1	1	1.17	1	0	1
CR_04440C_A	RBR1	0	0	0	0	0	0	0	0	0	0	0	0	0	0	0	0	0	0	0	0	0	0	0	0	0	0	0	0	0	0	0	0	0	0	0	0	0	0	0	0	0	0	0	0	0	0	0	0	0	0	0	0	0	0	0	0	0	0	0	0
CR_04450C_A	CR_04450C_A	0	1	0	2.757	1	0	1	0	0	2	0	0	7	4.167	7	2	1	0	1	1	0	1	1	0	1.725	1	0	0	4.822	2	3	1	0	1	0	0	0	0	0	0	0	1	0	0	1	0	0	0	1.067	0	2	1	1	0	1	1	0	0	0	0
CR_04460C_A	CR_04460C_A	0	0	0	0.951	0	0	0	0	0	1	0	0	0	0	0	0	0	0	0	0	0	0	1	1	1	0	0	0	0	0	0	0	0	0	0	0	0	0	0	0	0	0	0	0	0	0	1	0	0	0	0	0	0	0	0	1	0	0	0	2
CR_04470W_A	GPI2	0	0	0	0	4	1	3	0	2	2	1	1	0	0	0	0	0.993	0	0	0	1	0	0	1	1	1.99	0	1	1	0	0	0	1.031	0	0	0	0	0	2	0	0	0	1	0	0	0	0	0	0	0	0	0	1	1	0	0	2	0	1	0
CR_04480C_A	LAP3	0	0	1	0	0	0	0	1.126	1	2	4	3	0	0	0	0	0	0	0	0	0	0	0	0	0	0	1	1	1	0.998	0	0	0	0	0	0	0	0	0	0	0	0	0	0	1	1	0	0	0	0	0	0	0	0	0	0	0	0	1	2
CR_04490C_A	CR_04490C_A	0	0	0	0	0	0	0	0	0	0	1	2	0	0	0	0	0	0	0	0	0	0	0	0	0	0	0	2	0	1	0	0	0	0	0	0	0	0	1	0	0	2	0	0	0	0.942	0	0	1.8	1	0	0	0	0	0	0.997	0	0	1	0
CR_04500C_A	CR_04500C_A	0	0	0	0	1	3	0	0	0	0	1	0	1	0	0	0	0	1	0	0	0	1	0	0	1	0	1	4	1	0	1	1	0	0	0	0	0	0	1	0	0	0	0	0	0	0	0	0	0	0	0	1	0	1	0	0	1	2.928	0	0.998
CR_04510W_A	HXK2	4	2	2	1	1	2	1	4	0	0	0	0	0	1	0	1	1	2	2	4	1	1	4	3	1	0	0	0	0	1	0	0	0	2	0	0	0	0	0	0	0	0	0	0	1	0	0	0	0	0	0	0	0	0	0	0	0	0	0	0
CR_04520W_A	MIM1	0	0	0	0	0	0	0	0	0	0	0	0	0	0	0	0	4	1	3	1	1	4	4	2	0	0	0	0	0	4	7	7	0	0	0	0	0	0	0	1	0	0	0	0	0	0	0	0	0	0	0	0	2	3	0	1	0	1	0	1
CR_04530W_A	FUM11	0	1	0	0	1	0	0	2	0	0	0	0	0	0	0	0	0	0	1	0	0	0	0	0	1	0	0	0	0	0	0	1	0	0	0	0	0	1	0	1	0	0	0	0	0	0	0	1	0	1	0	0	1.475	0	0	2.673	1	0	0	0
CR_04540C_A	RPR2	0	0	0	0	0	0	1	0	0	0	0	1.996	0	1	0	0	1	0	1	0	1	0	0	0	0	2	1	0	2	1	0	1	0	0	0	0	0	0	0	0	0	1	0	0	0	0	0	0	0	1	1	0	0	0	0	0	0	0	0	0
CR_04550W_A	PRE6	0	1	0	0	0	0	0	1	0	0	0	0	1	0	0	1	0	0	0	0	0	0	0	0	0	0	1	0	0	0	0	0	1	1	0	0	1	2	2	4	0	0	0	0	1	1	0	1	0	0	1	1	2	0	2	0	0	0	0	0
CR_04560C_A	RAD27	0	0	0	0	0	0	0	0	0	0	0	0	0	0	0	0	0	0	0	0	0	0	0	0	0	0	0	1	0	0	2	0	0	0	0	0	0	0	0	1	0	0	0	0	0	0	0	1	1	0	0	0	1.997	0	0	1	2	1	0	0
CR_04570C_A	CDC10	0	0	0	0	1	0	0	0	0	0	0	0	0	0	0	0	0	0	0	0	1	1	1	1	0	0	1	1	0	0	2	0	0	1	0	0	0	0	0	0	0	0	0	0	0	0	0	0	1	0	0	0	1	0	0	0	2.759	0	0	1
CR_04580W_A	CR_04580W_A	0	0	0	0	0	0	0	2	0	0	0	1	0	0	0	0	0	1	0	0	0	0	0	0	0	0	0	0	0	0	1	1	1	2	1	0	0	0	0	0	0	0	0	0	0	0	0	0	0	0	0	0	2.001	2	1	2	0	0	0	0
CR_04590C_A	PDX3	0	0	0	0	0	1	0	0	0	1	0	0	0	0	1	0	0	0	0	0	0	0	0	0	1	0	1	0	0	0	0	0	0	0	0	0	0	0	0	1	0	0	0	0	1	0	0	0	0	0	1	0	1	0	0	0	0	0	0	0
CR_04600W_A	CR_04600W_A	0	0	0	0	0	0	0	0	0	2	4	0	0	0	0	0	0	0	0	0	0	0	0	0	0	0	0	0	0	0	1	1.996	0	0	0	0	0	0	0	0	1	0	0	0	1	0	1	1	0	2	0	0	0	0	0	0	1.327	0	0	1
CR_04610C_A	ATG22	0	0	1	0	2	1	1	0	0	0	1	2	0	0	1	1	0	0	0	1	0	0	0	1	3	2.003	1	2	0	1	0	0	2	0	2.879	0	0	0	0	0	0	2	0	0	1	0	0	0.999	0	0	3	2.64	0	0	0	0	1	0	0	0
CR_04620C_A	CR_04620C_A	0	1	0	0	0	1	0	2	0	0	0	0	0	0	1	0	0	0	0	0	0	0	0	0	2	0	0	1	1	0	0	0	1	0	0	2	1	0	0	0	0	0	0	0	0	0	0	0	1.508	1	0	0	0	0	0	0	0	0	0	2
CR_04630C_A	DIT2	0	0	0	0	0	0	0	0	0	0	0	0	0	0	0	0	1	0	0	0	0	1	0	0	1	1	0	0	0	0	1	1.001	0	0	1	2	1.004	0	0	0	0	0	1	0	0	0	1	0	0	0	0	0	0	0	0	1	1	0	2	0
CR_04640W_A	DIT1	0	0	0	0	0.963	0	0	0	0	0	0	0	0	1	0	0	0	0	0	0	0	0	0	0	0	0	0	0	0	0	1	1	0	0	1	0	0	0	0	1	0	0	0	0	0	0	0	1	0	0	1	0	0	0	3	0	0	0	0	0
CR_04650W_A	CR_04650W_A	0	0	0	0	0	0	0	0	0	0	0	0	0	0	0	0	0	0	1	0	0	0	0	0	0	0	0	0	0	1	0	0	0	0	1	0	0	0	0	0	1	0	0	0	0	0	1	0	0	0	0	0	0	0	1	0	0	0	0	0
CR_04660C_A	UGP1	0	1	0	0	0	0	0	0	0	0	0	0	0	0	0	0	0	0	0	0	0	1	0	0	0	1	0	0	0	0	0	0	0	0	0	0	0	0	0	0	0	0	0	0	0	0	0	0	0	0	0	0	0	0.997	1	1	1	0	0	0
CR_04670C_A	CR_04670C_A	0	0	0	0	0	0	0	0	0	0	0	0	0	0	0	0	0	0	0	0	0	0	0	0	0	0	0	1	0	0	0	0	0	0	0	0	0	1	0	0	1	0	0	0	0	0	0	0	0	0	0	1	2	0	0	0	0	0	0	0
CR_04680C_A	CR_04680C_A	0	0	0	1	0	0	0	0	1	0	0	0	0	1	0	0	0	0	0	0	1	0	0	0	0	0	0	0	0	0	0	0	0	0	0	0	0	0	0	0	0	0	0	0	0	0	0	0	0	0	0	1	1	0	0	0	0	0	1	0
CR_04690C_A	tS(GCU)2	0	0	0	0	0	0	0	0	0	0	0	0	0	0	0	0	0	0	0	0	0	0	0	0	0	0	0	0	0	0	0	0	0	0	0	0	0	0	0	0	0	0	0	0	0	0	0	0	0	0	0	0	0	0	0	0	0	0	0	0
CR_04700C_A	tS(GCU)1	0	0	0	0	0	0	0	0	0	0	0	0	0	0	0	0	0	0	0	0	0	0	0	0	0	0	0	0	0	0	0	0	0	0	0	0	0	0	0	0	0	0	0	0	0	0	0	0	0	0	0	0	0	0	0	0	0	0	0	0
CR_04710W_A	CR_04710W_A	0	0	0	0	0	0	0	0	0	0	0	1.926	0	0	0	0	0	0	0	0	0	0	0	0	0	0	0	0	0	0	0	0	0	0	0	0	0	0	0	0	0	0	0	0	0	0	1	0	0	0	0	0	0	0	0	0	0	0	0	0
CR_04720C_A	INO80	0	2	0	0	0	0	3.998	0	1.023	1	0	0	2.003	0	1.887	0	0	0	1	0	2	2	2.109	4	3	5	3	4.154	1	1.003	1	0	0	1	0	0	0	0	0.997	0	0	0	0	0	1	2	0	0	0	2	0	1.13	0	2	1	2	0	0	0	1.208
CR_04730W_A	CR_04730W_A	0	0	0	0	0	1	0	0	0	0	0	0	0	0	0	0	0	0	0	0	0	0	0	0	1	0	0	0	0	0	0	0	0	0	0	0	0	0	0	0	0	0	0	0	0	0	0	0	0	0	0	0	0	0	0	0	1	1	0	0
CR_04740C_A	ADE6	0	0	0	0	3	2	1	0	1	0	1	0	0	0	0	0	0	1	0	0	0	2.344	0	1	2	0	3	0	2.655	1	0	1	0	2	1	1.045	0	0	1	0	0	0	0	0	1	1	0	0	0	0	0	0	0	0	3	2	0	0	2.171	0
CR_04750W_A	CR_04750W_A	0	0	0	0	0	0	1	0	0	0	0	0	0	0	1	0	0	0	0	1	3	0	0	0	0	1	1	1	0	1	1	0	0	0	0	0	1	0	0	0	0	0	1	0	0	0	0	0	0	1	0	0	0	1	0	1.092	1	0	1.987	0
CR_04760C_A	CR_04760C_A	0	1	0	1	1	1.11	3.98	2	0	1	0	0	0	0	0	1.031	2	0	0	0	0	0	1	1	0	0	1	0	2.008	1.665	1	0	0	0	0	2	0	0	0	0	1	1	0	0	2	0	1	0	0	2	1.007	0	0	0	0	0	3	1.23	1.824	1.158
CR_04770C_A	CR_04770C_A	0	0	1	1	0	0.952	1	0	2	2	1	0	0	0	0	2.02	1	1	0	0	0	0	1	0	3	3	3	3	1.951	1	2	0	1	0	0	0	0	0	0	0	0	0.656	0.815	0	0	1	2	0	1	1	0	2	1.023	0	0	0	0	0	0	1
CR_04780W_A	RPB8	0	0	0	0	0	0	0	0	0	0	0	0	0	0	0	0	0	0	0	0	0	0	0	0	3	5	1	2	0	0	0	0	0	0	0	0	0	1	0	0	0	0	0	0	0	0	0	0	1	0	0	0	0	0	0	0	0	0	0	0
CR_04790W_A	MVB12	2	0	0	0	0	0	0	0	2	2	3	0	0	0	0	0	0	0	0	0	0	0	0	0	0	0	0	0	3	3	2.005	0	0	0	0	0	0	0	0	0	0	0	0	0	0	0	0	0	0	1	0	1	0	0	0	0	0	0	0	0
CR_04800W_A	MNT4	0	0	3.718	0	3.974	1	1	2	0	0.999	0	3	1	0	0	2	1	1	3	1	1	3	0	1	1.003	1	3	0	0	2	5	2	0	2	1.002	0	1.934	0	2	0	1	0	0	1	1	2	0	0	1.33	1	1.117	0	1	0	2	1	1.263	1	0	0
CR_04810W_A	RPS3	0	0	0	0	1	0	0	0	0	0	0	0	0	0	0	0	0	0	0	1	0	0	0	0	1	1	0	0	0	0	0	0	0	0	0	0	0	0	1	2	0	0	0	0	1	3	3	1	0	1	0	0	2	1.814	2	2	0.998	1	0	0
CR_04820W_A	CR_04820W_A	0	0	0	0	0	0	0	0	0	0	0	0	0	0	0	0	0	0	1	0	0	0	0	0	0	0	0	0	0	0	0	0	0	0	0	0	0	0	0	0	0	0	0	0	0	0	0	0	0	0	0	0	0	0	0	0	0	0	0	0
CR_04830C_A	CR_04830C_A	0	1	0	0	1	0	2	0	0	1	0	2	2	0	2	2	1	1	1	0	1	1	3.962	1	2	0	1	0	3	1	0	1	0	0	1	0	0.844	1	1	0	0	0	1	0	0	0	0	0	1	0	2.454	0	1	0	2.015	2	2.371	2.256	5	3
CR_04840C_A	MSS11	0	0	0	0	0	0	0	0	0	0	0	0	0	0	0	1	0	0	0	0.822	0	0	0	0	0	0	0	0	0	0	0	0	0	0	0	1	0	0	0	0	0	0	0	0	0	0	0	0	0	0	0	0	0	0	0	0	0	0	1.014	0
CR_04850C_A	CR_04850C_A	0	0	0	0	0	0	1	0	0	0	0	0	0	0	1	0	0	0	0	0	0	0.961	0	0	0	0	0	0	0	0	0	0	0	0	1	0	0	0	0	0	0	0	0	0	0	0	1	0	0	0	0	0	0	0	0	0	1	0	0	0.916
CR_04860C_A	CR_04860C_A	0	0	0	0	0	0	1	1	0	1	0.983	1	0	0	0	0	1	0	1	0	1	0	0	0	0	2	1	0	0	3	0	1	0	0	0	0	0	0	0	0	0	0	0	0	0	1	0	0	0	0	0	0	0	0	0	0	0	0	0	1
CR_04870C_A	CR_04870C_A	0	0	1	0	1	0.997	0	0	0	0	0	1	0	0	0	0	0	1	1	0	0	0	0	1	1	2	1	4	2	0	1	0.975	1	0	0	0	1	0	0	0	0	0	0	0	0	0	1	1	0	0	0	0	0	0	0	0	0	0	1	1.786
CR_04880W_A	CR_04880W_A	0	0	0	0	0	0	0	1	0	0	1	1.333	0	1	0	0	0	1	0	0	0	0	0	1	0	0	0	0	0	0	0	1.641	0	0	0	1	0	0	0	0	0	0	0	0	0	0	0	0	0	1.061	0	0	0	0	0	0	0	0	0	0
CR_04890W_A	LYS5	0	0	1	0	1.985	2	1	0	1	0	0	0	1.998	1	0	0	0	0	0	0	0	1	0	0	0	0	1	0	0	0	0	0	0	0	0	0	0	0	0	0	0	0	0	0	1	1	1	1	0	1	0	0	0	0	1	0	0	1	0	0
CR_04900C_A	PGA39	0	0	0	0	0	0	0	0	0	0	0	0	0	1	0	0	0	0	0	0	0	0	0	0	0	0	1	0	0	1	0	0	0	0	0	0	0	0	0	0	0	0	0	0	0	0	0	0	1	0	0	0	0	0	0	0	0	0	0	0
CR_04910W_A	CDC43	0	3	0	0	0	0	0	0	1	1	0	0	0	0	0	0	0	0	1	0	1	0	0	1	0	0	1	1	1	0	0	1	0	0	0	0	0	0	0	0	0	0	0	0	0	0	0	0	0	1	1	0	2	1	1	0	0	1.208	0	0
CR_04920W_A	CR_04920W_A	0	0	0	0	0	1	0	1	0	0	0	0	0	0	0	0	2.894	0	0	0	0	0	0	0	0	1	0	1	1	0	0	0	0	0	1	0	1	0	0	1	0	0	0	0	0	1	0	0	1	0	1	0	0	0	1	0	0	0	2	0
CR_04930W_A	PEX14	0.998	0	4	0	2	0	0	1	3.04	3	2	4	0	0	0	0	0.985	2	1.628	0	6	7.962	1	1.916	0	1.913	1	3.93	0	1.914	1	0	0	1	0	1.74	0	0	1	1	0	0	1	0	2	0	0	0	0	0	0	0	1	0	1.823	2.744	2.806	0	2.747	2
CR_04940W_A	CR_04940W_A	0	0	0	0	0	0	0	0	0	1	0	0	0	0	0	0	0	0	0	0	0	0	0	0	0	1	0	0	0	0	1	0	0	0	1	0	0	0	0	0	0	0	0	0	0	0	0	0	0	0	0	0	0	1	0	0	2	0	0	1
CR_04950W_A	MED5	1	0	0	0	2	0	0	0	0	0	0.718	0	0	0	0	0	1.123	0	0	0	1	0	0	1	0	0	0	1.006	1	0	0	0	1	0	0	0	0	0	0	1	1	0	0	0	0	1	0	0	0	0	0	0	2.993	0	1	3.343	3	0	1	2.252
CR_04960C_A	CRG1	0	0	0	0	0	0	0	0	0	0	0	0	0	0	0	1	0	0	0	0	0	0	0	0.991	2	0	1	0	0	1	0	0	0	0	1	0	0	0	0	0	0	0	0	0	0	0	0	0	0	0	0	0	0	0	0	0	0	0	0	0
CR_04970C_A	CR_04970C_A	0	0	0	0	0	0	0	0	0	0	0	0	0	0	0	0	0	0	0	0	0	0	0	0	0	0	0	1	0	0	0	0	0	0	0	0	0	0	0	1	0	0	0	0	0	0	0	0	0	0	0	1	0	0	0	0	0	0	0	0
CR_04980C_A	CR_04980C_A	0	0	0	0	0	0	0	0	1	1	1	0	0	0	0	0	0	0	0	0	0	0	1	0.988	0	1	0	0	0	0	0	0	0	1	0	0	0	1	0	0	0	0	0	0	0	0	0	1	1.951	0	1	0	1	0	0	0	0	0	0	1
CR_04990C_A	CR_04990C_A	0	0	0	0	0	0	0	0	0	0	0	0	0	0	0	0	0	0	0	0	0	0	1	0	0	0	0	0	0	0	0	0	0	0	0	0	0	0	0	0	0	0	0	0	0	0	0	0	0	0	0	0	0	0	0	0	0	0	0	0
CR_05000C_A	CR_05000C_A	1	0	0	0	0	0	0	0	0	0	0	0	1	0	0	0	0	0	0	0	0	0	0	0	0	0	0	0	0	1	0	0	0	0	0	0	0	0	0	0	0	0	0	0	1	0	0	0	0	0	1	0	1	0	1	0	1	0	0	0
CR_05010W_A	CR_05010W_A	0	0	0	0	1.028	0	0	1	0	1	1	1	0.941	0	0	1	0	0	0	0	0	0	1	0	0	0	1.152	0	1	1	1	0	1	0	0	0	0	0	1	0	0	0	0	0	1	1	2	1	0	0	0	0	0	1	1	0	0	0	0	3
CR_05020W_A	LYP1	0	0	0	0	2	2	0	0	0.868	1	0	0	0	0	0	0	0.993	0	0	0	0	0	1	0	0	1	0	0	0	0	1	0	1	0	1	1	0	0	0	0	0	0	0	0	0	1	3	0	0	1.299	0	1.001	1	0	0	0	1.21	0	0	0
CR_05030W_A	CR_05030W_A	0	2	1	2	5	1	2.138	2	2.003	1.025	3	2	0	4.999	0	0	4.022	2	1.999	0	2	0	1.006	6	4	3.208	2.059	1.999	4	3.135	3.713	2	1.037	1	1	0	0	0	0	0	1	0	0	5	0	1	0	3.242	0	3	0	1.829	2.121	5.009	5.836	3.203	4.521	6.773	1	5.125
CR_05040W_A	CR_05040W_A	3	1	2	1	2	5	5	4	3	1	4	3	1	3	1	1	5	3	3.94	2	6	4	2	4	2	5	4	6	2.05	2	3	3.986	1	2	2	2	0	0	2	1	0	0	0	1	3	0	2	2	4	2	0	1	1	5	6	5	0	3	9	1.958
CR_05050W_A	GLN1	7	10	3	9	0	0	1	0	2	9	5	8	3	3	8	12	1	1	4	1	1	0	1	3	5	5	6	7	2	6	5	7	14	2	8	8	0	0	0	0	0	0	0	0	1	4	3	4	0	0	0	0	3	2	3	4	1.24	0	1	0
CR_05070W_A	tH(GUG)1	0	0	0	0	0	0	0	0	0	0	0	0	0	0	0	0	0	0	0	0	0	0	0	0	0	0	0	0	0	0	0	0	0	0	0	0	0	0	0	0	0	0	0	0	0	0	0	0	0	0	0	0	0	0	0	0	0	0.5	0	0
CR_05080W_A	VMA13	0	2	0	0	0	0	0	0	0	0	0	0	0	0	0	1	1	0	0	0	0	0	0	0	0	0	0	0	0	0	0	0	0	0	0	0	0	0	0	0	0	0	0	0	0	0	0	0	0	0	0	0	0	0	0	0.993	0	1	1	0
CR_05090C_A	HGT9	0	0	0	0	0	0	0	0	1	1	0	1	1	0	0	0	0	0	1	0	0	0	1	0	1	1	0	1	2.019	0	0	1.267	1	0	0	0	0	0	0	0	0	0	0	0	0	0	0	0	0	0	0	0	1	0	0	1	0	2	0	0
CR_05100W_A	CR_05100W_A	2	1	0	2	1	0	1	0	0	0	1	1	0	0	1	0	1	0	0	0	1	2	1	0	0	0	0	1	1	1	3	2	0	0	2	2	0	1.095	0	1	0	0	0	0	0	0	2	1	3	1.178	4	1	4.121	2	3	1	1.065	1	4	0
CR_05120W_A	CR_05120W_A	0	0	1	0	0	0	2.078	3	2	0	3	1	3	5.012	1	3	1.026	1.001	1	0	0	0	1	1	4	2.001	5	2	2	4.756	2.519	0	2	0	0	0	0	0	0	0	0	0	0	0	0	0	0	0	0	2	0	3	0	1	1	1.065	2	0	0	2.554
CR_05130C_A	CR_05130C_A	0	1	0	0	0	0	0	1	0	0	0	0	0	0	0	0	0	0	1	0	0	0	0	0	0	1	0	0	0	0	1	1.004	0	0	0	0	0	0	0	0	0	0	0	0	0	0	0	0	0	0	0	0	0	1	0	2	0	1	0	1
CR_05140W_A	CR_05140W_A	1	0	0	0	0	0	0	0	0	0	0	0	0	0	0	0	0	0	0	0	0	0	0	0	0	0	0	0	0	0	1	0	0	0	0	2	0	0	0	0	0	0	0	0	0	0	0	0	1	1	0	0	0	0	0	0	0	0	0	0
CR_05150W_A	CR_05150W_A	0	0	1	0	1	0	0	0	0	0	0	0	0	0	0	0	0	0	0	0	0	0	0	0	1	0	0	0	0	0	0	1	0	0	0	0	0	0	0	0	0	0	0	0	0	0	0	0	0	0	0	0	0	0	0	0	0	0	0	0
CR_05160C_A	CR_05160C_A	0	1	0	0	1	0	0	0	0	0	0	1	0	0	0	0	0	0	0	0	1	1	0	0	0	0	0	0	0	0	0	0	0	1	0	0	0	1	0	0	0	0	0	0	0	1	0	0	0	2	0	2	0	0	0	0	0	1	1	0
CR_05170C_A	FDH1	1	0	0	0	4	3.056	3.126	3.779	2	2	1	5	5	5.855	2	8	8	3	4	3	0	0	0	0	1	0	0	0	1	0.855	0	1	0	0	0	0	1	1	1	1	0	0	0	0	8	1	6	4	0	0	0	0	0	2	2	6	0	0	0	0
CR_05180C_A	SDH2	0	0	0	0	1	1	2	4	3	10	1	3	2	1	1	1	0	0	0	0	5	4	5	5	0.999	1	0	0	0	1	2	1	0	2	1	4	5	5	8	7	0	1	0	0	2	1	5	0	0	0	1	0	6	1	3	6	0	0	0	0
CR_05190W_A	CR_05190W_A	0	0	0	0	0	0	0	0	0	0	0	0	0	0	0	0	0	0	0	0	0	0	0	0	0	0	0	0	0	0	0	0	0	0	0	0	0	0	0	0	0	0	0	0	0	0	0	0	0	0	0	0	0	0	0	0	0	0	0	0
CR_05200C_A	CR_05200C_A	0	0	0	0	0	0	1	0	0	0	0	0	0	0	1	0	0	0	0	0	0	0	1	0	0	0	0	2	0	0	0	0	0	0	0	0	0	0	1	0	0	0	0	0	0	0	0	0	0	0	0	0	1	0	0	0	1	0	0	0
CR_05210W_A	CR_05210W_A	1	0	3	1	1.001	0	0	0	0	0	1	0	0	0	2.97	0	2	0	1	0	0	0	0	1	3	0.901	2	0.997	3	0	2.999	0	0	1	1	1	0	2	0.997	0	0	1	1	0	0.997	0	1	0	0	0	2	0	0	1	0	1	1	1.996	1	1
CR_05220C_A	GUT1	0	0	0	0	0	0	0	0	3	4	6	3	0	0	0	0	1	4	0	3	0	0	1	1.503	0	0	3	0	0	1	0	0	0	0	1	0	0	0	0	1	0	0	1	0	0	0	1	0	2	0	1	0	0	1	1	0	2.771	0	1	1
CR_05240C_A	FGR14	0	0	0	1	1	0	1	1.057	0	3	0	2	2	0	1	2.08	0	0	0	0	0	2.06	0	0	3	0	0.999	2	2	1	4.007	0	3	2	2	0	0	1	0	1	0	0	0	0	2	2	1	2	2	0	0	0	1.466	0	1	1	1	3.893	1.209	1.07
CR_05250C_A	FGR13	0	0	0	0	0	0	1.938	0	0	0	1	0	0	0	0	0	0	0	0	0	0	1	0	0	0	1	1	0	1	0	1	0	0	0	0	0	0	0	0	0	0	0	0	2	0	0	0	0	1	1	0	0	3.006	0	0	1	2.315	2	0	1
CR_05260C_A	KCS1	1	1	0	0	0	0	0	0	0	2	0	0	0	0	0	0	1	0	0	2	4	0	1	0	3	1	2	2	0	0	1	0	0	2	0	1.003	0	0	1	0	0	0	1	0	2	0	0.999	0	2	0	0	3	0	1	1	0	0	1.267	1.417	1
CR_05270W_A	CR_05270W_A	1	0	0	1	1	0	0	0	0	0	0	0	0	1	0	0	0	0	0	0	1	0	0	0	0	1.312	0.997	0	0	1	1	0	0	0	0	0	0	0	0	0	0	1	0	0	0	0	0	0	0	0	0	0	0	0	1	0	0	1.716	0	0.774
CR_05280W_A	CR_05280W_A	0	0	0	0	1	1	0	0	1	1	0	0	0	0	0	0	1.063	0	1	0	0	0	0	1	0	0	0	0	0	0	1	0	0	0	0	0	0	0	0	0	0	0	0	0	0	0	0.987	0	0	1	0	0	1	1	0	1	0	1	0	0
CR_05290W_A	MNT3	0	0	0	0	1.043	1	0	0	1	0	0	1.741	0	1.006	1	0	0	0	2	0	0	0	1	1	0	0	0	0	0	0	0	0	0	0	0	0	0	0	1	0	0	0	0	0	0	0	0	0	0	0	0	0	0	1	1	0	3	0	0	1
CR_05300C_A	MNN21	0	0	2	0	0	0	0	0	1.43	0	0	0	0	0	1	0	0	0	1	0	0	1	0	0	0	0	1	1	0	0	0	1	0	0	0	0	0	0	0	1	0	1	1	0	1	0	0	0	0	0	0	1	1	2	2	1	2	0	0	0
CR_05310W_A	CR_05310W_A	0	0	0	0	2	1	0	0	0	0	0	0	0	0	0	0	0	0	0	0	1	1.001	0	0	0	0	0	1	0	0	0	0	0	0	1	0	0	0	0	0	0	0	0	0	0	0	1	0	1	0	0	0	0	0	0	0	0	1	0	0
CR_05320C_A	CR_05320C_A	3	0	1	3	5	2	2	3	1.006	1	0	2	5	2	3	0	1	4	4	3	0	1	0	4	5	2	3	2	3	4	1	1	2	0	1	0	1	3	2	0	1	1	0	0	0	2	3	1	5	2	6	1	3.095	0	3	3	2	5	2	2
CR_05330W_A	CR_05330W_A	1	2	1	3	0	0	0	0	0	0	0	0	6	3	0	7	0	0	0	0	0	0	0	0	0	0	0	0	0	0	0	0	0	0	0	0	0	0	0	0	0	0	0	0	1	1	0	0	0	0	0	0	0	0	0	0	0	0	0	0
CR_05340C_A	IFE2	0	0	0	1.001	0	0	0	0	1	0	0	0	0	1	0	1	0	0	0	0	0	0	0	0	0	1	0	0	1	0	4	3	0	0	0	0	0	0	0	0	0	0	0	1	6	3	4	8	0	0	0	0	0	0	0	0	0	0	1	1
CR_05350W_A	CR_05350W_A	0	0	0	0	0	0	0	0	0	0	0	0	0	0	0	0	0	0	0	0	0	0	0	0	0	0	0	0	0	0	0	0	0	0	0	0	0	0	0	0	0	0	0	0	0	0	0	0	0	0	0	0	0	0	0	0	0	0	0	0
CR_05360C_A	CR_05360C_A	0	0	0	0	4	1	2	2	0	1	0	1	0	0	0	0	0	0	0	0	0	0	0	1	0	0	0	0	2	0	2	0	0	0	0	0	0	0	0	0	0	0	0	0	1	1	1	1	0	1	1	0	0	1	0	0	0	0	0	0
CR_05370W_A	CR_05370W_A	0	0	0	0	1	0	1	0	0	2	2	0	1	1	1	0	0	1.001	0	0	0	1	0	0	0	0	0	0	1.115	2	0	3	1	0	0	0	0	0	0	0	0	0	0	0	1	0	1	0	1.16	1.421	0	1.137	3	0	0	0	1.131	0	0	0
CR_05380C_A	YCP4	0	1	0	0	0	0	0	0	0	0	0	1	0	0	0	0	0	0	0	0	0	0	1	0	0	0	1	0	0	0	0	0	0	0	0	0	0	0	0	0	0	0	0	0	1	0	0	0	0	1	1	0	0	0	0	0	0	2	0	0
CR_05390W_A	PST3	0	0	0	0	0	0	0	0	1	2	2	0	2	2	2	2	0	0	0	0	0	0	1	0	0	0	0	0	0	0	0	0	0	0	0	0	1	0	0	0	0	0	0	0	2	1	1	0	0	0	0	0	0	0	0	0	0	0	0	0
CR_05400C_A	tR(ACG)2	0	0	0	0	0	0	0	0	0	0	0	0	0	0	0	0	0	0	0	0	0	0	0	0	0	0	0	0	0	0	0	0	0	0	0	0	0	0	0	0	0	0	0	0	0	0	0	0	0	0	0	0	0	0	0	0	0	0	0	0
CR_05410C_A	tR(ACG)1	0	0	0	0	0	0	0	0	0	0	0	0	0	0	0	0	0	0	0	0	0	0	0	0	0	0	0	0	0	0	0	0	0	0	0	0	0	0	0	0	0	0	0	0	0	0	0	0	0	0	0	0	0	0	0	0	1	0	0	0
CR_05420W_A	CR_05420W_A	0	0	1	0	0	0	0	0	0	0	0	0	0	0	0	0	0	0	0	0	0	0	0	0	0	0	0	0	0	0	0	0	0	0	0	0	0	0	0	0	0	0	0	0	0	0	0	0	0	0	0	0	0	0	0	0	0	0	0	1
CR_05430W_A	CSP1	0	0	0	1	0	0	0	0	0	0	0	0	0	0	0	0	0	0	0	0	0	0	0	0	1.348	0	0	0	0	0	0	0	0	0	0	0	0	0	0	0	0	0	0	0	0	0	0	0	0	0	0	0	0	0	0	0	0	0	0	0
CR_05440W_A	BNA1	0	0	0	0	0	0	0	0	1.086	1	5	1	0	0	0	0	0	0	0	0	0	0	0	0	0	1.942	0	1	0	0	0	0	0	0	1	0	0	0	0	0	0	0	0	0	0	0	0	0	0	0	1	0	0	0	0	1	0	0	0	0
CR_05450C_A	CR_05450C_A	0	0	0	0	0	0	0	0	0	0	0	0	0	1	0	0	0	0	0	0	0	0	0	0	0	0	0	0	0	0	0.999	0	0	0	0	0	0	0	0	0	0	0	0	0	0	0	0	0	0	0	0	0	0	0	0	0	0	1.952	0	0
CR_05460W_A	CR_05460W_A	0	0	0	0	0	0	2	0	0	0	0	0	0	1	0	0	0	1	0	1	0	0	0	1	0	0	0	0	0	0	1	0	0	0	0	0	0	0	0	0	0	0	0	0	0	1	0	0	0	0	1.458	0	0	1	0	0	0	0	0	1
CR_05470C_A	CR_05470C_A	0	0	0	0	0	0	0	0	0	0	0	0	0	0	0	0	0	0	0	0	0	1	0	0	0	0	0	0	1	0	0	0	0	0	0	0	0	0	0	0	0	0	0	0	0	0	0	0	0	0	0	0	0	0	0	0	0	0	0	0
CR_05480W_A	CR_05480W_A	0	0	0	0	2	5	5	4	0	0	0	0	0	0	0	1	1.825	2	2	3	3	1	1	3	1	0	0	0	0	0	0	0	0	0	0	0	0	0	0	0	0	0	0	0	2	0	0	0	0	0.998	0	0	0	0	0	0	0	0	0	0
CR_05490W_A	SUA72	0	1	0	0	1	0	0	1	0	0	0	0	0	0	0	0	0	0	2	0	0	0	0	0	2	1	0	0	0	0	0	0	0	0	0	0	1	0	0	0	0	0	0	0	0	0	1.219	0	0	0	0	0	0	0	0	0	0	1	0	2
CR_05500C_A	CR_05500C_A	0	2	0	1	0	0	2	2	0	0	3	0	1	3	2.01	0	0	1	0	1	2.146	0	0	0	4	0	3	2	1.995	1	0	0	1	2.008	0	0	0	0	1	0	0	0	0	0	0	1	1	0	1.087	2	0	1.06	2	3.999	2.985	2	1	3	3.995	1
CR_05510W_A	STE13	1	0	0	0	1	2	2	0	0	0	0	0	1	1	0	0	3	1	0	2	3	1	0	0	4	1	1	0	2.284	1	0	1.012	1	0	0	0	0	0	1	2	2	0	0	0	0	2	0	1	1	0	0	0	1	1.228	2.986	0	2	3.402	2	2
CR_05520W_A	NOC2	0	0	0	0	0	0	0	0	1.059	0	0	0	0	0	0	0	0	1	0	0	0	1	0	0	1.332	0	0	0	1	0	0	0	0	0	1	0	0	0	0	1.997	0	0	0	0	0	0	0	0	0	0	0	1	0	0	0	0	0	0	0	0
CR_05530C_A	CWT1	0	0	0	0	0	0	1	0	1.57	0	0	0	0	0	0	0	1	0	0	0	0	1	1	1	0	1	0	0	2	0	0	2	0	0	0	1	4	2	4	3	1	0	0	0	1	0	1	2	1	0	0	0	0	1	0	0	0	0	0	0
CR_05540C_A	CR_05540C_A	0	0	1	0	0	0	0	0	2	1.001	0	0	0	3	5	1	0	1.031	0	1	0	1	1	0	0	0	1	1	1.547	0	0	0	0	0	1	0	1.999	1	0	0	0	0	0	0	1	1	3	5	1.558	0	0	0	2	0.995	1	0	0	0	0	0
CR_05550C_A	CR_05550C_A	0	0	0	1.078	3	0	1.126	2.553	0	1	0	1	1	0	0	0	1	0	0	0	0	0	0	0	3.003	4.895	3.016	6	0	0	3.039	1.136	0	0	1	0	1	0	0	0	0	0	0	0	0	0	2.001	0	0	1.349	1.565	0	0	2	0	0	4	2	1.073	1
CR_05560W_A	CR_05560W_A	0	0	0	0	0	0	0	0	1.7	1	0	2	0	1	0	0	1	1	0	0	0	0	0	0	0	0	0	1	0	1	1	0	0	0	0	0	0	0	0	0	0	0	0	0	0	0	0	1	2	0	0	0	0	0	1	0	1	0	0	0
CR_05570C_A	RNR3	0	1	0	0	0	1	0	1	1	1	0	0	0	0	0	0	0	2	0	0	2	0	1	0	1	2	1	1	1.005	0	1	1	0	0	0	2	0	0	0	1	0	0	1	0	2	0	0	0	1	0	0	0	0	1	2	0	2.677	1.231	0	1
CR_05580C_A	CR_05580C_A	0	0	1	1	0	0	0	0	0	1	0	0	0	0	0	0	0	0	0	0	0	0	0	0	0	1	2	1	0	1	0	0	0	0	0	1	0	0	0	0	1	0	0	0	0	0	0	0	1	0	0	0	0	0	1	0	1	0.866	0	0
CR_05590C_A	tC(GCA)2	0	0	0	0	0	0	0	0	0	0	0	0	0	0	0	0	0	0	0	0	0	0	0	0	0	0	0	0	0	0	0	0	0	0	0	0	0	0	0	0	0	0	0	0	0	0	0	0	0	0	0	0	0	0	0	0	0	0	0	0
CR_05600C_A	tC(GCA)1	0	0	0	0	0	0	0	0	0	0	0	0	0	0	0	0	0	0	0	0	0	0	0	0	0	0	0	0	0	0	0	0	0	0	0	0	0	0	0	0	0	0	0	0	0	0	0	0	0	0	0	0	0	0	0	0	0	0	0	0
CR_05610C_A	SRR1	0	0	0	0	0	0	0	0	0	0	0	0	0	1	0	1	0	0	1	0	1	0	0	0	0	0	0	0	0	0	1	1	1	0	0	0	0	0	0	0	0	0	0	0	0	0	0	0	0	0	0	2	0	0	0	0	1	0	0	0
CR_05620C_A	MTG2	0	0	0	0	0	0	0	0	0	0	1	0	0	0	0	0	0	0	0	0	0	0	0	0	1.006	0	0	0	0	0	0	0	1	0	0	0	0	0	0	0	1.031	0	0	0	1.994	0	0	0	0	0	2	0	0	0	0	0	0	0	0	0
CR_05630W_A	DBP8	0	0	0	0	0	1	1	0	0	0	0	0	0	0	0	0	0	0	0	0	0	1	0	0	0	0	0	0	0	0	0	0	0	0	0	0	0	0	0	0	0	0	0	0	0	0	0	0	0	0	0	0	0	0	0	0	1	0	0	0
CR_05640C_A	CR_05640C_A	0	0	0	1	0	1	1	2	2	1	1	0	0	0	0	0	0	0	0	0	0	0	0	0	1	0	1	0	1	0	0	1	0	0	1	0	0	0	0	0	1	0	0	0	0	0	0	0	0	0	0	0	1.008	1	0	0	0	0	0	0
CR_05650W_A	BRF1	0.997	0	0	1	0	1	0	1	0	0	0.985	0	0	0	0	0	1	0	0	1	0	0	0	0	0	0	0	0	2	0	5	2	0	0	0	0	0	0	0	0	0	0	0	0	0	1	1	0	0	0	0	2	0	0	0	0	1	0	1.632	0
CR_05660W_A	SDA1	0	0	0	0	0	0	0	1	1	0	0	0	0	0	1	0	0	0	0	0	3	2	1	1	1	1	0	1	0	1	0	0	2	0	0	2	0	0	0	0	0	0	1	0	0	0	0	0	0	1	3	0	1	0	2	2	0	0	1	0
CR_05670C_A	HMO1	9	3	8	6	0	0	0	0	0	0	1	1	5	4	2	5	0	0	0	0	5	4	3	0	0	0	1	0	3	1	3	3	3	8	7.924	6	0	0	0	0	0	0	0	0	2	4	4	4	0	1	0	0	1	3	0	4	0	0	0	0
CR_05680C_A	CR_05680C_A	0	0	1	0	5	3	5	2	0	2	2	0	1	0	0	0	1	1	1	0	2	0	0	4	4	3	1	4	7	4	2	3	1	0	3	0	0	2	1	0	1	0	0	0	5	2	3	3	3	1	5	3	4	7	1	0	1	2	2	1.268
CR_05690W_A	MCT1	0	0	0	0	5	4	2	2	0	0.998	1	0	1	0	0	0	0	0	0	0	1	0	0.999	0	0	0	1	0	0	0	0	0	0	1	0	0	5	1	6.948	2	0	0	0	0	0	2	0	0	2	2	0	0	0	0	0	0	0	0	0	1
CR_05700C_A	CR_05700C_A	0	0	0	0	1	2.567	1	1	0	1	0	1	0	1	0	0	0	0	0	0.676	0	0	0	0	0	1.773	0	0	0	0	0	0	1	1	0	0	0	0	0	0	1	0	0	0	0	0	0	0	1	0	0	0	1	0	1	0	2	1	1.245	0
CR_05710C_A	CR_05710C_A	0	0	0	0	0	0	1.006	1	0	0	0	0	0	0	0	0	0	0	0	1	0	0	1	0	0	0	0	0	0	0	1	0	1	0	0	1	1	0	0	0	0	0	1	0	1	0	0	0	0	0	0	0	1	0	0	0	0	0	0	0
CR_05720W_A	TPS1	0	0	0	0	0	0	0	1	0	0	0	0	0	0	1	0	0	0	0	0	0	0	0	0	0	0	1	0	0	1	0	0	0	0	0	0	0	0	0	0	0	0	0	0	0	0	0.995	0	0	0	0	1	0	0	0	0	0	0	0	0
CR_05730C_A	CR_05730C_A	0	0	0	0	1	0	0	0	0	2	3	2	0	0	0	0	8	5	13	7	0	0	0	0	1	0	0	0	3.393	4	4	2	0	1	0	0	1	0	1	0	0	0	0	0	1	0	1.099	0	0	0	0	0	0	0	0	1	0	0	1	0
CR_05740C_A	PTC4	0	0	0	0	0	1	0	0	0	0	0	0	0	0	0	0	0	0	0	0	0	0	0	1	0	0	1	1	0	1	0	0	0	0	0	0	0	0	0	1	0	0	0	0	0	0	0	0	1.764	0	1	1	0	0	0	0	0	1.614	0	1.338
CR_05750W_A	CR_05750W_A	0	0	0	0	2	0	0	1	4	4	0	2	0	1	0	0	1	0	0	0	2	1	1	4	0	0	0	0	0	0	1	0	0	0	0	0	0	0	0	0	0	0	0	0	0	0	0	2	0	0	0	0	0	1.002	0	1	1	0	2	0
CR_05760C_A	CR_05760C_A	5	2	2	1	2	2	2	6	3.001	0	1	1	4	3	4	0	1	1	1	0	2	1	3	3	1	4	3	2.999	9	4	3	3	0	1	1	1	1	0	1	1	1	1	2	0	1	1	1	2.974	0	4	4.72	0	4.999	2	3	2	3.374	1	3	3
CR_05770W_A	CR_05770W_A	0	0	0	0	1	1	0	0	0	1	0	1	0	0	0	0	0	2	0	0	2	0	1	0	0	2	0	1	1	0	2	0	0	0	0	0	1	0	1	0	0	0	0	0	0	0	0	0	2	1	2.442	3	0	1	2.442	0	2	0	0	0
CR_05780W_A	VMA2	0	0	0	0	0	0	0	0	2	0	0	0	0	0	0	0	0	0	0	0	0	0	1	0	1	1	1	0	2	0	1	0	1	1	0	1.386	0	0	1.994	0	0	0	0	0	0	0	0	0	0	2.201	0	0	1	0	0	0	0	0	0	0
CR_05790C_A	ACO2	0	1	0	0	0	0	0	0.993	0	0	0	1	0	0	0	0	0	0	0	0	2	0	0	0	0	1	0	0	0	0	0	0	0	0	0	0	0	1	0	0	0	0	0	0	0	0	1	1	0	0	0	1.214	0	2	1	1	1	1.658	0	0
CR_05800C_A	LCL2	1.098	0	0	0	0	0	0	0	0	0	0	0	0	0	0	0	0	0	0	1	0	0	0	0	0	0	0	0	0	0	0	0	0	0	0	0	0	0	0	0	0	0	0	0	0	0	0	0	0	0	0	0	0	0	0	0	0	0	0	1
CR_05810C_A	tP(UGG)5	0	0	0	0	0	0	0	0	0	0	0	0	0	0	0	0	0	0	0	0	0	0	0	0	0	0	0	0	0	0	0	0	0	0	0	0	0	0	0	0	0	0	0	0	0	0	0	0	0	0	0	0	0	0	0	0	0	0	0	0
CR_05820C_A	tP(UGG)4	0	0	0	0	0	0	0	0	0	0	0	0	0	0	0	0	0	0	0	0	0	0	0	0	0	0	0	0	0	0	0	0	0	0	0	0	0	0	0	0	0	0	0	0	0	0	0	0	0	0	0	0	0	0	0	0	0	0	0	0
CR_05830C_A	ISC1	2	0	0	1	0	0	0	0	0	1	2	1	0	0	0	0	0	0	1	0	4	2	0	1	0	1	0	1	0	0	0	0	1	0	0	0	2	2	0	1	0	0	1	0	0	0	0	0	0	1	0	2.972	2	0	1	1	0	0	0	1
CR_05840W_A	SPC25	0	0	0	0	0	0	0	1	1	0	0	0	0	0	0	0	0	0	0	0	0	0	0	0	0	0	0	0	0	0	0	0	0	0	0	0	0	0	0	0	0	0	0	0	0	0	0	0	0	0	0	0.817	0	0	0	0	0	0	0	0
CR_05850W_A	tV(AAC)4	0	0	0	0	0	0	0	0	0	0	0	0	0	0	0	0	0	0	0	0	0	0	0	0	0	0	0	0	0	0	0	0	0	0	0	0	0	0	0	0	0	0	0	0	0	0	0	0	0	0	0	0	0	0	0	0	0	0	0	0
CR_05860W_A	CR_05860W_A	0	1.997	0	0	0	3	2	1	1	0	0	0	0	1	0	0	1	0	0	2.08	0	1	1	0	3	0	2	0	0	0	0	2	0	0	0	0	0	1	1	0	0	0	0	0.998	0.913	0	0	0	3.845	2	0	1	4	3	1	2	0	3	2	0
CR_05870W_A	tS(AGA)3	0	0	0	0	0	0	0	0	0	0	0	0	0	0	0	0	0	0	0	0	0	0	0	0	0	0	0	0	0	0	0	0	0	0	0	0	0	0	0	0	0	0	0	0	0	0	0	0	0	0	0	0	0	0	0	0	0	0	0	0
CR_05880W_A	CR_05880W_A	0	0	0	0	0	0	0	0	0	0	0	0	0	0	0	0	0	0	0	0	0	0	0	0	0	0	0	0	0	0	1	0	0	0	0	0	0	0	0	0	0	0	0	0	1	1	0	0	0	0	2	0	0	0	0	0	0	0	0	0
CR_05890C_A	CR_05890C_A	1.945	0	1	0	1	0	0	0	0	0	0	0	0	0	0	0	1	0	0	0	0	0	1	1	0	1	1	0	1	0	0	0	1	1	0	0	0	0	0	0	0	0	0	0	1	0	0	0	2	0	2	0	0	0	0	2	0	0	1.506	0
CR_05900W_A	CR_05900W_A	1	0	0	2	3	1	0	0	0	1	0	0	4	3	2	4	0	0	0	0.976	0	1	0	0	1	0	0	0	0	0	0	0	0	1	0	0	0	0	0	0	0	0	0	0	0	1	0	0	0	1	0	0	1	0	0	1	0	0	0	0
CR_05910W_A	CR_05910W_A	0	0	0	0	0	0	0	0	0	0	0	0	0	0	0	0	0	0	0	0	0	1	0	0	0.962	0	0	0	0	0	0	0	0	1	0	0	0	0	0	0	0	0	0	0	0	0	0	1	0	1	0	0	0	0	0	0	0	1.776	0	1
CR_05920C_A	MHP1	0	1	0	1	0	3.513	0	2	1	5	2	2.001	1	0	2	0	0	2	0	0	0	0	1	0	3.899	2.816	0	0	1.077	0	1	2	0.997	0	0	2	0	0	0	0	0	0	1	0	2	2	1	1	2	1	1.189	0	0.999	0	1	0	0	0	3.733	2
CR_05930C_A	tS(AGA)1	0	0	0	0	0	0	0	0	0	0	0	0	0	0	0	0	0	0	0	0	0	0	0	0	0	0	0	0	0	0	0	0	0	0	0	0	0	0	0	0	0	0	0	0	0	0	0	0	0	0	0	0	0	0	0	0	0	0	0	0
CR_05940W_A	CEK2	0	0	1	0	0	1	0.912	0	0	0	0	0	0	0	0.991	0	0	0	0	0	0	1	1	0	0.999	1	0	2	2.015	1.875	1	0	1	0	0	1	0	0	0	0	0	0	0	0	0	0	0	1	1	0	0	0	0	0	0	0	0	0	0	1
CR_05950C_A	ADP1	0	0	0	0	0	0	2	1	0	0	1	0	0	0	1	0	1	0	0	0	1	0	0	0	0	1.172	0	0	0	1	0	2.001	0	1	2.012	0	0	1	1	0	2	0	1	1	1	1	0	0	1	0	0	0	1	0	2.997	0	6.176	6	1	2.704
CR_05960W_A	CR_05960W_A	0	0	0	0	0	0	0	0	5	2	3	3	0	0	0	0	0	0	0	0	0	0	0	0	0	0	0	0	0	0	0	1	0	0	0	0	0	0	0	0	0	0	0	0	0	0	0	1	0	0	0	0	0	0	0	0	0	0	0	0
CR_05970C_A	CR_05970C_A	0	0	0	0	0	1	0	0	0	0	0	0	0	0	0	0	0	0	0	0	1	0	1	0	0	0	0	1	0	1	0	0	0	2	0	0	0	0	0	0	0	0	0	0	0	0	0	0	1	0	0	0	0	0	2	0	1.829	1.069	0	1
CR_05980W_A	CR_05980W_A	0	0	0	0	1.085	1	0	1.003	1	1.381	0.862	2	2	0	1	0	0	0	0	1	0.993	2	0	0	1	1	2	4	1	1	3.171	1	2	1	0	1.042	0	1	0	0	0	0	0	0	1	0	1	2	0	0	0	0	2.07	0	0	4	1	1	1.144	0
CR_05990C_A	SFL1	0	0	0	0	0	0	0	0	1	0	0	0	0	0	0	0	1	0	1	0	0	0	0	0	0	0	0	1	0	0	1	0	1	0	0	0	0	0	0	0	0	0	1	0	1	0	0	1	0	0	0	0	1	1	0	0	3	1	0	0
CR_06000W_A	SOK1	0	2	1	0	0	1.011	0	0	0	0	0	0	0	0	0	0	0	0	0	0	1	2	1	1	1	0	0	1.261	0	0	2	0	0	1	0	0	0	0	0	0	0	0	0	0	0	0	0	0	0	0	0	0	1	0	0	1	1.913	0	2.55	0
CR_06010W_A	CR_06010W_A	0	0	0	0	0	0	0	0	2	0	0	0	0	1	0	0	0	0	0	0	1	0	0	0	0	0	1	0	0	0	0	2	0	0	0	0	0	1	1	0	0	0	0	0	0	0	0	0	1	0	0	0	0	0	0	1	3	0	0	0
CR_06020W_A	CR_06020W_A	0	0	0	0	0	0	1	0	0	0	0	0	0	0	0	1	1	0	0	0	0	0	0	1	0	0	0	0	0	1	0	0	0	1	1	2	1	1	0	0	0	0	0	0	0	1	1	0	0	0	0	0	0	1	0	0.984	0	0	0	0
CR_06030C_A	CR_06030C_A	0	1	0	0	1	1	0	0	3	2	5	2	0	0	0.997	0	1	2	2	2	0	0	0	1.362	0.892	0	1	0	0	0	0	0.999	3	0	1	0	0	0	0	0	0	0	0	0	0	0	0	1	0	0	0	1	0	1	1	1	0	0	1.011	0
CR_06040W_A	CR_06040W_A	1.956	0	0	0	0	1	0	1	1	1	0	1	0	0	0	0	0	4	5	8	2.961	4	2	0	0	0	0	0	0	0	0	0	0	0	0	0	0	0	1	0	0	0	0	0	2	1	0	0	0	0	0	0	0	0	0	0	0	0	0	2
CR_06050W_A	CDC28	0	0	0	0	0	0	0	0	0	0	1	0	0	0	0	0	0	0	0	0	0	0	0	0	0	0	0	0	0	1	0	1	0	0	0	0	0	0	0	0	0	0	0	0	0	1	0	0	0	0	1	0	0	0	0	0	2	0	1	0
CR_06060W_A	CR_06060W_A	0	0	0	0	0	0	0	0	0	0	0	0	1	2	0	0	0	0	0	0	0	0	0	1	0.982	0	0	0	2.949	2	0	2	0	0	0	0	0	0	0	0	0	0	0	0	0	0	1	0	0	1	0	0	0	0	0	1	0	0	0	0
CR_06070W_A	CR_06070W_A	0	0	1.941	0	0	2.69	0	1	0	0	1	1.936	1	0	1	0	0	0	0	0	0	0	0	0	0.99	0	2	0	0	1	0	0	0	0	0	0	0	0.999	0	0	0	1	1	0	0	0	0	0	0	1	1.904	0	2	2	0	0	0	0	1.884	0
CR_06080W_A	SIS1	0	0	0	0	0	0	0	0	1	0	0.997	1.388	0	1	0	0	2	1	2	3	0	0	0	0	1	0	0	0	0	0	1	1.177	0	0	0	0	0	0	0	0	1	0	0	0	0	0	0	0	1	0	0	0	3	4	2	7	1	0	1	0
CR_06090W_A	CR_06090W_A	0	0	0	1	0	1	0.777	1	0	1	0	0	0	0	0	0	0	1	0	0	0	0	0	1	0	0	0	0	0	1	0	1	0	0	0	0	0	0	0	0	0	0	0	0	0	0	0	0	0	0	0	0	0	1	0	0	0	0	0	0
CR_06100C_A	CR_06100C_A	0	0	0	0	0	0	2	1.982	0	0	0	0	0	2	0	0	1	0	1	0	0	0	1	2	2	0	0	0	2	0	0	0	0	0	0	1	1	1	0	0	0	0	0	0	0	0	0	0	0	0	1.077	0	0	1	2	2	1.453	0	1.203	0
CR_06110C_A	RFX1	0	1	0	0	1.065	0	0	0	0	0	0	0	0	0	0	0	0	0	0	2	0	0	0	0	2	4	2.993	1.998	0	0	0	0	0	1	0	0	0	0	0	0	0	0	0	0	0	0	0	0	0	0	1.053	0	0	1	0	1	0	0	1.648	0
CR_06120W_A	RPL7	0	0	0	0	0	0	0	0	0	0	0	0	0	0	0	0	4	1	1	1	0	0	0	0	0	0	0	1	1	0	0	0	0	0	0	0	0	0	0	0	0	0	0	0	1.666	0	0	0	0	0	1	0	0	0	0	0	0	0	0	0
CR_06130C_A	CR_06130C_A	0	0	0	0	0	0	0	0	0	0	0	0	0	0	0	0	0	0	1	0	0	0	0	0	0	1	0	0	0	0	0	0	0	0	0	0	0	0	0	0	0	0	0	1	0	0	0	0	0	0	0	0	0	0	0	0	0	0	0	0
CR_06140W_A	CR_06140W_A	0	0	0	0	1	0	1	0	0	0	0	1	0	0	1	0	0	0	0	0	0	0	0	0	0	0	0	0	1	0	1	0	0	1	0	1	0	0	0	0	0	0	0	0	0	0	0	0	0	0	0	0	1	0	0	0	0	0	1	0
CR_06150C_A	ADE13	0	0	0	0	0	0	0	0.977	1	0	2	1	0	0	0	0	0	0	0	0	0	1	0.989	0	0	0	0	1	0	0	1	1	0	0	0	1	0	1	0	0	0	0	0	0	0	0	1	0	0	0	1	0	1	0.927	1	0	0	0	1.361	0
CR_06160C_A	DAD3	0	0	0	0	1	0	0	0	0	0	0	0	0	0	0	0	0	0	0	0	0	0	0	0	0	0	0	0	0	0	0	0	0	1	0	0	0	0	0	0	0	0	0	0	0	0	0	0	0	1.902	0	0	0	1	0	0	0	0	0	1.84
CR_06170W_A	CR_06170W_A	0	0	0	0	0	0	0	0	0	0	1	0	0	0	0	0	1	0	0	5	0	1	0	0	0	0	0	0	0	0	0	0	0	0	0	0	0	0	0	0	0	0	0	0	0	0	0	0	0	0	0	0	0	0	0	0	1	0	0	0
CR_06180W_A	ARC40	0	0	1	1	0	0	0	0	1	0	1	1	0	0	0	0	0	0	1	0	1	0	0	0	0	0	1	0	0	0	0	0	0	0	0	0	0	0	0	0	2	0	0	0	0	0	0	0	0	0	0	0	0	2	0	0	0	1.403	0	0
CR_06190C_A	CR_06190C_A	0	0	0	0	0	0	0	0	0	0	0	0	0	0	0	0	0	0	0	0	0	0	0	0	0	0	0	0	0	1	0	0	0	0	0	0	0	0	0	0	0	0	0	0	0	0	0	0	0	0	0	0	0	0	0	0	0	0	0	0
CR_06200C_A	CR_06200C_A	0	0	0	0	0	0	0	0	0	0	0	0	0	0	0	0	0	0	0	0	1	2	1	3	0	0	0	0	0	0	0	0	0	0	0	0	0	0	0	0	0	0	0	0	0	0	0	0	0	0	0	0	0	0	0	0	0	0	0	0
CR_06210C_A	CR_06210C_A	0	0	0	0	0	0	0	0	0	0	0	0	0	0	0	0	0	0	0	0	0	0	0	0	0	0	1	0	0	0	0	0	0	0	0	0	0	0	0	0	0	0	0	0	0	0	0	0	0	0	0	0	0	0	0	0	0	0	0	0
CR_06220C_A	CR_06220C_A	0	0	0	0	0	0	0	0	0	0	0	0	0	0	0	0	4.001	1	5	3	0	0	0	0	0	0	0	0	0.986	0	0	0	0	0	0	0	0	0	0	0	0	0	0	0	0	0	0	0	0	0	0	0	0	0	0	0	0	0	0	0
CR_06230W_A	CR_06230W_A	0	0	0	0	1.13	1	0	1	0	1	1	0	0	0	0	0	0	0	0	1	0	1	1	0	2	0	0	0	0	1	0	0	0	0	0	0	0	0	0	0	0	0	0	0	0	1	0	1	0	2	2	0	3.008	0	0	0	1	0	0	3
CR_06240C_A	ZCF19	0	0	0	0	0	0	0	0	0	2	0	0	1	0	0	0	0	0	0	0	1	0	0	1.484	0	1	0	0	0	0	0	0	0	0	0	0	1	0	1	0	0	1	0	0	0	0	2	0	1	0	0	0	0	1	0	0	1	0	0	0
CR_06250W_A	CR_06250W_A	0	0	0	0	1	0	0	0	1	0	0	0	0	0	0	0	0	0	1	0	0	0	0	0	0	0	1	0	1	0	0	0	0	0	0	0	0	0	1	0	0	0	0	0	0	0	1	0	0	0	1	0	0	1	0	0	0	0	0	0
CR_06260W_A	CR_06260W_A	0	0	0	0	0	0	0	0	0	0	1	0	0	0	0	0	0	0	0	0	0	1	0	0	0	1.508	0	0	0	0	0	0	0	0	0	1	0	0	0	0	0	0	0	0	0	0	0	0	0	0	0	0	0	0	0	0	0	1.503	0	1
CR_06270W_A	CR_06270W_A	0	0	0	0	0	0	1	0	0	0	0	0	0	0	0	0	2	0	0	0	0	0	0	0	0	0	0	0	1	0	1	1	0	0	0	0	0	0	0	0	0	0	0	0	0	0	0	1	0	0	0	0	0	0	0	1	0	0	1	0
CR_06290C_A	CR_06290C_A	0	1	0	0	0	0	0	0	0	1	0	1	0	0	0	0	0	0	0	0	0	0	0	0	0	0	0	0	0	0	0	0	0	1	0	0	0	0	0	0	0	0	0	0	1	4	0	0	0	0	0	0	0	0	0	1	0	0	0	0
CR_06300C_A	FGR50	0	0	1	0	0	0	1	0	1	0	0	0	0	0	0	0	0	0	0	0	0	0	0	0	0	1	0	0	0	0	0	0	0	0	0	0	0	0	2	0	0	0	0	0	0	0	0	0	0	0	0	0	0	0	0	0	0	0	0	0
CR_06310W_A	CR_06310W_A	0	0	0	0	0	0	1	0	0	1	0	1	0	0	0	1	0	0	0	1	0	0	0	0	0	0	0	0	0	0	0	1	1	1	1.221	0	0	1	0	0	0	0	0	0	1	0	0.989	0	0	0	0	1	3	0	0	0	1	1	0	0
CR_06320C_A	CR_06320C_A	0	0	0	0	0	0	0	0	0	1	0	0	0	0	0	0	1	1	1	0	1	0	0	0	2	2	3	3	2	0	1	1	0	0	0	0	0	0	0	0	0	1	0	0	1.15	0	0	0	0	0	1	0	1	0	0	0	0	0	1.001	0
CR_06330C_A	CR_06330C_A	0	0	0	0	0	2	1	0	0	0	1	1	0	0	0	0	1.997	0	0	0	0	3	1	3.057	0	0	0	0.997	0	0	1	0	2	0	0	0	0	1	0	0	0	0	0	0	1	0	0	0	0	1	0	1.003	0	0	1	1.002	0	2	1	0
CR_06340C_A	PGI1	0	0	0	0	0	1	0	0	0	0	0	0	0	0	0	0.999	0	0	0	0	0	0	0	0	1	0	0	0	3	0	0	0	0	0	0	0	0	0	0	0	0	0	0	0	0	0	0	0	0	0	0	0	0	0	0	0	0	0	1	0
CR_06350C_A	CR_06350C_A	0	0	0	0	0	0	0	0	0	1	0	0	0	0	0	0	0	0	0	0	0	0	0	0	0	0	0	0	0	0	0	0	0	0	0	0	0	0	0	0	0	0	0	0	1	0	0	0	0	0	0	0	0	0	0	0	0	0	0	0
CR_06380C_A	CR_06380C_A	0	0	0	0	0	0	0	0	0	0	0	0	0	0	0	0	0	0	0	0	0	0	0	0	0	0	0	0	0	0	0	0	0	0	0	0	0	0	0	0	0	0	0	0	0	0	0	0	0	0	0	0	0	0	0	0	0	0	0	0
CR_06420W_A	PPZ1	0	0	0	0	0	0	0	0	1	1	3	3	2	1	4	4	1	0	2	0	1	2	1	0	0	0	0	0	1	1	3	0	2	3	7	2.375	0	0	0	0	0	0	0	0	1	2	1	1	0	0	1.326	0	0	0	0	0	0	0	1	0
CR_06430W_A	CR_06430W_A	0	0	0	0	0	0	0	0	0	1	0	0	0	0	0	0	0	0	0	0	0	0	0	0	0	0	1	0	0	0	0	0	2	0	1	0	0	0	0	0	0	0	0	0	0	0	0	0	0	0	0	0	0	0	0	1	0	0	0	0
CR_06440C_A	BCR1	0	0	0	0	0	0	2	0	0	2	0	0	0	0	0	0	0	0	1.108	1	0	0	0	0	0	0	0	0	0	0	0	0	0	1	2	0	0	0	0	0	0	0	0	0	5	4	2	1	0	0	0	0	0	0	1.635	1	0	1.185	1	0
CR_06450W_A	GRC3	0.991	1	0	0	0	0	0	1	0	0	0	0	0	0	0	0	1	0	0	0	1	1	0	2	1	0	0.997	0	0	4	0	1	0	0	0	0	0	0	0	0	0	0	1	0	1	0	0	0	1	0	1	1	0	0	0	0	0	1.151	1	2.409
CR_06460W_A	GST3	0	0	0	0	1	3	1	1	0	0	0	0	0	0	0	0	0	0	0	1	0	0	0	0	0	0	0	0	0	0	1	0	0	0	0	0	0	0	0	0	0	0	0	0	0	0	0	0	0	0	1	0	0	0	0	0	0	0	0	0
CR_06470W_A	CR_06470W_A	0	0	0	0	1	0	1	1	0	1	0	1	0	0	0	0	0	1	0	0	0	1	0	0	0	0	0	0	2	0	0	0	0	0	0	0	0	0	0	0	0	0	0	0	0	1.897	0	0	0	0	1	0	0	1	0	0	0	0	0	1.143
CR_06480C_A	RRN11	1	0	0	0	0	1	0	0	0	2	0	1	6	4	0	3	1	0	0	1	1	0	0	1	1	0	0	0	0	0	0	0	0	0	0	0	0	0	0	0	0	0	0	0	0	0	0	1	1.983	0	2.609	1	0	0	0	1	0	1	0	1
CR_06490C_A	HSP60	0	0	0	0	1	1	1	0	0	2	1	1	0	0	1	1	0	0	0	0	0	1	0	0	0	0	0	1.351	0	0	0	0	0	1.992	0	0	0	0	0	0	0	0	0	0	1.261	2	1	1	0	0	0	0	8	9.004	8	7	0	0	0	0
CR_06500C_A	CR_06500C_A	0	0	0	0	0	0	0	0	0	0	0	0	1	0	0	0	0	0	0	1	1	0	1	0	0	1	1	0	1	0	0	0	0	1	0	0	0	0	0	0	0	0	0	0	0	1	2	1	0	0	0	0	0	0	0	1	0	1	0	1
CR_06510W_A	CR_06510W_A	0	0	0	0	0	0	0	0	0	0	0	0	0	0	0	0	1	0	1	0	0	0	0	0	1.981	0	1	1	3	2	1	1	0	0	0	0	0	0	0	0	0	0	0	0	0	0	0	0	0	0	0	0	1	2	4	1	0	0	0	0
CR_06520C_A	CR_06520C_A	0	0	1	1	0	0	1	0	0	1	2	0	0	1	1	1	0	0	0	0	0	0	0	0	0	0	0	0	1.003	1	0	2	0	0	0	0	0	0	0	0	0	1.706	0	0	0	1	1	0	0	1	0	1	0	0	0	1	0	0	0	1
CR_06530W_A	CR_06530W_A	0	0	0	0	0	0	0	0	0	0	0	0	1	0	0	0	0	0	0	0	0	0	0	0	0	0	0	0	2	0	0	0	0	0	0	0	0	0	0	0	0	0	0	0	0	0	0	0	0	0	0	0	0	0	0	0	0	0	1	0
CR_06540W_A	KIP1	1	0	0	0	3.152	1	0	1	0	0	0	0	1.126	0	2	2.998	1	0	0	3.002	0	0	1	0	0	0	0	0	0	1.096	1	0	1	0	0	1	0	0	0	0	0	0	0	0	1	1	0	0	0	1	2	0	1	4	2	0	2.468	1	0	0
CR_06550C_A	CR_06550C_A	0	0	0	0	0	0	0	0	0	0	0	0	0	0	0	0	0	0	1	0	0	0	0	0	0	0	0	0	0	0	0	0	0	0	0	0	0	0	0	0	0	0	0	0	0	0	0	0	0	0	0	0	0	0	0	0	0	0	0	0
CR_06560C_A	CR_06560C_A	0	0	0	0	0	0	0	0	0	0	0	0	0	0	0	0	0	0	0	0	0	0	0	0	0	0	0	0	0	0	1	0	1	0	0	0	0	0	0	1	0	0	0	0	0	0	0	0	1	0	0	0	0	0	0	0	0	0	0	0
CR_06570C_A	CR_06570C_A	0	1	0	0	0	0	0	1	1	0	0	0	0	0	0	0	0	0	0	0	0	1	0	0	0	3	2.399	0	1	0	2	1	0	0	0	0	0	0	0	0	0	0	0	0	1	0	0	0	0	0	0	1	0	1	0	1	0	0	0	0
CR_06580W_A	CR_06580W_A	0	0	0	0	0	0	2	0	0	0	0	0	1	0	0	0	1	1	0	0	1.571	0	0	1	0	0	1	0	0	1	1.049	1	0	0	0	0	0	0	0	0	0	0	0	0.88	1	0	0	0	0	0	0	0	0	0	0	0	0	1.182	0	0
CR_06590C_A	RGS2	1	0	0	0	0	3	1	1	1.146	1	0	0	0	1	0	0	0	0	0	0	2.429	0	1	0	0	1	3	0	0	2	0	1.039	2	0	0	0	0	0	0	0	0	0	0	0	1	2	2	1	0	0	1.002	1	2	2	2.002	5	2.333	0	1	0
CR_06600C_A	CR_06600C_A	0	0	0	0	0	0	0	0	0	0	0	0	0	0	0	0	0	0	0	0	0	0	0	0	0	0	0	0	0	0	0	0	0	0	0	0	0	0	0	0	0	0	0	0	0	0	0	0	0	0	0	0	0	0	0	0	0	0	0	0
CR_06610W_A	STE2	1	1	1	0	1	2.918	1	0	2	0	0	1	0	0	1	3.149	1	0	0	1	2	0	0	1.037	0	0	0	0	0	0	0	0	0	0	0	0	0	0	0	0	0	1	0	2	1	0	1.168	1	0	3.35	1	0	2	1	2	0	2.625	0	0	1.764
CR_06620W_A	CR_06620W_A	0	0	0	0	1	0	0	1	0	0	0	0	0	0	0	0	0	0	1	0	0	0	0	0	1	0	1	0	0	0	0	0	0	0	0	0	0	0	0	0	0	0	0	0	0	0	0	0	0	0	0	0	0	0	1	0	0	0	0	0
CR_06630W_A	CR_06630W_A	5	2	0	0	0	0	0	2	0	0	1	0	0	0	0	0	6.007	6	4	6	1	2	6	6	2	0	1	1	1	3	1	0	0	0	0	0	0	0	0	0	2	0	0	0	0	1	0	1	1	0	0	0	0	3	0	1.997	1	0	0	0
CR_06640C_A	CR_06640C_A	2	1	3	1	0	1.006	0	1	1	0	0	1	0	0	0	2	1	1	3	1	3	1	2	0	2	0	0	1	1.067	1.021	1	1	1	0	1.037	0	0	0	0	0	0	1	0	0	1	1.999	1	2	1.559	2	0	0	0	3	1	2	1	1.175	1	1.432
CR_06650C_A	CR_06650C_A	0	0	1	0	0	0	0	0	0	0	0	0	0	0	0	0	0	0	0	0	0	0	0	0	0	1	0	0	0	0	1	0	0	0	0	0	0	0	1	0	0	0	0	0	0	0	0	0	0	0	0	0	0	0	0	0	0	0	0	0
CR_06660W_A	SEO1	0	0	0	1	0	0	0	0	1	1	1	0	0	1	0	0	0	0	1	1	0	0	0	0	0	0	0	0	0	2	0	1	1	0	1	0	0	0	0	0	0	0	0	1.178	2.022	0	0	0	1	0	0	0	1	0	1	0	1.302	1.058	0	0
CR_06670W_A	CFL11	0	0	0	1	1.136	0	0	0	0	1	1	0	0	0	0	0	2.224	0	0	0	0	0	0	0	1	0	0.963	1	0	0	0	0	0	0	0	0	3.005	0	3	0	0	0	0	0	0	0	0	0	0	0	3.494	0	0	0	0	1	0	0	1	1.173
CR_06680C_A	CR_06680C_A	2	0	2	0	0	2	1	5.003	0	1	0	0	0	1.722	1	1	0	1	2	2	2	3	5	1.346	3.8	0	1	1.196	1.075	0	3	1	2	1	0	2	2	0	1	0	0	0	0	0	1	1	1	2	0	1	1	0	1.806	1	1	1	2.05	3	0	0
CR_06690C_A	CPD1	0	0	0	0	0	0	1	0	0	0	0	0	0	0	0	0	0	0	0	0	0	0	0	0	0	0	0	0	0	0	1	1	0	0	1	1	0	0	0	0	0	0	0	0	3	0	0	1	0	0	1	1	0	0	0	0	0	0	0	0
CR_06700C_A	SOL3	0	0	0	0	0	0	0	0	2	3	3	0	0	1	1	0	0	0	0	0	0	0	0.904	0	0	0	0	0	0	0	0	0	0	0	0	0	0	0	0	0	0	0	0	0	0	0	0	0	0	0	0	0	0	0	0	0	0	0	0	0
CR_06710C_A	GCN5	0	1	0	0	0	0	0	1	0	0	0	0	0	0	0	0	0	0	0	0	0	0	0	0	0	1.002	0	0	0	0	0	1	0	0	0	0	0	1	0	0	1	0	0	1	2	1	1	0	0	0	0	0	0	0	0	0	0	0	0	1
CR_06720W_A	NMD3	0	2.006	0	2	2	1.015	0	0	1	0	1	5	0	0	0	0	4	0	1	0	2.993	6	6.739	3	2	0	0	0	1	0	1	0	0	0	0	0	0	0	0	1	0	1	0	0	0	0	0	1	0	0	0	0	0	1.044	2.878	1.61	0	1.479	0	0
CR_06730W_A	APG7	1	0	0	0	0	0	0	1	0	0	0	0	0	0	1	0	2	0	0	0	0	1	0	0	0	0	0	0	1	1	0	0	0	0	1	0	0	0	0	0	0	0	1	0	0	1	1	0	0	0	0	1	0	0	1	0	0	2	0	0
CR_06740W_A	CR_06740W_A	0	2	0	1	0	1	0	0	1	0	0	0	0	0	0	0	0	0	0	0	0	0	1	0	1.938	1	1	0	1	2	2	0.999	0	0	0	0	2	0	4	0	0	0	0	0	1	0	0	0	0	2	0	0	0	2.077	2.999	1	2.456	1	3.481	2
CR_06750C_A	PUP2	0	0	0	0	0	1	1	0	0	0	0	0	0	0	0	0	0	0	0	0	0	0	0	0	1	0	1	0.784	0	0	0	1	0	0	0	0	0	0	0	0	0	0	0	1	0	0	1	1	0	0	1	0	0	0	0	0	0	0	1.951	0
CR_06760C_A	LSC2	2	0	1	1	0	1	0	0	0	0	0	0	0	0	0	0	0	0	0	0	0	0	1	0	0	0	0	0	0	0	0	0	1	3	4	1	0	0	0	0	0	0	0	0	0	1	0	0	0	1	0	1	0	0	0	0	0	0	1	0
CR_06770C_A	CR_06770C_A	0	0	0	0	0	0	0	0	0	0	0	1	0	0	0	0	0	0	0	0	0	0	0	0	0	0	0	0	0	0	0	0	0	0	0	0	0	0	0	0	0	0	0	0	0	0	0	0	0	0	0	0	0	2	0	0	0	0	0	0
CR_06780W_A	CR_06780W_A	0	0	1	0	0	0	0	0	1	0	0	0	0	0	1	0	0	0	0	1	2.945	3	0	0	1	0	0	0	0	1	0	0	0	0	0	1	0	0	0	0	0	0	0	0	0	0	0	0	0	1.584	0	0	0	1	0	0	1	0	2	0
CR_06790C_A	CR_06790C_A	0	0	0	0	0	2	2.744	0	0	0	0	0	0	0	0	0	0	2	1	0	0	0	0	0	1	2	0	1	0	0	2	0	0	1	0	0	1	0	0	0	0	2	0	0	0	0	0	2	0	0	1.138	0	0	1	2	0	2.698	1.302	2.239	1.299
CR_06800C_A	HHF22	5	3	4	1	4	3	5	5	3	1	1	0	0	0	0	0	4.585	11.458	5.052	10.606	4	4	4	9.704	0	0	0	0	3	1	0	0	2	0	5	1	0	0	0	0	0	0	0	0	5.728	3.623	4	1.535	0	0	0	0	12	0	5	7	0	1	0	0
CR_06810W_A	HHT2	0	0	0	0	2	1	0	1	0	0	0	0	0	0	0	0	0	0	0	0	0	2	1	0	0	0	0	0	0	0	1	0	0	0	0	0	0	0	0	0	0	0	0	0	0	0	0	1	0	0	0	0	0	0	0	0	0	0	0	0
CR_06820W_A	CR_06820W_A	0	0	0	0	0	0	1	0	0	0	0	0	1	0	0	0	0	0	0	0	0	0	0	0	0	0	0	0	0	1	0	1	0	0	0	0	0	0	0	0	0	0	0	0	0	0	0	0	1	0	0	0	0.779	1	0	0	1	0	1	0
CR_06830C_A	SIW14	0	0	0	0	0	0	0	1	0	0	1	1	0	0	0	0	0	0	0	0	0	0	0	0	0	0	0	0	0	0	0	0	0	0	0	0	1	0	0	0	0	0	0	0	0	0	0	1	0	0	0	0.999	1	0	2	1	0	0	0	0
CR_06840W_A	UTP25	0	0	0	0	0	1	0	0	1	1	0	1	0	0	0	0	0	0	0	0	0	0	1	1	0	0	1.186	0	0	0	0	1	0	0	0	0	1	0	0	0	0	0	0	0	0	0	0	0	0	0	0	1	0	0	0	1.026	0.967	1	0	0
CR_06850C_A	CR_06850C_A	0	0	0	0	0	0	0	0	0	0	0	0	0	0	0	0	0	0	0	0	0	0	0	0	0	0	0	0	0	0	0	0	0	0	1	0	0	0	0	0	0	0	0	0	0	2	1	0	0	0	0	0	0	0	0	1	0	0	0	0
CR_06860C_A	ARO10	0	0	0	0	0	0	0	2	0	0	1	0	0	0	1	1	0	1	0	0	3	1	0	2	0	0	0	0	0	1	0	0	12	9	3	6	4	5	5	4	0	1	0	0	2	0	0	0	0	0	0	0	4	2	6	2	0	0	0	0
CR_06870C_A	CR_06870C_A	0	0	0	0	0	0	1.001	0	1.047	0	1	2	0	0	0	1	1	0	1	0	2	0	1	0	0	0	4.775	0	1	1	3	2	0	0	1	0	2	2	0	1	0	0	0	0	1	0	0	0	0	3	3	2	1	3	1.005	1.323	3.402	2.368	0	1.805
CR_06880C_A	tS(AGA)2	0	0	0	0	0	0	0	0	0	0	0	0	0	0	0	0	0	0	0	0	0	0	0	0	0	0	0	0	0	0	0	0	0	0	0	0	0	0	0	0	0	0	0	0	0	0	0	0	0	0	0	0	0	0	0	0	0	0	0	0
CR_06900C_A	ALG6	0	0	0	0	1	0	1	0	0	0	0	0	0	0	0	1	0	0	0	0	1	1	2	2	1	0	4	2	1	0	0	0	1	0	3	0	0	0	0	0	0	0	0	0	1	0	0	0	1	0	0	1	2	0	0	1	1.373	1.48	3	1
CR_06910W_A	BUD5	3	0	1.002	0	3.835	0	1.002	3	7	5	3	2	1	0	1	1	2	3	6	4	1	0	1	0	0	2.008	2	2	2	1.006	1	3.539	0	0	0	1	1	2	1	0	0	0	0	0	1	1	0	1	2.559	0	1	1.1	3	0	2	1	0	1.002	1.137	2
CR_06920W_A	CR_06920W_A	0	0	0	0	0	0	0	0	0	0	0	1	1	0	1	0	0	1	2	1	2.06	1	0	1	0	0	1	3.716	1.008	0	0	0	0	1	1	0	0	1	0	2	0	0	1	0	1	2	0	0	0	0	2.523	0	0	1	1	0	3.675	0	2	0
CR_06930W_A	CR_06930W_A	0	1	0	0	0	0	0	0	0	0	0	1	0	0	0	0	1	0	0	0	2	0	0	0	1	0	0	1	0	1	0	0	0	0	0	0	0	0	1	1	0	0	0	1	2	0	0	0	0	0	1	0	1	2	0	0	0	2	0	0
CR_06940W_A	DSL1	1	0	0	0	1	0	0	1.999	0	0	0	3	0	1	0	0	0	0	0	0	2	2	0	0	0	1	0	1	0	0	2.212	0	0	0	0	1	1	1	1	0	0	0	0	0	0	0	1.002	0	1	0	1.16	2.226	0	0	0	2	1.539	0	0	0
CR_06950C_A	ATX1	0	0	0	0	0	0	0	0	0	0	0	0	0	0	0	0	0	0	0	0	0	0	0	0	0	1	0	0	0	0	0	0	0	0	0	0	4	0	3	0	0	0	0	0	0	0	0	0	0	0	0	0	0	0	0	0	0	0	0	0
CR_06960W_A	CR_06960W_A	1	0	2	0	1	1	1	2	0	0	0	0	1	0	0	1	0	1.337	0	0	1	0	0	0	0	0	1	0	0	1	2	0	0	0	2	0	0	0	0	0	0	0	0	0	0	0	1	0	1	0	0	1	0	1	0	1	0	1	0	0
CR_06970C_A	CR_06970C_A	0	0	0	0	0	0	0	0	0	0	1	1	0	0	0	1	1	0	0	0	1	0	0	0	0	0	2	0	1	0	0	0	1	0	0	0	3.996	1	2.008	0	0	0	0	0	0	0	1	1	2	1.278	0	1	1	0	2	1	0	1.387	0	1.405
CR_06980W_A	CR_06980W_A	0	0	0	0	0	0	1	0	1	0	1	0	1	0	0	0	0	0	0	0	2	0	0	0	0	0	0	1	0	1	2.967	0	0	0	0	0	0	0	0	0	0	0	0	0	0	1.996	0	0	0	0	0	0	0	0	0	1	0	0	0.996	1
CR_06990W_A	CR_06990W_A	2	0	0	0	1	0	3.072	1	0	2	1	1	0	0	0	0	1.001	0	1	0.997	1	0	0	0	0	2	0	0	0.607	0	0	0	0	0	0	0	0	0	0	0	0	0	0	1	0	0	0	0	0	0	0	0	0	1	0	1	2	1	0	0
CR_07000C_A	POL2	0	0	2.001	0	1	4.001	2	0	0	0	0	0	0	0	0	0	0	3.986	0	0	0	0	1	2.368	2	3	2.552	1	0	1	2.985	3	1	1	2	0	2	1	0	0	0	0	0	1	0	0	0	1	0	2.342	0	3.781	4.056	1	0	0	7.596	2.342	1.358	0
CR_07010W_A	MIS11	0	0	0	0	0	1	0	0	0	0	0	1	0	0	0	0	1	0	0	0	2	0	0	0	0	0	1	0	0	0	0	0	0	1	0	0	1	0	0	1	0	0	0	0	0	1	1	0	0	1	0	0	0	1	0	1	0	0	0	0
CR_07020W_A	CR_07020W_A	0	0	0	0	0	0	0	0	2	4	3	1	0	0	0	0	0	0	0	0	0	0	0	0	3	2	1	2	0	0	0	0	0	0	0	0	0	0	0	0	0	0	0	0	2	1	2	1	0	0	0	0	0	0	0	0	0	0	1	0
CR_07030C_A	RRP36	0	0	0	0	0	0	0	0	0	0	0	0	1	0	0	0	0	0	0	0	1	0	0	0	0	0	0	0	1	0	0	0	0	0	0	0	0	0	0	0	0	0	0	0	1	0	0.816	0	0	0	1	1	0	1	1	0	0	0	0	1
CR_07040W_A	SPT10	0	0	0	0	0	0	0	1	1	1	0	0	0	0	0	1.051	0	2	0	0	1	0	0	0	0	0	0	0	0	0	1	0	0	0	1	0	0	0	1	0	0	0	0	0	0	0	0	0	0	0	1.353	0	0	0	0	0	0	0	2.94	0
CR_07050C_A	URA2	0	0	0	0	0	0	2.334	0	1.059	0	1	0	0	0	0	1.021	0	1	1	0	2	1	2	5	1	0	3	2.371	1.988	2	2	0	3	1	1	1.002	1	0	0	0	0	0	1	0	1	1.999	3	2	3	0	1	2.187	2	0	2.512	2.055	2	0	1.157	0
CR_07060C_A	CRZ2	0	0	0	0	3	3.994	4	1	1	0	0	1	0	0	1	0	1	0	0	0	0	2	1	0	0	0	0	0.944	1	0	1.067	0	0	0	0	0	0	1	0	0	1	0	1	2	1	1	0	1	0	0	0	0	1	1	0	1	2	1	1	1
CR_07070C_A	ALS3	0	0	0	0	3	3	0	4	5	3	4	4.523	0	0	0	0	5	3	7	5	1	3	0	1	2	0	1	2	1	8.691	8	9	0	1	0	0	2	4	0	0	0	0	0	0	1	0	0	4	0	0	0	0	3	0.928	1	1	4	0	1.774	0
CR_07080W_A	TIF6	0	0	0	0	0	0	0	0	0	0	0	0	0	0	0	0	0	0	0	0	0	0	0	0	0	0	0	0	0	0	0	0	0	0	0	0	0	0	0	0	0	0	0	0	0	0	0	0	0	0	0	0	5	0	0	0	0	0	0	0
CR_07090W_A	STT4	0	0	0	1	2	5	3	5	2	0	2	1	0	1	0	0	0	1.321	1.097	1	1	1	0	0	4.28	1.987	2	2.068	2	2	0	2	1	0	0	0	2.063	1	0	2	0	0	0	1	1	0	2	2	0	1	0	1.445	0	1.102	3.885	0	2.198	0	0	0
CR_07100W_A	FLC2	0	0	0	0	0	0	0	0	2	5	0	6	0	0	0	0	0	0	0	0	0	0	0	0	1	1	0	2.127	1	0	1.331	0	0	1	0	0	0	0	0	0	1	1	0	1	2	3	1	2	0	0	0	1	1	0	0	3	1	2.631	1	0
CR_07110C_A	CR_07110C_A	0	0	2	0	2	1	2	0	2	0	1	1	0	1	0	0	1.106	1	0	0	1	0	0	1	0	2	2.032	1.847	1.041	2.183	2	1.538	1	0	0	0	2	0	0	1	0	0	0	1	2.355	0	1	0	0	3	0	1	1	2	2	6.942	3	2.274	2	2.45
CR_07120C_A	CR_07120C_A	0	0	0	0	2	0	0	1	0	0	0	0	0	0	0	0	2	2	0	0	0	0	1	0	1.806	3.759	1	1.554	6.462	4	2	2	0	0	0	0	0	0	0	0	1	0	0	1	0	1	0	1	0	0	0	1	1	1	0	0	0	1	0	1
CR_07130C_A	ALK8	0	0	0	0	0	1	0	0	0	0	0	0	1	0	2	0	0	0	0	1	0	0	0	0	0	1.183	1	0	2	0	0	1	0	0	0	2	0	0	0	0	0	0	0	0	0	0	0	0	1	0	0	0	0	1	2.001	0	0	0	1	1.004
CR_07140C_A	CR_07140C_A	0	0	0	0	0	0	0	0	0	0	0	1	0	0	0	1	0	0	0	0	0	0	0	0	0	0	0	0	0	0	0	0	0	0	0	0	0	0	0	0	0	0	0	0	0	0	0	0	0	1	0	0	0	0	0	0	0	0	0	0
CR_07150W_A	GLK1	0	0	0	0	0	6	1	5	2	0	0	1	2	1	0	0	1	0	0	0	0	0	0	0	2.998	1	3	0	0	2	3	2	1.002	0	0	0	0	1	0	0	0	0	0	0	0	0	0	0	0	0	0	0	1	3	0	1	1.323	0	0	1
CR_07160C_A	CR_07160C_A	0.5	0	0	0	0	0	0	0	0	0	0	0	0	0	0	0	0	0	0	0	0	0	0	0	0	0	0	0	0	0	0	0	0	0	0	0	0	0	0	0	0	0	0	0	0	0	0	0	0.5	0	0	1	0	0	0	1.008	0	0	0	0
CR_07170W_A	CR_07170W_A	0	0	0	0	1	0	0	0	1	0	0	0	0	0	0	0	0	0	0	0	0	0	0	0	1.031	0	0	0	0	0	0	0	0	0	0	0	0	0	0	0	0	0	0	0	0	0	0	0	0	1	0	0	0	0	1	0	0	0	0	0
CR_07180W_A	EMP46	0	0	0	0	0	0	0	0	0	1	0	0	0	0	0	0	0	0	0	0	0	0	1	0	0	0	0	1	0	0	0	1	0	0	0	0	0	0	0	0	0	0	0	0	0	0	0	0	0	0	1	0	1	0	0	0	0	2	0	0
CR_07190W_A	CR_07190W_A	0	1	0	0	1	0	0	0	0	2	1	0	0	0	0	0	0	0	0	0	0	0	0	0	0	0	0	0	0	2	3	0	0	0	0	0	1	2	1	0	0	0	0	0	0	0	3	0	0	0	0.5	0	3	0	0	0	0	0	0	0
CR_07200W_A	CR_07200W_A	0	0	0	0	0	0	0	0	0	0	0	0	0	1	0	0	2.227	1	0.976	0	0	0	0	0	1	0	0	0	0	1.985	1	0	0	0	0	0	2	1	0	1	0	0	0	0	0	1	1	0	1	0	0	1	0	0	0	0	0	0	3	0
CR_07210W_A	ARC15	0	0	0	0	0	0	1	0	0	0	0	0	0	0	0	0	0	0	1	0	0	0	0	0	0	0	0	0	0	0	0	0	0	0	0	0	0	0	0	0	0	0	0	0	0	1	0	0	0	0	0	0	0	0	0	0	0	0	1	0
CR_07220C_A	CR_07220C_A	1	0	0	0	0	0	0	1	0	0	0	0	0	0	0	0	0	0	0	0	0	0	1	0	1.188	1	0	0	1	0	0	0	0	1.084	0	0	0	0	0	1	0	1	0	0	2	2	1	5	2	0	0	0	3	0	1	0	1	0	0	0
CR_07230W_A	CHZ1	0	0	1	0	1	0	0	1	2	1	1	0	5	2	5	2	2	2	2	2	0	0	1	0	2	1	1	3.476	0	0	0	0	0	1	0	0	0	0	0	0	0	0	0	0	1	2	1	3	0	0	0	0	4	5.191	5	1	0	0	1	0
CR_07240C_A	CLG1	0	0	0	0	0	1	0	1	0	0	0	0	0	0	0	0	0	0	0	0	0	0	0	0	0	0	0	0	0	0	0	0	0	0	0	0	0	0	0	0	0	0	0	0	0	0	0	0	0	1	0	0	0	0	0	0	0	0	0	0
CR_07250C_A	CR_07250C_A	0	0	0	0	0	0	0	0	0	0	0	0.699	1	0	0	0	0	0	0	0	0	0	0	0	0	1	0	0	0	0	0	0	0	0	0	0	2	2	4	6	0	0	0	0	2	0	1.023	0	0	0	0	1	0	1	1	0	0	0	0	1
CR_07260C_A	CR_07260C_A	0	0	0	0	0	0	0	0	0	0	0	0	0	0	0	0	0	0	0	0	1	0	0	0	0	1	0	1	0	0	0	0	0	0	1	0	0	0	0	0	0	0	0	0	0	0	0	0	0	0	0	0	0	0	0	0	0	0	0	0
CR_07270C_A	HGT16	0	0.931	0	0	0	1	0	2	0	0	0	0	0	0	0	1	1	0	0	0	1	0	1	0	2	0.999	0	1	1	0	0	0	0	0	0	0	2.003	0	0	0	1	0	0	0	0	0	1	0	2	0	1	0	2	0	2	0	0	1.364	1	0
CR_07280W_A	FRE30	0	0	0	0	0	0	0	0	0	0	0	0	0	0	0	0	0	1	0	0	0	0	0	0	0	0	1	0	0	0	0	0	0	0	1	0	1	1	0	0	0	0	0	0	1	1	0	0	0	1	0	0	0	0	0	1	0	0	0	2
CR_07290W_A	FRE7	0	0	0	0	0	0	0	1	0	1	0	0	0	0	0	0	3	3	7	2	0	0	0	0	1	0	0	0	0	0	1	0	1	0	0	0	0	1	0	0	0	0	0	0	0	1	1	0	0	0	0	0	1	0	1	0	0	0	0	0
CR_07300W_A	CR_07300W_A	0	0	0	1	0	0	1	0	0	0	0	0	0	0	0	0	0	0	0	0	0	0	0	1	0	0	0	0	0	1	0	0	0	0	0	0	0	0	0.973	0	0	0	0	0	1	0	0	0	0	1	2.64	2	1	0	0	1	0	1	0	0
CR_07310W_A	CR_07310W_A	0	0	0	0	0	0	1	0	0	0	0	1	0	1	1.004	0	5	3	1	0	0	2	1.017	0	0	2	1	1	0.994	0	0	0	0	0	0	0	0	0	0	0	0	0	0	0	0	1	0	0	1	1	1	1	1	0	0	0	2.157	0	1	0
CR_07320C_A	MRPL4	0	0	0	0	0	0	0	0	0	0	1	0	0	0	0	0	0	0	0	0	0	0	0	0	0	0	0	0	0	0	0	0	0	0	0	0	0	0	0	0	0	0	0	1	0	0	1	0	0	0	0	0	2	3	4	1	0	1	0	0
CR_07330W_A	SMX4	0	0	1	0	0	0	0	0	0	0	0	0	0	0	0	0.901	0	0	0	0	0	0	0	0	0	0	0	1	0	0	1	0	0	0	0	0	0	0	0	0	0	0	0	0	0	0	0	0	0	0	0	0	1	0	0	0	0	0	0	0
CR_07340C_A	CR_07340C_A	0	1	1	0	0	0	0	0	1	0	0	0	0	1	0	0	0	0	0	1	0	0	0	0	1	0	0	1	2	0	1	0	0	0	1	0	0	0	0	0	0	0	0	0	0	0	0	0	1	0	1	1	1	0	0	1	0	0	0	0
CR_07350W_A	CR_07350W_A	0	1	0	1	0	0	0	0	1	1	1	1	1	1	0	1	0	0	0	0	1	0	0	0	2.595	3	0.967	0	0	0	0	0	1	0	0	0	0	0	0	0	0	0	0	0	1	0	1	0	0	0	0	0	0	0	0	0.847	1	0	0	0
CR_07360W_A	PIF1	0	0	1	0	1	1	0	1	0	0	0	0	0	0	0	2	1.007	0	0	1.078	2	0	0	0	2	1	0	1	1	1	0	0	0	1.08	0	1	1	0	1	0	1	1	0	0	0	0	0	0	0	0	1	1	0	0	0	0	1	0	0	1.197
CR_07370W_A	CR_07370W_A	1	0	0	0	2	0	0	0	0	2	1	2	0	0	0	0	0	0	0	0	1	0	0	0	1	0	0	0	0	1	0	0	0	0	0	0	0	0	0	0	0	0	0	0	0	2	0	0	0	0	1	0	2	2	1	0	0	0	1.563	0
CR_07380C_A	KSR1	0	0	0	0	0	1	0	0	0	0	0	0	0	0	0	0	0	0	0	0	0	0	0	0	2	0	0	0	0	0	0	0	0	0	0	0	0	0	0	0	0	0	0	0	0	0	0	1	0	0.994	0	0	0	3	2	4	0	0	0	0
CR_07390C_A	MRPL8	0	0	0	0	0	0	0	0	0	0	0	0	0	0	0	0	0	0	0	0	0	1	1	0	0	0	0	0	0	0	0	1	0	0	0	1	0	0	0	0	0	0	0	0	0	0	0	0	0	0	0	0	0	1	0	0	0	0	0	0
CR_07400C_A	LPD1	0	0	0	0	0	0	1	0	0	0	0	1	0	0	0	0	0	0	1	0	1	1	0	0	1	0	0	1	0	0	0	0	0	0	0	0	0	0	0	1	0	0	0	0	1	1	1	1	0	0	0	0	0	0	1	0	1.334	0	1	0
CR_07410C_A	tK(UUU)2	0	0	0	0	0	0	0	0	0	0	0	0	0	0	0	0	0	0	0	0	0	0	0	0	0	0	0	0	0	0	0	0	0	0	0	0	0	0	0	0	0	0	0	0	0	0	0	0	0	0	0	0	0	0	0	0	0	0	0	0
CR_07420W_A	KGD2	0	0	0	0	0	0	0	0	0	1	0	0	0	0	0	0	0	0	0	0	0	0	0	0	5	3	2	3	1	0	2	0	5	6	7	3.062	0	0	0	0	0	0	0	0	1.41	2	2	2	0	0	0	0	3	0	0	0	0	0	0	1
CR_07440W_A	ACE2	0	0	0	0	1	0	1	2	0	0	0	0	0	0	0	0	0	0	0	0	0	0	0	1	0	1	0	0	1	0	1	2	0	0	0	0	0	0	0	2	1	0	0	0	0	0	0	0	1	0	0	0	0	0	0	0	0	1.119	0	1.137
CR_07450C_A	MNL1	0	0	0	0	1.43	1	1	2	0	0	0	0	1	0	0	1	3	1	4	4	0	0	0	0	0	0	0	0	0	0	0	0	0	0	0	0	0	0	1	0	0	0	0	0	0	0	3	0	2.625	0	0	0	0	1	0	1	3	1.211	1	1
CR_07460C_A	CR_07460C_A	0	0	1	0	1	1	1	0	1	0	1	0	0	0	1	0	0	0	0	0	0	0	0	0	1.76	0	0	0	2	0	0	0	0	1	1	0	0	0	0	0	0	0	0	0	0	0	0	0	0	0	0	0	1	0	0	0	0	0	3.771	0
CR_07470W_A	CR_07470W_A	0	0	0	0	0	0	0	0	0	0	0	0	0	0	0	0	0	0	0	0	0	0	0	0	0	0	0	0	0	0	0	0	0	0	0	0	1	0	2	0	0	0	0	0	0	0	0	0	0	0	0	0	0	0	0	0	0	1	0	0
CR_07480W_A	CR_07480W_A	0.5	0	0	0	0	0	0	0	0	0	0	0	0	0	0	0	0	0	0	0	1	0	0	0	0	0	0	0	0	1	0	0	0	0	0	0	0	0	1	0	0	0	0	0	0	0	0	0	0.5	0	0	1	1.132	0	0	0	0	0	0	0
CR_07490C_A	GLK4	0	0	0	0	0	0	0	0	0	0	0	0	0	0	0	0	0	0	0	0	0	0	0	0	0	0	0	0	0	0	1	0	0	0	0	0	0	0	0	0	0	0	0	0	0	0	0	0	0	1	0	0	0	0	0	0	0	0	0	0
CR_07500W_A	CR_07500W_A	1	0	0	0	0	0	0	0	0	0	0	1	0	0	0	0	0	0	0	0	0.999	1	0	0	2	2	0	0	0	0	0	0	0	0	0	1	0	0	0	0	0	0	0	0	0	0	0	1	0	0	0	0	0	0	0	0	0	0	0	3
CR_07510W_A	CR_07510W_A	0	0	0	0	0	2	0	0	0	0	0	0	0	0	0	0	0	0	0	0	0	0	0	0	1	1	1	4	2	0	0	0	1	0	0	0	0	1	0	0	0	0	0	0	0	0	0	0	0	0	1	0	0	0	0	0	0	0	1	0
CR_07520C_A	YPT31	0	0	1	0	0	1	0	0	0	0	0	0	0	0	0	0	0	0	0	0	0	0	0	0	0	0	0	0	0	0	0	0	0	0	0	0	0	0	0	0	0	0	1	0	0	0	0	0	0	0	0	0	1	0	0	0	0	0	0	0
CR_07530C_A	ECM22	0	0	0	0	0.898	0	1	0	1	1	0	0	0	0	0	0	0	1	0	3	0	0	2	0	0	0	0	1	1	0	0	0	1	0	0	1	0	0	0	0	0	0	0	1.836	3	0	2	2	2	0	1	0	0	3	3.583	1	2	0	2.417	0
CR_07540C_A	CR_07540C_A	1	0	0	0	0	0	2	0	1.706	1	0	1	0	2	0	1	0	0	1	0	0	0	0	0	1	0	0	1.014	0	0	0	0	0	1	0	0	0	0	0	0	0	0	0	0	2.055	1	0	0	0	0	0	0	0	0	1	0	1.438	0	0	0
CR_07550C_A	CR_07550C_A	1	1	0	1	2	1.027	3	2	1	0	0	1	3	1	0	1	1	0	1	0	1.013	0	1	1	2	3	1.016	2	0	1.995	1	0	0	1	2	0	0	2	0	0	0	0	0	0	0	1.007	3	0	2	0	2	1	2	2	2	1	2	7.048	2	3
CR_07560W_A	RGD3	0	0	0	0	0	0	0	0	1	0	0	0	0	0	0	0	0	0	0	0	0	0	0	0	0	1	0	0	2	0	0	0	2	0	0	1	1	0	0	4	0	0	0	0	4	3	0	0	0	0	0.5	0	0	1	0	0	0	0	0	0
CR_07570W_A	CR_07570W_A	0	0	0	0	1	1	0	0	0	0	0	0	0	0	0	0	0	0	0	1	0	0	0	0	0	0	0	0	1	0	1	0	1	1	0	1	0	0	0	0	0	0	0	0	1	1	1	1	0	1.739	0	0	0	0	0	1	0	0	2.835	2
CR_07580C_A	TSC11	1	1	3	0	0	0	0	0	0	1	1	0	0	1	1	0	0	1	2	0	0	1	0	0	6	2	4	2.016	1	0.995	0	1	0.998	0	1	0	0	1	0	0	0	0	0	0	0	0	0	3	0	7.415	0	0	2.25	2	1	1	3	1.895	2.384	2
CR_07590W_A	EMP24	1	0	0	0	0	0	0	0	0	1	0	1	0	1	1	0	0	1	0	0	1	0	0	0	2	1	0	0	0	0	0	1	0	0	0	1	1	1	0	0	0	0	0	1	1	0	1	0	1	0	0	1	0	0	1	0	1	1	1.633	1
CR_07600W_A	CR_07600W_A	0	1	0	0	1.016	1	0	0	4	6	3	6	0	0	0	2.029	0	0	0	0	1	0	0	0	2	0	2	0	0	0.996	1	0	1	0	1	0	1	0	0	0	0	0	0	0	1	0	0	0	0	0	2	0	0	1	1	1	0	0	0	0
CR_07610C_A	CR_07610C_A	0	0	0	1	1	0	0	0	2	0	0	0	0	0	0	1	1	0	0	0	0	0	0	0	0	0	0	0	1.017	0	0	0	0	0	0	0	1	0	0	0	0	0	1	0	0	0	0	0	0	0	1	1	2	0	1	1	2	1	1.857	0
CR_07620W_A	AAT21	0	0	0	0	0	0	0	0	1	0	3	2	0	0	0	0	0	0	0	0	4.938	1	2	1	0	0	0	0	0	1	1	0	0	3	3	2	0	0	0	1	0	0	0	1	0	1	0	0	1	0	1	0	0	0	0	0	0	0	0	1
CR_07630C_A	RPS27	0	0	0	0	0	0	0	1	3	6	2	1	0	0	0	0	6	6	11	5	0	1	0	2	0	0	0	0	0	0	0	0	0	0	0	0	0	1	0	0	0	0	0	0	0	0	0	0	0	0	0	0	0	0	0	0	0	0	0	0
CR_07640C_A	CR_07640C_A	0	0	0	0	0	0	0	0	0	0	0	0	0	0	0	1	0	0	0	0	0	0	0	0	0	0	0	0	0	0	0	0	0	0	0	0	0	0	0	0	0	0	0	0	0	0	0	1	0	0	0	0	0	0	0	0	0	0	0	0
CR_07650W_A	GLC7	0	0	0	0	0	0	0	1	0	0	0	0	0	0	0	0	0	0	0	0	0	0	0	0	0	0	0	1	0	0	0	0	0	0	1	0	0	1	0	0	0	0	0	0	0	0	0	0	0	0	0	0	0	0	0	0	0	1.108	0	1
CR_07660C_A	CR_07660C_A	0	0	0	0	0	2	0	0	0	0	0	0	1	1	1	0	0	0	1.005	0	0	1	1	0	0	0	0	0	0	1	0	0	0	0	0	1	0	0	0	0	0	0	0	0	0	1	0	0	0	1	2	0	0	4	6	1	0	0	1	0
CR_07670W_A	CR_07670W_A	0	0	0	0	0	0	0	0	0	0	0	0	0	0	0	0	0	0	1	0	0	0	1.758	0	0	0	0	0	0	0	0	0	0	0.998	0	0	1	0	0	1	0	0	0	0	0	0	0	0	0	0	0	0	0	0	0	0	0	0	0	0
CR_07680C_A	CR_07680C_A	0	0	0	0	0	0	1	1	2	0	0	0	0	0	0	1	0.994	0	0	0	1	0	0	1	1	1	0	0	0	0	0	0	0	0	0	0	0	0	2	0	0	0	0	0	0	1	0	0	0	0	0	1	1	0	1	0	0	1	0	0
CR_07690W_A	CR_07690W_A	0	0	0	0	0	0	0	0	0	0	0	0	0	0	0	0	0	0	0	0	0	0	0	0	0	0	0	0	0	0	0	0	0	0	0	0	0	0	0	0	0	0	0	0	0	0	0	0	0	0	0	0	0	0	0	0	0	0	0	1
CR_07700W_A	CR_07700W_A	1	0	1	0	1	0	0	0	1	0	0	0	6	3	0	5	1.166	0	0	0	0	0	1	0	1	1	0	0	1	0	0	0	1	0	1	0	3	3	4	3	0	0	0	0	1	4	2.907	1	0	0	0	0	1	2	1	0	0	0	0	0
CR_07710W_A	ARO2	0	0	0	0	0	0	0	0	1	0	1	0	0	1	0	0	0	0	0	0	0	1	0	1	1	0	2	0	2	2	1	0	0	1	0	0	0	1	0	1	0	0	0	0	1	0	1	0	0	0	1	1	0	0	1	0	0	0	1	2
CR_07720C_A	CDC45	0	0	0	0	1.005	0	1	0	0	0	0	0	0	0	0	0	1	0	0	2	0	0	1	0	1	0	0	0	0	0	0	1	0	0	0	1	0	0	0	0	0	0	0	0	0	0	0	0	0	0	1	0	0	0	0	0	0	1	1.432	1
CR_07730W_A	HGT14	0	0	0	0	0	0	1	0	0	1	0	2	0	0	0	0	0	0	0	0	0	0	0	0	0	0	0	0	0	0	0	0	0	0	0	0	0	0	0	0	0	0	0	0	0	1	0	0	0	1	0	0	0	0	0	0	0	0	3	0
CR_07740W_A	CR_07740W_A	0	0	0	0	0	0	0	0	0	0	0	0	0	0	0	2	0	0	1	0	0	0	0	0	0	0	0	0	0	0	0	0	0	0	0	0	0	0	0	0	0	0	0	0	0	0	0	0	0	0	0	0	0	0	1	0	0	0	0	0
CR_07750C_A	DBP6	0	0	0	0	1	0	0	0	0	0	1	0	0	0	0	0	1	0	0	0	0	0	0	0	0	0	0	0	0	0	0	0	1.04	0	0	0	0	0	1	0	0	0	0	0	0	0	0	0	0	0	0	0	0	1	1.98	0	0	0	0	0
CR_07760W_A	CR_07760W_A	0	0	0	0	0	0	0	0	0	0	0	0	0	0	0	0	0	0	0	0	1	1	0	0	0	0	1	0	0	0	0	0	0	0	0	0	0	0	0	0	0	0	0	0	0	0	1	2	0	0	0	0	0	0	0	0	1	0	0	0
CR_07770C_A	PTC6	0	0	0	0	0	0	1	0	0	0	0	0	1	0	0	0	0	2	1	1	0	1	0	0	1.991	1	0	1	0	1	1	0	0	0	0	0	0	0	0	0	0	0	0	0	0	0	0	0	0	1	1	1.028	0	1	0	1	1	1	0	0
CR_07780W_A	CR_07780W_A	0	1	0	0	0	2	0	0	0	0	0	0	0	1	0	0	0	0	1	1	0	0	0	0	1	0	1	1	3	4	3	2	0	0	2	0	0	0	1	1	0	0	0	0	0	1	0	0	0	1	0	0	0	0	0	0	0	3	0	1
CR_07790C_A	YHB1	0	0	0	0	6	12	14	7	2	1	1	0	0	0	0	0	17	11	11	15	2	4	2	1	1	3	2	0	6	8	6.97	9	0	0	0	0	1	7	5	4	0	0	0	0	5	5	11	8	0	0	0	0	0	6	5	3	0	0	0	0
CR_07800W_A	SAP2	0	0	0	0	0	0	0	0	0	0	0	0	0	0	0	0	1	0	0	0	0	0	0	0	0	0	0	0	0	0	0	0	0	1	2	0	0	0	0	0	1	0	0	2	0	0	0	0	0	2	0	0	1	0	0	0	0	0	0	0
CR_07810W_A	YHB5	1	0	0	0	0.959	0	1	0	0	0	0	0	0	0	0	1	0	0	0	0	0	1	0	0	0	0	1	0.928	0	0	0	0	0	0	0	0	1	0	0	0	0	0	0	0	2	0	0	1	0	0	0	0	0	0	0	0	0	0	0	1
CR_07820W_A	CR_07820W_A	0	0	1	0	0	1	1.613	0	0	0	0	0	0	0	1	0	0	0	1	0	0	1	0	1	0	0	1	1	0	0	1	0	1	1	0	0	0	0	0	0	2	0	0	0	0	0	0	2	0	0	2.42	0	0	0	0	1	0	0	0	0
CR_07830C_A	CR_07830C_A	0	0	0	0	0	0	0	0	0	0	0	0	0	0	0	1	0	0	0	0	0	0	0	0	0	0	0	0	0	0	0	0	0	0	0	0	0	0	0	0	0	0	0	0	0	0	0	0	0	0	0	0	0	0	0	0	0	0	1	0
CR_07840C_A	CR_07840C_A	2	0	0	1	1.992	1	1	0	1	0	1	1	0	2.001	0	0	3	0	1	0	0	1	0	2	3	1	3	1	1.162	2	2	1	1	1	0	1	0	0	1	1	0	0	1	1.001	0	0	1	0.881	0	1	1	1	1	1	1	0.994	0	4.238	2	0
CR_07850W_A	CR_07850W_A	0	0	0	0	0	0	0	0	0	0	1	0	0	0	0	0	0	1	1	0	2	0	0	1	1	1.08	1.08	7	1	1	1	2	0	0	0	0	0	0	0	0	0	0	0	0	1	3	1	2	0	0	1	0	0	0	0	0	0	0	0	0
CR_07860C_A	ASF1	0	0	0	0	0	0	0	0	0	0	0	0	0	0	1	0	0	0	0	0	0	0	1	0	0	0	0	1	0	1	0	0	0	0	0	0	0	1	0	0	0	0	0	0	0	0	0	0	0	0	0	0	0	0	1	0	1	0	0	0
CR_07870W_A	CR_07870W_A	1	1	0	0	1	0	0	1	0	0	0	0	0	0	0	0	0	0	0	0	0	1	1	1	0	0	1	1	0	1.787	0	0	0	1	1	0	1	0	0	0	0	0	0	0	0	0	0	0	0	0	4	1	0	0	1	0	0	0	1	0
CR_07880C_A	tG(GCC)1	0	0	0	0	0	0	0	0	0	0	0	0	0	0	0	0	0	0	0	0	0	0	0	0	0	0	0	0	0	0	0	0	0	0	0	0	0	0	0	0	0	0	0	0	0	0	0	0	0	0.167	0	0	0	0	0	0	0	0	0	0
CR_07890W_A	EFG1	2	0	0	0	0	0	1	0	0	0	0	1	0	1	2	0	0	0	0	0	0	0	0	0	0	0	0	0	0	0	0	0	0	0	0	0	0	1.985	0	0	0	0	0	0	0	3	4	0	0	0	0	0	1	4	2	2	0	0	0	0
CR_07900C_A	CR_07900C_A	1	0	0	1	4	2	2	0	2	1	1	3	0	2	0	0	0	2	0	0	0	1	1	0	1	3	1	4	2	1	3	0	0	0	1	2	0	0	0	2	0	1	0	1	1	0	0	2	3	4	5	2	1	2	1	0	2	6	1	3
CR_07910C_A	CR_07910C_A	0	0	0	0	2.998	1	1	1	0	0	0	0	1	0	0	1	1	0	0	0	0	1	0	1	0	1.495	0	0	2	0	0	1.382	0	0	0	0	0	0	0	1	0	0	0	0	0	2	1	1	0	0	2.921	0	0	1	0	1	4.124	2.363	2.201	0
CR_07920W_A	CR_07920W_A	0	0	0	1	0	1	2	1	0	1	0	1	0	1	2	0	0	0	0	0	0	0	0	0	2	3	1	1	0	1	0	0	0	2	0	1	0	0	0	0	2	1	0	0	2	2	0	0	2	1	2	1	0	0	0	2	0	0	0	1
CR_07930C_A	CR_07930C_A	0	0	0	0	0	0	0	0	0	0	0	0	0	0	0	0	0	0	0	0	0	0	0	0	0	0	0	0	0	0	0	0	0	0	0	0	0	0	0	1	0	0	0	0	0	0	0	0	0	0	0	0	0	0	0	0	0	1	0	1
CR_07940W_A	CR_07940W_A	0	1	0	0	0	0	0	0	0	0	0	0	0	0	0	0	0	0	1	0	0	2.006	0	0	1	0	0	0	0	0	0	0	0	0	1	0	0	2.637	0	0	0	0	0	0	0	0	0	0	0	3.493	0	0	1	0	0	0	0	0	0	0
CR_07950W_A	IMP4	0	0	0	0	0	0	0	0	1.93	0	0	0	0	0	0	0	0	0	0	0	0	0	0	0	0	0	0	0	0	0.999	0	0	0	0	0	0	0	0	0	0	0	0	0	0	3	1	1	0	0	0	0	0	0	0	0	0	0	1	0	0
CR_07960C_A	TRK1	0	0	1	0	1	0	2	0	0	0	1	0	0	0	0	0	1	1	0	0	0	1	0	0	1	3	1.048	1	0	1	1.997	0.992	0	0.962	1	1	0	1	0	0	0	0	1	0	1.998	1	0	1	1	3	3.565	3	0	1	0	1.995	3	1	1.143	0
CR_07970C_A	CR_07970C_A	0	0	0	0	0	0	0	0	0	0	0	0	0	0	0	0	0	0	0	0	0	0	0	0	0	0	0	1	0	0	0	0	0	0	0	0	0	0	0	0	0	0	0	0	0	0	0	0	0	0	0	0	1.004	0	0	0	0	0	0	0.767
CR_07990C_A	CR_07990C_A	0	0	0	0	1	0	1	0	0	0	0	0	0	0	0	0	0	0	0	0	0	0	0	0	0	0	0	0	0	0	0	0	0	0	0	0	0	0	0	0	0	0	0	0	0	1	0	0	0	0	0	0	0	1	0	0	0	0	0	0
CR_08000C_A	CR_08000C_A	0	0	0	0	0	0	2	0	1	0	0	1	0	0	1	0	0	0	1	1	0	0	0	0	0	0	0	0	0	0	0	1	0	0	0	0	0.999	0	0	0	0	0	0	0	0	0	0	0	0	0	0	0	0	0	0	0	1	1	0	0
CR_08010W_A	DAD4	0	0	0	0	0	0	0	0	0	0	0	0	0	0	0	0	0	0	0	0	0	0	1	0	0	0	0	0	0	0	0	0	0	0	0	0	0	0	0	0	0	0	0	0	0	0	0	0	0	0	0	0	0	0	1	0	0	0	0	0
CR_08020C_A	NOP10	0	0	0	0	0	0	0	0	0	0	0	0	0	0	0	0	0	0	0	0	0	0	0	0	0	0	0	0	0	0	0	0	0	0	0	0	0	0	0	0	0	0	0	0	0	0	0	0	0	0	0	0	0	0	0	0	0	0	0	0
CR_08030C_A	FGR32	0	0	2	0	0	0	0	0	0	1	0	0	1	1	0	0	0	0	1	1	0	0	0	0	1.855	1	0	0	0	1	0	0	0	0	2	0	0	0	0	0	0	0	0	0	0	0	0	0	1.18	0	0	0	1	0	0	0	0	0	0	0
CR_08040W_A	CR_08040W_A	1	0	0.999	0	1	0	0	0	0	0	1	0	0	0	0	1	1	0	0	0	0	2	0	1	0	0	1	0	0	0	1	1	2	1.01	0	2	0	2	0	0	0	0	0	0	0	1.017	1	2	0	1	1	1	0	0	0	2	1	0	1.468	1
CR_08050C_A	CR_08050C_A	0	0	0	0	0	0	0	0	5	2	4	6	0	0	0	0	0	0	0	0	0	0	0	0	1	0	0	0	0	0	0	0	0	0	0	0	0	0	0	0	0	0	0	0	0	0	0	0	0	0	0	0	0	1	1.902	0	0	0	0	0
CR_08060C_A	VPS21	0	0	0	0	0	0	0	0	0	0	0	0	0	0	0	0	0	0	0	0	0	0	0	0	0	0	0	0	0	0	0	0	0	0	0	0	0	1	0	0	0	0	0	0	1	0	0	1	0	0	0	0	0	0	0	1	1	0	0	0
CR_08070W_A	PTP1	0	0	0	0	2	1	0.864	0	0	0	0	0	0	0	0	0	1	0	0	0	0	0	0	1	0	0	1	0	0	3	0	0	1	0	1	0	1	0	0	1	0	0	0	0	0	0	0	0	1	1	1	0	2	2	2	2	0	0	0	0
CR_08080W_A	CR_08080W_A	0	0	0	0	0	0	0	0	0	0	0	0	0	0	0	0	0	0	0	0	0	0	0	0	0	0	0	0	0	0	0	0	0	0	0	0	0	0	0	0	0	0	0	0	0	0	0	0	0	1	0	0	0	0	0	0	0	0	0	0
CR_08090W_A	SSB1	0	0	0	0	0	0	0	0	0	0	0	0	0	0	0	0	0	0	0	0	0	0	0	1	1	0	0	0	0	0	0	0	0.999	1	0	0	0	0	0	0	0	0	0	0	1	1	0	2	1	0	0	0	1	0	1	0	0	1	1	0
CR_08100C_A	RIO2	3	1	1.99	0	5	3	1.999	1.142	5	0	5	2.039	0	0	3	2.001	2.798	2	1.927	7	0	4	2	5	6.056	2	3	7	7.787	4	7	7.998	2	3	2.003	1	1	0	1.534	4	2.855	2	2	4	3.14	0	5	1	2.071	5	3	3	4	4	8	1	6	4.04	5	4
CR_08110W_A	CR_08110W_A	0	0	0	0	0	0	0	0	0	0	0	0	0	1	0	0	0	0	0	0	0	0	1	1	0	0	0	0	0	0	0	2	0	0	0	0	0	1	1	1.004	0	0	0	0	0	0	0	0	0	0	0	0	0	0	0	2	3	0	0	0
CR_08120C_A	DCP2	0	0	0	0	1	1	1	2.968	0	0	3	0	1	0	1	0	2	1	0	0	0	0	0	1	1	1	0	1	1	0	1	0	0	0	1	1	0	0	0	0	0	0	0	0	0	0	1	0	2	3	0	0	0	0	0	2	0	0	2.637	1
CR_08130W_A	CR_08130W_A	0	0	0	0	0	0	0	0	0	0	0	0	1	0	1	0	0	0	0	0	0	0	0	0	1	0	0	0	0	0	0	2	1	1	0	0	0	0	0	0	0	1	0	0	1	0	0	0	1	1	2	1	0.994	0	0	0	2	1	0	1
CR_08140W_A	CR_08140W_A	0	0	0	0	0	0	1	2	0	0	0	0	0	0	0	0	0	0	0	0	0	0	0	0	0	0	0	0	0	0	0	0	0	0	0	0	0	0	0	0	0	0	0	0	0	0	0	0	0	0	0	0	0	0	0	1	0	0	0	0
CR_08150W_A	RPS20	0	1	1	2	0	0	0	0	0	0	0	0	0	0	0	0	0	0	0	0	0	0	0	0	0	0	0	0	0	0	0	0	0	0	0	0	0	0	0	0	0	0	0	0	0	0	0	0	0	0	0	0	0	0	0	0	0	0	0	1
CR_08160W_A	PTC5	1	0	0	0	0	0	0	0	0	1	1	0	2	0	0	0	0	0	1	0	0	0	0	0	1	1.115	1	0	1	1	3	1	0	0	0	1	0	0	0	0	2	0	0	0	0	0	0	0	0	0	0	1.506	1	1.055	0.721	0	1	0	1	0
CR_08170C_A	PPM1	0	0	0	0	1	1	1	0	0	0	0	0	0	0	0	0	0	0	0	0	0	0	0	0	2	1	0	0	0	0	0	0	0	0	1	0	0	0	0	0	0	1	0	0	0	0	0	1	1	1.663	1	0	0	0	0	0	0	1.019	1	0
CR_08180C_A	TRM9	0	0	0	0	1	1	0	1	2	5	1	4	0	0	0	0	0	0	0	0	0	0	0	0	0	0	0	0	0	0	0	0	0	0	0	0	2	1	2	1	1	0	0	0	0	0	0	0	0	0	0	0	1	1	0	0	1	1.24	0	1
CR_08190W_A	CR_08190W_A	0	0	0	0	0	0	0	0	1	0.977	0	0	0	0	1	0	0	0	0	0	0	0	0	0	0	0	0	0	0	0	0	0	0	0	1	0	0	0	0	0	0	0	0	0	0	1	0	0	0	0	0	0	1	0	0	0	0	1.644	0	1
CR_08200C_A	CR_08200C_A	0	0	0	1	1	1	2	0	1	0	0	1	0	1.02	2	0	0	0	0	0	1	0	2	2.114	1	1	1	0	1	0	0	1	1	0	0	1	1.349	0	1	0	0	0	0	0	0	0	0	0	1.243	1.285	1.257	1.229	0	1.115	0	0	1	1.609	1	0
CR_08210C_A	ACO1	1	0	0	0	6.891	1	2.999	3	0	0.956	0	0	0	0	0	0	0	0	0	0	0	1	2	1	2	0	1	0	1	1	1	0	3	6	2	1	0	1	0	0	0	0	0	0	1	0	0	0	0	0	1	0	1.998	1	2	0	0	0	0	0
CR_08220C_A	tK(UUU)3	0	0	0	0	0	0	1	0	0	0	0	0	0	0	0	0	0	0	0	0	0	0	0	0	0	0	0	0	0	0	0	0	0	0	0	0	0	0	0	0	0	0	0	0	0	0	0	0	0	0	0	0	0	0	0	0	0	0	0	0
CR_08230C_A	tK(UUU)4	0	0	0	0	0	0	0	0	0	0	0	0	0	0	0	0	0	0	0	0	0	0	0	0	0	0	0	0	0	0	0	0	0	0	0	0	0	0	0	0	0	0	0	0	0	0	0	0	0	0	0	0	0	0	0	0	0	0	0	0
CR_08240W_A	tK(UUU)5	0	0	0	0	0	0	0	0	0	0	0	0	0	0	0	0	0	0	0	0	0	0	0	0	0	0	0	0	0	0	0	0	0	0	0	0	0	0	0	0	0	0	0	0	0	0	0	0	0	1	0	0	0	0	0	0	0	0	0	0
CR_08250C_A	HSP104	0	0	0	0	0	1	0	0	0	1	0	1	0	0	0	0	0	0	0	0	0	0	1	1	0	0	1	0	0	1	0	1	0	0	0	0	0	0	0	0	0	0	0	0	1	0	0	0	0	0	0	0	0	0	1	2	1	1	1.116	0
CR_08260C_A	CR_08260C_A	0	0	1	0	0	1	1	1	0	0	0	2	0	2	1	0	1	0	1	1	0	0	0	0	0	0	0	0	0	2	1	3	0	0	2	0	0	1	1	0	0	1	1	0	1	0	0	1	1	0	0.967	1	0	0	0	0	1	1	2.989	0
CR_08270W_A	CR_08270W_A	0	0	0	0	0	0	1	1	0	0	0	0	0	0	0	0	0	0	0	0	0	0	0	1	0	0	0	0	0	0	0	1	0	0	0	0	0	0	0	0	0	0	0	0	0	0	0	0	0	0	0	0	0	1	0	0	0	1	1	0
CR_08280W_A	CR_08280W_A	0	0	0	0	1	0	0	0	0	0	1	0	0	1	0	0	0	0	0	0	0	0	0	1	2	0	0	0	0	0	1	0	0	0	2	0	0	0	0	0	0	0	0	0	2	0	0	1	0	0	0	1	0	1	0	0	1	1	0	1
CR_08290W_A	CR_08290W_A	0	0	0	1	1	0	0	1.001	0	0	0	0	0	0	0	0	0	0	0	1	0	0	0	0	1	0	0	0	0	1	3	1	0	0	0	0	0	0	0	0	0	0	0	1	0	0	0	0	0	0	0	0	0	1	0	1.183	0	0	0	0
CR_08300C_A	NTE1	0	0	2	1	0	1	1	3	0	2	2.006	2	0	0	0	0	0	0	0.999	0	0.867	0	0	0	0	0	1	0	2	0	1.242	1	2	0	0	0	0	2	0	0	0	1.217	0	0	3	0	1	0	3	0	1	4	0	0	4	3	2.335	2	0	0
CR_08310C_A	CR_08310C_A	0	0	0	1	0	0	0	0	0	0	0	0	0	0	0	0	0	0	0	0	1	0	0	0	0	0	1	2	0	1	0	0	1	0	0	0	0	0	0	0	0	0	0	0	0	0	0	0	0	2	1.23	0	0	0	1	0	0	0	0	0
CR_08320W_A	ATS1	0	0	0	0	0	0	0	0	0	0	0	0	0	0	0	0	0	0	0	0	0	0	0	0	0	0	0	0	0	0	0	0	0	0	0	0	0	0	0	0	0	0	0	0	0	0	0	0	0	0	0	0	0	1	0	0	0	0	0	0
CR_08330W_A	CR_08330W_A	0	0	0	0	0	0	0	0	0	0	0	0	0	0	1	0	2	3	5	4	0	0	0	0	1	0	0	0	0	0	0	0	0	0	0	0	0	0	1	0	0	0	0	0	0	0	0	0	0	0	0	0	0	0	0	1	0	0	0	0
CR_08340W_A	CYS3	0	0	0	0	0	0	0	0	5	3	3	2	0	0	0	0	0	0	0	0	0	0	0	0	0	0	0	0	0	0	0	0	0	0	0	0	0	0	0	0	0	0	0	0	0	0	0	1	0	0	0	0	0	0	0	0	0	0	0	0
CR_08350W_A	SIL1	0	0	0	0	0	0	1	1.885	1	0	1	0	0	0	0	0	0	0	0	0	1	0	1	0	0	0	1	2	1	0	0	1	0	0	0	0	1	0	0	1	0	0	0	0	0	0	0	1	0	0	1.348	0	0	0	1	0	0	1	0	1
CR_08360C_A	RPP2A	2	2	0	2	0	0	0	0	0	0	0	0	0	0	0	0	2	0	2	5	0	0	0	0	0	0	0	0	0	0	1	0	0	0	0	0	0	0	1	0	0	0	0	0	0	3	3	4	0	0	1	0	0	0	0	0	0	0	0	0
CR_08370W_A	GSH2	0	0	0	0	0	0	0	1	0	0	2	0	0	0	0	0	0	0	0	1	0	0	0	0	0	0	0	0	0	0	0	0	0	0	0	0	0	0	0	0	0	0	0	0	0	0	0	0	0	0	1.435	0	0	0	0	1	1.341	0	0	0
CR_08380C_A	CR_08380C_A	1	1	0	0	0	0	1	0	0	0	0	0	0	0	0	0	0	0	0	0	0	0	0	0	0	0	0	0	0	0	0	0	0	0	0	0	0	0	0	0	0	0	0	0	0	0	0	0	0	0	0	1	1	0	3	0	0	0	0	0
CR_08390W_A	tI(AAU)5	0	0	0	0	0	0	0	0	0	0	0	0	0	0	0	0	0	0	0	0	0	0	0	0	0	0	0	0	0	0	0	0	0	0	0	0	0	0	0	0	0	0	0	0	0	0	0	0	0	0	0	0	0	0	0	0	0	0	0	0
CR_08400C_A	CR_08400C_A	0	0	0	0	0	0	0	0	0	0	0	0	0	0	0	0	0	0	0	0	0	0	0	0	0	0	0	0	0	0	1	1	0	0	0	0	0	0	0	0	0	0	0	0	0	0	0	0	0	0	0	0	1	2	1	1	0	0	0	0
CR_08410W_A	CR_08410W_A	0	0	0	1	0	0	0	0	0	0	0	0	0	0	0	0	1.004	0	0	1	0	1	0	0	0	1	0	0	1	0	1	0	1	1	1	1	0	0	0	1	0	0	0	0	0	0	0	0	1	0	0	2	0	1	1	0	1	0	0	1
CR_08420W_A	CR_08420W_A	1	1.001	1	0	4	6	5	2	1	2	0	0	0	4	2	3	2	3	2	5	3	2	3.833	1	2	4	8	7	2	6	4	5	2	5	1	1	0	2	1.019	2	3	2	1	0	0	1	5	4	4	1	3	1	5	4	4	5	4	4.75	4	5
CR_08430W_A	CR_08430W_A	0	0	0	0	0	2.001	1.999	3	0	2	0	0	0	0	0	0	1	0	0	1	2	0	1	1	0	0	0	0	0	0	1	0	0	1	0	0	0	0	0	0	0	1	0	0	1	0	0	0	1	3	0	0	2	1	2.062	0	0	0	0	1
CR_08440W_A	CR_08440W_A	1	0	0	0	1	0	0	0	0	0	0	0	1	0	0.996	0	0	2	1	0	0	1	0	0	0	0	0	0	0	0	0	3	0	0	0	0	0	0	0	0	0	0	0	0	0	0	0	0	0	0	0	0	1	0	0	0	1	0	0	0
CR_08450C_A	CR_08450C_A	0	1	0	1	1	0	1	0	0	0	0	0	0.914	0	1	0	1	0	1	0	0	0	0	0	1	2.003	0	0	0	2	1	0	0	0	1	0	0	0	0	0	0	0	0	0	0	1	1	1	0	0	0	0	1	0	0	0	0	0	0	1.241
CR_08460W_A	TPM2	2	3	1	2	5	2	3	3	8	6	4	7	0	0	0	0	2	4	7	1	3	0	4	4	4	5	3	2	1	4	3	2	6	6	5	6	4	3	4	0	0	0	0	0	8	5	4	2	0	0	0	0	11	7	9	11	1	0	0	0
CR_08470W_A	CR_08470W_A	0	0	0	2.001	0	0	0	0	0	0	1	0	0	0	0	0.851	0	0	0	0	0	0	0	0.963	0	0	0	1	0	0	0	1	1	0	0	1	1	1.015	0	0	0	1	0	0	0	1	0	1	0	1.816	1.352	2	0	0	0	0	0	0	1	1
CR_08480C_A	CR_08480C_A	0	0	0	0	0	0	0	0	0	0	0	0	0	0	0	0	0	0	0	0	0	0	0	0	0	0	0	0	0	0	0	0	0	0	0	0	0	0	0	0	0	0	0	0	0	0	0	0	1	0	0	0	0	0	0	0	0	0	0	0
CR_08490W_A	TSR1	0	0	0	1	0	0	0	2	1	1	1	0	0	0	2	0	0	0	2	0	2	0	0	0	0	1	0	0	0	0	0	1	1	0	1	1	0	0	0	0	0	0	1.382	0	0	0	0	0	0	1.054	1.844	0	0	0	0	0	0	4	0	0
CR_08500W_A	CR_08500W_A	0	1	0	0	0	0	0	1	1	0	0	1	0	0	0	0	0	0	0	1	0	1	0	1	0.956	0	1	1	1	0	0	0	0	0	0	0	1	0	0	0	0	0	0	0	0	1	0	0	0	0	0	1	0	0	0	0	1.947	0	0	0
CR_08510W_A	PGA13	0	0	0	0	0	0	0	0	0	0	0	0	0	0	0	0	0	0	1	0	0	0	0	0	0	0	0	1.098	0	0	0	0	0	0	0	0	0	0	0	0	0	0	0	0	0	0	0	0	1	2	0	0	0	0	0	0	0	0	0	0
CR_08520C_A	CR_08520C_A	0	0	0	0	0	0	0	1	0	0	0	0	0	0	0	0	0	0	0	0	0	0	0	0	0	0	0	0	0	0	0	0	0	0	0	0	0	0	0	0	0	0	0	0	0	0	0	0	0	0	0	0	0	0	0	0	0	0	0	1
CR_08530C_A	tL(CAA)4	0	0	0	0	0	0	0	0	0	0	0	0	0	0	0	0	0	0	0	0	0	0	0	0	0	0	0	0	0	0	0	0	0	0	0	0	0	0	0	0	0	0	0	0	0	0	0	0	0	0	0	0	0	0	0	0	0	0	0	0
CR_08540C_A	SSY5	0	0	0	0	1	0	1	1	0	0	1	0.996	0	0	0	0	0	0	1	0	1	0	0	0	0	1.054	0	0	0	0	0	0	0	0	1	0	0	0	0	0	1	0	0	0	1	0	0	0	0	1.325	1	0	0	0	3	0	1	0	0	0
CR_08550W_A	CR_08550W_A	1	0	0	0	0.998	0	0	0	0	0	0	0	0	0	0	0	0	0	1	0	0	0	0	0	2	2	3	1	0	0	0	0	0	0	0	0	0	0	0	0	0	0	0	0	0	1	2	1	0	0	0	0	0.996	0	0	0	0	0	0	0
CR_08560C_A	CR_08560C_A	0	3	0	1	1	3	5	6.674	1	2	2	1	2	2	3	3	2	6	1	3	4	5	2	1	1	2	2	4.718	1	3.813	5	1	1	1	2	1	0	2	1	0	2	0	1	2	1	1	1	1	3	2	2	2	3	1	3.176	1	0	7	4	3
CR_08570W_A	SKI2	0	0	0	0	1.015	1.007	0	1	1	3.295	2	1	1	0	0	0	1	0	0	0	0	1.004	1	0	0	1	1	0	0	1	0	1.968	0	0.987	1	0	0	0	0	0	0	0	0	0	0	1	0	0	0	2	3	0	2.045	0	0	3.865	0	5.875	4.78	0
CR_08580C_A	CR_08580C_A	0	0	1	0	1	0	0	1	0	0	0	1	0	0	0	0	0	0	0	0	0	0	0	0	0	0	0	0	0	0	0	3	0	0	1	0	1	0	0	1	0	0	0	0	0	0	0	0	0	0	0	0	0	0	0	0	0	0	0	0
CR_08590W_A	CR_08590W_A	0	1	0	0	0	1	0	0	0	0	1	1	0	1	2	0	0	0	0	0	0	0	0	0	0	0	1	2	0	0	0	0	0	1	0	1	0	0	0	0	1	0	0	0	0	0	0	0	2	0	0	0	0	0	1	0	0	0	2.754	0
CR_08600C_A	PEX19	0	0	0	0	0	0	2	0	0	0	0	0	0	0	0	0	0	0	0	0	0	0	0	0	0	0	1	0	0	0	0	0	0	0	0	0	0.924	0	0	0	0	0	0	0	1	2	0	0	0	0	0	0	0	2	0	0	0	0	0	1
CR_08610W_A	CR_08610W_A	0	0	0	0	0	0	0	0	0	0	0	0	0	0	1	0	0	0	0	0	0	0	0	0	0	0	0	0	0	0	0	0	0	0	0	0	0	0	0	0	0	0	0	0	0	1	0	0	0	1	0	0	0	0	0	0	0	0	0	0
CR_08620C_A	CR_08620C_A	0	0	0	0	0	0	0	0	1	0	0	0	0	0	0	0	0	0	0	0	0	1	0	0	0	0	0	1	0	0	0	1	0	1	0	1	0	0	0	0	0	0	0	0	1	0	1	0	0	0	1	0	0	0	0	0	0	0	0	0
CR_08630W_A	CDC23	0	1	0	0	1.998	2	1	1	1	1	1	1	6.713	1	3	2	2	0	0	1	0	0	0	1	1	1	1	0	0	2	1	0	0	0	0	0	0	0	2.012	1	1	0	0	0	0	1	1	0	0	0	2	0	2	2	3	2	0	0	0	2
CR_08640C_A	CR_08640C_A	0	0	0	0	0	0	0	1	1	0	0	1	0	0	0	0	0	1	0	1	0	0	0	0	0	0	0	0	0	0	0	1.011	0	0	0	0	0	0	0	0	0	0	0	0	0	1	1	1	0	0	0	0	0	2	1	0	0.912	0	0	0
CR_08650C_A	CR_08650C_A	0	0	0	0	1	1	0	0	1	0	0	1	0	0	0	0	0	2	0	0	0	2	1	0	0	4.86	2	7	1.202	0	0	0	1	0	0	0	0	0	2	1	0	0	0	0	1	0	1	0	0	0	0	0	0	0.866	0	0	0	0	0	0
CR_08660W_A	PRP8	1	0	1	1	1.111	1.142	2	1	0	0	0	1.999	0	0	3	0	0	0	2	0	3.997	0	2	0	1	1	1	1	3.457	1.873	3	3	3	0	0	0	1	0	0	0	0	0	1	0	2	0	2.964	1	1.056	4	1	4.639	5	0	0	4	4.476	2.463	1.342	0
CR_08670C_A	CR_08670C_A	0	0	0	0	1	0	0	0	0	0	0	1	0	0	0	0	0	0	0	0	0	0	0	0	0	0	0.991	0	0	0	0	0	0	0	0	0	0	0	0	0	0	0	0	0	0	0	0	1	0	0	0	1	0	0	0	0	0	0	1	0
CR_08680C_A	NPR3	0	0	0	0	1	0	0	0	0	0	0	0	0	2	0	1	0	0	0	0	1	0	0	0	0	0	0	0	0	1	0	0	0	0	1	0	1	0	0	0	0	0	0	1	2	0	3	1	1	1.318	0	1.319	0	0	1	0	0	0	0	0
CR_08690C_A	ECI1	0	0	0	0	0	0	0	0	0	0	0	0	0	0	0	0	0	0	0	1	0	2	5	3	0	0	0	1	0	0	0	0	3	2	7	1	0	0	0	0	0	0	0	0	1	0	1	2	1	0	0	0	0	0	0	0	0	0	0	0
CR_08700C_A	ARF1	0	0	0	0	0	0	0	0	0	0	0	0	0	0	0	0	0	0	0	0	0	0	0	0	1	1	0	0	0	0	0	0	0	0	0	0	2	1	2	0	0	0	0	0	1	1	3	0	0	1.849	0	0	0	0	0	1	0	0	0	0
CR_08710W_A	CR_08710W_A	0	0	0	0	0	0	0	0	0	0	1	0	1	0	0	0	6	3	4	4	1	1	1	0	0	2	0	0	2	0	0	0	0	2	0	1	2	0	1	0	0	0	0	0	0	3	1	2	1	0	0	0	2	0	0	0	1	1	2	0
CR_08720W_A	CR_08720W_A	0	1	1	0	0	0	0	0	1	0	0	0	0	0	0	1	0	0	0	0	1	1	0	0	0	1	0	0	0	1	0	0	0	0	0	0	0	0	0	1	0	0	0	0	0	0	0	1	0	1	0	1	0	1	1	0	1	0	0	1.418
CR_08730W_A	tE(UUC)7	0	0	0	0	0	0	0	0	0	0	0	0	0	0	0	0	0	0	0	0	0	0	0	0	0	0	0	0	0	0	0	0	0	0	0	0	0	0	0	0	0	0	0	0	0	0	0	0	0	0	0	0	0	0	0	0	0	0	0	0
CR_08740W_A	CR_08740W_A	0	0	0	0	1	1	0	0	1	0	0	1	0	0	0	0	1	1	1	1	0	0	2	0	1	0	0	2	0	2	0	1	0	0	0	0	0	1	0	0	0	1	0	0	0	0	1	1	1	1	0	0	0	0	0	2.994	0	0	2.252	0
CR_08750C_A	tG(GCC)6	0	0	0	0	0	0	0	0	0	0	0	0	0	0	0	0	0	0	0	0	0	0	0	0	0	0	0	0	0	0	0	0	0	0	0	0	0	0	0	0	0	0	0	0	0	0	0	0	0	0.167	0	0	0	0	0	0	0	0	0	0
CR_08760C_A	RDN5	6	5	3	3	0	0	0	0	4	7	3	3	1	5	4	2	6	10	7	12	6	8	9	11	1	0	2	0	0	0	0	0	4	1	0	1	0	0	0	0	0	0	0	0	5	5	5	5	0	0	0	0	6	3	8	6	0	0	1	0
CR_08770W_A	RDN18	653	711	707	628	1271	1212	1231.998	1128	3588	3395	3590	3681	1882.021	1828	1880	1852	2304	2357	2460	2365	2410	2362	2381	2305	1610	1557	1713	1668	2086	2065.148	2125	2023	1841	1870.002	1806	1879	2283	2244	2283	2265	15	11	10	11	4984	4960	5000	5090	82	62	97	92.987	4267	4324	4130	4110	83.99	82	84.949	68.961
CR_08780W_A	ITS1	0	0	0	0	0	0	0	0	0	0	0	0	0	0	0	0	0	0	0	0	0	0	0	0	0	0	0	0	0	0	0	0	0	0	0	0	0	0	0	0	0	0	0	0	0	0	0	0	0	0	0	0	0	3	0	2	0	0	0	0
CR_08790W_A	RDN58	0	0	0	0	5	5	8	3	4	2	4	6	2	2	1	1	13	15	10	19	10	6	6	5	1	1	0	2	0	0	0	0	0	0	0	0	0	3	2	1	0	0	0	0	8	9	7	4	0	0	0	0	15	14	14	7	0	0	0	0
CR_08800W_A	ITS2	0	0	0	0	0	0	0	0	0	0	0	0	0	0	0	0	2	2	10	2	0	0	0	0	0	0	0	0	0	0	0	0	0	0	1	0	0	0	0	0	0	0	0	0	0	0	0	0	0	0	0	0	3	1	3	1	0	0	0	0
CR_08810W_A	RDN25	31703	29392.001	32514	30698	53802	55290	52915	38406	89090	92060	93754	87751.955	58579	53227	57776.981	52160	52703	55250	55127	58207	57877.001	62190	59594	57240	56733	44349	42214.67	38797.947	42893	38525	39388.149	42998	53672	45953	51414	49581	68645	69709	69617	69063.205	45.016	62	38.635	65	114870	121638	109523	115688	304	303	312.995	281	123155	126437	114971	127296	193	163	176	187
CR_08820C_A	TAR1	0	0	0	0	0	0	0	0	0	0	0	1.045	0	0	0	0	0	0	0	0	0	0	0	0	0	0	1.33	1.053	0	0	0.851	0	0	0	0	0	0	0	0	0	13.984	0	22.365	0	0	0	0	0	0	0	0	0	0	0	0	0	0	0	0	0
CR_08830W_A	CR_08830W_A	2	3	0	1	16	17	14	8	13	19	10	17	4	2	6	4	0	0	0	0	4	3	3	2	8	7	3	2	4	1	4	3	3	5	5	6	7	11	5	6	0	0	0	0	0	0	1	1	0	0	0	0	5	2	6	4	0	0	0	0
CR_08840C_A	NIT2	0	0	0	0	0	0	0	0	0	0	0	0	0	0	0	0	0	0	0	0	0	0	0	0	0	0	1	1	0	0	0	0	0	0	0	0	0	0	0	0	0	0	1	0	0	0	1	0	0	0	0	0	2	0	0	0	0	0	0	0
CR_08850W_A	CR_08850W_A	0	0	0	0	0	4	4	5	1	0	0	0	0	0	1.046	0	0	0	0	0	0	0	0	0	0	0	0	0	0	0	0	0	1	0	0	0	0	0	0	0	0	0	0	1	0	0	0	0	0	1	0	0	0	4	1	4	0	1	0	0
CR_08860W_A	PDK2	0	0	0	0	7	2	1	1	0	0	0	0	0	0	0	0	0	0	0	0	0	0	0	0	4	1	2	4.809	0	0	1	0	1	0	0	0	0	0	0	0	0	0	0	0	0	0	0	0	1.055	0	2.433	0	0	0	1	0	1	1.392	1	0
CR_08870W_A	PEX13	1	1	3	1	4	3	4	6	0	0	0	0	5	8	3	5	0	0	1	0	0	0	0	0	0	0	0	1	0	3	3	3	0	0	0	0	0	0	0	0	0	0	0	0	2	2	2	2	0	0	0	0	0	0	0	0	0	0	0	0
CR_08880C_A	CR_08880C_A	0	0	0	0	1	0	0	1	0	0	0	0	0	0	0	1	2	0	0	1	0	0	0	0	0	0	0	0	0	0	0	0	0	2	1	0	0	0	0	0	0	0	0	0	0	0	0	0	0	0	0	0	0	0	0	1	0	0	0	0
CR_08890C_A	ASR2	0	0	0	0	2	1	0	0	1	0	0	0	0	0	0	0	0	0	0	0	0	1	0	0	0	0	0	0	1	3	2	2	0	1	1	1	0	0	0	0	0	0	0	0	0	0	0	0	1	0	0	0	0	0	0	0	0	0	0	0
CR_08900C_A	CR_08900C_A	0	0	0	0	0	0	1	0	0	0	1	0	0	1	0	0	1	2	0	0	0	0	0	0	0.995	1	0	0	0	1	0	0	0	0	0	0	1	0	0	0	0	0	1	1	0	0	0	1	1.337	1	1.229	0	0	0	0	0	0	0	1	1
CR_08910C_A	RPN7	0	0	0	0	1	0	0	0	0	0	0	0	0	0	0	0	0	0	0	0	0	0	0	0	1.021	1	0	0	0	0	0	0	1	0	0	1	0	1	1	0	1	0	0	0	1	0	0	2.294	0	1	0	0	1.013	2	0	2	1	0	1.151	0
CR_08920W_A	CR_08920W_A	0	0	0	0	0	0	0	0	2	0	1	1	0	0	0	0	0	0	0	0	0	0	0.893	0	0	0	0	0	0	0	0	0	1	0	0	1	0	0	0	1	0	0	0	0	1	2	0	3	0	0	1	0	0	0	0	0	0	0	0	0
CR_08930C_A	CR_08930C_A	0	0	0	1	0	0	0	0	0	1	1	0	0	0	0	0	0	1	0	0	1	0	0	0	0	0	0	0	0	0	1	0	0.741	0	1	0	0	0	0	0	0	0	0	0	0	0	0	0	0	0	0	0	0	1	0	0	0	1	0	0
CR_08940W_A	TRM61	0	0	0	0	1	0	0	0	0	0	0	0	0	1	0	0	0	0	0	0	0	0	0	0	0	0	0	1	0	0	0	0	0	0	0	0	1	0	0	0	0	0	0	0	0	0	0	0	1	0	0	0	0	0	0	0	1	1	0	0
CR_08950W_A	ARP2	0	0	0	0	1	0	1	0	0	0	0	1	1	0	3	2	0	0	0	0	1	0	0	0	0	0	0	1	1	0	0	0	0	0	0	1	0	0	0	0	0	0	0	0	0	0	0	0	0	0	0	0	0	0	0	0	1	0	1	0
CR_08960C_A	MPS1	0	0	0	0	2	0	1	2	0	0	0	0	0	1	0	0	0	0	0	0	3	3	2	4	1	0	2	0	4	2	6	1	1	0	0	0	0	0	0	0	0	0	0	1	0	0	1	0	0	0	0	1.435	0	1	0	1.006	0	1.199	2	0
CR_08970W_A	tM(CAU)4	0	0	0	0	0	0	0	0	0	0	0	0	0	0	0	0	0	0	0	0	0	0	0	0	0	0	0	0	0	0	0	0	0	0	0	0	0	0	0	0	0	0	0	0	0	0	0	0	0	0.5	0	0	0	0	0	0	0	0	0	0
CR_08980C_A	CR_08980C_A	0	1	0	0	1	0	2	0	5	5	8	1	0	0	1	1	0	0	0	0	0	0	0	0	0	1	0	0	0	0	0	0	0	1	0	0	0	0	0	0	0	0	0	0	3	0	0	0	1	0	0	0	0	0	1.001	0	3	1	0	0
CR_08990C_A	SLP3	0	0	0	0	0	0	0	0	0	0	0	0	0	1	0	0	0	0	1	0	0	0	1	0	0	0	0	0	0	0	0	0	0	0	0	0	0	1	0	1	0	0	1	0	0	0	1	0	0	0	0	1	0	1.999	0	1	0	0	0	1.002
CR_09010C_A	CR_09010C_A	1	0	0	1	0	0	0	0	0	0	0	0	0	0	1	0	1	0	0	0	0	0	0	0	0	0	2.005	1	1	0	0	0	0	1	0	0	2	0	4	3	0	0	0	0	1	0	0	0	0	0	1	0	0	0	0	0	0	0	0	0
CR_09020C_A	CHS2	0	1	1.243	0	0	2.54	0	0	1	1	0	0	0	0	0	0	0	1	0	0	0	0	1	1.634	0	0	2	0	1	2	0	4	2.033	7	1	1.002	2	0	0	0	0	0	0	0	3.565	1	0	2	1	0	0	0	0	0	2	1	0	1	0	0
CR_09030C_A	CR_09030C_A	0	0	0	0	0	0	0	0	0	0	0	0	0	0	0	0	0	0	0	0	0	0	0	0	0	0	0	0	0	0	0	0	1	0	0	0	0	0	0	0	0	0	0	0	0	0	0	0	0	0	0	0	0	0	0	0	0	0	0	0
CR_09040W_A	CR_09040W_A	0	1	0	0	0	1	0	0	1	2	2	0	1	0	0	0	1	0	0	0	1	1	0	0	0	0	1	1	3	0	0	1	0	0	0	0	1	0	2	0	0	0	0	0	1	0	0	1	1	3	1	3	0	0	0	2	2	0	2	2
CR_09050C_A	CR_09050C_A	6	5	3	4	0	0	0	1	0	0	1	0	0	0	0	0	0	1	0	0	0	1	1	0	1	0	1	0	0	1.004	0	0	0	0	0	0	0	0	0	0	0	1	0	0	0	1	1	0	0	0	1	1	1	0	0	1	2.245	2	0	0
CR_09060W_A	CR_09060W_A	1	0	0	0	0	1	0	1	1.002	2	1	2	0	0	0	0	1	0	0	0	0	0	0	1	0	0	0	0	1	0	0	0.999	0	0	2	0	0	0	0	0	0	0	0	0	0	0	1	0	0	0	1	0	2	0	0	1	0	1	0	1
CR_09070C_A	CR_09070C_A	2	2	5.054	5.376	1	2	0	0	1	2	4	2	8	2	5	4	0	0	1	0	4	6	5	6	3	1.243	3	3	2	5	1	3	5	8	6	4	3	3	4	5	0	0	0	0	4	10	8	12	0	1.47	1.221	3.193	2.019	0	1	4	0	0	0	2
CR_09090C_A	CR_09090C_A	0	0	1	0	0	1	0	1	0	0	0	0	1	2	2	0	1	0	0	0	0	0	0	0	0	0	0	0	0	0	0	0	0	0	0	0	4	2	2	3	0	0	0	0	0	0	0	0	1	1	0	0	1	2	3	1	0	0	0	0
CR_09100C_A	CR_09100C_A	0	0	0	0	0	0	0	1	2	2	2	1	0	0	0	0	0	0	0	1	1	0	0	0	0	0	0	0	0	0	1	1	0	0.998	0	0	0	0	0	0	0	0	0	0	0	0	0	0	0	0	0	0	0	0	0	0	0	1.741	0	1
CR_09110C_A	CR_09110C_A	0	0	0	0	0	0	1	1	0	0	0	0	0	0	0	0	0	0	0	0	0	0	0	0	0	0	0	0	0	0	0	0	0	0	0	1	0	0	0	0	0	0	0	0	0	0	0	0	0	0	0	0	0	0	0	0	0	0	0	0
CR_09120C_A	TUB1	0	0	0	0	0	0	0	0	0	0	0	1	0	0	0	0	0	0	0	0	0	0	0	0	0	0	0	0	0	0	1	0	0	1	0	0	0	0	0	0	0	0	0	1	0	0	2	0	1	0	0	0	0	0	0	0	0	0	0	0
CR_09140C_A	CR_09140C_A	1	0	0	0	0	0	1	0	0	0	0	0	0	0	0	0	0	0	0	0	0	0	0	1	0	1	1	0	1.634	1	0	0	0	0	0	0	1	0	0	0	0	0	0	0	0	0	1	0	0	0	0	0	0	0	2	3	2	1	0	0
CR_09150W_A	CR_09150W_A	0	0	0	0	0	0	0	1	0	0	0	0	0	0	0	0	0	0	0	0	0	0	0	0	0	0	0	0	0	0	0	1	0	0	0	0	0	0	0	0	0	0	0	0	0	0	1	0	0	0	0	0	0	0	0	1	0	0	0	0
CR_09160C_A	ERG13	0	0	0	0	1.243	0	1	0	0	0	0	1	0	0	0	0	0	0	0	0	0	0	0	0	0	2	0	1	2	0	0	2	0	0	0	0	0	0	0	0	0	0	0	0	0	1	0	0	0	1	1	0	0	0.967	0	0	0	0	0	0
CR_09170C_A	SSU1	0	0	0	0	0	1	0	2	7	2	4	5	0	0	1	0	1	0	2	0	3	1	3	4	1	1.052	2	2	2	0	4	2	1	1	1	1	5	7	4	4	0	0	0	1	0	2	3	3	0	1	0	0	4	2	0	6	0	2	0	1.302
CR_09180W_A	CDG1	1	0	0	0	0	0	0	1	0	0	0	0	0	0	0	0	4	2	4	5	0	0	0	1	0	0	0	0	0	0	0	0	0	0	0	0	0	0	0	0.999	0	0	0	0	1	1	1	0	0	0	0	0	1.001	1	0	0	0	0	0	0
CR_09190C_A	CR_09190C_A	0	0	0	0	0	0	0	0	0	1	0	0	0	0	0	0	1	0	0	0	1	0	0	0	0	0	1	0	2	0	0	0	0	0	1	1	0	1	0	0	0	0	0	1	0	0	1	0	1	0	1	0	0	0	1	0	2	1	1	0
CR_09200C_A	UGA33	0	0	0	0	1	0	1	1	0	0	0	0	0	0	0	0	0	0	0	0	0	1	1.863	0	1	0	0	1	0	1	0.839	1.02	0	1	0	0	0	1	1	1	0	0	0	0	1	0	0	0	0	1.017	0	0	2	0	1.539	1	0	1	1	1
CR_09210W_A	SUC1	0	0	1	0	1.296	0	1	0	0	0	1	0	0	0	0	1	0	0	1	0	1	0	0	0	0	1	1	0	3.145	0	0	0	3	1	1	1	0	3	1	1	1.127	3	0	0	0	0	0	0	1	0	0	1	0	2	0	0	0	0	0	1
CR_09220C_A	LIP7	0	0	0	0	0	0	0	0	0	1	0	1	0	0	0	0	0	0	0	0	0	0	0	0	0	0	0	0	0	0	0	0	0	4	0	1	0	0	0	0	0	0	0	0	0	0	1	0	0	0	0	0	0.996	0	0	0	0	0	1.31	0
CR_09230C_A	CR_09230C_A	0	0	1	0	0	1	0	1	0	0	1	0	0	0	0	1	0	0	1	0	0	0	0	0	0	0	0	1	1	1	3	1	0	0	0	0	0	0	0	0	0	0	0	0	0	0	0	1	1	1	1.223	1	0	1	1	3	0	3.843	1.739	0
CR_09240C_A	CR_09240C_A	0	0	0	0	0	0	0	0	0	0	0	0	0	0	0	0	0	0	0	0	0	1	0	0	1	0	0	0	0	0	0	0	0	0	0	0	0	0	0	0	0	0	0	0	0	0	0	0	0	0	0	0	0	0	0	0	0	0	0	0.878
CR_09270C_A	CBP1	1	0	0	0	0	0	1	0	1	3	1	3	2	2	1	4	1.002	0	0	1	1	1	0	2	1	0	2	1.537	2	0	0	4	0	0	0	0	0	1	0	0	2	1	0	0	0	1	0	0	1	0	0	1	5	1	7	3	0	1	0	0
CR_09290W_A	THI13	0	0	0	0	0	0	0	0	0	1	0	0	0	0	1.019	0	0	0	0	0	0	0	0	0	0	0	0	1	0	0	0	0	0	0	0	1	0	0	0	0	0	0	0	0	0	0	0	0	0	0	0	0	1	0	1	0	0	0	1.54	0
CR_09300C_A	SCO1	0	1	0	0	1	0	0	0	0	0	0	0	0	0	1	1	1	0	0	0	0	2	0	0	0	0	1	1	0	0	2	1	0	0	0	0	0	0	1	0	0	0	0	0	1	0	1	0	0	0	0	0	3.033	3	1	0.999	0	0	0	0
CR_09310W_A	CR_09310W_A	2	0	0	1	1	0	1	0	0	2	0	1	1	0	0	0	1	0	0	0	0	0	0	1	1	0	0	1	0	0	2	1	3	0	1	0	0	0	0	0	0	1	0	0	0	1	2	1	0	0	0	1.965	0	0	2	1	0	0	0	0
CR_09320C_A	PHO88	0	0	0	0	0	0	0	0	0	0	0	0	0	0	0	0	0	0	0	0	0	0	0	0	0	0	0	0	0	0	0	0	0	0	0	0	0	0	1	0	0	0	0	0	0	0	0	0	0	0	0	0	0	0	0	0	0	1	0	0
CR_09330C_A	CR_09330C_A	0	0	0	0	1.04	0	0	0	0	0	0	0	0	0	0	0	0	0	0	0	0	0	0	2	2	0	1.093	0	0	0	0	0	0	0	0	0	1	0	0	0	0	0	1	0	1	0	1	0	0	0	0	1.175	3	4	2	3	1	1.581	2	1
CR_09340W_A	CR_09340W_A	1	1	1	0	1	2	1	2	0	0	0	1	0	0	0	0	0	0	0	0	0	0	0	0	0	0	0	1	0	0	0	0	0	0	1	0	0	0	0	0	0	0	0	0	1	0	3	3	0	0	0	0	0	0	0	0	0	0	0	0
CR_09350C_A	CR_09350C_A	0	0	0	0	0	0	0	0	0	0	0	0	0	0	0	0	0	0	0	0	0	0	0	1	0	0	0	0	0	0	0	0	0	0	0	0	0	0	0	0	0	0	0	0	0	1	0	0	0	0	0	0	0	0	0	0	0	0	0	0
CR_09360W_A	FCY24	0	0	0	1	0	0	0	0	0	0	0	0	0	0	0	0	0	0	0	0	0	0	1	0	0	0	0	0	0	2	0	0	0	0	0	1	0	0	0	0	0	0	0	0	0	0	1	0	2.666	0	1	3.921	0	1	1	0	2	1	0	0
CR_09370W_A	ELF1	0	0	0	1	0	0	0	1	2	1	3.693	0	0	2	1	1	0	0	0	0	0	0	1.061	0	0	0	1.104	1.916	0	0	0	0	0	1	1	0	0	0	0	0	0	0	0	0	1	0	2.227	0	0	0	0	1	2.42	6	2	1	1	1	2	0
CR_09380W_A	PRE8	0	0	0	0	1	0	0	0	0	0	0	0	0	1	0	0	2	6	6	5	2	2	3	1	0	0	0	0	0	0	0	0	0	1	0	0	0	0	0	0	0	0	0	1	1	1	0	0	0	1	0	0	0	1	0	1	0	1	0	0
CR_09390C_A	CR_09390C_A	0	1	2	2	1	1	0	1	0	0	1	0	0	1	1	1	0	0	1	1	1	0	4	2	2	2	2	1.976	1	2	0	2	0	0	2	0	0	0	0	0	0	0	0	0	0	0	2.002	0	1.094	1	0	0	0	2	1	1.016	1	3	2.379	4
CR_09410W_A	CR_09410W_A	0	1.001	2	0	2	1	1	0	0	0	0	0	0	1	2	1	3.126	1	0	1	2	0	1.005	1	2.909	1.14	3	1	2	2	1	0	0	2	1	0	0	0	1	0	0	0	0	0	0	0	1	0	1.918	1	0	1	1	0	1	1.908	3	0	3	2
CR_09420C_A	BGL22	0	0	0	1	1	1	1	0	2	3	0	0	0	0	1	1	1	1	2	0	0	0	0	1	1	0	2	0	0.999	1	0	0	0	0	1	2	0	0	1	0	4	0	1	1	0	0	1	0	0	2.236	0	2	1.119	0	1	1	0	1	0	1.161
CR_09430C_A	CR_09430C_A	3	2	2.018	0	1	2	2.001	3.118	0	0	2	2	0	2	0	2	1	0	2	2	0	4	1	1	1	4	1	1	2	3	2	1	4	0	0	1	1	0	1	1	1	0	0	1	0	1	0	0	2.99	4	1	2	0	3	2	0	2	4	6.997	0
CR_09440C_A	CR_09440C_A	1	0	0	0	1	0	1	0	4	7	3	0	0	0	0	0	0	0	0	0	0	0	0	0	0	0	0	0	2	0	0	0	0	0	0	0	6	3	1	1	0	0	0	0	0	0	0	0	0	0	0	0	0	0	0	0	0	1	0	1
CR_09450C_A	tD(GUC)7	0	0	0	0	0	0	0	0	0	0	0	0	0	0	0	0	0	0	0	0	0	0	0	0	0	0	0	0	0	0	0	0	0	0	0	0	0	0	0	0	0	0	0	0	0	0	0	0	0	0	0	0	0	0	0	0	0	0	0	0
CR_09460C_A	CR_09460C_A	0	0	0	0	0	0	0	0	0	1	2	2	0	0	0	0	0	0	0	0	0	0	0	0	0	0	1.982	0	0	0	0	0	0	0	0	0	0	0	0	0	0	0	0	0	0	0	0	0	0	0	0	0	0	0	0	0	0	0	0	0
CR_09470W_A	AXL1	1.247	0	0	0	2	3	2	2	6	8	2	7	0	1	2	0	0	1	2	1.728	1	0	1.607	0	3.78	3.775	4	2	3	0	2.216	1.002	4	2	3	6	1	4.006	4	2	2.48	2	0	1	1	3	1	2	4.311	2	2.76	2	0	2	1.108	1	1.088	5.315	9.404	2
CR_09480W_A	CR_09480W_A	0	0	0	0	1	0	0	0	0	0	0	0	0	0	0	0	0	0	1	0	0	0	0	0	0	0	1	0	0	1	3	0	0	0	0	0	2	0	1	0	0	0	0	0	0	0	0	0	1	1.959	0	1	0	1	0	0	1	0	0	0
CR_09490W_A	CR_09490W_A	1	0	0	0	0	1	0	0	0	2	0	2	0	1	0	1	0	0	0	0	0	0	0	0	1	1	2	0	0	1	0	0	0	0	1.001	1	0	1	0	0	0	0	0	0	0	0	0	0	0	0	0	0	0	1	2	1	1	1	0	0
CR_09500C_A	CR_09500C_A	0	0	0	0	0	0	0	1	0	0	0	0	0	2	0	0	1	0	0	0	0	0	0	0	0	0	0	0	0	0	0	0	0	0	1	0	0	0	0	0	0	0	0	0	0	0	0	0	1	0	0	0	0	0	0	0	1	0	1	0
CR_09510C_A	CR_09510C_A	1	0	0	0	0	1	0	0	0	0	0	0	0	0	0	0	0	0	0	0	0	0	0	0	1	0	0	0	0	0	0	1	0	0.763	0	0	0	0	0	0	0	0	0	0	0	0	0	1	0	0	0	0.621	0	0	0	0	0	0	0	0
CR_09520C_A	CR_09520C_A	0	0	0	1	1	0	1	0	3.488	0	0	3	1	1	1	1	1	1	2	1.001	2	0	2	0	1	1	0	2	1	2	0	0	2	0	2	2	0	0	0	0	2	2	0	0	0	3	3	1	0	1	1	0	1	1	1.413	1	0	1	4	2.582
CR_09530C_A	CR_09530C_A	0	0	0	0	0.999	0	0	1	1	0	1.008	0	0	0	0	0	0	0	1	0	1	0	0	0	0	0	1	0	0	1	1	0	0	1	0	0	0	0	0	0	0	0	0	0	2	5	3	1	0	0	0	0	0	4	3	1	0	0	0	0
CR_09550C_A	NUO1	0	0.999	0	0	5	1	5	3	0	0	0	0	2	1	1	3	0	0	0	0	0	0	2	0	0	1	0	0	0	0	0	0	1	0	1	0	0	0	0	0	0	0	0	0	2	1	0	0	0	1.898	0	1	1	0	0	0	0	0	0	0
CR_09560C_A	CR_09560C_A	0	0	1	0	1.306	4	5	1	1.363	0	1	1	2	1	0	0	2	0	1	1	3	1	1	4	1	4	1	3.949	3.191	2	1	0	2.002	1	0	0	2	1	1	0	0	0	2	0	1	0	0	0	3.962	2	3	2	0	2	0	1	1	2.751	1.302	2
CR_09570W_A	CR_09570W_A	0	0	0	0	0	0	0	0	1	1	1	2	0	0	0	0	0	1	0	0	0	0	0	0	0	1	0	0	0	0	1	0	1	0	0	0	0	0	0	0	0	0	0	0	0	0	0	0	0	1.025	1.939	0	5	4	4	4	0	1	0	0
CR_09580C_A	CR_09580C_A	0	0	0	0	1	0	0	0	0	0	0	0	0	0	0	0	0	0	0	0	1	0	0	0	0	0	0	0	1	0	0	0	1	1	1	0	0	0	0	0	0	0	0	0	0	0	0	0	0	1	0	0	0	0	0	0	0	0	0	0
CR_09590W_A	CR_09590W_A	0	1	0	0	0	2	0	2	3	1	0	0	1	0	1	1	3	0	0	0	1	1	0	0	2	1	5	0.995	0	0	1	1	1	2	0	1	0	0	1	0	0	0	0	0	1	1	0	0	1	0	0	3	2.993	2	1.948	5	0.995	1	0	0
CR_09600C_A	YKE2	0	0	0	0	0	0	0	0	0	0	0	0	0	0	1	0	0	0	0	0	0	0	0	0	0	0	0	0	0	0	1	0	1	4	0	1	0	2	0	0	0	0	0	0	4	0	0	2	0	0	0	0	0	0	0	0	0	0	0	0
CR_09610C_A	CR_09610C_A	0.998	0	0	0	1	0	0	0	0	1	1	1.999	0	0	0	0	0	0	0.892	0	3	0	0	1.009	0	1	0	0	0	0	0	2	0	0	0	0	0	0	0	0	0	1	0	0	0	0	2	1	0	0	1	0	0	0	1	0	0	1	0	0
CR_09620C_A	CR_09620C_A	0	0	0	0	0	0	0	0	0	0	0	0	0	0	0	0	0	0	0	0	0	0	0	0	0	0	0	0	0	1	0	0	0	0	0	0	0	0	0	0	0	0	0	0	0	0	0	0	0	0	1	0	0	0	0	0	0	1	0	0
CR_09630W_A	tN(GUU)4	0	0	0	0	0	0	0	0	0	0	0	0	0	0	0	0	0	0	0	0	0	0	0	0	0	0	0	0	0	0	0	0	0	0	0	0	0	1	0	0	0	0	0	0	0	0	0	0	0	0	0	0	0	0	0	0	0	0	0	0
CR_09640C_A	CR_09640C_A	0	0	0	0	0	0	0	0	0	0	2	0	1	0	0	0	0	0	0	0	0	0	0	0	0	0	0	0.968	0	0	0	0	0	0	0	0	0	0	0	0	0	0	0	1	0	0	0	0	0	0	0	0	0	0	0	2	0	0	0	0
CR_09650W_A	WAL1	1	1	0	0	0	1	2.497	1	0	0	0.975	0	0	0	1.426	0	1	0	0	1	0	0	0	0	0	1	1	0	0	1	1	0	0	3	0	0	0	0	0	0	0	0	0	0	0	0	1	1	0	1	0	0	2	2	2	0	0	0	0	2
CR_09660W_A	CR_09660W_A	0	0	0	0	0	0	0	0	0	0	0	0	0	0	1	0	0	0	0	0	0	0	1	1	0	0	0	0	0	0	0	0	2	1	0	0	1	0	1	0	0	0	0	0	0	0	2	2	1.207	1	0	0	0	0	0	0	1	1	1	0
CR_09670C_A	CR_09670C_A	0	0	0	0	0	0	0	0	0	0	0	0	0	0	0	0	0	0	0	0	0	0	0	1	1	0	0	0	0	0	0	0	0	0	0	1	0	0	0	0	0	0	0	0	0	1	0	0	0	0	0	0	1	0	0	0	1	1.978	0	0
CR_09680C_A	RTA4	0	1	1	0	1	0	0	0	0	0	0	0	0	0	0	1	1	0	0	0	1	0	0	0	0	0	1	1	0	0	0	1	0	0	0	0	0	0	0	2	0	0	0	0	0	0	0	0	2	0	0	0	0	1.084	0	0	2	0	1	0
CR_09690C_A	PLB3	0	0	0	0	0	0	0	1	0	0	2	1	1	0	0	1	0	1	0	0	1	1	1	2	2.417	0	5	1	0	1	0	0	0	0	1	0	0	0	0	0	0	0	0	0	0	1	0	0	0	1	0	3	0	0	0	0	1	0	1	0
CR_09700W_A	CR_09700W_A	0	0	0	1	2	0	0	0	0	1.026	0	0	0	0	1	1.803	0	0	0	0	0	0	0	0	2	0	0	0	0	0	0	1	0	0	0.986	0	0	1	0	1	0	0	0	0	2	0	1	1.002	0	1	1.545	1.383	0	0	2	0	0	0	0	0
CR_09710W_A	PCD1	0	0	1	0	1	0	1.296	0.999	0	1	0	0	0	0	1	0	0	0	2	0	0	0	2	0	0	0	0	0	0	0	2	1.001	0	0	1	0	0	0	0	0	0	0	0	0	0	1	0	0	1	2	0	1	0	0	0	1.982	1	1.497	0	0
CR_09720W_A	VMA22	0	0	0	0	0	1	0	1	0	0	0	0	0	0	0	0	2	1	0	3	0	0	0	0	0	0	0	0	0	0	0	0	0	0	0	0	0	0	0	0	0	0	0	0	0	0	0	0	0	2.853	0	0	1	0	0	0	0	0	0	0
CR_09730C_A	SSF1	0	0	0	0	0	0	0	0	0	0	0	0	0	2	2	1	0	0	2	0	1	1	0	0	0	0	0	0	2	2	1	4	0	0	0	0	0	0	0	0	0	0	0	0	0	0	0	0	1	1	0	0	0	0	0	1	0	1	3	0
CR_09740W_A	RRP3	0	0	1	2.215	1	7.391	4	1.001	3	2	2.99	2	0	1	2	1	0	1.999	3.999	1	2.001	2.233	1	2	3	5.004	3	0	2	5	1.884	3	3	0	4	0	1	0	1	4	2	1	0	1	1	3	4	4	6	3.752	8	0	1.025	6.055	9	1	4.856	7	3	6
CR_09750C_A	CR_09750C_A	0	0	0	0	0	0	0	0	0	0	0	0	2.005	1	3	0	0	0	0	0	0	0	0	1	4	1	2.003	1	1	3	2.138	4	0	0	0	1	0	0	1	1	0	0	0	0	0	2	0	1	0	1	0	0	5	6	0	3	0	0.994	0	1
CR_09760W_A	MED21	0	0	0	0	0	1	0.986	0	0	0	1	0	0	1	0	0	1	1	0	0	1	0	0	0	0	0	0	0	0	0	0	0	0	0	0	0	0	0	0	0	0	0	0	0	0	1	0	0	1	0	0	0	1	0	0	0	0	1	0	0
CR_09770C_A	PMT5	0	0	0	0	1.758	1	0	0	0	1	2	0	0	2	0	1	0	0	2	1.014	0	0	0	0	1.998	1.016	0	3	0	0	0	1	0	0	1.199	0	0	0	0	0	0	0	0	0	0	0	0	1	0	0	0	3	1	1	1	1	1	0	2.839	2
CR_09780C_A	IFA14	0	2	0	0	1	1	0	1.819	3	0	0	0	1	0	1	1	0	0	1	1	0	0	1	0	2	0	0	2.007	1.004	0	0	0	2	0	0	1	0	1	0.994	2.917	1	1	0	0	1	1	1	0	0	1.306	0	2	3.52	3	4	2	0	1	1.142	1.792
CR_09790W_A	ALO1	2	1	1	0	1	1	1	1	1	0	0	0	0	0	0	0	10	5	7	7	1	1	0	1	0	0	0	0	0	0	0	0	0	0	0	0	0	2	0	0	0	0	0	0	0	1	0	0	0	0	0	0	2.077	5	6	2	0	3	0	0
CR_09800C_A	CR_09800C_A	1	1	0	1	0	0	2	0	0	0	0	0	7	8	8	4	1.71	0	0.99	0	3	2	2.992	4	0	0	2	1	2	0	0	0	0	0	0	0	0	0	1	0	0	1	0	0	0	0	0	0	0	0	1.154	2	1	1	1	1	3.191	0	0	0
CR_09810W_A	CR_09810W_A	0	0	0	0	0	1	0	0	1	0	0	1	0	0	0	1.269	0	0	0	0	0	0	0	1	2	0	0	1	0	0	0	0	0	0	1	1	1	0	0	0	0	0	0	0	1	0	0	0	0	2.876	0	1	0	1	0	0	1	1.099	0	0
CR_09820C_A	CR_09820C_A	0	0	0	0	0	2	0	0	1	0	0	0	0	0	0	0	0	0	0	0	0	0	0	0	0	0	0	0	1.003	0	0	0	0	1.335	0	0	0	0	0	0	0	0	0	0	0	1	1	0	0	0	1	0	0	0	1	0	0	0	0	0
CR_09830W_A	CR_09830W_A	0	0	1	0	0	0	0	1	0	1	1	0	0	0	0	1	0	0	0	0	0	0	0	0	0	1	0	1	2	0	0	0	1	0	1	0	0	0	2	0	0.96	0	0	0	1	0	0	0	1.186	0	1	0	1	3	2	2	0	1	0	0
CR_09840C_A	CR_09840C_A	0	0	0	0	0	0	1	0	0	0	0	0	1	0	0	0	0	0	0	0	0	0	0	0	0	1	1.897	0	0	0	0	0	0	0	0	0	0	0	0	0	0	0	0	0	0	0	0	0	0	0	0	0	1	0	2.864	1	0	0	0	0
CR_09850C_A	FGR46	7	6	10	3	12	6	8	10	4	4	6	5	7	4	6	11.012	14	5	7	5	6	5	5	6	6	6	11.167	11	11	5.005	4	12	8	4	11	7	6	3	4	3	4	4	5	4	11	6.188	3.123	8	14	14	9.226	10	11	10	19	16	10	9	18	12
CR_09860W_A	YTA6	0	0	1	0	2	0	1	1	0	0	0	1	0	1	1.012	0	4	2	2	2	0	1	0	1	1	0	0	1	0	0	1	1	0	0	0	0	1	0	2	0	0	0	1	1	0	0	0	0	1	0	0	1	0	0	0	0	0	1.374	0	1
CR_09880W_A	DEF1	1	0	0	0	0	1.997	0	0	0	0	0	2	0	0	0	0	0	0	0	0	0	0	1.951	0	4.995	2	1	0	0	0	2	0	0	1	0	0	0	0	0	0	0	0	0	0	1	0	0	0	0	0	0	0	0	0.982	0	0	0	0	2	0
CR_09890C_A	BET2	0	0	0	0	1	0	0	0	0	1	0	1	0	0	0	0	0	0	0	0	0	0	0	0	0	0	0	0	0	0	0	1	0	0	0	0	0	0	0	1	1	0	0	0	0	0	0	0	1	0	0	0	0	0	0	0	0	0	0	0
CR_09900C_A	DPB2	0	2	0	1	0	1.074	0	1	0	2	2	1	2	2.125	0	0	0	1	0	1	0	0	0	0	1	1.95	0	0	0	0	0	0	1	0	1	0	0	0	0	0	0	0	0	0	0	0	1	1.211	0	0	2	1.524	1.001	1	1	0	3	5.623	0	5.309
CR_09910W_A	GNP3	0	0	0	0	0	0	1	1	0	1	0	1	0	0	0	0	0	0	0	0	0	1	0	0	0	1	0	0	0	0	1	0	0.949	0	0	0	0	0	0	0	0	0	0	0	1	0	0	0	0	0	2.084	0	2	0	1	2	0	0	0	0
CR_09920W_A	CR_09920W_A	0	0	0	0	3.445	2	1	1	0	0	0	0	5	3	2	3	0	0	0	0	0	0	0	0	0	0	0	1	1	1	0	0	0	0	0	0	0	1	0	0	0	0	0	0	6	1	4	5	0	0	0	0	6	10	5	3	0	0	0	0
CR_09930W_A	CR_09930W_A	0	0	0	0	0	0	1	1	0	1	0	0	0	0	0	0	1	1	0	0	1	0	0	0	1	0	1	0	1	0	1	0	0	0	0	0	0	1	0	1	0	0	0	0	0	0	0	0	2.969	0	0	0	0	0	0	0	0	1	0	1
CR_09940W_A	CR_09940W_A	1	0	0	0	0	0	0	0	0	0	0	0	0	0	0	0	0	0	0	0	0	1	1	1	0	0	0	0	0	0	0	0	1	0	0	0	0	0	0	0	0	0	0	0	0	0	0	0	0	1	1	0	0	0	0	1	0	0	0	0
CR_09950C_A	SIK1	0	0	0	0	0	1	0	0	4	7	5	4	0	0	0	0	1	0	0	0	1	0	0	0	0	0	2	0	0	0	0	1	0	1	0	0	0	1	0	0	0	0	0	1	0	0	0	0	0	0	1	2	1	0	0	0	1.063	0	1.694	0
CR_09960C_A	UGA3	1	0	0	0	0	1.01	0	3	0	0	0	1	0	0	1	2.002	6	2	2	0	3	0	1	0	0	0	0	0.998	0	2	1	0	0	0	0	0	0	0	0	0	0	0	0	2	1	0	1	0	0	1	1	1.326	2	0	0	2	0	0	0	0
CR_09970W_A	UBC4	0	0	0	0	0	0	0	1	1	0	0	0	0	0	0	0	0	0	0	1	0	0	0	0	0	1	0	1	0	0	0	0	1	0	0	0	0	0	0	0	0	0	0	0	0	0	0	0	0	0	0	0	0	0	0	0	0	0	0	1
CR_09980W_A	SPT7	0	0	0	3	5	4.439	4.843	5	0	2	0	3	0	1	1	1	0	0	1	2	2.24	1	0	0	2.056	0	0	4	1.108	0	0	0	4	1	1	0	0	0	0	0	0	2	0	0	1	0	1	0	0	3	0	2.771	0	0	2	1	1.05	5.312	2.242	0
CR_09990W_A	CR_09990W_A	0	1.3	0	0	2	2	0	1	2	1	0	2	2	2	0	1	0	0	1.986	1	0	0	1	0	1.056	3	4.065	1	6.738	3	5	1	1	1	0	0	2	0	0	0	0	1	0	0	0	3	7	5	2.035	2	2	2	2	0	0	0	2	2.423	0	3.101
CR_10000C_A	CR_10000C_A	0	0	0	0	0	0	0	0	0	0	0	0	0	0	0	0	0	0	0	0	0	0	0	0.984	1.775	0	0	0	0	0	0	0	0	0	0	0	0	0	0	0	0	0	0	0	0	0	0	0	0	0	0	0	0	0	0	0	0	1	0	0
CR_10010C_A	MSS51	0	0	0	0	0	0	1	1	0	0	0	0	0	1	0	1	0	0	0	0	0	0	0	0	0	1	0	0	0	1	0	0	0	0	0	0	1	0	0	0	0	0	0	0	0	1	0	0	0	0	0	0	1	0	0	1	1.948	0	0	0
CR_10020C_A	YOS9	0	0	0	0	0	0	0.992	0	0	0	0	0	2	1	0	0	0	0	0	0	2	0	0	1	0	0	0	0	0	0	0	1	0	0	0	0	0	0	0	0	0	0	0	0	0	0	0	0	0	0	0	0	0	0	0	0	0	0	0	0
CR_10030W_A	FGR34	0	0	0	1	0	0	0	0	0	0	1	2	0	0	0	0	0	0	0	0	1	0	0	0	0	0	2	1	0	0	1	1.001	1	0	0	1	1	0	0	0	0	0	0	0	2	0	0	1	0	0	0	0	1	0	1	0	2	0	0	0
CR_10040W_A	CR_10040W_A	0	0	0	0	0	0	0	0	1	0	0	0	0	0	0	0.988	0	0	0	0	0	0	0	0	0	0	0	1	0	0	0	0	0	0	0	0	0	0	1	0	0	0	0	0	0	0	0	0	0	0	0	0	0	0	0	1	1	0	0	0
CR_10060W_A	CR_10060W_A	4	3	4	2.712	1	1	1	1	1	1	0	0	0	0	0	0	0	0	3	2	0	0	1	2	0	0	0	0	0	1	1.212	0	0	0	0	0	0	3	0	0	0	0	0	0	0	0	0	0	0	0	0	0	0	1	0	1	1	2	0	2.598
CR_10070C_A	ZCF39	0	1	0	0	3	3	1	3	0	0	0	0	0	0	0	0	0	0.98	0	1	1	1	2	0	0	0.942	1	0	1	1	1.997	0	1	0	1	0	0	0	0	1	0	0	0	0	2.784	1	1	2	1	0	0	0	1	6.02	3	3	2	0	0	1
CR_10100C_A	INO1	2	4	5	2	1	1	0	1	0	0	0	0	0	0	0	0	1	0	2	0	0	0	2	0	0	0	0	0	0	1	0	0	0	0	0	0	0	0	0	0	0	0	0	0	1	1	1	2	1	0	0	0	0	1	2.999	1.951	1	0	0	0
CR_10110W_A	CHT3	0	0	0	0	0	0	0	1	0	0	0	0	0	0	0	0	0	0	2	0	0	0	0	0	0	0	0	0	0	0	0	0	0	0	0	0	0.998	0	0	0	0	0	0	0	0	0	0	0	0	0	1	0	1	0	1	1	1	0	0	1
CR_10120C_A	CR_10120C_A	0	0	0	0	0	0	0	1	0	0	0	0	0	0	0	0	0	0	0	0	0	0	0	0	2	0	0	1	1	0	0	0	0	0	0	0	0	0	0	0	0	0	0	0	0	0	0	0	0	0	0	0	0	0	1	0	1	0	0	0
CR_10130W_A	CR_10130W_A	0	1	0	0	1	0	0	1	0	0	0	0	0	0	2	0	0	0	0	0	0	0	0	0	2	2	1	0	1	2	0	0	0	1	1	1	1	0	0	0	1	1	0	0	1	0	0	1	0	1.752	0	1.875	1.001	2.005	1	0	3.626	2	2	1
CR_10140W_A	CR_10140W_A	0	0	0	1	2	0	0	1	3	7	5	4	0	0	0	1	0	0	0	0	4.999	2	5	6	1.016	1	0	0	2	5	4	0	1	0	1.273	1	1	5	3	0	0	0	0	0	1	1.09	2	0	0	0	0	0	0	0	1	0	0	1	0	0
CR_10160W_A	FAA4	4	4	3	5	3.001	2.975	5	7	1	3	3	2	0	0	0	0	0	0	0	0	10.891	4	8.966	7	9	5	6.004	2	0	1	0	0	0	0	1	1	2	5	1	4	0	1	0	0	1	0	0	1	1.308	0	1	0	5	2.073	7.992	6	1	1.091	0	0
CR_10170C_A	CR_10170C_A	0	0	1	0	0	0	0	0	0	0	1	0	0	0	0	0	0	0	0	0	0	1	0	0	0	0	0	0	0	0	0	0	0	0	0	0	0	0	0	0	0	0	0	1	0	0	0	0	2.42	0	0	0	0	0	0	0	0	0	0	0
CR_10180W_A	CR_10180W_A	0	0	0	0	0	0	0	0	0	1	2	0	0	0	0	0	0	0	0	0	0	0	1	0	1	0	0	0	0	0	0	0	0	0	0	0	0	0	0	0	0	1	0	0	0	0	1	0	0	0	0	0	0	1	0	0	0	0	0	0
CR_10190C_A	CR_10190C_A	0	0	0	1	1	2	1	0	0	0	0	0	0	0	0	0	1	0	0	0	0	0	0	0	1	0	1	0	0	0	1	2	0	0	1	1	3	6	6	4	0	1	0	0	0	0	0	0	0	0	0	0	1	0	1	0	0	0	1.569	0
CR_10200W_A	CR_10200W_A	0	1	0	0	0	0	0	0	0	1	0	1	0	0	0	0	0	0	0	0	1	0	0	0	0	0	0	0	1	0	0	0	1	0	0	0	0	0	0	0	0	0	0	0	0	0	0	0	0	0	0	0	0	0	0	0	0	1	0	0
CR_10210W_A	PGA12	0	0	0	0	0	0	0	0	0	0	1	0	0	0	0	0	0	0	0	0	0	1	0	0	0	0	0	1	0	0	0	0	0	0	0	0	0	0	0	0	0	0	0	0	0	0	0	0	0	0	0	0	0	0	0	0	0	0	1.698	0
CR_10230W_A	CR_10230W_A	0	0	0	0	1	0	0	0.849	0	0	0	0	1	0	0	0	0	0	0	0	1	0	0	0	0	0	0	0	0	0	0	1	0	0	0	0	0	0	0	0	0	0	0	0	0	0	0	0	0	0	0	0	0	0	0	0	1	2	1	1
CR_10240W_A	UTP5	0	0	0	0	0	0	0	0	0	0	0	0	1	0	0	0	0	0	0	0	0	0	0	0	0	0	0	0	1	0	0	0	0	0	0	0	0	1	0	2	0	0	1	0	1	0	3	1	0	0	0	0	0	0	2	0	0	0	0	1.157
CR_10250C_A	FDH3	0	0	0	0	1	0	0	0	0	1	0	1	1	0	0	0	0	0	0	0	2	4	3	6	0	1	1	0	3	3	1	0	0	0	0	0	0	1.812	0	0	0	0	0	0	1	0	1	0	0	0	0	0	0	0	0	0	0	0	0	1
CR_10260W_A	CR_10260W_A	0	0	0	0	1	0	0	0	0	1	0	0	0	0	0	0	0	0	0	0	0	1	0	0	0	1	0	0	0	0	0	0	0	0	0	0	0	2	1	0	1	0	0	0	0	0	0	0	0	0	0	1	0	1	0	0	1.001	1.659	1	0
CR_10270C_A	AHA1	1	0	0	0	0	0	0	0	0	0	0	1	0	0	0	0	0	0	0	0	0	0	0	0	0	1	0	0	1	1	0	0	0	0	0	0	0	0	0	0	0	0	0	0	0	0	0	0	0	0	1	0	0	0	0	1	0	0	0	0
CR_10280W_A	CR_10280W_A	0	0	0	0	0	0	1	0	0	0	0	0	1	0	0	0	0	0	0	1	0	0	0	0	0	0	1	0	0	0	0	0	0	0	0	0	0	0	0	0	0	0	0	0	0	0	0	1	0	0	0	0	0	0	0	1	0	1	0	0
CR_10290C_A	CR_10290C_A	0	0	0	1	1	1	0	2	1	1	1	0	1	0	0	0	0	1	2	0	0	0	1	0	4	1	1	0	0	1	1.064	0	0	1.007	2	1	1	0	0	0	0	1	0	0	1	0	1	2	1	0	1	1.143	1.84	2	0	3.198	2.58	2.225	0	0
CR_10300W_A	PUP1	1	1	0	1	0	0	0	0	0	0	0	0	0	2	0	0	8	1	1	3	0	0	1	3	1	0	0	0	3	0	2	2.596	0	0	0	0	0	0	0	0	0	0	0	0	0	0	2	0	0	0	0	0	0	0	0	0	0	0	0	0
CR_10310W_A	CR_10310W_A	0	0	0	0	0	0	0	0	0	0	0	0	0	0	0	0	0	0	0	0	0	0	0	0	0	0.973	0	0	0	0	0	0	0	0	0	0	0	0	0	0	0	0	0	0	0	0	0	0	0	0	0	0	0	0	0	0	0	0	0.803	0
CR_10320W_A	CR_10320W_A	0	0	0	0	0	0	0	0	0	0	0	0	0	0	0	0	0	0	0	0	0	0	0	0	0	0	0	0	0	0	0	0	0	0	0	0	0	1	0	0	0	0	0	0	0	0	0	0	0	0	0	0	0	0	0	0	0	0	0	0
CR_10330W_A	PGA11	0	0	0	0	0	0	1	0	0	0	0	0	0	0	0	0	0	0	0	0	0	0	0	0	0	0	0	0	0	0	0	0	0	0	0	0	0	0	0	0	0	0	0	0	0	0	0	0	0	0	0	0	0	0	0	0	1	0	0	0
CR_10340W_A	PTP3	0	0	2	0	1	0	0	0	0	0	0	0	0	0	1	0	1	1.002	0	0	0	1	1	0	0	1	0	0	1	0	1	0	0	0	1	0	0	1	0	1	0	0	0	0	2	2	1	3	0	0	1	1.238	1.868	3.76	2	0	2	0	0	1.08
CR_10350C_A	TRX1	0	0	0	0	0	0	0	0	0	0	0	0	2	2	1	3	3	0	4	1	0	0	0	0	0	0	0	0	0	0	0	0	0	0	0	0	2	4	2	3	0	0	0	0	2	1	0	2	0	0	0	0	1	0	0	1	0	0	1	0
CR_10360C_A	CTM1	0	0	0	0	1.316	2	0	2	0	0	0	0	7.998	0	2	1	0.982	0	0	0	0	0	1.021	0	1	0	0	0	2	2	0	0	1	0	0	0	0	0	0	1	1	0	0	0	0	0	0	1	1	1	0	1	0	0	0	0	2	0	1	1
CR_10370W_A	HCR1	1	1	2	0	5	3	4	3	4	8	7	0	0	0	0	0	0	0	0	0	2	2	1	2	0	0	0	0	2	1	3	3.928	0	0	0	0	2.999	3	7	2	1	0	1	0	2.001	1	0	0	0	0	0	0	2	3	2	2	4	1	0	0
CR_10380C_A	CR_10380C_A	0	0	0	1	0	0	0	0	0	0	0	0	1	0	1	1	0	0	0	0	0	0	0	0	1	0	1	0	2	1	0	0	0	0	0	1	2	1	0	0	0	0	0	0	0	0	0	0	0	0	1	0	1	0	0	0	0	0	0	0
CR_10390W_A	CR_10390W_A	0	0	0	1	0	0	0	0	0	0	0	0	1	1	4	3	0	1	0	1	0	0	0	0	0	0	0	0	0	0	1	0	0	0	0	0	0	0	0	0	0	0	0	0	0	0	0	0	0	1.686	0	1	0	0	0	0	1	0	0	0
CR_10400W_A	CR_10400W_A	0	0	1	0	0	0	0	0	0	0	0	0	0	0	0	0	0	0	0	0	1	0	0	0	2	1	4	1	0	0	0	0	0	0	0	0	0.947	0	0	0	0	0	0	0	0	0	0	0.921	0	0	0	0	1	0	0	0	0	0	0	0
CR_10410C_A	PNO1	0	0	0	0	0	1	0	0	0	0	0	0	0	0	0	1	0	1	0	0	1	0	0	0	0	1	0	0	0	1	0	0	0	0	1	0	0	0	0	0	0	0	0	0	1	0	0	1	0	0	0	0	0	1	0	0	0	0	0	0
CR_10420W_A	CR_10420W_A	0	0	0	0	1	1	1	2	1	0	0	0	0	0	0	0	0	0	0	0	0	0	0	2	0	0	1	0	0	1	0	0	0	0	1	0	0	1	0	0	0	0	2	1	0	0	1	2	0	0	1.015	1	3	0	0	0.965	1	1.294	3	1.364
CR_10430C_A	CR_10430C_A	0	0	0	0	0	0	0	0	0	0	0	0	0	0	0	0	0	0	0	1	0	0	0	0	0	0	0	0	0	0	0	0	0	0	0	0	0	0	1	0	0	0	0	0	0	0	0	0	0	0	0	0	0	1	0	0	0	1	0	0
CR_10440W_A	CR_10440W_A	0	0	0	0	0	1	1	0	0	0	0	0	0	0	0.997	0	2	1	0	0	1	0	0	0	1	0	0	1	1	0	0	0	0	0	0	0	2	1	0	0	0	0	1	0	3.001	1	2	0	2.522	1.017	1	0	1	1	0	0	0	1	0	0
CR_10450C_A	SPT3	0	0	0	0	0	0	0	0	0	0	1	0	0	0	0	0	0	1	0	0	0	1	0	0	2	0	0	1	0	0	0	1	0	0	0	0	0	0	0	0	0	0	0	0	0	0	0	1	0	1	0	0	0	0	1	0	0	0	0	1
CR_10460W_A	CR_10460W_A	0	0	0	0	0	0	0	0	3	4	3	3	4	3	7	11	10	16	13	12	6	4	10	6	5	2	7	2	6	8	11	5	5	7	6	3	3	5	2	3	0	0	0	0	5	5	10	8	0	0	0	0	11	10	7	9	0	0	0	0
CR_10470C_A	CR_10470C_A	0	1	0	0	0	0	2	0	0	0	0	0	1	0	0	0	0	0	0	0	0	0	0	0	0	0	0	0	1	0	0	0	0	0	0	1	0	0	0	0	0	0	0	0	0	1	0	0	1	0	1	1	1.676	0	0	0	0	0	0	0
CR_10480W_A	PGA1	0	0	0	0	0	0	0	0	0	0	0	0	0	0	0	0	0	0	0	0	1	0	0	0	0	0	0	0	0	0	0	0	0	0	0	0	0	0	0	0	0	0	0	0	0	0	0	0	0	0	0	0	0	0	0	0	0	0	0	1
CR_10490W_A	EIF4E	0	0	0	0	1	0	2	0	1	1.951	0	0	0	1	0	0	0	0	0	0	0	0	0	0	0	0	1	0	0	0	0	0	0	0	0	0	0	0	0	1	0	0	0	0	0	0	0	0	0	0	0	0	0	0	0	0	1	1	0	0
CR_10500C_A	CR_10500C_A	0	0	1	0	0	0	1	0	0	0	0	0	0	0	0	0	0	0	0	1	0	0	2	0	0	0	0	0	0	1	0	0	1	0	1	1	0	0	0	0	0	0	0	0	1	0	1	0	0	0	1.187	1	0	1	1	0	0	0	0	2
CR_10510W_A	RTC1	0	3	0	1	1	0	0	0	0	0	0	0	0	0	1.017	2	0	0	2	0	2	1	1	1	1	0	0	0.984	1	0	0	1.001	0	0	0	0	0	1	0	0	0	2	0	0	3	0	2.033	2	2.647	0	2.36	0	0	2	1	1	0	2	0	0
CR_10520C_A	SLD5	0	1	0	2	0	0	0	0	0	0	0	0	0	0	1	0	0	1	0	0	0	0	1	0	0	0	0	0	1	0	0	0	0	0	0	0	0	0	0	0	0	0	0	0	0	0	0	0	1	0	0	2	0	0	0	0	1	0	0	0
CR_10530W_A	CR_10530W_A	0	0	0	0	0	0	0	0	0	0	0	0	0	0	1	0	1	0	0	0	0	0	0	0	1	0	0	0	0	0	0	1	0	0	0	0	1	0	0	0	0	0	0	0	0	0	0	0	0	0	0	0	0	0	0	0	0	0	0	0
CR_10540C_A	MCD1	2	0	0	0	1	0	0	0	1	0	0	2	0	0	0	0	0	0	0	1	0	1	1	0	0	0	1.531	0	0	0	1	0	1	1	0	0	2	0	0	0	0	0	0	1	0	0	0	0	0	0	0	2	0	1.389	2	0	1	2.003	2	1
CR_10550W_A	DRS1	0	0	0	0	0	0	0	0	0	0	0	1	1	0	0	0	0	0	1	0	0	0	0	0	0	0	0	0	0	0	0	0	0	1	0	1	1	0	0	0	0	0	0	0	0	2	0	1	0	0	0	1	1	1	2	2	0	0	0	0
CR_10570C_A	YHB4	0	0	0	0	1.041	0	0	0	0	0	0	0	0	0	0	0	1	1	0	0	0	2	0	0	0	0	0	0	2	4	1	2	0	0	1	0	0	0	0	1	0	0	0	0	0	1	0	0	1	0	2.738	0	1.894	2	0	0	1	1	0	2
CR_10580W_A	PRO1	0	0	0	0	0	0	2	0	0	0	0	0	2	0	0	0	2	2	0	2	0	0	0	0	1	0	0	1.187	0	0	0	0	0	0	0	0	0	0	0	0	0	0	0	0	0	2	1	1	0	1	1	0	0	1	2	1	0	0	0	1.204
CR_10590W_A	CR_10590W_A	0	0	0	0	1	1	0	3	0	0	1	0	1	1	2	1	2	4	4	3	1	1	0	0	4.03	0	1	0	1	1	1	0	2	0	1	1	2	0	1	0	0	1	1	0	0	1	1	1	1	0	0	0	0	0	2	0	0	2	1.257	1.589
CR_10600C_A	CR_10600C_A	0	0	0	0	0	0	0	0	0	0	0	0	0	1	0	0	4	1	1	3	3	3	3	3	2	4	4	2	0	1	0	0	0	0	0	0	0	0	0	0	0	0	0	0	3	3	4	2	0	1	0	0	0	0	0	0	1	0	0	1.452
CR_10610C_A	CR_10610C_A	0	0	0	0	0	0	0	0	0	0	0	0	0	0	0	0	0	0	0	0	0	1	1	0	0	0	0	0	0	0	0	0	0	0	0	0	0	0	0	0	0	0	0	0	1	0	1	1	0	0	0	0	0	0	0	0	0	0	1	0
CR_10620C_A	CR_10620C_A	0	0	0	0	0	0	0	0	1	0	1	2.011	0	0	1	0	0	1	0	1.393	0	0	0	0	1	0	1	0	3	0	0	1	1	0	0	0	0	0	1.016	0	0	0	0	1	0	0	0	1	0	0	0	0	1	0	0	1	0	1	0	1.369
CR_10630W_A	CR_10630W_A	0	0	0	0	0	1	1	0	0	0	0	0	1	0	0	0	0	0	0	0	0	1	0	0	0	1	2	0	0	0	1	0	0	0	1	0	0	0	0	1	0	0	0	0	0	0	0	0	0	0	1	0	0	1	1	0	0	0	0	0
CR_10640W_A	CR_10640W_A	0	0	1	0	0	0	0	1	0	0	0	0	2	0	0	0	0	0	0	1	0	0	1	0	0	0	0	0	0	0	0	0	0	0	0	0	0	0	0	0	1	0	0	0	0	0	1	0	0	0	0	1	0	0	0	0	0	0	0	0
CR_10650W_A	LTV1	0	2	0	0	0	0	0	0	0	0	0	0	0	0	0	0	1	0	0	0	0	0	1	0	1	0	0	0	2	0	1	1	0	0	0	1	0	0	0	0	1	0	0	0	1	0	0	0	0	0	0	3.556	0	0	0	1	0	0	0	2
CR_10660W_A	CKA1	0	0	0	0	0	0	1	0	0	0	0	1	0	1	0	0	0	0	0	0	0	0	0	1	1	0	0	0	0	0	0	0	1	0	0	0	1	0	0	0	0	0	1	0	1	0	1	2	0	0	0	0	3	1	1	0	1	0	0	1
CR_10670W_A	CPR6	0	0	0	0	0	0	0	0	0	0	0	0	1	0	0	0	1	0	0	0	2	2	0	1	0	0	1	0	0	0	0	1	1	0	0	0	0	0	0	0	0	0	0	0	0	0	0	0	0	0	0	0	0	0	0	0	0	0	2	0
CR_10680W_A	RPO21	0	1.008	0	1	0	1	0	0	2	0	2	0	1.295	2	0	1	1	0	1	0	0	0	1	1	0	1	0	1.003	6	3	9	3	0	0	0	0	2	0	0	1	0	3	0	0	0	0	0	1	0	0	0	1.159	3	1	4	3.962	0	0	1	1.02
CR_10690W_A	POP3	0	1	2	0	1	3	0	1	0	0	0	1	0	1	1	1	1	0	1	2	0	0	0	1	2	2	1	3	0	2	2	3	0	0	0	0	0	0	0	1	1	0	1	1	1	1	2	1	0	1	0	1	1	1	1	0	0	0	3	1.92
CR_10700W_A	RFC4	0	0	0	0	0	0	0	0	0	0	0	0	0	0	0	0	0	1	0	1	1	1	3	1	0	0	0	0	0	0	0	0	0	0	0	0	0	0	0	0	0	0	0	0	0	0	0	0	0	0	0	0	0	1	1	0	1.913	0	0	0
CR_10710C_A	VPS52	0	0	0	1	0	1	0	0	0	0	0	0	0	0	0	0	0	0	0	0	0	0	0	0	2	0	0	0	0	1	0	3.499	1	0	0	0	0	0	0	0.999	0	0	0	0	0	1	0	0	1	0	0	0	1.621	0	0	0	1.266	2.593	1.154	1
CR_10720W_A	HMI1	1	0	0	1	1	0	1.672	0	0	0	0	1	0	0	0	0	1	0	0	0	0	0	0	1	0.773	0	0	0	1	0	0	0	0	0	0	0	1	0	0	1	0	0	0	0	0	0	0	0	0	0	0	0	1	0	0	0	0	0	0	0
CR_10730C_A	CR_10730C_A	0	0	0	0	1.593	0	0	0	3	1	1	1	0	0	0	0	0	0	0	0	3	1	1.396	0	0	0	2	1	0	1	0	0	0	0	0	0	0	0	1	0	0	0	0	0	1	3	8	1	0	1.663	0	0	0	1	1	2	1	0	1	0
CR_10740W_A	CSM1	0	2	0	0	0	0	0	0	0	0	0	0	0	0	0	1	0	0	0	0	0	0	0	0	0	0	0	0	0	0	1	0	0	0	0	0	0	0	0	0	0	0	1	0	0	0	0	0	0	0	2	1	2	2	5	1	0	0	0	0
CR_10750C_A	CR_10750C_A	0	0	0	0	0	2	2	3	0	1	0	0	1	3	1	0	0	0	0	0	3	0	0	1	0	0	0	0	0	0	0	0	0	0	1	0	4	2	1	1	0	1	0	0	0	0	0	0	0	0	0	0.959	0	0	0	2	0	0	1	0
CR_10760C_A	COX16	0	0	0	0	0	0	0	0	0	0	0	0	0	0	0	0	0	0	0	0	0	0	0	0	1	0	0	0	0	0	0	0	0	0	0	1	0	0	0	0	0	0	0	0	0	0	0	1	0	0	1	0	0	0	0	0	1	0	0	0
CR_10770W_A	CR_10770W_A	1	1	0	0	0	0	0	0	0	2	3	0	0	0	0	0	4	5	2	3	0	1	0	0	1	0	1	0	1	0	0	0	0	1	0	1	0	0	0	0	0	0	0	0	0	0	0	0	1	1	0	0	1	1	0	0	2.745	2	2	0
CR_10780C_A	IAH1	0	0	2	0	0	1	1	1	0	0	0	0	1	1	1	0	0	1	0	0	1	1	0	2	0	2	1	2	0	3	1	1	0	0	0	2	0	0	0	0	1	1	0	1	1	0	1	0	0	2	0	0	1	0	0	1	3.77	0	0	1
CR_10790W_A	MAL2	0	0	0	0	0	0	0	0	0	0	0	0	0	0	1	0	0	0	0	0	1	1	0	0	0	1	0	0	3	2	0	2	0	0	0	0	2	1	1.141	1	0	0	0	0	1	0	2	0	0	0	0	1	2	3	3	3	0	1	0	1.632
CR_10800C_A	CR_10800C_A	0	0	0	0	1.032	1	0	1	2	2	2	1	0	0	1	0	0	0	1	0	0	0	0	1	0	1	0	0	2	1	3.039	2	0	2	0	0	2	2	1	1	0	0	0	0	0	3	1	1	1	2	2	0	3	1	5	6	0	1	1.114	0
CR_10810C_A	CR_10810C_A	0	0	0	0	1	1	0	0	0	1	1	0	1	0	0	0	0	0	0	0	0	0	0	0	1	0	0	0	2	1	3	1	0	1	0	0	1	0	0	0	0	0	0	0	0	0	0	0	0	0	0	0	2	1	0	2	0	0	0	1
CR_10820W_A	CR_10820W_A	0	1	0	0	0	2.097	2	0	0	0	0	0	0	0	0	0	0	0	0	0	0	0	0	0	0	0	0	0	0	0	0	0	0	0	0	0	0	0	0	0	0	0	0	0	1	0	0	0	0	0	0	0	0	0	0	0	0	0	1	0
CR_10830C_A	CR_10830C_A	0	0	0	0	0	1	0	0	0	0	0	0	0	0	0	0	0	0	0	0	0	2	0	0	0	0	1	0	0	0	0	0	0	0	0	0	0	0	0	0	0	0	0	0	0	0	0	0	0	0	0	0	0	1	0	0	1	0	0	0
CR_10840C_A	XYL2	0	0	0	0	1	1	1	4	0	0	1	0	0	0	0	0	1	0	0	0	0	0	0	0	0	0	0	0	0	0	0	0	5	2	0	0	0	0	0	0	0	0	0	0	2	1	1	0	1	0	0	0	0	2	0	0	0	0	0	0
CR_10850C_A	ATP16	0	0	0	0	0	0	1	2	7	7	5	7	4	8	1	8	1	1	0	2	2	2	1	3	4	2	3	4	0	1	0	0	0	0	0	0	0	0	0	0	0	0	0	0	6	2	0	1	0	0	0	0	1	0	0	0	0	0	0	0
CR_10860C_A	CTA26	0	0	0	0	0	0	0	0	0	0	0	0	0	0	0	0	1	2	7	1	0	0	0	0	0	0	0	0	2.392	5.709	1.198	1.304	0	0	0	0	0	0	0	0	0	0	0	0	0	0	0	0	0	0	0	0	2	3	10	2	0	0	0	0
