transcript_id	gene_id	gene_name
C1_04140W_A-T	C1_04140W_A	IFD6
C1_05540C_A-T	C1_05540C_A	C1_05540C_A
C1_03420W_A-T	C1_03420W_A	tN(GUU)3
C1_04990C_A-T	C1_04990C_A	C1_04990C_A
C1_01040W_A-T	C1_01040W_A	C1_01040W_A
C1_09490C_A-T	C1_09490C_A	GUA1
C1_10010C_A-T	C1_10010C_A	SWE1
C1_02150W_A-T	C1_02150W_A	GAL10
C1_13350W_A-T	C1_13350W_A	STP2
C1_07490C_A-T	C1_07490C_A	C1_07490C_A
C1_01160C_A-T	C1_01160C_A	C1_01160C_A
C1_11390W_A-T	C1_11390W_A	C1_11390W_A
C1_09160W_A-T	C1_09160W_A	AOX1
C1_01650W_A-T	C1_01650W_A	ISN1
C1_08510W_A-T	C1_08510W_A	EAF6
C1_13020C_A-T	C1_13020C_A	SPC3
C1_00230C_A-T	C1_00230C_A	BFA1
C1_06990C_A-T	C1_06990C_A	tL(UAA)4
C1_12080W_A-T	C1_12080W_A	LCB4
C1_01860W_A-T	C1_01860W_A	C1_01860W_A
C1_09980C_A-T	C1_09980C_A	C1_09980C_A
C1_05350W_A-T	C1_05350W_A	YPT53
C1_12910W_A-T	C1_12910W_A	C1_12910W_A
C1_09290C_A-T	C1_09290C_A	ARG5
C1_12950W_A-T	C1_12950W_A	C1_12950W_A
C1_11060C_A-T	C1_11060C_A	RPL2
C1_04930C_A-T	C1_04930C_A	C1_04930C_A
C1_03790C_A-T	C1_03790C_A	FPR3
C1_02410C_A-T	C1_02410C_A	C1_02410C_A
C1_09680W_A-T	C1_09680W_A	MTS1
C1_03480C_A-T	C1_03480C_A	AGE1
C1_09610W_A-T	C1_09610W_A	C1_09610W_A
C1_10380C_A-T	C1_10380C_A	CBK1
C1_03680W_A-T	C1_03680W_A	ENG1
C1_02720W_A-T	C1_02720W_A	C1_02720W_A
C1_02610W_A-T	C1_02610W_A	IML1
C1_08780W_A-T	C1_08780W_A	C1_08780W_A
C1_07510W_A-T	C1_07510W_A	C1_07510W_A
C1_08500C_A-T	C1_08500C_A	ENO1
C1_06060C_A-T	C1_06060C_A	ACP1
C1_14130W_A-T	C1_14130W_A	FTR1
C1_09060C_A-T	C1_09060C_A	C1_09060C_A
C1_10180C_A-T	C1_10180C_A	ECM21
C1_12770W_A-T	C1_12770W_A	RPG1A
C1_05320C_A-T	C1_05320C_A	C1_05320C_A
C1_09960W_A-T	C1_09960W_A	PET100
C1_05820C_A-T	C1_05820C_A	RAD10
C1_12390C_A-T	C1_12390C_A	RPL27A
C1_08310W_A-T	C1_08310W_A	OPY2
C1_11020W_A-T	C1_11020W_A	C1_11020W_A
C1_01390C_A-T	C1_01390C_A	HOT1
C1_10290W_A-T	C1_10290W_A	GCA1
C1_13770C_A-T	C1_13770C_A	LCL3
C1_13300C_A-T	C1_13300C_A	RPN1
C1_13160W_A-T	C1_13160W_A	PSA2
C1_06450C_A-T	C1_06450C_A	RPS14B
C1_03930W_A-T	C1_03930W_A	C1_03930W_A
C1_06730W_A-T	C1_06730W_A	RAC1
C1_12710C_A-T	C1_12710C_A	C1_12710C_A
C1_05650W_A-T	C1_05650W_A	C1_05650W_A
C1_04520C_A-T	C1_04520C_A	PHO85
C1_14500C_A-T	C1_14500C_A	C1_14500C_A
C1_11830W_A-T	C1_11830W_A	tY(GUA)4
C1_02320C_A-T	C1_02320C_A	C1_02320C_A
C1_04390C_A-T	C1_04390C_A	NOP4
C1_01050C_A-T	C1_01050C_A	C1_01050C_A
C1_00960C_A-T	C1_00960C_A	SET1
C1_11220C_A-T	C1_11220C_A	TIM50
C1_11530C_A-T	C1_11530C_A	C1_11530C_A
C1_14220C_A-T	C1_14220C_A	FTR2
C1_11140W_A-T	C1_11140W_A	C1_11140W_A
C1_05780W_A-T	C1_05780W_A	C1_05780W_A
C1_10390C_A-T	C1_10390C_A	RPL42
C1_03720C_A-T	C1_03720C_A	C1_03720C_A
C1_08620W_A-T	C1_08620W_A	CTR2
C1_07140C_A-T	C1_07140C_A	RIA1
C1_10230C_A-T	C1_10230C_A	C1_10230C_A
C1_08450C_A-T	C1_08450C_A	CDC42
C1_03240W_A-T	C1_03240W_A	C1_03240W_A
C1_08130C_A-T	C1_08130C_A	TERT
C1_03750W_A-T	C1_03750W_A	C1_03750W_A
C1_04600C_A-T	C1_04600C_A	C1_04600C_A
C1_11000C_A-T	C1_11000C_A	CGR1
C1_13840W_A-T	C1_13840W_A	C1_13840W_A
C1_08190C_A-T	C1_08190C_A	CAT8
C1_11280W_A-T	C1_11280W_A	CWC2
C1_05010C_A-T	C1_05010C_A	C1_05010C_A
C1_11210C_A-T	C1_11210C_A	HAP43
C1_09260C_A-T	C1_09260C_A	PTC1
C1_07180W_A-T	C1_07180W_A	CCS1
C1_01290C_A-T	C1_01290C_A	C1_01290C_A
C1_02140C_A-T	C1_02140C_A	C1_02140C_A
C1_01950C_A-T	C1_01950C_A	C1_01950C_A
C1_03390W_A-T	C1_03390W_A	EHT1
C1_10440W_A-T	C1_10440W_A	C1_10440W_A
C1_11680C_A-T	C1_11680C_A	C1_11680C_A
C1_12330W_A-T	C1_12330W_A	C1_12330W_A
C1_11700C_A-T	C1_11700C_A	MRF1
C1_04380W_A-T	C1_04380W_A	SIT4
C1_11940C_A-T	C1_11940C_A	C1_11940C_A
C1_02390W_A-T	C1_02390W_A	C1_02390W_A
C1_01490W_A-T	C1_01490W_A	C1_01490W_A
C1_13530W_A-T	C1_13530W_A	C1_13530W_A
C1_08240C_A-T	C1_08240C_A	C1_08240C_A
C1_12760W_A-T	C1_12760W_A	BCP1
C1_05920W_A-T	C1_05920W_A	C1_05920W_A
C1_01700W_A-T	C1_01700W_A	ARP8
C1_10050W_A-T	C1_10050W_A	C1_10050W_A
C1_05600W_A-T	C1_05600W_A	GSL1
C1_13010W_A-T	C1_13010W_A	C1_13010W_A
C1_07710C_A-T	C1_07710C_A	ADE4
C1_00100C_A-T	C1_00100C_A	C1_00100C_A
C1_06150W_A-T	C1_06150W_A	C1_06150W_A
C1_02130C_A-T	C1_02130C_A	GAL1
C1_03500W_A-T	C1_03500W_A	YPT1
C1_10000C_A-T	C1_10000C_A	CPP1
C1_09790C_A-T	C1_09790C_A	C1_09790C_A
C1_01940C_A-T	C1_01940C_A	C1_01940C_A
C1_00460W_A-T	C1_00460W_A	C1_00460W_A
C1_08350C_A-T	C1_08350C_A	C1_08350C_A
C1_01310W_A-T	C1_01310W_A	C1_01310W_A
C1_12970C_A-T	C1_12970C_A	SEC2
C1_02450C_A-T	C1_02450C_A	C1_02450C_A
C1_06530C_A-T	C1_06530C_A	C1_06530C_A
C1_12210W_A-T	C1_12210W_A	TRP3
C1_00180W_A-T	C1_00180W_A	RPL16A
C1_13460W_A-T	C1_13460W_A	C1_13460W_A
C1_00280C_A-T	C1_00280C_A	RFC52
C1_08950W_A-T	C1_08950W_A	PFK26
C1_09810W_A-T	C1_09810W_A	C1_09810W_A
C1_11580W_A-T	C1_11580W_A	C1_11580W_A
C1_03730C_A-T	C1_03730C_A	MNS1
C1_08040W_A-T	C1_08040W_A	C1_08040W_A
C1_05360C_A-T	C1_05360C_A	C1_05360C_A
C1_07790C_A-T	C1_07790C_A	C1_07790C_A
C1_13930W_A-T	C1_13930W_A	SSK1
C1_02100W_A-T	C1_02100W_A	C1_02100W_A
C1_01060W_A-T	C1_01060W_A	MBF1
C1_00710C_A-T	C1_00710C_A	TUB2
C1_06400C_A-T	C1_06400C_A	C1_06400C_A
C1_09600C_A-T	C1_09600C_A	LIP6
C1_12150C_A-T	C1_12150C_A	C1_12150C_A
C1_14000C_A-T	C1_14000C_A	DOA4
C1_11300C_A-T	C1_11300C_A	PRP28
C1_02650W_A-T	C1_02650W_A	C1_02650W_A
C1_01010W_A-T	C1_01010W_A	C1_01010W_A
C1_03700C_A-T	C1_03700C_A	tT(CGU)1
C1_08340C_A-T	C1_08340C_A	SNX3
C1_00220W_A-T	C1_00220W_A	PHR2
C1_04310C_A-T	C1_04310C_A	GIG1
C1_12340C_A-T	C1_12340C_A	MRPS9
C1_05440C_A-T	C1_05440C_A	C1_05440C_A
C1_02270C_A-T	C1_02270C_A	C1_02270C_A
C1_07540C_A-T	C1_07540C_A	BBC1
C1_11650W_A-T	C1_11650W_A	EGD1
C1_14120C_A-T	C1_14120C_A	RBE1
C1_11360W_A-T	C1_11360W_A	RPL37B
C1_08990C_A-T	C1_08990C_A	KEX2
C1_11070W_A-T	C1_11070W_A	PET127
C1_02210W_A-T	C1_02210W_A	C1_02210W_A
C1_08090C_A-T	C1_08090C_A	FUN12
C1_12010C_A-T	C1_12010C_A	KIP4
C1_13220C_A-T	C1_13220C_A	AKR1
C1_07960W_A-T	C1_07960W_A	C1_07960W_A
C1_10360C_A-T	C1_10360C_A	C1_10360C_A
C1_12720C_A-T	C1_12720C_A	C1_12720C_A
C1_12900W_A-T	C1_12900W_A	C1_12900W_A
C1_00660C_A-T	C1_00660C_A	C1_00660C_A
C1_13890C_A-T	C1_13890C_A	tA(AGC)7
C1_14380C_A-T	C1_14380C_A	C1_14380C_A
C1_02510W_A-T	C1_02510W_A	C1_02510W_A
C1_00270W_A-T	C1_00270W_A	C1_00270W_A
C1_07070C_A-T	C1_07070C_A	DHH1
C1_00610W_A-T	C1_00610W_A	PSD1
C1_10610W_A-T	C1_10610W_A	FCY23
C1_01990W_A-T	C1_01990W_A	HSP30
C1_08860C_A-T	C1_08860C_A	C1_08860C_A
C1_06940C_A-T	C1_06940C_A	ATC1
C1_07580C_A-T	C1_07580C_A	PRY1
C1_11900C_A-T	C1_11900C_A	C1_11900C_A
C1_11340W_A-T	C1_11340W_A	PRM1
C1_00360W_A-T	C1_00360W_A	CDC13
C1_10090C_A-T	C1_10090C_A	AIM21
C1_01760W_A-T	C1_01760W_A	FGR38
C1_02250W_A-T	C1_02250W_A	CWH8
C1_09480W_A-T	C1_09480W_A	PPT2
C1_08120W_A-T	C1_08120W_A	BUD6
C1_03960C_A-T	C1_03960C_A	C1_03960C_A
C1_06160W_A-T	C1_06160W_A	C1_06160W_A
C1_08940C_A-T	C1_08940C_A	MSN4
C1_08230C_A-T	C1_08230C_A	PLB5
C1_10860C_A-T	C1_10860C_A	ADA2
C1_11930W_A-T	C1_11930W_A	C1_11930W_A
C1_13110C_A-T	C1_13110C_A	CHS3
C1_03150C_A-T	C1_03150C_A	C1_03150C_A
C1_09390W_A-T	C1_09390W_A	C1_09390W_A
C1_04300C_A-T	C1_04300C_A	SSA2
C1_07290W_A-T	C1_07290W_A	C1_07290W_A
C1_02980W_A-T	C1_02980W_A	GOR1
C1_11080W_A-T	C1_11080W_A	C1_11080W_A
C1_12090C_A-T	C1_12090C_A	C1_12090C_A
C1_08680C_A-T	C1_08680C_A	C1_08680C_A
C1_13360C_A-T	C1_13360C_A	RMP1
C1_10960W_A-T	C1_10960W_A	C1_10960W_A
C1_13170C_A-T	C1_13170C_A	MSH6
C1_07230W_A-T	C1_07230W_A	PHO15
C1_02470W_A-T	C1_02470W_A	C1_02470W_A
C1_12680W_A-T	C1_12680W_A	C1_12680W_A
C1_07270W_A-T	C1_07270W_A	SEC34
C1_12310C_A-T	C1_12310C_A	CSI2
C1_01320W_A-T	C1_01320W_A	MRS7
C1_01900C_A-T	C1_01900C_A	C1_01900C_A
C1_00740C_A-T	C1_00740C_A	SPE1
C1_05520W_A-T	C1_05520W_A	C1_05520W_A
C1_14090W_A-T	C1_14090W_A	C1_14090W_A
C1_08390C_A-T	C1_08390C_A	C1_08390C_A
C1_10450W_A-T	C1_10450W_A	GLY1
C1_05400C_A-T	C1_05400C_A	C1_05400C_A
C1_14150C_A-T	C1_14150C_A	PAM16
C1_12030W_A-T	C1_12030W_A	SER33
C1_09430W_A-T	C1_09430W_A	C1_09430W_A
C1_00470C_A-T	C1_00470C_A	C1_00470C_A
C1_06720C_A-T	C1_06720C_A	C1_06720C_A
C1_02630C_A-T	C1_02630C_A	EXG2
C1_01420C_A-T	C1_01420C_A	CRL1
C1_02090C_A-T	C1_02090C_A	C1_02090C_A
C1_00070W_A-T	C1_00070W_A	MVD
C1_02930C_A-T	C1_02930C_A	MST1
C1_05480C_A-T	C1_05480C_A	C1_05480C_A
C1_12270W_A-T	C1_12270W_A	SRT1
C1_00880W_A-T	C1_00880W_A	C1_00880W_A
C1_09040C_A-T	C1_09040C_A	C1_09040C_A
C1_06120C_A-T	C1_06120C_A	C1_06120C_A
C1_12160W_A-T	C1_12160W_A	MSO1
C1_04030W_A-T	C1_04030W_A	C1_04030W_A
C1_14580C_A-T	C1_14580C_A	C1_14580C_A
C1_12660W_A-T	C1_12660W_A	MAD1
C1_05910W_A-T	C1_05910W_A	SIP5
C1_09200W_A-T	C1_09200W_A	LYS142
C1_04360C_A-T	C1_04360C_A	C1_04360C_A
C1_13730C_A-T	C1_13730C_A	DIM1
C1_00840C_A-T	C1_00840C_A	NRM1
C1_03640C_A-T	C1_03640C_A	HFL1
C1_04800C_A-T	C1_04800C_A	C1_04800C_A
C1_12600C_A-T	C1_12600C_A	CHR1
C1_09690W_A-T	C1_09690W_A	MLS1
C1_05020C_A-T	C1_05020C_A	ARG2
C1_10790W_A-T	C1_10790W_A	CDC48
C1_12510W_A-T	C1_12510W_A	RAX2
C1_03600W_A-T	C1_03600W_A	C1_03600W_A
C1_01400C_A-T	C1_01400C_A	C1_01400C_A
C1_14210C_A-T	C1_14210C_A	IML2
C1_05210C_A-T	C1_05210C_A	C1_05210C_A
C1_11330C_A-T	C1_11330C_A	SMT3
C1_01130W_A-T	C1_01130W_A	C1_01130W_A
C1_13060C_A-T	C1_13060C_A	MEF1
C1_14480W_A-T	C1_14480W_A	C1_14480W_A
C1_04870W_A-T	C1_04870W_A	SAP7
C1_14630C_A-T	C1_14630C_A	C1_14630C_A
C1_02700C_A-T	C1_02700C_A	C1_02700C_A
C1_01000C_A-T	C1_01000C_A	C1_01000C_A
C1_13290W_A-T	C1_13290W_A	C1_13290W_A
C1_04120C_A-T	C1_04120C_A	C1_04120C_A
C1_06770W_A-T	C1_06770W_A	C1_06770W_A
C1_13780W_A-T	C1_13780W_A	MYO2
C1_04660W_A-T	C1_04660W_A	DUR1
C1_00510W_A-T	C1_00510W_A	C1_00510W_A
C1_08020W_A-T	C1_08020W_A	UBA2
C1_06610C_A-T	C1_06610C_A	HAK1
C1_05730W_A-T	C1_05730W_A	C1_05730W_A
C1_07220W_A-T	C1_07220W_A	C1_07220W_A
C1_12790C_A-T	C1_12790C_A	FEN1
C1_08590C_A-T	C1_08590C_A	ERG1
C1_11800C_A-T	C1_11800C_A	C1_11800C_A
C1_02790W_A-T	C1_02790W_A	TIF34
C1_03270W_A-T	C1_03270W_A	C1_03270W_A
C1_03470C_A-T	C1_03470C_A	C1_03470C_A
C1_05310W_A-T	C1_05310W_A	tP(UGG)1
C1_03310W_A-T	C1_03310W_A	C1_03310W_A
C1_05110C_A-T	C1_05110C_A	ARO4
C1_05340C_A-T	C1_05340C_A	ZCF2
C1_11780W_A-T	C1_11780W_A	C1_11780W_A
C1_04750W_A-T	C1_04750W_A	IFE1
C1_06340W_A-T	C1_06340W_A	C1_06340W_A
C1_10730W_A-T	C1_10730W_A	C1_10730W_A
C1_01810C_A-T	C1_01810C_A	UGA2
C1_01260C_A-T	C1_01260C_A	TRS20
C1_10480W_A-T	C1_10480W_A	DJP1
C1_07810C_A-T	C1_07810C_A	C1_07810C_A
C1_10220C_A-T	C1_10220C_A	TPK1
C1_14110C_A-T	C1_14110C_A	RPL4B
C1_01550W_A-T	C1_01550W_A	VPS17
C1_08630W_A-T	C1_08630W_A	C1_08630W_A
C1_05060W_A-T	C1_05060W_A	REI1
C1_11610C_A-T	C1_11610C_A	C1_11610C_A
C1_08740C_A-T	C1_08740C_A	SEC24
C1_09940W_A-T	C1_09940W_A	C1_09940W_A
C1_02620C_A-T	C1_02620C_A	HOM6
C1_09510W_A-T	C1_09510W_A	YTM1
C1_03440C_A-T	C1_03440C_A	C1_03440C_A
C1_09560C_A-T	C1_09560C_A	C1_09560C_A
C1_07160C_A-T	C1_07160C_A	C1_07160C_A
C1_05960W_A-T	C1_05960W_A	PGA45
C1_00780C_A-T	C1_00780C_A	HGC1
C1_07700C_A-T	C1_07700C_A	VRG4
C1_02520W_A-T	C1_02520W_A	SCW4
C1_08520C_A-T	C1_08520C_A	C1_08520C_A
C1_05390C_A-T	C1_05390C_A	C1_05390C_A
C1_12620W_A-T	C1_12620W_A	SPA2
C1_11420W_A-T	C1_11420W_A	KRR1
C1_07560W_A-T	C1_07560W_A	C1_07560W_A
C1_00820W_A-T	C1_00820W_A	C1_00820W_A
C1_02160W_A-T	C1_02160W_A	C1_02160W_A
C1_08550C_A-T	C1_08550C_A	GCF1
C1_08160W_A-T	C1_08160W_A	C1_08160W_A
C1_04760C_A-T	C1_04760C_A	SYG1
C1_03560C_A-T	C1_03560C_A	SUA71
C1_06550W_A-T	C1_06550W_A	GLT1
C1_07150W_A-T	C1_07150W_A	C1_07150W_A
C1_00440W_A-T	C1_00440W_A	UBP6
C1_05580W_A-T	C1_05580W_A	tN(GUU)1
C1_06330W_A-T	C1_06330W_A	C1_06330W_A
C1_06640C_A-T	C1_06640C_A	C1_06640C_A
C1_08980C_A-T	C1_08980C_A	ZWF1
C1_09700W_A-T	C1_09700W_A	C1_09700W_A
C1_02230W_A-T	C1_02230W_A	SEP7
C1_12040W_A-T	C1_12040W_A	C1_12040W_A
C1_09660W_A-T	C1_09660W_A	DOA1
C1_10310W_A-T	C1_10310W_A	C1_10310W_A
C1_10650W_A-T	C1_10650W_A	APN2
C1_01770W_A-T	C1_01770W_A	MAK32
C1_02430C_A-T	C1_02430C_A	C1_02430C_A
C1_06260W_A-T	C1_06260W_A	PGA50
C1_02840W_A-T	C1_02840W_A	PDE2
C1_07690C_A-T	C1_07690C_A	C1_07690C_A
C1_06660W_A-T	C1_06660W_A	C1_06660W_A
C1_05940W_A-T	C1_05940W_A	PHO87
C1_09450C_A-T	C1_09450C_A	NUP188
C1_09540W_A-T	C1_09540W_A	C1_09540W_A
C1_13080W_A-T	C1_13080W_A	OP4
C1_07530W_A-T	C1_07530W_A	C1_07530W_A
C1_04000C_A-T	C1_04000C_A	KTR4
C1_09900W_A-T	C1_09900W_A	LIP3
C1_01570C_A-T	C1_01570C_A	RPB7
C1_09880C_A-T	C1_09880C_A	BUD31
C1_14280C_A-T	C1_14280C_A	NPL3
C1_05240C_A-T	C1_05240C_A	RPT1
C1_09590C_A-T	C1_09590C_A	LIP10
C1_03870C_A-T	C1_03870C_A	C1_03870C_A
C1_00720W_A-T	C1_00720W_A	tP(UGG)3
C1_05570W_A-T	C1_05570W_A	tN(GUU)2
C1_11050W_A-T	C1_11050W_A	C1_11050W_A
C1_06630W_A-T	C1_06630W_A	C1_06630W_A
C1_03340C_A-T	C1_03340C_A	SEC62
C1_04630C_A-T	C1_04630C_A	C1_04630C_A
C1_13150W_A-T	C1_13150W_A	C1_13150W_A
C1_09460W_A-T	C1_09460W_A	ERG12
C1_11960C_A-T	C1_11960C_A	C1_11960C_A
C1_00790W_A-T	C1_00790W_A	C1_00790W_A
C1_03910C_A-T	C1_03910C_A	C1_03910C_A
C1_12540W_A-T	C1_12540W_A	C1_12540W_A
C1_12460C_A-T	C1_12460C_A	C1_12460C_A
C1_05810W_A-T	C1_05810W_A	GIM5
C1_11570W_A-T	C1_11570W_A	C1_11570W_A
C1_06810W_A-T	C1_06810W_A	CAT1
C1_05640C_A-T	C1_05640C_A	FAL1
C1_00210C_A-T	C1_00210C_A	C1_00210C_A
C1_11850W_A-T	C1_11850W_A	C1_11850W_A
C1_10400C_A-T	C1_10400C_A	FGR41
C1_05690C_A-T	C1_05690C_A	C1_05690C_A
C1_04500W_A-T	C1_04500W_A	ICL1
C1_04240C_A-T	C1_04240C_A	HHF1
C1_10720C_A-T	C1_10720C_A	MNN2
C1_02500W_A-T	C1_02500W_A	C1_02500W_A
C1_04700C_A-T	C1_04700C_A	C1_04700C_A
C1_14420W_A-T	C1_14420W_A	DDI1
C1_05560W_A-T	C1_05560W_A	RIB4
C1_04060W_A-T	C1_04060W_A	IFI3
C1_00970W_A-T	C1_00970W_A	C1_00970W_A
C1_14190C_A-T	C1_14190C_A	YPI1
C1_08210C_A-T	C1_08210C_A	MLT1
C1_06980C_A-T	C1_06980C_A	C1_06980C_A
C1_06840C_A-T	C1_06840C_A	C1_06840C_A
C1_01980W_A-T	C1_01980W_A	HGT1
C1_10320W_A-T	C1_10320W_A	C1_10320W_A
C1_02380C_A-T	C1_02380C_A	C1_02380C_A
C1_12550C_A-T	C1_12550C_A	CDC54
C1_10920W_A-T	C1_10920W_A	C1_10920W_A
C1_07980C_A-T	C1_07980C_A	C1_07980C_A
C1_11090C_A-T	C1_11090C_A	PFS2
C1_05870W_A-T	C1_05870W_A	PRN3
C1_06420C_A-T	C1_06420C_A	C1_06420C_A
C1_01600W_A-T	C1_01600W_A	MRP20
C1_14390W_A-T	C1_14390W_A	RPC10
C1_12810W_A-T	C1_12810W_A	C1_12810W_A
C1_07130C_A-T	C1_07130C_A	C1_07130C_A
C1_10160W_A-T	C1_10160W_A	MIR1
C1_08890C_A-T	C1_08890C_A	C1_08890C_A
C1_04730C_A-T	C1_04730C_A	LYS21
C1_06090C_A-T	C1_06090C_A	C1_06090C_A
C1_10910C_A-T	C1_10910C_A	C1_10910C_A
C1_02640C_A-T	C1_02640C_A	TOM20
C1_08570C_A-T	C1_08570C_A	PCL2
C1_08180C_A-T	C1_08180C_A	C1_08180C_A
C1_08460C_A-T	C1_08460C_A	UPC2
C1_02370C_A-T	C1_02370C_A	C1_02370C_A
C1_13280C_A-T	C1_13280C_A	C1_13280C_A
C1_01660C_A-T	C1_01660C_A	tS(UGA)1
C1_03410W_A-T	C1_03410W_A	C1_03410W_A
C1_02910C_A-T	C1_02910C_A	ATG17
C1_13970C_A-T	C1_13970C_A	HPC2
C1_05550C_A-T	C1_05550C_A	C1_05550C_A
C1_09500W_A-T	C1_09500W_A	C1_09500W_A
C1_13030C_A-T	C1_13030C_A	C1_13030C_A
C1_13860C_A-T	C1_13860C_A	GND1
C1_13600W_A-T	C1_13600W_A	C1_13600W_A
C1_13210C_A-T	C1_13210C_A	C1_13210C_A
C1_00340W_A-T	C1_00340W_A	HBR1
C1_08100W_A-T	C1_08100W_A	DRG1
C1_06020W_A-T	C1_06020W_A	RGD1
C1_00560W_A-T	C1_00560W_A	CNS1
C1_13610C_A-T	C1_13610C_A	KIS2
C1_13250W_A-T	C1_13250W_A	C1_13250W_A
C1_01510W_A-T	C1_01510W_A	C1_01510W_A
C1_14330W_A-T	C1_14330W_A	C1_14330W_A
C1_10370W_A-T	C1_10370W_A	C1_10370W_A
C1_03140W_A-T	C1_03140W_A	C1_03140W_A
C1_10560C_A-T	C1_10560C_A	C1_10560C_A
C1_09300C_A-T	C1_09300C_A	C1_09300C_A
C1_04910C_A-T	C1_04910C_A	C1_04910C_A
C1_02780W_A-T	C1_02780W_A	C1_02780W_A
C1_07620C_A-T	C1_07620C_A	PIR32
C1_13670W_A-T	C1_13670W_A	OSM2
C1_03350C_A-T	C1_03350C_A	RLI1
C1_13380W_A-T	C1_13380W_A	CWC26
C1_07770W_A-T	C1_07770W_A	FGR6-3
C1_08530W_A-T	C1_08530W_A	C1_08530W_A
C1_04900W_A-T	C1_04900W_A	MNN15
C1_03000W_A-T	C1_03000W_A	HOL1
C1_10950C_A-T	C1_10950C_A	C1_10950C_A
C1_02110C_A-T	C1_02110C_A	HGT2
C1_13920W_A-T	C1_13920W_A	DOS2
C1_01560W_A-T	C1_01560W_A	SIZ1
C1_13470W_A-T	C1_13470W_A	KNS1
C1_06580W_A-T	C1_06580W_A	RPS23A
C1_04220C_A-T	C1_04220C_A	C1_04220C_A
C1_07000W_A-T	C1_07000W_A	MEF2
C1_00410C_A-T	C1_00410C_A	C1_00410C_A
C1_10530W_A-T	C1_10530W_A	SNL1
C1_12930C_A-T	C1_12930C_A	C1_12930C_A
C1_00850W_A-T	C1_00850W_A	IHD2
C1_01340C_A-T	C1_01340C_A	C1_01340C_A
C1_02940C_A-T	C1_02940C_A	C1_02940C_A
C1_06050C_A-T	C1_06050C_A	C1_06050C_A
C1_02860C_A-T	C1_02860C_A	YKT6
C1_07250C_A-T	C1_07250C_A	ALG9
C1_00030C_A-T	C1_00030C_A	C1_00030C_A
C1_12140W_A-T	C1_12140W_A	C1_12140W_A
C1_10550C_A-T	C1_10550C_A	GCA2
C1_10780C_A-T	C1_10780C_A	HNT1
C1_06410W_A-T	C1_06410W_A	C1_06410W_A
C1_14010W_A-T	C1_14010W_A	CSK1
C1_02680C_A-T	C1_02680C_A	MNN44
C1_03760C_A-T	C1_03760C_A	STR2
C1_02200C_A-T	C1_02200C_A	ATG5
C1_05190C_A-T	C1_05190C_A	C1_05190C_A
C1_12580W_A-T	C1_12580W_A	C1_12580W_A
C1_12370W_A-T	C1_12370W_A	C1_12370W_A
C1_12730W_A-T	C1_12730W_A	RVS162
C1_01890C_A-T	C1_01890C_A	C1_01890C_A
C1_00350C_A-T	C1_00350C_A	HMX1
C1_14270W_A-T	C1_14270W_A	BNA7
C1_03530W_A-T	C1_03530W_A	MED17
C1_05880W_A-T	C1_05880W_A	PRN4
C1_02290C_A-T	C1_02290C_A	C1_02290C_A
C1_11880W_A-T	C1_11880W_A	MRPL51
C1_09220W_A-T	C1_09220W_A	C1_09220W_A
C1_00110W_A-T	C1_00110W_A	CCT8
C1_04850C_A-T	C1_04850C_A	C1_04850C_A
C1_12650C_A-T	C1_12650C_A	C1_12650C_A
C1_12850W_A-T	C1_12850W_A	BLP1
C1_06280C_A-T	C1_06280C_A	UME6
C1_05830W_A-T	C1_05830W_A	C1_05830W_A
C1_12420C_A-T	C1_12420C_A	C1_12420C_A
C1_01920W_A-T	C1_01920W_A	ROA1
C1_02000W_A-T	C1_02000W_A	C1_02000W_A
C1_00450C_A-T	C1_00450C_A	C1_00450C_A
C1_11230W_A-T	C1_11230W_A	FGR39
C1_07330W_A-T	C1_07330W_A	RME1
C1_00420W_A-T	C1_00420W_A	C1_00420W_A
C1_06180W_A-T	C1_06180W_A	TLO34
C1_13330C_A-T	C1_13330C_A	C1_13330C_A
C1_04430C_A-T	C1_04430C_A	C1_04430C_A
C1_07080W_A-T	C1_07080W_A	C1_07080W_A
C1_12300W_A-T	C1_12300W_A	C1_12300W_A
C1_00920W_A-T	C1_00920W_A	C1_00920W_A
C1_00910W_A-T	C1_00910W_A	C1_00910W_A
C1_14550C_A-T	C1_14550C_A	C1_14550C_A
C1_09970C_A-T	C1_09970C_A	PDC2
C1_01280C_A-T	C1_01280C_A	MED22
C1_09150W_A-T	C1_09150W_A	AOX2
C1_11290W_A-T	C1_11290W_A	C1_11290W_A
C1_10850W_A-T	C1_10850W_A	C1_10850W_A
C1_11510C_A-T	C1_11510C_A	C1_11510C_A
C1_01680C_A-T	C1_01680C_A	FYV4
C1_05740C_A-T	C1_05740C_A	C1_05740C_A
C1_04370C_A-T	C1_04370C_A	C1_04370C_A
C1_12870C_A-T	C1_12870C_A	C1_12870C_A
C1_11260C_A-T	C1_11260C_A	C1_11260C_A
C1_13630W_A-T	C1_13630W_A	CYB2
C1_12000C_A-T	C1_12000C_A	C1_12000C_A
C1_03400W_A-T	C1_03400W_A	C1_03400W_A
C1_04070C_A-T	C1_04070C_A	BET4
C1_01730W_A-T	C1_01730W_A	tA(AGC)3
C1_13830C_A-T	C1_13830C_A	PDX1
C1_00540C_A-T	C1_00540C_A	C1_00540C_A
C1_02950W_A-T	C1_02950W_A	C1_02950W_A
C1_05260C_A-T	C1_05260C_A	SDH1
C1_10040W_A-T	C1_10040W_A	ERO1
C1_11590W_A-T	C1_11590W_A	PLD1
C1_01580W_A-T	C1_01580W_A	C1_01580W_A
C1_08770W_A-T	C1_08770W_A	C1_08770W_A
C1_10700C_A-T	C1_10700C_A	NIT3
C1_13540W_A-T	C1_13540W_A	GUP1
C1_08490W_A-T	C1_08490W_A	BNA5
C1_00810W_A-T	C1_00810W_A	ALG13
C1_04560W_A-T	C1_04560W_A	C1_04560W_A
C1_11990W_A-T	C1_11990W_A	C1_11990W_A
C1_08580C_A-T	C1_08580C_A	VCX1
C1_04290C_A-T	C1_04290C_A	ACS2
C1_09180W_A-T	C1_09180W_A	LYS143
C1_07110W_A-T	C1_07110W_A	TAF145
C1_09620C_A-T	C1_09620C_A	C1_09620C_A
C1_03670C_A-T	C1_03670C_A	DAO1
C1_12530C_A-T	C1_12530C_A	C1_12530C_A
C1_14560C_A-T	C1_14560C_A	C1_14560C_A
C1_09990W_A-T	C1_09990W_A	SAC1
C1_11100W_A-T	C1_11100W_A	ADI1
C1_00140W_A-T	C1_00140W_A	KEL1
C1_02580W_A-T	C1_02580W_A	HNM4
C1_12260W_A-T	C1_12260W_A	VPH2
C1_10900C_A-T	C1_10900C_A	tI(UAU)1
C1_13680C_A-T	C1_13680C_A	GCV3
C1_01440C_A-T	C1_01440C_A	POX18
C1_04970W_A-T	C1_04970W_A	CLU1
C1_06900C_A-T	C1_06900C_A	MMD1
C1_00200C_A-T	C1_00200C_A	C1_00200C_A
C1_05660C_A-T	C1_05660C_A	C1_05660C_A
C1_08760W_A-T	C1_08760W_A	C1_08760W_A
C1_01170C_A-T	C1_01170C_A	ZCF17
C1_03430W_A-T	C1_03430W_A	C1_03430W_A
C1_13910C_A-T	C1_13910C_A	MODF
C1_14160W_A-T	C1_14160W_A	C1_14160W_A
C1_08640W_A-T	C1_08640W_A	RTG1
C1_12220W_A-T	C1_12220W_A	CDC6
C1_00290W_A-T	C1_00290W_A	POL93
C1_08370W_A-T	C1_08370W_A	SDS24
C1_08060W_A-T	C1_08060W_A	OFR1
C1_05670W_A-T	C1_05670W_A	C1_05670W_A
C1_13310W_A-T	C1_13310W_A	ECM25
C1_10760W_A-T	C1_10760W_A	VPS23
C1_07850C_A-T	C1_07850C_A	C1_07850C_A
C1_11480W_A-T	C1_11480W_A	PHO84
C1_04770C_A-T	C1_04770C_A	ERG3
C1_09800C_A-T	C1_09800C_A	TVP18
C1_09070W_A-T	C1_09070W_A	PAN2
C1_12200W_A-T	C1_12200W_A	MCD4
C1_00890W_A-T	C1_00890W_A	GEM1
C1_10680C_A-T	C1_10680C_A	C1_10680C_A
C1_11490C_A-T	C1_11490C_A	BTA1
C1_07350C_A-T	C1_07350C_A	GPX3
C1_05330C_A-T	C1_05330C_A	C1_05330C_A
C1_06690W_A-T	C1_06690W_A	CYK3
C1_01180C_A-T	C1_01180C_A	C1_01180C_A
C1_12860C_A-T	C1_12860C_A	C1_12860C_A
C1_00770C_A-T	C1_00770C_A	ROT1
C1_01100W_A-T	C1_01100W_A	CCH1
C1_10640C_A-T	C1_10640C_A	PEA2
C1_01110C_A-T	C1_01110C_A	ZPR1
C1_03880C_A-T	C1_03880C_A	C1_03880C_A
C1_10590W_A-T	C1_10590W_A	C1_10590W_A
C1_02340C_A-T	C1_02340C_A	tR(CCG)1
C1_05290W_A-T	C1_05290W_A	GRS1
C1_01590C_A-T	C1_01590C_A	C1_01590C_A
C1_03770W_A-T	C1_03770W_A	SKO1
C1_07670W_A-T	C1_07670W_A	ZCF4
C1_12380C_A-T	C1_12380C_A	WRS1
C1_06130C_A-T	C1_06130C_A	HAC1
C1_12120W_A-T	C1_12120W_A	C1_12120W_A
C1_14450C_A-T	C1_14450C_A	C1_14450C_A
C1_04420C_A-T	C1_04420C_A	URA6
C1_07400C_A-T	C1_07400C_A	C1_07400C_A
C1_01750W_A-T	C1_01750W_A	C1_01750W_A
C1_05100W_A-T	C1_05100W_A	C1_05100W_A
C1_06910C_A-T	C1_06910C_A	C1_06910C_A
C1_01370C_A-T	C1_01370C_A	RPS21B
C1_07890C_A-T	C1_07890C_A	ADE5
C1_09030C_A-T	C1_09030C_A	COX5
C1_01350C_A-T	C1_01350C_A	TIF
C1_12350W_A-T	C1_12350W_A	C1_12350W_A
C1_00650C_A-T	C1_00650C_A	SNF7
C1_14250C_A-T	C1_14250C_A	C1_14250C_A
C1_00330C_A-T	C1_00330C_A	C1_00330C_A
C1_11410C_A-T	C1_11410C_A	C1_11410C_A
C1_05620C_A-T	C1_05620C_A	STE3
C1_02220C_A-T	C1_02220C_A	C1_02220C_A
C1_12920C_A-T	C1_12920C_A	C1_12920C_A
C1_05900W_A-T	C1_05900W_A	C1_05900W_A
C1_04110W_A-T	C1_04110W_A	C1_04110W_A
C1_06040W_A-T	C1_06040W_A	RTT101
C1_05140W_A-T	C1_05140W_A	BRG1
C1_02990C_A-T	C1_02990C_A	XOG1
C1_10250C_A-T	C1_10250C_A	C1_10250C_A
C1_06510C_A-T	C1_06510C_A	C1_06510C_A
C1_01540W_A-T	C1_01540W_A	C1_01540W_A
C1_07240W_A-T	C1_07240W_A	YPD1
C1_08360C_A-T	C1_08360C_A	OLE1
C1_10510W_A-T	C1_10510W_A	C1_10510W_A
C1_12410C_A-T	C1_12410C_A	PKH2
C1_01840C_A-T	C1_01840C_A	C1_01840C_A
C1_14310W_A-T	C1_14310W_A	C1_14310W_A
C1_07450W_A-T	C1_07450W_A	C1_07450W_A
C1_10830W_A-T	C1_10830W_A	BIG1
C1_09400C_A-T	C1_09400C_A	FTH1
C1_00090W_A-T	C1_00090W_A	C1_00090W_A
C1_02670C_A-T	C1_02670C_A	MNN43
C1_05710C_A-T	C1_05710C_A	UGA4
C1_03610C_A-T	C1_03610C_A	IMP1
C1_02770W_A-T	C1_02770W_A	C1_02770W_A
C1_03540C_A-T	C1_03540C_A	C1_03540C_A
C1_01270W_A-T	C1_01270W_A	CTA9
C1_09280W_A-T	C1_09280W_A	C1_09280W_A
C1_04530C_A-T	C1_04530C_A	C1_04530C_A
C1_11430W_A-T	C1_11430W_A	C1_11430W_A
C1_09050W_A-T	C1_09050W_A	HST1
C1_06680W_A-T	C1_06680W_A	VPS34
C1_09210C_A-T	C1_09210C_A	C1_09210C_A
C1_09440W_A-T	C1_09440W_A	C1_09440W_A
C1_12570C_A-T	C1_12570C_A	C1_12570C_A
C1_02540C_A-T	C1_02540C_A	tR(UCU)4
C1_09820C_A-T	C1_09820C_A	C1_09820C_A
C1_06110C_A-T	C1_06110C_A	NPL4
C1_11190W_A-T	C1_11190W_A	ARL3
C1_09770W_A-T	C1_09770W_A	C1_09770W_A
C1_00060W_A-T	C1_00060W_A	TUP1
C1_10130W_A-T	C1_10130W_A	C1_10130W_A
C1_07630W_A-T	C1_07630W_A	C1_07630W_A
C1_00760W_A-T	C1_00760W_A	C1_00760W_A
C1_00700W_A-T	C1_00700W_A	C1_00700W_A
C1_05530C_A-T	C1_05530C_A	SSH1
C1_10030W_A-T	C1_10030W_A	DBP3
C1_09330W_A-T	C1_09330W_A	C1_09330W_A
C1_10670C_A-T	C1_10670C_A	RPA190
C1_10490W_A-T	C1_10490W_A	LKH1
C1_11520C_A-T	C1_11520C_A	ZCF3
C1_14470W_A-T	C1_14470W_A	C1_14470W_A
C1_01720C_A-T	C1_01720C_A	C1_01720C_A
C1_12050W_A-T	C1_12050W_A	RPN2
C1_11820W_A-T	C1_11820W_A	tY(GUA)1
C1_14400C_A-T	C1_14400C_A	MLH3
C1_07640C_A-T	C1_07640C_A	C1_07640C_A
C1_01970W_A-T	C1_01970W_A	C1_01970W_A
C1_14290C_A-T	C1_14290C_A	MDG1
C1_00930C_A-T	C1_00930C_A	SIN3
C1_14230C_A-T	C1_14230C_A	IRR1
C1_08800W_A-T	C1_08800W_A	C1_08800W_A
C1_13480W_A-T	C1_13480W_A	HSP70
C1_04190C_A-T	C1_04190C_A	BST1
C1_12590W_A-T	C1_12590W_A	ATP20
C1_04810W_A-T	C1_04810W_A	TCO89
C1_00830W_A-T	C1_00830W_A	C1_00830W_A
C1_13740W_A-T	C1_13740W_A	KAR9
C1_03170C_A-T	C1_03170C_A	C1_03170C_A
C1_03650C_A-T	C1_03650C_A	MRPL27
C1_13090W_A-T	C1_13090W_A	C1_13090W_A
C1_11750W_A-T	C1_11750W_A	AVT4
C1_04040C_A-T	C1_04040C_A	NOP9
C1_12800W_A-T	C1_12800W_A	C1_12800W_A
C1_10200C_A-T	C1_10200C_A	C1_10200C_A
C1_11810W_A-T	C1_11810W_A	CAS1
C1_02040C_A-T	C1_02040C_A	C1_02040C_A
C1_04470C_A-T	C1_04470C_A	C1_04470C_A
C1_06880C_A-T	C1_06880C_A	SPO22
C1_04200C_A-T	C1_04200C_A	C1_04200C_A
C1_06670W_A-T	C1_06670W_A	C1_06670W_A
C1_11180C_A-T	C1_11180C_A	C1_11180C_A
C1_06780W_A-T	C1_06780W_A	NPR1
C1_04650W_A-T	C1_04650W_A	DUR3
C1_14140C_A-T	C1_14140C_A	SET3
C1_03620C_A-T	C1_03620C_A	RPS22B
C1_09470C_A-T	C1_09470C_A	C1_09470C_A
C1_08030W_A-T	C1_08030W_A	PFY1
C1_11440C_A-T	C1_11440C_A	GIN1
C1_03740W_A-T	C1_03740W_A	WAR1
C1_12130C_A-T	C1_12130C_A	ZCF30
C1_05120W_A-T	C1_05120W_A	BTN1
C1_04270C_A-T	C1_04270C_A	C1_04270C_A
C1_02900C_A-T	C1_02900C_A	C1_02900C_A
C1_05000W_A-T	C1_05000W_A	RHD1
C1_03360W_A-T	C1_03360W_A	C1_03360W_A
C1_11160C_A-T	C1_11160C_A	URM1
C1_00640C_A-T	C1_00640C_A	RPO41
C1_11860W_A-T	C1_11860W_A	C1_11860W_A
C1_14020W_A-T	C1_14020W_A	C1_14020W_A
C1_09730W_A-T	C1_09730W_A	DAM1
C1_10460W_A-T	C1_10460W_A	C1_10460W_A
C1_02490C_A-T	C1_02490C_A	C1_02490C_A
C1_04670W_A-T	C1_04670W_A	HAT1
C1_10210C_A-T	C1_10210C_A	CLA4
C1_05610W_A-T	C1_05610W_A	PET112
C1_13510C_A-T	C1_13510C_A	TGL99
C1_04790W_A-T	C1_04790W_A	C1_04790W_A
C1_04720W_A-T	C1_04720W_A	C1_04720W_A
C1_08900W_A-T	C1_08900W_A	C1_08900W_A
C1_04130W_A-T	C1_04130W_A	ERB1
C1_11870W_A-T	C1_11870W_A	MUP1
C1_02350W_A-T	C1_02350W_A	TIM21
C1_08690W_A-T	C1_08690W_A	C1_08690W_A
C1_04280C_A-T	C1_04280C_A	GPI18
C1_08080C_A-T	C1_08080C_A	C1_08080C_A
C1_05170C_A-T	C1_05170C_A	CUE5
C1_08110W_A-T	C1_08110W_A	C1_08110W_A
C1_13370W_A-T	C1_13370W_A	C1_13370W_A
C1_10350C_A-T	C1_10350C_A	C1_10350C_A
C1_08290C_A-T	C1_08290C_A	DIP2
C1_05990C_A-T	C1_05990C_A	C1_05990C_A
C1_09240C_A-T	C1_09240C_A	C1_09240C_A
C1_06890C_A-T	C1_06890C_A	C1_06890C_A
C1_06930W_A-T	C1_06930W_A	PGA63
C1_03820W_A-T	C1_03820W_A	PDR16
C1_02030C_A-T	C1_02030C_A	C1_02030C_A
C1_03180W_A-T	C1_03180W_A	C1_03180W_A
C1_03800W_A-T	C1_03800W_A	RPP1
C1_03060C_A-T	C1_03060C_A	TSR2
C1_01820C_A-T	C1_01820C_A	C1_01820C_A
C1_06520C_A-T	C1_06520C_A	BPH1
C1_00550W_A-T	C1_00550W_A	CIS2
C1_02920W_A-T	C1_02920W_A	CDC73
C1_04230W_A-T	C1_04230W_A	C1_04230W_A
C1_03330C_A-T	C1_03330C_A	ATG21
C1_12430W_A-T	C1_12430W_A	C1_12430W_A
C1_10840C_A-T	C1_10840C_A	C1_10840C_A
C1_13640W_A-T	C1_13640W_A	CUP2
C1_06080C_A-T	C1_06080C_A	ARC35
C1_02850W_A-T	C1_02850W_A	VTS1
C1_12960C_A-T	C1_12960C_A	BNI1
C1_07090C_A-T	C1_07090C_A	C1_07090C_A
C1_11910W_A-T	C1_11910W_A	C1_11910W_A
C1_02360C_A-T	C1_02360C_A	PGA5
C1_09670C_A-T	C1_09670C_A	C1_09670C_A
C1_08170C_A-T	C1_08170C_A	BUL1
C1_10990C_A-T	C1_10990C_A	RTG3
C1_13200C_A-T	C1_13200C_A	REX3
C1_10470W_A-T	C1_10470W_A	C1_10470W_A
C1_05760C_A-T	C1_05760C_A	PGA26
C1_05130W_A-T	C1_05130W_A	C1_05130W_A
C1_08560W_A-T	C1_08560W_A	TCP1
C1_02810W_A-T	C1_02810W_A	RAD16
C1_00430W_A-T	C1_00430W_A	ATG18
C1_08420W_A-T	C1_08420W_A	GCR3
C1_09090C_A-T	C1_09090C_A	ARG81
C1_09000W_A-T	C1_09000W_A	C1_09000W_A
C1_10600C_A-T	C1_10600C_A	C1_10600C_A
C1_07020C_A-T	C1_07020C_A	PUT3
C1_03990W_A-T	C1_03990W_A	C1_03990W_A
C1_11670W_A-T	C1_11670W_A	C1_11670W_A
C1_10280C_A-T	C1_10280C_A	FMP52
C1_06200W_A-T	C1_06200W_A	C1_06200W_A
C1_13000W_A-T	C1_13000W_A	C1_13000W_A
C1_12740W_A-T	C1_12740W_A	C1_12740W_A
C1_02570C_A-T	C1_02570C_A	PUT4
C1_00570C_A-T	C1_00570C_A	C1_00570C_A
C1_02530C_A-T	C1_02530C_A	DIP5
C1_04840C_A-T	C1_04840C_A	C1_04840C_A
C1_00500C_A-T	C1_00500C_A	GLO1
C1_02070W_A-T	C1_02070W_A	HSP31
C1_04020C_A-T	C1_04020C_A	CSH1
C1_00020C_A-T	C1_00020C_A	C1_00020C_A
C1_08790W_A-T	C1_08790W_A	TPO3
C1_04610W_A-T	C1_04610W_A	ATP1
C1_13430C_A-T	C1_13430C_A	C1_13430C_A
C1_00040W_A-T	C1_00040W_A	CTA2
C1_00400W_A-T	C1_00400W_A	SVF1
C1_14590C_A-T	C1_14590C_A	TLO4
C1_12320C_A-T	C1_12320C_A	ATP19
C1_02120C_A-T	C1_02120C_A	SHA3
C1_06480C_A-T	C1_06480C_A	C1_06480C_A
C1_06590C_A-T	C1_06590C_A	IWS1
C1_06740C_A-T	C1_06740C_A	NOP6
C1_12640W_A-T	C1_12640W_A	C1_12640W_A
C1_03160C_A-T	C1_03160C_A	COQ4
C1_09340C_A-T	C1_09340C_A	C1_09340C_A
C1_10820C_A-T	C1_10820C_A	C1_10820C_A
C1_00860W_A-T	C1_00860W_A	ATG3
C1_12070C_A-T	C1_12070C_A	C1_12070C_A
C1_14180W_A-T	C1_14180W_A	C1_14180W_A
C1_03280W_A-T	C1_03280W_A	C1_03280W_A
C1_01930W_A-T	C1_01930W_A	C1_01930W_A
C1_03520W_A-T	C1_03520W_A	RPN3
C1_00630W_A-T	C1_00630W_A	C1_00630W_A
C1_09130W_A-T	C1_09130W_A	MNN47
C1_10070C_A-T	C1_10070C_A	MNN23
C1_10330C_A-T	C1_10330C_A	ARP6
C1_04830W_A-T	C1_04830W_A	SEC21
C1_12990W_A-T	C1_12990W_A	C1_12990W_A
C1_06490C_A-T	C1_06490C_A	C1_06490C_A
C1_08270C_A-T	C1_08270C_A	MED15
C1_12360C_A-T	C1_12360C_A	RIB3
C1_07970C_A-T	C1_07970C_A	IRE1
C1_11310C_A-T	C1_11310C_A	PSP1
C1_11790W_A-T	C1_11790W_A	C1_11790W_A
C1_08660C_A-T	C1_08660C_A	C1_08660C_A
C1_06250W_A-T	C1_06250W_A	C1_06250W_A
C1_04860W_A-T	C1_04860W_A	C1_04860W_A
C1_09350W_A-T	C1_09350W_A	CAF20
C1_13580W_A-T	C1_13580W_A	SEC18
C1_01690C_A-T	C1_01690C_A	LSC1
C1_07340W_A-T	C1_07340W_A	C1_07340W_A
C1_12180C_A-T	C1_12180C_A	C1_12180C_A
C1_10740C_A-T	C1_10740C_A	ASR1
C1_13270W_A-T	C1_13270W_A	C1_13270W_A
C1_10500W_A-T	C1_10500W_A	C1_10500W_A
C1_12100C_A-T	C1_12100C_A	PXA2
C1_10630C_A-T	C1_10630C_A	C1_10630C_A
C1_14350W_A-T	C1_14350W_A	YPI2
C1_07050C_A-T	C1_07050C_A	C1_07050C_A
C1_01150C_A-T	C1_01150C_A	PPM2
C1_13810W_A-T	C1_13810W_A	C1_13810W_A
C1_09720W_A-T	C1_09720W_A	URA1
C1_07830C_A-T	C1_07830C_A	C1_07830C_A
C1_08910C_A-T	C1_08910C_A	C1_08910C_A
C1_02690C_A-T	C1_02690C_A	C1_02690C_A
C1_11500C_A-T	C1_11500C_A	ARO7
C1_13500C_A-T	C1_13500C_A	C1_13500C_A
C1_05750C_A-T	C1_05750C_A	C1_05750C_A
C1_12880C_A-T	C1_12880C_A	C1_12880C_A
C1_06860W_A-T	C1_06860W_A	C1_06860W_A
C1_03030W_A-T	C1_03030W_A	RPS16A
C1_06220C_A-T	C1_06220C_A	C1_06220C_A
C1_11200W_A-T	C1_11200W_A	C1_11200W_A
C1_09120W_A-T	C1_09120W_A	IPT1
C1_03630W_A-T	C1_03630W_A	C1_03630W_A
C1_00050C_A-T	C1_00050C_A	C1_00050C_A
C1_00600W_A-T	C1_00600W_A	APC1
C1_04570C_A-T	C1_04570C_A	CHL4
C1_14170W_A-T	C1_14170W_A	C1_14170W_A
C1_13710C_A-T	C1_13710C_A	DAD1
C1_00950C_A-T	C1_00950C_A	CDC5
C1_09630W_A-T	C1_09630W_A	IDH1
C1_10430W_A-T	C1_10430W_A	PHO8
C1_12440W_A-T	C1_12440W_A	REX4
C1_07060C_A-T	C1_07060C_A	C1_07060C_A
C1_01500W_A-T	C1_01500W_A	C1_01500W_A
C1_01740W_A-T	C1_01740W_A	CTN1
C1_00130C_A-T	C1_00130C_A	VPS53
C1_01030W_A-T	C1_01030W_A	HMT1
C1_13390W_A-T	C1_13390W_A	C1_13390W_A
C1_07120W_A-T	C1_07120W_A	GAP4
C1_09170W_A-T	C1_09170W_A	CTA8
C1_09860C_A-T	C1_09860C_A	TFA1
C1_05700W_A-T	C1_05700W_A	AUT7
C1_07370C_A-T	C1_07370C_A	CPH1
C1_10140C_A-T	C1_10140C_A	COS111
C1_07870C_A-T	C1_07870C_A	SMI1
C1_03900W_A-T	C1_03900W_A	SEN15
C1_12690C_A-T	C1_12690C_A	C1_12690C_A
C1_01480C_A-T	C1_01480C_A	RPS21
C1_10580C_A-T	C1_10580C_A	C1_10580C_A
C1_02330C_A-T	C1_02330C_A	C1_02330C_A
C1_12940C_A-T	C1_12940C_A	C1_12940C_A
C1_01220C_A-T	C1_01220C_A	C1_01220C_A
C1_04640W_A-T	C1_04640W_A	C1_04640W_A
C1_07440W_A-T	C1_07440W_A	C1_07440W_A
C1_03110W_A-T	C1_03110W_A	RPL6
C1_04180W_A-T	C1_04180W_A	HTB2
C1_11720W_A-T	C1_11720W_A	C1_11720W_A
C1_04980C_A-T	C1_04980C_A	C1_04980C_A
C1_04480C_A-T	C1_04480C_A	TUS1
C1_13140C_A-T	C1_13140C_A	TYE7
C1_01620C_A-T	C1_01620C_A	C1_01620C_A
C1_07940W_A-T	C1_07940W_A	C1_07940W_A
C1_09830W_A-T	C1_09830W_A	SKI3
C1_07990C_A-T	C1_07990C_A	C1_07990C_A
C1_01880C_A-T	C1_01880C_A	PTR3
C1_04100C_A-T	C1_04100C_A	POR1
C1_01910W_A-T	C1_01910W_A	C1_01910W_A
C1_04210C_A-T	C1_04210C_A	CDC3
C1_13650C_A-T	C1_13650C_A	C1_13650C_A
C1_06290C_A-T	C1_06290C_A	C1_06290C_A
C1_00980W_A-T	C1_00980W_A	C1_00980W_A
C1_08920W_A-T	C1_08920W_A	RSM25
C1_05840W_A-T	C1_05840W_A	PRN1
C1_01240W_A-T	C1_01240W_A	IFD3
C1_08880W_A-T	C1_08880W_A	HEM14
C1_06430C_A-T	C1_06430C_A	C1_06430C_A
C1_11240C_A-T	C1_11240C_A	CHO1
C1_12560C_A-T	C1_12560C_A	DLH1
C1_03490W_A-T	C1_03490W_A	C1_03490W_A
C1_01330C_A-T	C1_01330C_A	DUT1
C1_02280C_A-T	C1_02280C_A	PSY2
C1_07360W_A-T	C1_07360W_A	STU1
C1_08480C_A-T	C1_08480C_A	APS3
C1_08750W_A-T	C1_08750W_A	YMC2
C1_05250W_A-T	C1_05250W_A	C1_05250W_A
C1_08960W_A-T	C1_08960W_A	C1_08960W_A
C1_11550W_A-T	C1_11550W_A	GAR1
C1_05410C_A-T	C1_05410C_A	TRP99
C1_04880C_A-T	C1_04880C_A	MRPL37
C1_14320C_A-T	C1_14320C_A	C1_14320C_A
C1_06470W_A-T	C1_06470W_A	C1_06470W_A
C1_07410C_A-T	C1_07410C_A	SKP1
C1_13070C_A-T	C1_13070C_A	FAD3
C1_07900W_A-T	C1_07900W_A	COI1
C1_02300W_A-T	C1_02300W_A	C1_02300W_A
C1_03950C_A-T	C1_03950C_A	C1_03950C_A
C1_04440W_A-T	C1_04440W_A	C1_04440W_A
C1_14030W_A-T	C1_14030W_A	C1_14030W_A
C1_01360C_A-T	C1_01360C_A	C1_01360C_A
C1_05150C_A-T	C1_05150C_A	C1_05150C_A
C1_01450W_A-T	C1_01450W_A	ABC1
C1_02660C_A-T	C1_02660C_A	MGM101
C1_13570W_A-T	C1_13570W_A	MPT5
C1_05380C_A-T	C1_05380C_A	C1_05380C_A
C1_07650W_A-T	C1_07650W_A	C1_07650W_A
C1_03120W_A-T	C1_03120W_A	C1_03120W_A
C1_08440C_A-T	C1_08440C_A	C1_08440C_A
C1_01530C_A-T	C1_01530C_A	C1_01530C_A
C1_06500W_A-T	C1_06500W_A	C1_06500W_A
C1_11540C_A-T	C1_11540C_A	CTA3
C1_08930C_A-T	C1_08930C_A	C1_08930C_A
C1_05450W_A-T	C1_05450W_A	C1_05450W_A
C1_09190C_A-T	C1_09190C_A	DAK2
C1_03570C_A-T	C1_03570C_A	tL(UAA)3
C1_07430W_A-T	C1_07430W_A	PHO100
C1_03130C_A-T	C1_03130C_A	GGA2
C1_01830C_A-T	C1_01830C_A	UBC8
C1_11740W_A-T	C1_11740W_A	C1_11740W_A
C1_09410W_A-T	C1_09410W_A	C1_09410W_A
C1_09250W_A-T	C1_09250W_A	CRP1
C1_03550C_A-T	C1_03550C_A	COQ6
C1_12240C_A-T	C1_12240C_A	C1_12240C_A
C1_10750C_A-T	C1_10750C_A	C1_10750C_A
C1_08700W_A-T	C1_08700W_A	C1_08700W_A
C1_09270W_A-T	C1_09270W_A	FGR43
C1_05510C_A-T	C1_05510C_A	RPS27A
C1_13760W_A-T	C1_13760W_A	AGM1
C1_08610C_A-T	C1_08610C_A	C1_08610C_A
C1_02190W_A-T	C1_02190W_A	ABP140
C1_14440C_A-T	C1_14440C_A	GDI1
C1_08820C_A-T	C1_08820C_A	C1_08820C_A
C1_14300C_A-T	C1_14300C_A	NCR1
C1_08870C_A-T	C1_08870C_A	JIP5
C1_00080C_A-T	C1_00080C_A	RCA1
C1_06700W_A-T	C1_06700W_A	C1_06700W_A
C1_00150C_A-T	C1_00150C_A	RIM8
C1_04260W_A-T	C1_04260W_A	HHT21
C1_00380C_A-T	C1_00380C_A	C1_00380C_A
C1_08330C_A-T	C1_08330C_A	ADH2
C1_08650C_A-T	C1_08650C_A	FAD1
C1_01140C_A-T	C1_01140C_A	C1_01140C_A
C1_14530W_A-T	C1_14530W_A	C1_14530W_A
C1_06650W_A-T	C1_06650W_A	C1_06650W_A
C1_00190C_A-T	C1_00190C_A	C1_00190C_A
C1_04890W_A-T	C1_04890W_A	YBN5
C1_00120C_A-T	C1_00120C_A	TRP1
C1_06620C_A-T	C1_06620C_A	C1_06620C_A
C1_04150C_A-T	C1_04150C_A	C1_04150C_A
C1_14050C_A-T	C1_14050C_A	C1_14050C_A
C1_02480W_A-T	C1_02480W_A	PMM1
C1_05490C_A-T	C1_05490C_A	C1_05490C_A
C1_03580W_A-T	C1_03580W_A	C1_03580W_A
C1_09080C_A-T	C1_09080C_A	PGA6
C1_00800C_A-T	C1_00800C_A	ERG2
C1_00310W_A-T	C1_00310W_A	PNS1
C1_09320C_A-T	C1_09320C_A	C1_09320C_A
C1_13900C_A-T	C1_13900C_A	LCB2
C1_02590C_A-T	C1_02590C_A	SNZ1
C1_07920W_A-T	C1_07920W_A	C1_07920W_A
C1_13690C_A-T	C1_13690C_A	C1_13690C_A
C1_10770W_A-T	C1_10770W_A	SFT2
C1_07590C_A-T	C1_07590C_A	C1_07590C_A
C1_08260C_A-T	C1_08260C_A	LTP1
C1_02240W_A-T	C1_02240W_A	C1_02240W_A
C1_11380W_A-T	C1_11380W_A	NEP1
C1_10660W_A-T	C1_10660W_A	TBP1
C1_03890W_A-T	C1_03890W_A	C1_03890W_A
C1_08670W_A-T	C1_08670W_A	SWI6
C1_06830W_A-T	C1_06830W_A	C1_06830W_A
C1_03230C_A-T	C1_03230C_A	ARX1
C1_12290C_A-T	C1_12290C_A	RBD1
C1_03320C_A-T	C1_03320C_A	EHD3
C1_12840W_A-T	C1_12840W_A	MHF1
C1_02440C_A-T	C1_02440C_A	C1_02440C_A
C1_14240W_A-T	C1_14240W_A	C1_14240W_A
C1_05950C_A-T	C1_05950C_A	C1_05950C_A
C1_13880C_A-T	C1_13880C_A	C1_13880C_A
C1_06600W_A-T	C1_06600W_A	C1_06600W_A
C1_02050C_A-T	C1_02050C_A	PHO91
C1_13560W_A-T	C1_13560W_A	C1_13560W_A
C1_02600W_A-T	C1_02600W_A	SNO1
C1_01090C_A-T	C1_01090C_A	C1_01090C_A
C1_13590W_A-T	C1_13590W_A	C1_13590W_A
C1_12230W_A-T	C1_12230W_A	SNT1
C1_11630C_A-T	C1_11630C_A	FUS1
C1_04010C_A-T	C1_04010C_A	C1_04010C_A
C1_13850C_A-T	C1_13850C_A	DAL7
C1_08730W_A-T	C1_08730W_A	C1_08730W_A
C1_08140W_A-T	C1_08140W_A	C1_08140W_A
C1_09740C_A-T	C1_09740C_A	C1_09740C_A
C1_05970W_A-T	C1_05970W_A	C1_05970W_A
C1_09020W_A-T	C1_09020W_A	C1_09020W_A
C1_11130W_A-T	C1_11130W_A	FGR16
C1_09920W_A-T	C1_09920W_A	VPS41
C1_01070C_A-T	C1_01070C_A	C1_01070C_A
C1_06140C_A-T	C1_06140C_A	C1_06140C_A
C1_13180W_A-T	C1_13180W_A	C1_13180W_A
C1_14260C_A-T	C1_14260C_A	TIF35
C1_03370W_A-T	C1_03370W_A	PAB1
C1_04320W_A-T	C1_04320W_A	GPM2
C1_01200W_A-T	C1_01200W_A	STB5
C1_12060C_A-T	C1_12060C_A	C1_12060C_A
C1_04780C_A-T	C1_04780C_A	C1_04780C_A
C1_03920C_A-T	C1_03920C_A	ERF2
C1_13050W_A-T	C1_13050W_A	RPL14
C1_08070W_A-T	C1_08070W_A	CDR4
C1_00680W_A-T	C1_00680W_A	ASM3
C1_12980W_A-T	C1_12980W_A	C1_12980W_A
C1_12630C_A-T	C1_12630C_A	CWC15
C1_13520C_A-T	C1_13520C_A	MCU1
C1_06560W_A-T	C1_06560W_A	C1_06560W_A
C1_04710C_A-T	C1_04710C_A	RSA3
C1_13980C_A-T	C1_13980C_A	DUR7
C1_08850C_A-T	C1_08850C_A	AFG1
C1_07040C_A-T	C1_07040C_A	C1_07040C_A
C1_13410W_A-T	C1_13410W_A	COX19
C1_06960W_A-T	C1_06960W_A	SUI2
C1_06270W_A-T	C1_06270W_A	C1_06270W_A
C1_02870W_A-T	C1_02870W_A	YPT7
C1_10240C_A-T	C1_10240C_A	C1_10240C_A
C1_01790W_A-T	C1_01790W_A	SWI4
C1_08470W_A-T	C1_08470W_A	CBP4
C1_00900W_A-T	C1_00900W_A	RRS1
C1_05800C_A-T	C1_05800C_A	C1_05800C_A
C1_08380W_A-T	C1_08380W_A	TEF2
C1_03020C_A-T	C1_03020C_A	RPL13
C1_10080W_A-T	C1_10080W_A	CWC21
C1_04340C_A-T	C1_04340C_A	C1_04340C_A
C1_04540C_A-T	C1_04540C_A	VPS16
C1_06800W_A-T	C1_06800W_A	RAI1
C1_08410C_A-T	C1_08410C_A	SAM4
C1_02750C_A-T	C1_02750C_A	C1_02750C_A
C1_00520W_A-T	C1_00520W_A	C1_00520W_A
C1_09780C_A-T	C1_09780C_A	C1_09780C_A
C1_11030W_A-T	C1_11030W_A	RPL82
C1_05460W_A-T	C1_05460W_A	KOG1
C1_07210C_A-T	C1_07210C_A	C1_07210C_A
C1_12520W_A-T	C1_12520W_A	GSG1
C1_10890C_A-T	C1_10890C_A	C1_10890C_A
C1_05230W_A-T	C1_05230W_A	C1_05230W_A
C1_04350C_A-T	C1_04350C_A	C1_04350C_A
C1_10970W_A-T	C1_10970W_A	C1_10970W_A
C1_04820C_A-T	C1_04820C_A	C1_04820C_A
C1_13950C_A-T	C1_13950C_A	ATG12
C1_03660W_A-T	C1_03660W_A	C1_03660W_A
C1_07200W_A-T	C1_07200W_A	YMC1
C1_13490C_A-T	C1_13490C_A	C1_13490C_A
C1_06320W_A-T	C1_06320W_A	C1_06320W_A
C1_02740C_A-T	C1_02740C_A	C1_02740C_A
C1_05280W_A-T	C1_05280W_A	C1_05280W_A
C1_13790C_A-T	C1_13790C_A	C1_13790C_A
C1_06790C_A-T	C1_06790C_A	MRPL19
C1_06190C_A-T	C1_06190C_A	C1_06190C_A
C1_08810C_A-T	C1_08810C_A	MSS116
C1_06350W_A-T	C1_06350W_A	C1_06350W_A
C1_09910C_A-T	C1_09910C_A	C1_09910C_A
C1_03190C_A-T	C1_03190C_A	ECM33
C1_00010W_A-T	C1_00010W_A	C1_00010W_A
C1_03830C_A-T	C1_03830C_A	C1_03830C_A
C1_12170C_A-T	C1_12170C_A	C1_12170C_A
C1_01380C_A-T	C1_01380C_A	TRM2
C1_13440C_A-T	C1_13440C_A	OFI1
C1_02020W_A-T	C1_02020W_A	C1_02020W_A
C1_09870W_A-T	C1_09870W_A	HCM1
C1_09950C_A-T	C1_09950C_A	C1_09950C_A
C1_04690C_A-T	C1_04690C_A	C1_04690C_A
C1_06310W_A-T	C1_06310W_A	C1_06310W_A
C1_07380C_A-T	C1_07380C_A	KSP1
C1_03260W_A-T	C1_03260W_A	C1_03260W_A
C1_10300W_A-T	C1_10300W_A	MNN12
C1_12780W_A-T	C1_12780W_A	RBK1
C1_01470W_A-T	C1_01470W_A	C1_01470W_A
C1_08300W_A-T	C1_08300W_A	NOT5
C1_05980W_A-T	C1_05980W_A	C1_05980W_A
C1_04510W_A-T	C1_04510W_A	C1_04510W_A
C1_08000W_A-T	C1_08000W_A	NRP1
C1_10570C_A-T	C1_10570C_A	C1_10570C_A
C1_06970C_A-T	C1_06970C_A	C1_06970C_A
C1_09230C_A-T	C1_09230C_A	GRP1
C1_07780W_A-T	C1_07780W_A	C1_07780W_A
C1_07320W_A-T	C1_07320W_A	C1_07320W_A
C1_05500W_A-T	C1_05500W_A	RSM22
C1_05590W_A-T	C1_05590W_A	tT(AGU)1
C1_13940W_A-T	C1_13940W_A	SIM1
C1_12700W_A-T	C1_12700W_A	C1_12700W_A
C1_10150W_A-T	C1_10150W_A	WOR1
C1_00390W_A-T	C1_00390W_A	ENA2
C1_06850W_A-T	C1_06850W_A	PCL7
C1_05850W_A-T	C1_05850W_A	POL32
C1_13120C_A-T	C1_13120C_A	MON2
C1_05470W_A-T	C1_05470W_A	MTM1
C1_03510C_A-T	C1_03510C_A	C1_03510C_A
C1_04590W_A-T	C1_04590W_A	C1_04590W_A
C1_03250C_A-T	C1_03250C_A	SPP1
C1_09310C_A-T	C1_09310C_A	C1_09310C_A
C1_05790W_A-T	C1_05790W_A	C1_05790W_A
C1_09760C_A-T	C1_09760C_A	SHY1
C1_02970W_A-T	C1_02970W_A	C1_02970W_A
C1_07950C_A-T	C1_07950C_A	C1_07950C_A
C1_00160C_A-T	C1_00160C_A	C1_00160C_A
C1_06570W_A-T	C1_06570W_A	ANT1
C1_00990C_A-T	C1_00990C_A	NMA111
C1_11150W_A-T	C1_11150W_A	C1_11150W_A
C1_01870C_A-T	C1_01870C_A	CYS4
C1_01250W_A-T	C1_01250W_A	AIM9
C1_02060W_A-T	C1_02060W_A	C1_02060W_A
C1_10060C_A-T	C1_10060C_A	C1_10060C_A
C1_10810W_A-T	C1_10810W_A	C1_10810W_A
C1_04080W_A-T	C1_04080W_A	MAD2
C1_06760C_A-T	C1_06760C_A	C1_06760C_A
C1_11980W_A-T	C1_11980W_A	MED10
C1_10620W_A-T	C1_10620W_A	CBF5
C1_00750C_A-T	C1_00750C_A	VPS27
C1_14360C_A-T	C1_14360C_A	WSC4
C1_05860W_A-T	C1_05860W_A	PRN2
C1_01300W_A-T	C1_01300W_A	C1_01300W_A
C1_05770C_A-T	C1_05770C_A	PRC3
C1_00240C_A-T	C1_00240C_A	tT(AGU)6
C1_12190W_A-T	C1_12190W_A	BUL4
C1_00940W_A-T	C1_00940W_A	RPB11
C1_11400C_A-T	C1_11400C_A	GIN4
C1_10520W_A-T	C1_10520W_A	C1_10520W_A
C1_03460C_A-T	C1_03460C_A	C1_03460C_A
C1_13800C_A-T	C1_13800C_A	DUR32
C1_03710C_A-T	C1_03710C_A	MSB1
C1_11270W_A-T	C1_11270W_A	C1_11270W_A
C1_11920W_A-T	C1_11920W_A	C1_11920W_A
C1_07840W_A-T	C1_07840W_A	C1_07840W_A
C1_11690W_A-T	C1_11690W_A	C1_11690W_A
C1_02960C_A-T	C1_02960C_A	C1_02960C_A
C1_08400C_A-T	C1_08400C_A	GCV2
C1_02460W_A-T	C1_02460W_A	RPL10
C1_12400C_A-T	C1_12400C_A	C1_12400C_A
C1_07170C_A-T	C1_07170C_A	ZCF23
C1_10540C_A-T	C1_10540C_A	C1_10540C_A
C1_04160C_A-T	C1_04160C_A	C1_04160C_A
C1_06010W_A-T	C1_06010W_A	CHS7
C1_09010W_A-T	C1_09010W_A	NAR1
C1_07860W_A-T	C1_07860W_A	C1_07860W_A
C1_07030C_A-T	C1_07030C_A	RBT4
C1_14100W_A-T	C1_14100W_A	YPT52
C1_09570W_A-T	C1_09570W_A	C1_09570W_A
C1_10170W_A-T	C1_10170W_A	C1_10170W_A
C1_06000W_A-T	C1_06000W_A	C1_06000W_A
C1_12500C_A-T	C1_12500C_A	tW(CCA)1
C1_02730W_A-T	C1_02730W_A	C1_02730W_A
C1_02170C_A-T	C1_02170C_A	GAL102
C1_14570C_A-T	C1_14570C_A	FGR24
C1_07500C_A-T	C1_07500C_A	LHP1
C1_01780C_A-T	C1_01780C_A	HOL4
C1_12750C_A-T	C1_12750C_A	C1_12750C_A
C1_08050W_A-T	C1_08050W_A	C1_08050W_A
C1_00590W_A-T	C1_00590W_A	TUF1
C1_06870C_A-T	C1_06870C_A	C1_06870C_A
C1_05370C_A-T	C1_05370C_A	C1_05370C_A
C1_06820W_A-T	C1_06820W_A	C1_06820W_A
C1_11320C_A-T	C1_11320C_A	C1_11320C_A
C1_08540C_A-T	C1_08540C_A	C1_08540C_A
C1_03940W_A-T	C1_03940W_A	C1_03940W_A
C1_05180C_A-T	C1_05180C_A	C1_05180C_A
C1_08010W_A-T	C1_08010W_A	DPM1
C1_13700W_A-T	C1_13700W_A	ACT1
C1_01020W_A-T	C1_01020W_A	tA(AGC)4
C1_03690W_A-T	C1_03690W_A	C1_03690W_A
C1_11010C_A-T	C1_11010C_A	C1_11010C_A
C1_13750C_A-T	C1_13750C_A	C1_13750C_A
C1_14340C_A-T	C1_14340C_A	RIM101
C1_00490C_A-T	C1_00490C_A	TTR1
C1_06540C_A-T	C1_06540C_A	C1_06540C_A
C1_11620W_A-T	C1_11620W_A	C1_11620W_A
C1_11110C_A-T	C1_11110C_A	C1_11110C_A
C1_04490W_A-T	C1_04490W_A	C1_04490W_A
C1_09140C_A-T	C1_09140C_A	SSU81
C1_00870W_A-T	C1_00870W_A	LRO1
C1_12020W_A-T	C1_12020W_A	C1_12020W_A
C1_03100W_A-T	C1_03100W_A	C1_03100W_A
C1_13660W_A-T	C1_13660W_A	RAD54
C1_03970W_A-T	C1_03970W_A	C1_03970W_A
C1_07460C_A-T	C1_07460C_A	GPI8
C1_11660W_A-T	C1_11660W_A	GAD1
C1_00620W_A-T	C1_00620W_A	MOB2
C1_05070C_A-T	C1_05070C_A	GPI7
C1_12450C_A-T	C1_12450C_A	IRA2
C1_06440C_A-T	C1_06440C_A	C1_06440C_A
C1_06100C_A-T	C1_06100C_A	MSI3
C1_12110C_A-T	C1_12110C_A	C1_12110C_A
C1_08200W_A-T	C1_08200W_A	NTG1
C1_02890C_A-T	C1_02890C_A	C1_02890C_A
C1_12890W_A-T	C1_12890W_A	C1_12890W_A
C1_13620W_A-T	C1_13620W_A	ROB1
C1_01850C_A-T	C1_01850C_A	C1_01850C_A
C1_03090W_A-T	C1_03090W_A	RPS1
C1_07190W_A-T	C1_07190W_A	SOG2
C1_10940C_A-T	C1_10940C_A	ERP5
C1_10980W_A-T	C1_10980W_A	C1_10980W_A
C1_07610C_A-T	C1_07610C_A	C1_07610C_A
C1_06460C_A-T	C1_06460C_A	RPS22A
C1_07660W_A-T	C1_07660W_A	C1_07660W_A
C1_05430W_A-T	C1_05430W_A	SPT20
C1_14430C_A-T	C1_14430C_A	C1_14430C_A
C1_01610C_A-T	C1_01610C_A	C1_01610C_A
C1_08430W_A-T	C1_08430W_A	CAF16
C1_13190W_A-T	C1_13190W_A	C1_13190W_A
C1_07910C_A-T	C1_07910C_A	MRPL3
C1_09840C_A-T	C1_09840C_A	STS1
C1_11950W_A-T	C1_11950W_A	C1_11950W_A
C1_04580C_A-T	C1_04580C_A	C1_04580C_A
C1_09750W_A-T	C1_09750W_A	GET2
C1_04940C_A-T	C1_04940C_A	C1_04940C_A
C1_07310C_A-T	C1_07310C_A	tL(AAG)2
C1_13320C_A-T	C1_13320C_A	C1_13320C_A
C1_13420C_A-T	C1_13420C_A	KEM1
C1_06750W_A-T	C1_06750W_A	C1_06750W_A
C1_11710C_A-T	C1_11710C_A	C1_11710C_A
C1_06950C_A-T	C1_06950C_A	tP(AGG)1
C1_02710W_A-T	C1_02710W_A	FRS2
C1_03040W_A-T	C1_03040W_A	C1_03040W_A
C1_13990W_A-T	C1_13990W_A	OCA6
C1_03290W_A-T	C1_03290W_A	NGG1
C1_06210W_A-T	C1_06210W_A	BUD16
C1_04950C_A-T	C1_04950C_A	RPM2
C1_01710W_A-T	C1_01710W_A	C1_01710W_A
C1_07600W_A-T	C1_07600W_A	ATP7
C1_00170W_A-T	C1_00170W_A	LEU4
C1_00580W_A-T	C1_00580W_A	C1_00580W_A
C1_12490W_A-T	C1_12490W_A	PEP1
C1_13400C_A-T	C1_13400C_A	AGC1
C1_03980W_A-T	C1_03980W_A	SPC19
C1_04460C_A-T	C1_04460C_A	C1_04460C_A
C1_05890W_A-T	C1_05890W_A	C1_05890W_A
C1_07880C_A-T	C1_07880C_A	GCS1
C1_10420C_A-T	C1_10420C_A	C1_10420C_A
C1_12830C_A-T	C1_12830C_A	C1_12830C_A
C1_14460W_A-T	C1_14460W_A	C1_14460W_A
C1_02400C_A-T	C1_02400C_A	MNN11
C1_01640W_A-T	C1_01640W_A	RPS42
C1_11970C_A-T	C1_11970C_A	C1_11970C_A
C1_06070W_A-T	C1_06070W_A	C1_06070W_A
C1_06030C_A-T	C1_06030C_A	C1_06030C_A
C1_04250C_A-T	C1_04250C_A	C1_04250C_A
C1_03010W_A-T	C1_03010W_A	RPP1A
C1_14080W_A-T	C1_14080W_A	UTP10
C1_07010W_A-T	C1_07010W_A	C1_07010W_A
C1_00730C_A-T	C1_00730C_A	CMP1
C1_06380C_A-T	C1_06380C_A	C1_06380C_A
C1_09710C_A-T	C1_09710C_A	C1_09710C_A
C1_08320W_A-T	C1_08320W_A	TKL1
C1_06390W_A-T	C1_06390W_A	C1_06390W_A
C1_09850C_A-T	C1_09850C_A	C1_09850C_A
C1_02080W_A-T	C1_02080W_A	SET6
C1_04550W_A-T	C1_04550W_A	ELC1
C1_08150C_A-T	C1_08150C_A	C1_08150C_A
C1_00690W_A-T	C1_00690W_A	RIC1
C1_01630W_A-T	C1_01630W_A	C1_01630W_A
C1_00530C_A-T	C1_00530C_A	C1_00530C_A
C1_04620W_A-T	C1_04620W_A	C1_04620W_A
C1_14060W_A-T	C1_14060W_A	C1_14060W_A
C1_13040C_A-T	C1_13040C_A	C1_13040C_A
C1_10930C_A-T	C1_10930C_A	UBA4
C1_00480C_A-T	C1_00480C_A	GCN20
C1_03220C_A-T	C1_03220C_A	BMH1
C1_11250W_A-T	C1_11250W_A	C1_11250W_A
C1_11640C_A-T	C1_11640C_A	DPP2
C1_06370C_A-T	C1_06370C_A	PBR1
C1_03210C_A-T	C1_03210C_A	CDC12
C1_10340W_A-T	C1_10340W_A	C1_10340W_A
C1_10120C_A-T	C1_10120C_A	C1_10120C_A
C1_02820W_A-T	C1_02820W_A	LYS2
C1_07820W_A-T	C1_07820W_A	C1_07820W_A
C1_14410W_A-T	C1_14410W_A	C1_14410W_A
C1_04170C_A-T	C1_04170C_A	HTA2
C1_12610W_A-T	C1_12610W_A	C1_12610W_A
C1_13820C_A-T	C1_13820C_A	C1_13820C_A
C1_13720W_A-T	C1_13720W_A	C1_13720W_A
C1_10800C_A-T	C1_10800C_A	ALP1
C1_05030C_A-T	C1_05030C_A	PSF2
C1_02420C_A-T	C1_02420C_A	GSC1
C1_05720W_A-T	C1_05720W_A	C1_05720W_A
C1_06300W_A-T	C1_06300W_A	C1_06300W_A
C1_01670C_A-T	C1_01670C_A	ESP1
C1_11450C_A-T	C1_11450C_A	SAM2
C1_13260W_A-T	C1_13260W_A	C1_13260W_A
C1_11760C_A-T	C1_11760C_A	C1_11760C_A
C1_03300C_A-T	C1_03300C_A	MAS1
C1_01080W_A-T	C1_01080W_A	C1_01080W_A
C1_13450W_A-T	C1_13450W_A	HYR1
C1_14200W_A-T	C1_14200W_A	C1_14200W_A
C1_03080C_A-T	C1_03080C_A	TEM1
C1_07480C_A-T	C1_07480C_A	C1_07480C_A
C1_00370W_A-T	C1_00370W_A	C1_00370W_A
C1_14490C_A-T	C1_14490C_A	SAM35
C1_05420W_A-T	C1_05420W_A	C1_05420W_A
C1_11770C_A-T	C1_11770C_A	C1_11770C_A
C1_12470W_A-T	C1_12470W_A	C1_12470W_A
C1_11350C_A-T	C1_11350C_A	TOS4
C1_04050C_A-T	C1_04050C_A	MFALPHA
C1_12820C_A-T	C1_12820C_A	C1_12820C_A
C1_01210W_A-T	C1_01210W_A	C1_01210W_A
C1_03380W_A-T	C1_03380W_A	TPS2
C1_11890W_A-T	C1_11890W_A	C1_11890W_A
C1_09530W_A-T	C1_09530W_A	RAM2
C1_11560C_A-T	C1_11560C_A	C1_11560C_A
C1_14520W_A-T	C1_14520W_A	C1_14520W_A
C1_11120C_A-T	C1_11120C_A	C1_11120C_A
C1_08600C_A-T	C1_08600C_A	GCD6
C1_11470C_A-T	C1_11470C_A	DPP1
C1_10100C_A-T	C1_10100C_A	NTF2
C1_07100C_A-T	C1_07100C_A	C1_07100C_A
C1_02310C_A-T	C1_02310C_A	GON7
C1_03050W_A-T	C1_03050W_A	C1_03050W_A
C1_02260C_A-T	C1_02260C_A	AGE3
C1_03840W_A-T	C1_03840W_A	C1_03840W_A
C1_10690W_A-T	C1_10690W_A	C1_10690W_A
C1_02880C_A-T	C1_02880C_A	MIA40
C1_07420C_A-T	C1_07420C_A	PEX3
C1_11730W_A-T	C1_11730W_A	C1_11730W_A
C1_07280C_A-T	C1_07280C_A	TFB5
C1_08830C_A-T	C1_08830C_A	C1_08830C_A
C1_08840W_A-T	C1_08840W_A	C1_08840W_A
C1_08710W_A-T	C1_08710W_A	C1_08710W_A
C1_04960C_A-T	C1_04960C_A	C1_04960C_A
C1_09520C_A-T	C1_09520C_A	C1_09520C_A
C1_07800W_A-T	C1_07800W_A	MTO1
C1_12670C_A-T	C1_12670C_A	C1_12670C_A
C1_11600W_A-T	C1_11600W_A	C1_11600W_A
C1_02180W_A-T	C1_02180W_A	GAL7
C1_05630C_A-T	C1_05630C_A	C1_05630C_A
C1_06710W_A-T	C1_06710W_A	KIN28
C1_10710C_A-T	C1_10710C_A	C1_10710C_A
C1_07260C_A-T	C1_07260C_A	C1_07260C_A
C1_12250C_A-T	C1_12250C_A	C1_12250C_A
C1_03780C_A-T	C1_03780C_A	HMG1
C1_09360C_A-T	C1_09360C_A	EFR3
C1_06920C_A-T	C1_06920C_A	C1_06920C_A
C1_04740W_A-T	C1_04740W_A	LPG20
C1_12480W_A-T	C1_12480W_A	C1_12480W_A
C1_13130C_A-T	C1_13130C_A	C1_13130C_A
C1_02560W_A-T	C1_02560W_A	C1_02560W_A
C1_07930C_A-T	C1_07930C_A	ERD1
C1_02800W_A-T	C1_02800W_A	C1_02800W_A
C1_07550W_A-T	C1_07550W_A	SWD2
C1_00320W_A-T	C1_00320W_A	C1_00320W_A
C1_10880W_A-T	C1_10880W_A	C1_10880W_A
C1_01190C_A-T	C1_01190C_A	C1_01190C_A
C1_03810C_A-T	C1_03810C_A	ELA1
C1_09420W_A-T	C1_09420W_A	LIP2
C1_09380W_A-T	C1_09380W_A	RIM20
C1_07390W_A-T	C1_07390W_A	C1_07390W_A
C1_09100W_A-T	C1_09100W_A	ZCF28
C1_13550C_A-T	C1_13550C_A	NUP49
C1_05220C_A-T	C1_05220C_A	C1_05220C_A
C1_11170W_A-T	C1_11170W_A	WBP1
C1_05930C_A-T	C1_05930C_A	C1_05930C_A
C1_12280C_A-T	C1_12280C_A	C1_12280C_A
C1_09580C_A-T	C1_09580C_A	LIP1
C1_11370C_A-T	C1_11370C_A	C1_11370C_A
C1_02830W_A-T	C1_02830W_A	C1_02830W_A
C1_02010C_A-T	C1_02010C_A	ZCF24
C1_06230C_A-T	C1_06230C_A	MDM34
C1_04090C_A-T	C1_04090C_A	C1_04090C_A
C1_09890C_A-T	C1_09890C_A	tS(CGA)1
C1_14370W_A-T	C1_14370W_A	C1_14370W_A
C1_01520C_A-T	C1_01520C_A	SOD2
C1_08970W_A-T	C1_08970W_A	C1_08970W_A
C1_13240W_A-T	C1_13240W_A	C1_13240W_A
C1_07680W_A-T	C1_07680W_A	HAP2
C1_09550W_A-T	C1_09550W_A	C1_09550W_A
C1_05270C_A-T	C1_05270C_A	MHR1
C1_07520C_A-T	C1_07520C_A	IST2
C1_04410C_A-T	C1_04410C_A	ESS1
C1_04400C_A-T	C1_04400C_A	APE2
C1_09370W_A-T	C1_09370W_A	CEF1
C1_13960W_A-T	C1_13960W_A	YBP1
C1_10260C_A-T	C1_10260C_A	RPA34
C1_10110W_A-T	C1_10110W_A	C1_10110W_A
C1_04450C_A-T	C1_04450C_A	FMA1
C1_05680C_A-T	C1_05680C_A	RIM1
C1_13870W_A-T	C1_13870W_A	MET3
C1_01460W_A-T	C1_01460W_A	C1_01460W_A
C1_07470C_A-T	C1_07470C_A	C1_07470C_A
C1_03070C_A-T	C1_03070C_A	ORC1
C1_09930W_A-T	C1_09930W_A	C1_09930W_A
C1_05160C_A-T	C1_05160C_A	C1_05160C_A
C1_04680W_A-T	C1_04680W_A	PIL1
C1_07570C_A-T	C1_07570C_A	C1_07570C_A
C1_08220W_A-T	C1_08220W_A	CCR4
C1_05300C_A-T	C1_05300C_A	PRD1
C1_13100W_A-T	C1_13100W_A	C1_13100W_A
C1_09650W_A-T	C1_09650W_A	C1_09650W_A
C1_10410W_A-T	C1_10410W_A	C1_10410W_A
C1_09640W_A-T	C1_09640W_A	ADE12
C1_06360W_A-T	C1_06360W_A	C1_06360W_A
C1_03860C_A-T	C1_03860C_A	BNI4
C1_09110W_A-T	C1_09110W_A	C1_09110W_A
C1_00670C_A-T	C1_00670C_A	UGA32
C1_04330W_A-T	C1_04330W_A	RPN4
C1_05050C_A-T	C1_05050C_A	RRP6
C1_01800W_A-T	C1_01800W_A	C1_01800W_A
C1_02760W_A-T	C1_02760W_A	GET3
C1_14040W_A-T	C1_14040W_A	C1_14040W_A
C1_05090W_A-T	C1_05090W_A	TRY2
C1_05200C_A-T	C1_05200C_A	C1_05200C_A
C1_10020W_A-T	C1_10020W_A	SFU1
C1_11040W_A-T	C1_11040W_A	RPL29
C1_03200C_A-T	C1_03200C_A	ARO80
C1_10870W_A-T	C1_10870W_A	RPS17B
C1_05080W_A-T	C1_05080W_A	GPT1
C1_10270C_A-T	C1_10270C_A	SFH5
C1_03450C_A-T	C1_03450C_A	C1_03450C_A
C1_10190W_A-T	C1_10190W_A	C1_10190W_A
CR_02750C_A-T	CR_02750C_A	PGA34
CR_03880W_A-T	CR_03880W_A	IFF9
CR_09660W_A-T	CR_09660W_A	CR_09660W_A
CR_07200W_A-T	CR_07200W_A	CR_07200W_A
CR_07670W_A-T	CR_07670W_A	CR_07670W_A
CR_03450W_A-T	CR_03450W_A	HXT5
CR_06940W_A-T	CR_06940W_A	DSL1
CR_02220C_A-T	CR_02220C_A	OPT3
CR_08110W_A-T	CR_08110W_A	CR_08110W_A
CR_10470C_A-T	CR_10470C_A	CR_10470C_A
CR_09710W_A-T	CR_09710W_A	PCD1
CR_07530C_A-T	CR_07530C_A	ECM22
CR_02480W_A-T	CR_02480W_A	CR_02480W_A
CR_00450C_A-T	CR_00450C_A	CR_00450C_A
CR_01260W_A-T	CR_01260W_A	CR_01260W_A
CR_10700W_A-T	CR_10700W_A	RFC4
CR_01930C_A-T	CR_01930C_A	BIO2
CR_09330C_A-T	CR_09330C_A	CR_09330C_A
CR_03340C_A-T	CR_03340C_A	SLD2
CR_04010C_A-T	CR_04010C_A	MRPL40
CR_01620C_A-T	CR_01620C_A	MET6
CR_05960W_A-T	CR_05960W_A	CR_05960W_A
CR_07010W_A-T	CR_07010W_A	MIS11
CR_08140W_A-T	CR_08140W_A	CR_08140W_A
CR_09450C_A-T	CR_09450C_A	tD(GUC)7
CR_10640W_A-T	CR_10640W_A	CR_10640W_A
CR_06490C_A-T	CR_06490C_A	HSP60
CR_10540C_A-T	CR_10540C_A	MCD1
CR_07930C_A-T	CR_07930C_A	CR_07930C_A
CR_08620C_A-T	CR_08620C_A	CR_08620C_A
CR_00510C_A-T	CR_00510C_A	ADE1
CR_00820C_A-T	CR_00820C_A	CR_00820C_A
CR_10440W_A-T	CR_10440W_A	CR_10440W_A
CR_05390W_A-T	CR_05390W_A	PST3
CR_03950W_A-T	CR_03950W_A	CR_03950W_A
CR_07450C_A-T	CR_07450C_A	MNL1
CR_07060C_A-T	CR_07060C_A	CRZ2
CR_08930C_A-T	CR_08930C_A	CR_08930C_A
CR_03210C_A-T	CR_03210C_A	SSU72
CR_03910C_A-T	CR_03910C_A	TAF12L
CR_02100C_A-T	CR_02100C_A	CR_02100C_A
CR_04860C_A-T	CR_04860C_A	CR_04860C_A
CR_07360W_A-T	CR_07360W_A	PIF1
CR_07440W_A-T	CR_07440W_A	ACE2
CR_03960C_A-T	CR_03960C_A	MON1
CR_06210C_A-T	CR_06210C_A	CR_06210C_A
CR_04680C_A-T	CR_04680C_A	CR_04680C_A
CR_09290W_A-T	CR_09290W_A	THI13
CR_01240C_A-T	CR_01240C_A	BOI2
CR_00670C_A-T	CR_00670C_A	CR_00670C_A
CR_02350C_A-T	CR_02350C_A	GEF2
CR_05340C_A-T	CR_05340C_A	IFE2
CR_07310W_A-T	CR_07310W_A	CR_07310W_A
CR_09620C_A-T	CR_09620C_A	CR_09620C_A
CR_08680C_A-T	CR_08680C_A	NPR3
CR_06070W_A-T	CR_06070W_A	CR_06070W_A
CR_00770W_A-T	CR_00770W_A	CR_00770W_A
CR_08900C_A-T	CR_08900C_A	CR_08900C_A
CR_04200W_A-T	CR_04200W_A	YDJ1
CR_05610C_A-T	CR_05610C_A	SRR1
CR_00730C_A-T	CR_00730C_A	tT(AGU)3
CR_10380C_A-T	CR_10380C_A	CR_10380C_A
CR_09220C_A-T	CR_09220C_A	LIP7
CR_02130W_A-T	CR_02130W_A	ECM4
CR_04190W_A-T	CR_04190W_A	SRV2
CR_03350C_A-T	CR_03350C_A	ATP25
CR_03490W_A-T	CR_03490W_A	DEM1
CR_04720C_A-T	CR_04720C_A	INO80
CR_03740C_A-T	CR_03740C_A	CR_03740C_A
CR_01170W_A-T	CR_01170W_A	CR_01170W_A
CR_02860W_A-T	CR_02860W_A	RHO1
CR_05700C_A-T	CR_05700C_A	CR_05700C_A
CR_04630C_A-T	CR_04630C_A	DIT2
CR_01790C_A-T	CR_01790C_A	CR_01790C_A
CR_02800C_A-T	CR_02800C_A	CR_02800C_A
CR_09210W_A-T	CR_09210W_A	SUC1
CR_00620C_A-T	CR_00620C_A	ARG1
CR_10140W_A-T	CR_10140W_A	CR_10140W_A
CR_02680W_A-T	CR_02680W_A	NDC80
CR_02240C_A-T	CR_02240C_A	OPT2
CR_05330W_A-T	CR_05330W_A	CR_05330W_A
CR_01970C_A-T	CR_01970C_A	VMA4
CR_01330W_A-T	CR_01330W_A	CPA2
CR_02060W_A-T	CR_02060W_A	CR_02060W_A
CR_06850C_A-T	CR_06850C_A	CR_06850C_A
CR_04120C_A-T	CR_04120C_A	CR_04120C_A
CR_01430W_A-T	CR_01430W_A	CR_01430W_A
CR_10000C_A-T	CR_10000C_A	CR_10000C_A
CR_00260W_A-T	CR_00260W_A	KIN2
CR_02320W_A-T	CR_02320W_A	CR_02320W_A
CR_02360W_A-T	CR_02360W_A	IDP2
CR_10020C_A-T	CR_10020C_A	YOS9
CR_00870C_A-T	CR_00870C_A	SWF1
CR_08180C_A-T	CR_08180C_A	TRM9
CR_08880C_A-T	CR_08880C_A	CR_08880C_A
CR_06010W_A-T	CR_06010W_A	CR_06010W_A
CR_08630W_A-T	CR_08630W_A	CDC23
CR_04640W_A-T	CR_04640W_A	DIT1
CR_10600C_A-T	CR_10600C_A	CR_10600C_A
CR_08950W_A-T	CR_08950W_A	ARP2
CR_04180C_A-T	CR_04180C_A	CR_04180C_A
CR_07040W_A-T	CR_07040W_A	SPT10
CR_04800W_A-T	CR_04800W_A	MNT4
CR_09920W_A-T	CR_09920W_A	CR_09920W_A
CR_08090W_A-T	CR_08090W_A	SSB1
CR_01100C_A-T	CR_01100C_A	COX23
CR_10180W_A-T	CR_10180W_A	CR_10180W_A
CR_03200C_A-T	CR_03200C_A	CR_03200C_A
CR_01110W_A-T	CR_01110W_A	SRP54
CR_01540W_A-T	CR_01540W_A	SAS3
CR_09790W_A-T	CR_09790W_A	ALO1
CR_05430W_A-T	CR_05430W_A	CSP1
CR_02540W_A-T	CR_02540W_A	CHO2
CR_01220W_A-T	CR_01220W_A	CR_01220W_A
CR_05300C_A-T	CR_05300C_A	MNN21
CR_02530W_A-T	CR_02530W_A	DBP2
CR_04270C_A-T	CR_04270C_A	CR_04270C_A
CR_01160W_A-T	CR_01160W_A	CR_01160W_A
CR_03070W_A-T	CR_03070W_A	DOM34
CR_04610C_A-T	CR_04610C_A	ATG22
CR_06650C_A-T	CR_06650C_A	CR_06650C_A
CR_08750C_A-T	CR_08750C_A	tG(GCC)6
CR_03730C_A-T	CR_03730C_A	CR_03730C_A
CR_03780C_A-T	CR_03780C_A	CR_03780C_A
CR_10130W_A-T	CR_10130W_A	CR_10130W_A
CR_02470W_A-T	CR_02470W_A	CR_02470W_A
CR_05240C_A-T	CR_05240C_A	FGR14
CR_00430C_A-T	CR_00430C_A	CR_00430C_A
CR_03930C_A-T	CR_03930C_A	CR_03930C_A
CR_01150C_A-T	CR_01150C_A	CTF18
CR_03360W_A-T	CR_03360W_A	CR_03360W_A
CR_08860W_A-T	CR_08860W_A	PDK2
CR_09070C_A-T	CR_09070C_A	CR_09070C_A
CR_08270W_A-T	CR_08270W_A	CR_08270W_A
CR_06920W_A-T	CR_06920W_A	CR_06920W_A
CR_04510W_A-T	CR_04510W_A	HXK2
CR_02300C_A-T	CR_02300C_A	CR_02300C_A
CR_08960C_A-T	CR_08960C_A	MPS1
CR_00790C_A-T	CR_00790C_A	CR_00790C_A
CR_08530C_A-T	CR_08530C_A	tL(CAA)4
CR_05260C_A-T	CR_05260C_A	KCS1
CR_10830C_A-T	CR_10830C_A	CR_10830C_A
CR_01290C_A-T	CR_01290C_A	CWH43
CR_08450C_A-T	CR_08450C_A	CR_08450C_A
CR_01130W_A-T	CR_01130W_A	CR_01130W_A
CR_04350C_A-T	CR_04350C_A	CR_04350C_A
CR_08070W_A-T	CR_08070W_A	PTP1
CR_04400W_A-T	CR_04400W_A	CR_04400W_A
CR_04580W_A-T	CR_04580W_A	CR_04580W_A
CR_04460C_A-T	CR_04460C_A	CR_04460C_A
CR_03850W_A-T	CR_03850W_A	HGT3
CR_09600C_A-T	CR_09600C_A	YKE2
CR_08060C_A-T	CR_08060C_A	VPS21
CR_02380C_A-T	CR_02380C_A	CR_02380C_A
CR_05220C_A-T	CR_05220C_A	GUT1
CR_07700W_A-T	CR_07700W_A	CR_07700W_A
CR_03680C_A-T	CR_03680C_A	SMC1
CR_08420W_A-T	CR_08420W_A	CR_08420W_A
CR_04280C_A-T	CR_04280C_A	RFT1
CR_07150W_A-T	CR_07150W_A	GLK1
CR_10070C_A-T	CR_10070C_A	ZCF39
CR_07710W_A-T	CR_07710W_A	ARO2
CR_07970C_A-T	CR_07970C_A	CR_07970C_A
CR_01520W_A-T	CR_01520W_A	PTC2
CR_09510C_A-T	CR_09510C_A	CR_09510C_A
CR_02980C_A-T	CR_02980C_A	SRP40
CR_10720W_A-T	CR_10720W_A	HMI1
CR_07620W_A-T	CR_07620W_A	AAT21
CR_02260C_A-T	CR_02260C_A	CR_02260C_A
CR_01900C_A-T	CR_01900C_A	HNM3
CR_06640C_A-T	CR_06640C_A	CR_06640C_A
CR_00710C_A-T	CR_00710C_A	CR_00710C_A
CR_06310W_A-T	CR_06310W_A	CR_06310W_A
CR_05590C_A-T	CR_05590C_A	tC(GCA)2
CR_03190C_A-T	CR_03190C_A	CR_03190C_A
CR_06350C_A-T	CR_06350C_A	CR_06350C_A
CR_00590W_A-T	CR_00590W_A	PHO81
CR_04160C_A-T	CR_04160C_A	TRM6
CR_01090W_A-T	CR_01090W_A	CR_01090W_A
CR_07380C_A-T	CR_07380C_A	KSR1
CR_08260C_A-T	CR_08260C_A	CR_08260C_A
CR_02430C_A-T	CR_02430C_A	CR_02430C_A
CR_09100C_A-T	CR_09100C_A	CR_09100C_A
CR_04880W_A-T	CR_04880W_A	CR_04880W_A
CR_04360C_A-T	CR_04360C_A	NHP2
CR_06740W_A-T	CR_06740W_A	CR_06740W_A
CR_05190W_A-T	CR_05190W_A	CR_05190W_A
CR_06030C_A-T	CR_06030C_A	CR_06030C_A
CR_03460W_A-T	CR_03460W_A	CR_03460W_A
CR_07600W_A-T	CR_07600W_A	CR_07600W_A
CR_01010W_A-T	CR_01010W_A	TEN1
CR_03270W_A-T	CR_03270W_A	CR_03270W_A
CR_06040W_A-T	CR_06040W_A	CR_06040W_A
CR_09810W_A-T	CR_09810W_A	CR_09810W_A
CR_00360C_A-T	CR_00360C_A	LEU1
CR_10490W_A-T	CR_10490W_A	EIF4E
CR_06600C_A-T	CR_06600C_A	CR_06600C_A
CR_08200C_A-T	CR_08200C_A	CR_08200C_A
CR_01910C_A-T	CR_01910C_A	CR_01910C_A
CR_03240C_A-T	CR_03240C_A	CR_03240C_A
CR_08910C_A-T	CR_08910C_A	RPN7
CR_10350C_A-T	CR_10350C_A	TRX1
CR_06530W_A-T	CR_06530W_A	CR_06530W_A
CR_00660W_A-T	CR_00660W_A	CR_00660W_A
CR_05100W_A-T	CR_05100W_A	CR_05100W_A
CR_04910W_A-T	CR_04910W_A	CDC43
CR_06700C_A-T	CR_06700C_A	SOL3
CR_09530C_A-T	CR_09530C_A	CR_09530C_A
CR_10210W_A-T	CR_10210W_A	PGA12
CR_00310C_A-T	CR_00310C_A	CR_00310C_A
CR_04500C_A-T	CR_04500C_A	CR_04500C_A
CR_03440W_A-T	CR_03440W_A	CR_03440W_A
CR_03230W_A-T	CR_03230W_A	SQS1
CR_07170W_A-T	CR_07170W_A	CR_07170W_A
CR_09490W_A-T	CR_09490W_A	CR_09490W_A
CR_04730W_A-T	CR_04730W_A	CR_04730W_A
CR_08380C_A-T	CR_08380C_A	CR_08380C_A
CR_02040W_A-T	CR_02040W_A	PRK1
CR_00400C_A-T	CR_00400C_A	SWC4
CR_04890W_A-T	CR_04890W_A	LYS5
CR_08400C_A-T	CR_08400C_A	CR_08400C_A
CR_00760C_A-T	CR_00760C_A	HYR4
CR_05170C_A-T	CR_05170C_A	FDH1
CR_06560C_A-T	CR_06560C_A	CR_06560C_A
CR_01610C_A-T	CR_01610C_A	SHP1
CR_09780C_A-T	CR_09780C_A	IFA14
CR_05990C_A-T	CR_05990C_A	SFL1
CR_04670C_A-T	CR_04670C_A	CR_04670C_A
CR_07250C_A-T	CR_07250C_A	CR_07250C_A
CR_04790W_A-T	CR_04790W_A	MVB12
CR_10660W_A-T	CR_10660W_A	CKA1
CR_02770C_A-T	CR_02770C_A	CR_02770C_A
CR_03010C_A-T	CR_03010C_A	ERV1
CR_08710W_A-T	CR_08710W_A	CR_08710W_A
CR_03710C_A-T	CR_03710C_A	CR_03710C_A
CR_07730W_A-T	CR_07730W_A	HGT14
CR_06710C_A-T	CR_06710C_A	GCN5
CR_05860W_A-T	CR_05860W_A	CR_05860W_A
CR_04250W_A-T	CR_04250W_A	RON1
CR_04210C_A-T	CR_04210C_A	QDR1
CR_01860W_A-T	CR_01860W_A	OPT9
CR_02930W_A-T	CR_02930W_A	CR_02930W_A
CR_03400W_A-T	CR_03400W_A	CR_03400W_A
CR_09690C_A-T	CR_09690C_A	PLB3
CR_06820W_A-T	CR_06820W_A	CR_06820W_A
CR_10400W_A-T	CR_10400W_A	CR_10400W_A
CR_10730C_A-T	CR_10730C_A	CR_10730C_A
CR_07300W_A-T	CR_07300W_A	CR_07300W_A
CR_00210W_A-T	CR_00210W_A	ALK2
CR_05760C_A-T	CR_05760C_A	CR_05760C_A
CR_02520W_A-T	CR_02520W_A	RPC19
CR_05530C_A-T	CR_05530C_A	CWT1
CR_02760C_A-T	CR_02760C_A	RPD3
CR_01690C_A-T	CR_01690C_A	CDC60
CR_08040W_A-T	CR_08040W_A	CR_08040W_A
CR_10530W_A-T	CR_10530W_A	CR_10530W_A
CR_09880W_A-T	CR_09880W_A	DEF1
CR_04070W_A-T	CR_04070W_A	NAT5
CR_03900W_A-T	CR_03900W_A	HST7
CR_00890C_A-T	CR_00890C_A	CR_00890C_A
CR_01350C_A-T	CR_01350C_A	CR_01350C_A
CR_08920W_A-T	CR_08920W_A	CR_08920W_A
CR_08570W_A-T	CR_08570W_A	SKI2
CR_02120C_A-T	CR_02120C_A	CR_02120C_A
CR_07240C_A-T	CR_07240C_A	CLG1
CR_08690C_A-T	CR_08690C_A	ECI1
CR_04870C_A-T	CR_04870C_A	CR_04870C_A
CR_08970W_A-T	CR_08970W_A	tM(CAU)4
CR_05560W_A-T	CR_05560W_A	CR_05560W_A
CR_06630W_A-T	CR_06630W_A	CR_06630W_A
CR_02790C_A-T	CR_02790C_A	ALG5
CR_07860C_A-T	CR_07860C_A	ASF1
CR_05790C_A-T	CR_05790C_A	ACO2
CR_03640C_A-T	CR_03640C_A	CR_03640C_A
CR_03790C_A-T	CR_03790C_A	KRE1
CR_06460W_A-T	CR_06460W_A	GST3
CR_10310W_A-T	CR_10310W_A	CR_10310W_A
CR_10580W_A-T	CR_10580W_A	PRO1
CR_01700C_A-T	CR_01700C_A	CR_01700C_A
CR_07750C_A-T	CR_07750C_A	DBP6
CR_07210W_A-T	CR_07210W_A	ARC15
CR_07920W_A-T	CR_07920W_A	CR_07920W_A
CR_10370W_A-T	CR_10370W_A	HCR1
CR_03080C_A-T	CR_03080C_A	CR_03080C_A
CR_02050C_A-T	CR_02050C_A	HDA1
CR_08410W_A-T	CR_08410W_A	CR_08410W_A
CR_01310W_A-T	CR_01310W_A	ATP3
CR_07880C_A-T	CR_07880C_A	tG(GCC)1
CR_06980W_A-T	CR_06980W_A	CR_06980W_A
CR_08220C_A-T	CR_08220C_A	tK(UUU)3
CR_00500C_A-T	CR_00500C_A	CR_00500C_A
CR_06670W_A-T	CR_06670W_A	CFL11
CR_05130C_A-T	CR_05130C_A	CR_05130C_A
CR_08080W_A-T	CR_08080W_A	CR_08080W_A
CR_01180W_A-T	CR_01180W_A	CAP01
CR_02850C_A-T	CR_02850C_A	GZF3
CR_02660C_A-T	CR_02660C_A	CR_02660C_A
CR_03050C_A-T	CR_03050C_A	ZCF11
CR_07610C_A-T	CR_07610C_A	CR_07610C_A
CR_10390W_A-T	CR_10390W_A	CR_10390W_A
CR_06120W_A-T	CR_06120W_A	RPL7
CR_03020C_A-T	CR_03020C_A	CR_03020C_A
CR_06540W_A-T	CR_06540W_A	KIP1
CR_02670C_A-T	CR_02670C_A	CR_02670C_A
CR_01780W_A-T	CR_01780W_A	CR_01780W_A
CR_02910W_A-T	CR_02910W_A	ATG13
CR_08640C_A-T	CR_08640C_A	CR_08640C_A
CR_09360W_A-T	CR_09360W_A	FCY24
CR_09840C_A-T	CR_09840C_A	CR_09840C_A
CR_05070W_A-T	CR_05070W_A	tH(GUG)1
CR_08120C_A-T	CR_08120C_A	DCP2
CR_04660C_A-T	CR_04660C_A	UGP1
CR_09970W_A-T	CR_09970W_A	UBC4
CR_01590C_A-T	CR_01590C_A	TRP2
CR_10690W_A-T	CR_10690W_A	POP3
CR_06240C_A-T	CR_06240C_A	ZCF19
CR_02710W_A-T	CR_02710W_A	RRP9
CR_06730W_A-T	CR_06730W_A	APG7
CR_07940W_A-T	CR_07940W_A	CR_07940W_A
CR_10800C_A-T	CR_10800C_A	CR_10800C_A
CR_10240W_A-T	CR_10240W_A	UTP5
CR_04240C_A-T	CR_04240C_A	CR_04240C_A
CR_02180W_A-T	CR_02180W_A	PHO113
CR_06800C_A-T	CR_06800C_A	HHF22
CR_07810W_A-T	CR_07810W_A	YHB5
CR_05040W_A-T	CR_05040W_A	CR_05040W_A
CR_09230C_A-T	CR_09230C_A	CR_09230C_A
CR_06990W_A-T	CR_06990W_A	CR_06990W_A
CR_07340C_A-T	CR_07340C_A	CR_07340C_A
CR_07070C_A-T	CR_07070C_A	ALS3
CR_08460W_A-T	CR_08460W_A	TPM2
CR_07110C_A-T	CR_07110C_A	CR_07110C_A
CR_02290W_A-T	CR_02290W_A	PGA22
CR_01950W_A-T	CR_01950W_A	CR_01950W_A
CR_07820W_A-T	CR_07820W_A	CR_07820W_A
CR_05280W_A-T	CR_05280W_A	CR_05280W_A
CR_04620C_A-T	CR_04620C_A	CR_04620C_A
CR_04275W_A-T	CR_04275W_A	SCR1
CR_06580W_A-T	CR_06580W_A	CR_06580W_A
CR_00570W_A-T	CR_00570W_A	CR_00570W_A
CR_09820C_A-T	CR_09820C_A	CR_09820C_A
CR_08240W_A-T	CR_08240W_A	tK(UUU)5
CR_07850W_A-T	CR_07850W_A	CR_07850W_A
CR_06590C_A-T	CR_06590C_A	RGS2
CR_04550W_A-T	CR_04550W_A	PRE6
CR_05080W_A-T	CR_05080W_A	VMA13
CR_07030C_A-T	CR_07030C_A	RRP36
CR_06770C_A-T	CR_06770C_A	CR_06770C_A
CR_08540C_A-T	CR_08540C_A	SSY5
CR_06380C_A-T	CR_06380C_A	CR_06380C_A
CR_03600C_A-T	CR_03600C_A	CR_03600C_A
CR_06250W_A-T	CR_06250W_A	CR_06250W_A
CR_01960C_A-T	CR_01960C_A	MRS2
CR_05710C_A-T	CR_05710C_A	CR_05710C_A
CR_04340W_A-T	CR_04340W_A	PIM1
CR_03300C_A-T	CR_03300C_A	CR_03300C_A
CR_08320W_A-T	CR_08320W_A	ATS1
CR_08670C_A-T	CR_08670C_A	CR_08670C_A
CR_03480W_A-T	CR_03480W_A	CR_03480W_A
CR_03430W_A-T	CR_03430W_A	CR_03430W_A
CR_08310C_A-T	CR_08310C_A	CR_08310C_A
CR_08840C_A-T	CR_08840C_A	NIT2
CR_00350W_A-T	CR_00350W_A	CR_00350W_A
CR_04300W_A-T	CR_04300W_A	CR_04300W_A
CR_01920W_A-T	CR_01920W_A	CR_01920W_A
CR_00460C_A-T	CR_00460C_A	CR_00460C_A
CR_10860C_A-T	CR_10860C_A	CTA26
CR_05020W_A-T	CR_05020W_A	LYP1
CR_08890C_A-T	CR_08890C_A	ASR2
CR_00090C_A-T	CR_00090C_A	CR_00090C_A
CR_09760W_A-T	CR_09760W_A	MED21
CR_03700C_A-T	CR_03700C_A	CR_03700C_A
CR_02370W_A-T	CR_02370W_A	ERG25
CR_01500W_A-T	CR_01500W_A	PIN4
CR_02870W_A-T	CR_02870W_A	APL4
CR_05640C_A-T	CR_05640C_A	CR_05640C_A
CR_07650W_A-T	CR_07650W_A	GLC7
CR_00860C_A-T	CR_00860C_A	TMA19
CR_01580C_A-T	CR_01580C_A	DOT6
CR_07420W_A-T	CR_07420W_A	KGD2
CR_00680W_A-T	CR_00680W_A	BUD22
CR_07120C_A-T	CR_07120C_A	CR_07120C_A
CR_10710C_A-T	CR_10710C_A	VPS52
CR_01390W_A-T	CR_01390W_A	MGE1
CR_10170C_A-T	CR_10170C_A	CR_10170C_A
CR_06520C_A-T	CR_06520C_A	CR_06520C_A
CR_08230C_A-T	CR_08230C_A	tK(UUU)4
CR_00270C_A-T	CR_00270C_A	CR_00270C_A
CR_09910W_A-T	CR_09910W_A	GNP3
CR_05380C_A-T	CR_05380C_A	YCP4
CR_01670W_A-T	CR_01670W_A	CR_01670W_A
CR_01050C_A-T	CR_01050C_A	CR_01050C_A
CR_05310W_A-T	CR_05310W_A	CR_05310W_A
CR_07580C_A-T	CR_07580C_A	TSC11
CR_01120C_A-T	CR_01120C_A	CR_01120C_A
CR_05490W_A-T	CR_05490W_A	SUA72
CR_06340C_A-T	CR_06340C_A	PGI1
CR_01850C_A-T	CR_01850C_A	CR_01850C_A
CR_09380W_A-T	CR_09380W_A	PRE8
CR_00580W_A-T	CR_00580W_A	YRB1
CR_04370W_A-T	CR_04370W_A	CR_04370W_A
CR_08100C_A-T	CR_08100C_A	RIO2
CR_00470W_A-T	CR_00470W_A	CR_00470W_A
CR_04810W_A-T	CR_04810W_A	RPS3
CR_07410C_A-T	CR_07410C_A	tK(UUU)2
CR_07570W_A-T	CR_07570W_A	CR_07570W_A
CR_06080W_A-T	CR_06080W_A	SIS1
CR_09800C_A-T	CR_09800C_A	CR_09800C_A
CR_10480W_A-T	CR_10480W_A	PGA1
CR_04560C_A-T	CR_04560C_A	RAD27
CR_06020W_A-T	CR_06020W_A	CR_06020W_A
CR_07490C_A-T	CR_07490C_A	GLK4
CR_02490W_A-T	CR_02490W_A	OPT4
CR_06790C_A-T	CR_06790C_A	CR_06790C_A
CR_02150W_A-T	CR_02150W_A	MDL1
CR_08560C_A-T	CR_08560C_A	CR_08560C_A
CR_05450C_A-T	CR_05450C_A	CR_05450C_A
CR_01480W_A-T	CR_01480W_A	PRS
CR_08590W_A-T	CR_08590W_A	CR_08590W_A
CR_00610W_A-T	CR_00610W_A	IFF4
CR_01680C_A-T	CR_01680C_A	CDC4
CR_05670C_A-T	CR_05670C_A	HMO1
CR_01340W_A-T	CR_01340W_A	CR_01340W_A
CR_06330C_A-T	CR_06330C_A	CR_06330C_A
CR_05180C_A-T	CR_05180C_A	SDH2
CR_04080C_A-T	CR_04080C_A	SEC63
CR_04110W_A-T	CR_04110W_A	CR_04110W_A
CR_08770W_A-T	CR_08770W_A	RDN18
CR_03280W_A-T	CR_03280W_A	IFR2
CR_04570C_A-T	CR_04570C_A	CDC10
CR_00830W_A-T	CR_00830W_A	CR_00830W_A
CR_10320W_A-T	CR_10320W_A	CR_10320W_A
CR_05840W_A-T	CR_05840W_A	SPC25
CR_05930C_A-T	CR_05930C_A	tS(AGA)1
CR_09390C_A-T	CR_09390C_A	CR_09390C_A
CR_06150C_A-T	CR_06150C_A	ADE13
CR_04450C_A-T	CR_04450C_A	CR_04450C_A
CR_09480W_A-T	CR_09480W_A	CR_09480W_A
CR_04750W_A-T	CR_04750W_A	CR_04750W_A
CR_00160C_A-T	CR_00160C_A	CR_00160C_A
CR_01230C_A-T	CR_01230C_A	CDC27
CR_06300C_A-T	CR_06300C_A	FGR50
CR_03000C_A-T	CR_03000C_A	CR_03000C_A
CR_08330W_A-T	CR_08330W_A	CR_08330W_A
CR_10110W_A-T	CR_10110W_A	CHT3
CR_03690W_A-T	CR_03690W_A	CR_03690W_A
CR_00040C_A-T	CR_00040C_A	CR_00040C_A
CR_00750C_A-T	CR_00750C_A	JHD1
CR_00840C_A-T	CR_00840C_A	CR_00840C_A
CR_01870C_A-T	CR_01870C_A	CR_01870C_A
CR_01460C_A-T	CR_01460C_A	CR_01460C_A
CR_08300C_A-T	CR_08300C_A	NTE1
CR_07840C_A-T	CR_07840C_A	CR_07840C_A
CR_02270C_A-T	CR_02270C_A	CR_02270C_A
CR_08050C_A-T	CR_08050C_A	CR_08050C_A
CR_02440W_A-T	CR_02440W_A	CR_02440W_A
CR_05250C_A-T	CR_05250C_A	FGR13
CR_00060C_A-T	CR_00060C_A	CR_00060C_A
CR_02650C_A-T	CR_02650C_A	DRE2
CR_04700C_A-T	CR_04700C_A	tS(GCU)1
CR_05460W_A-T	CR_05460W_A	CR_05460W_A
CR_00220W_A-T	CR_00220W_A	CR_00220W_A
CR_10280W_A-T	CR_10280W_A	CR_10280W_A
CR_05620C_A-T	CR_05620C_A	MTG2
CR_00650W_A-T	CR_00650W_A	CR_00650W_A
CR_03540W_A-T	CR_03540W_A	CR_03540W_A
CR_08600C_A-T	CR_08600C_A	PEX19
CR_04530W_A-T	CR_04530W_A	FUM11
CR_09850C_A-T	CR_09850C_A	FGR46
CR_10340W_A-T	CR_10340W_A	PTP3
CR_08830W_A-T	CR_08830W_A	CR_08830W_A
CR_05140W_A-T	CR_05140W_A	CR_05140W_A
CR_08790W_A-T	CR_08790W_A	RDN58
CR_02700W_A-T	CR_02700W_A	CR_02700W_A
CR_02780W_A-T	CR_02780W_A	CR_02780W_A
CR_08990C_A-T	CR_08990C_A	SLP3
CR_10520C_A-T	CR_10520C_A	SLD5
CR_03180W_A-T	CR_03180W_A	CR_03180W_A
CR_07630C_A-T	CR_07630C_A	RPS27
CR_04740C_A-T	CR_04740C_A	ADE6
CR_02140W_A-T	CR_02140W_A	RSR1
CR_10550W_A-T	CR_10550W_A	DRS1
CR_00320C_A-T	CR_00320C_A	NAP1
CR_09610C_A-T	CR_09610C_A	CR_09610C_A
CR_09160C_A-T	CR_09160C_A	ERG13
CR_05800C_A-T	CR_05800C_A	LCL2
CR_03040C_A-T	CR_03040C_A	HGT18
CR_09430C_A-T	CR_09430C_A	CR_09430C_A
CR_03090C_A-T	CR_03090C_A	MLC1
CR_00490W_A-T	CR_00490W_A	CR_00490W_A
CR_02250C_A-T	CR_02250C_A	CEX1
CR_09770C_A-T	CR_09770C_A	PMT5
CR_07090W_A-T	CR_07090W_A	STT4
CR_07550C_A-T	CR_07550C_A	CR_07550C_A
CR_00100C_A-T	CR_00100C_A	EPL1
CR_05160C_A-T	CR_05160C_A	CR_05160C_A
CR_09170C_A-T	CR_09170C_A	SSU1
CR_03320C_A-T	CR_03320C_A	CR_03320C_A
CR_10570C_A-T	CR_10570C_A	YHB4
CR_10250C_A-T	CR_10250C_A	FDH3
CR_04290W_A-T	CR_04290W_A	HAP31
CR_10060W_A-T	CR_10060W_A	CR_10060W_A
CR_09030C_A-T	CR_09030C_A	CR_09030C_A
CR_05690W_A-T	CR_05690W_A	MCT1
CR_02420W_A-T	CR_02420W_A	CR_02420W_A
CR_01200W_A-T	CR_01200W_A	OYE22
CR_04780W_A-T	CR_04780W_A	RPB8
CR_10620C_A-T	CR_10620C_A	CR_10620C_A
CR_03670W_A-T	CR_03670W_A	CR_03670W_A
CR_01640C_A-T	CR_01640C_A	CR_01640C_A
CR_04850C_A-T	CR_04850C_A	CR_04850C_A
CR_05150W_A-T	CR_05150W_A	CR_05150W_A
CR_10810C_A-T	CR_10810C_A	CR_10810C_A
CR_02460W_A-T	CR_02460W_A	CR_02460W_A
CR_02550C_A-T	CR_02550C_A	CR_02550C_A
CR_05440W_A-T	CR_05440W_A	BNA1
CR_01510C_A-T	CR_01510C_A	CR_01510C_A
CR_09960C_A-T	CR_09960C_A	UGA3
CR_00280C_A-T	CR_00280C_A	CR_00280C_A
CR_05740C_A-T	CR_05740C_A	PTC4
CR_02090C_A-T	CR_02090C_A	CET1
CR_07660C_A-T	CR_07660C_A	CR_07660C_A
CR_06230W_A-T	CR_06230W_A	CR_06230W_A
CR_05940W_A-T	CR_05940W_A	CEK2
CR_06500C_A-T	CR_06500C_A	CR_06500C_A
CR_01840W_A-T	CR_01840W_A	CR_01840W_A
CR_07780W_A-T	CR_07780W_A	CR_07780W_A
CR_02940C_A-T	CR_02940C_A	CR_02940C_A
CR_10420W_A-T	CR_10420W_A	CR_10420W_A
CR_01000C_A-T	CR_01000C_A	SLN1
CR_04830C_A-T	CR_04830C_A	CR_04830C_A
CR_08130W_A-T	CR_08130W_A	CR_08130W_A
CR_09700W_A-T	CR_09700W_A	CR_09700W_A
CR_10270C_A-T	CR_10270C_A	AHA1
CR_06810W_A-T	CR_06810W_A	HHT2
CR_09240C_A-T	CR_09240C_A	CR_09240C_A
CR_03520C_A-T	CR_03520C_A	CR_03520C_A
CR_05510W_A-T	CR_05510W_A	STE13
CR_02720C_A-T	CR_02720C_A	RPC31
CR_02950C_A-T	CR_02950C_A	CR_02950C_A
CR_04220C_A-T	CR_04220C_A	CR_04220C_A
CR_04900C_A-T	CR_04900C_A	PGA39
CR_01830C_A-T	CR_01830C_A	PTR2
CR_09050C_A-T	CR_09050C_A	CR_09050C_A
CR_01080W_A-T	CR_01080W_A	CR_01080W_A
CR_01300W_A-T	CR_01300W_A	CR_01300W_A
CR_00530W_A-T	CR_00530W_A	CR_00530W_A
CR_10300W_A-T	CR_10300W_A	PUP1
CR_10840C_A-T	CR_10840C_A	XYL2
CR_05290W_A-T	CR_05290W_A	MNT3
CR_05650W_A-T	CR_05650W_A	BRF1
CR_08580C_A-T	CR_08580C_A	CR_08580C_A
CR_01990C_A-T	CR_01990C_A	SPC98
CR_03310C_A-T	CR_03310C_A	CR_03310C_A
CR_09180W_A-T	CR_09180W_A	CDG1
CR_06680C_A-T	CR_06680C_A	CR_06680C_A
CR_05410C_A-T	CR_05410C_A	tR(ACG)1
CR_04040C_A-T	CR_04040C_A	SPT14
CR_05120W_A-T	CR_05120W_A	CR_05120W_A
CR_07890W_A-T	CR_07890W_A	EFG1
CR_08430W_A-T	CR_08430W_A	CR_08430W_A
CR_09370W_A-T	CR_09370W_A	ELF1
CR_00540C_A-T	CR_00540C_A	MDH1
CR_07870W_A-T	CR_07870W_A	CR_07870W_A
CR_02160W_A-T	CR_02160W_A	UGT51C1
CR_07020W_A-T	CR_07020W_A	CR_07020W_A
CR_04980C_A-T	CR_04980C_A	CR_04980C_A
CR_08370W_A-T	CR_08370W_A	GSH2
CR_00170W_A-T	CR_00170W_A	ZCF38
CR_04920W_A-T	CR_04920W_A	CR_04920W_A
CR_08870W_A-T	CR_08870W_A	PEX13
CR_03750C_A-T	CR_03750C_A	PRP42
CR_08440W_A-T	CR_08440W_A	CR_08440W_A
CR_07540C_A-T	CR_07540C_A	CR_07540C_A
CR_03660C_A-T	CR_03660C_A	CR_03660C_A
CR_09460C_A-T	CR_09460C_A	CR_09460C_A
CR_09730C_A-T	CR_09730C_A	SSF1
CR_10770W_A-T	CR_10770W_A	CR_10770W_A
CR_08740W_A-T	CR_08740W_A	CR_08740W_A
CR_03530W_A-T	CR_03530W_A	MIC60
CR_09640C_A-T	CR_09640C_A	CR_09640C_A
CR_07400C_A-T	CR_07400C_A	LPD1
CR_00080W_A-T	CR_00080W_A	MIS12
CR_07690W_A-T	CR_07690W_A	CR_07690W_A
CR_00970W_A-T	CR_00970W_A	ATO9
CR_07050C_A-T	CR_07050C_A	URA2
CR_07590W_A-T	CR_07590W_A	EMP24
CR_08250C_A-T	CR_08250C_A	HSP104
CR_05820C_A-T	CR_05820C_A	tP(UGG)4
CR_01440C_A-T	CR_01440C_A	CR_01440C_A
CR_05890C_A-T	CR_05890C_A	CR_05890C_A
CR_00910W_A-T	CR_00910W_A	CR_00910W_A
CR_04590C_A-T	CR_04590C_A	PDX3
CR_08490W_A-T	CR_08490W_A	TSR1
CR_10790W_A-T	CR_10790W_A	MAL2
CR_04130C_A-T	CR_04130C_A	EAF7
CR_08020C_A-T	CR_08020C_A	NOP10
CR_01820W_A-T	CR_01820W_A	CR_01820W_A
CR_07330W_A-T	CR_07330W_A	SMX4
CR_08500W_A-T	CR_08500W_A	CR_08500W_A
CR_06860C_A-T	CR_06860C_A	ARO10
CR_07270C_A-T	CR_07270C_A	HGT16
CR_07460C_A-T	CR_07460C_A	CR_07460C_A
CR_03940W_A-T	CR_03940W_A	IPI1
CR_04030W_A-T	CR_04030W_A	NIP100
CR_05780W_A-T	CR_05780W_A	VMA2
CR_02960W_A-T	CR_02960W_A	CR_02960W_A
CR_08520C_A-T	CR_08520C_A	CR_08520C_A
CR_06900C_A-T	CR_06900C_A	ALG6
CR_08720W_A-T	CR_08720W_A	CR_08720W_A
CR_06130C_A-T	CR_06130C_A	CR_06130C_A
CR_03510W_A-T	CR_03510W_A	CR_03510W_A
CR_06420W_A-T	CR_06420W_A	PPZ1
CR_06550C_A-T	CR_06550C_A	CR_06550C_A
CR_06110C_A-T	CR_06110C_A	RFX1
CR_03330W_A-T	CR_03330W_A	CR_03330W_A
CR_07290W_A-T	CR_07290W_A	FRE7
CR_03830C_A-T	CR_03830C_A	MCM2
CR_02620C_A-T	CR_02620C_A	CR_02620C_A
CR_05720W_A-T	CR_05720W_A	TPS1
CR_06970C_A-T	CR_06970C_A	CR_06970C_A
CR_01250C_A-T	CR_01250C_A	CR_01250C_A
CR_06440C_A-T	CR_06440C_A	BCR1
CR_01040C_A-T	CR_01040C_A	ARC19
CR_09560C_A-T	CR_09560C_A	CR_09560C_A
CR_03820C_A-T	CR_03820C_A	ULP2
CR_06690C_A-T	CR_06690C_A	CPD1
CR_10740W_A-T	CR_10740W_A	CSM1
CR_05900W_A-T	CR_05900W_A	CR_05900W_A
CR_01570W_A-T	CR_01570W_A	CR_01570W_A
CR_06100C_A-T	CR_06100C_A	CR_06100C_A
CR_08650C_A-T	CR_08650C_A	CR_08650C_A
CR_04100C_A-T	CR_04100C_A	RPL15A
CR_09580C_A-T	CR_09580C_A	CR_09580C_A
CR_04440C_A-T	CR_04440C_A	RBR1
CR_04540C_A-T	CR_04540C_A	RPR2
CR_05830C_A-T	CR_05830C_A	ISC1
CR_00420W_A-T	CR_00420W_A	CR_00420W_A
CR_08350W_A-T	CR_08350W_A	SIL1
CR_07280W_A-T	CR_07280W_A	FRE30
CR_06510W_A-T	CR_06510W_A	CR_06510W_A
CR_10100C_A-T	CR_10100C_A	INO1
CR_00200W_A-T	CR_00200W_A	PCK1
CR_09830W_A-T	CR_09830W_A	CR_09830W_A
CR_09740W_A-T	CR_09740W_A	RRP3
CR_09680C_A-T	CR_09680C_A	RTA4
CR_06290C_A-T	CR_06290C_A	CR_06290C_A
CR_07560W_A-T	CR_07560W_A	RGD3
CR_07830C_A-T	CR_07830C_A	CR_07830C_A
CR_03500W_A-T	CR_03500W_A	CIT1
CR_05360C_A-T	CR_05360C_A	CR_05360C_A
CR_08290W_A-T	CR_08290W_A	CR_08290W_A
CR_10360C_A-T	CR_10360C_A	CTM1
CR_05090C_A-T	CR_05090C_A	HGT9
CR_01190C_A-T	CR_01190C_A	SFT1
CR_06160C_A-T	CR_06160C_A	DAD3
CR_04490C_A-T	CR_04490C_A	CR_04490C_A
CR_03860C_A-T	CR_03860C_A	CR_03860C_A
CR_07130C_A-T	CR_07130C_A	ALK8
CR_00120C_A-T	CR_00120C_A	MKC1
CR_01060W_A-T	CR_01060W_A	LAG1
CR_00230W_A-T	CR_00230W_A	CR_00230W_A
CR_01420W_A-T	CR_01420W_A	CR_01420W_A
CR_00700W_A-T	CR_00700W_A	CR_00700W_A
CR_04090C_A-T	CR_04090C_A	ADE17
CR_08390W_A-T	CR_08390W_A	tI(AAU)5
CR_01530C_A-T	CR_01530C_A	CR_01530C_A
CR_07470W_A-T	CR_07470W_A	CR_07470W_A
CR_04430W_A-T	CR_04430W_A	CR_04430W_A
CR_05550C_A-T	CR_05550C_A	CR_05550C_A
CR_09470W_A-T	CR_09470W_A	AXL1
CR_03110W_A-T	CR_03110W_A	CR_03110W_A
CR_03160W_A-T	CR_03160W_A	CR_03160W_A
CR_03380W_A-T	CR_03380W_A	MTG1
CR_07510W_A-T	CR_07510W_A	CR_07510W_A
CR_07790C_A-T	CR_07790C_A	YHB1
CR_01560W_A-T	CR_01560W_A	CR_01560W_A
CR_08940W_A-T	CR_08940W_A	TRM61
CR_01380W_A-T	CR_01380W_A	CR_01380W_A
CR_09590W_A-T	CR_09590W_A	CR_09590W_A
CR_07910C_A-T	CR_07910C_A	CR_07910C_A
CR_02330C_A-T	CR_02330C_A	KAR4
CR_01650W_A-T	CR_01650W_A	URA5
CR_01770C_A-T	CR_01770C_A	CR_01770C_A
CR_07720C_A-T	CR_07720C_A	CDC45
CR_06470W_A-T	CR_06470W_A	CR_06470W_A
CR_09320C_A-T	CR_09320C_A	PHO88
CR_08340W_A-T	CR_08340W_A	CYS3
CR_01370C_A-T	CR_01370C_A	CR_01370C_A
CR_05500C_A-T	CR_05500C_A	CR_05500C_A
CR_00920W_A-T	CR_00920W_A	CCE1
CR_04310C_A-T	CR_04310C_A	CR_04310C_A
CR_08480C_A-T	CR_08480C_A	CR_08480C_A
CR_08550W_A-T	CR_08550W_A	CR_08550W_A
CR_03550W_A-T	CR_03550W_A	NCS2
CR_10460W_A-T	CR_10460W_A	CR_10460W_A
CR_06190C_A-T	CR_06190C_A	CR_06190C_A
CR_05870W_A-T	CR_05870W_A	tS(AGA)3
CR_03890W_A-T	CR_03890W_A	WOR3
CR_08190W_A-T	CR_08190W_A	CR_08190W_A
CR_02210W_A-T	CR_02210W_A	CR_02210W_A
CR_02170W_A-T	CR_02170W_A	MET2
CR_03610C_A-T	CR_03610C_A	VTC3
CR_05320C_A-T	CR_05320C_A	CR_05320C_A
CR_10260W_A-T	CR_10260W_A	CR_10260W_A
CR_07900C_A-T	CR_07900C_A	CR_07900C_A
CR_04480C_A-T	CR_04480C_A	LAP3
CR_00250W_A-T	CR_00250W_A	ATP17
CR_00880W_A-T	CR_00880W_A	CR_00880W_A
CR_03590C_A-T	CR_03590C_A	CR_03590C_A
CR_00640W_A-T	CR_00640W_A	ACC1
CR_05420W_A-T	CR_05420W_A	CR_05420W_A
CR_02900W_A-T	CR_02900W_A	CR_02900W_A
CR_04990C_A-T	CR_04990C_A	CR_04990C_A
CR_01280C_A-T	CR_01280C_A	NPC2
CR_07190W_A-T	CR_07190W_A	CR_07190W_A
CR_01740W_A-T	CR_01740W_A	MCI4
CR_02600W_A-T	CR_02600W_A	CR_02600W_A
CR_04020C_A-T	CR_04020C_A	CR_04020C_A
CR_00150C_A-T	CR_00150C_A	POT1
CR_00740C_A-T	CR_00740C_A	BMT3
CR_00030W_A-T	CR_00030W_A	tL(CAA)6
CR_04940W_A-T	CR_04940W_A	CR_04940W_A
CR_01030W_A-T	CR_01030W_A	DAL81
CR_05950C_A-T	CR_05950C_A	ADP1
CR_10670W_A-T	CR_10670W_A	CPR6
CR_09930W_A-T	CR_09930W_A	CR_09930W_A
CR_04690C_A-T	CR_04690C_A	tS(GCU)2
CR_04380C_A-T	CR_04380C_A	SEC26
CR_02640W_A-T	CR_02640W_A	RFG1
CR_06830C_A-T	CR_06830C_A	SIW14
CR_01400W_A-T	CR_01400W_A	LYS12
CR_04520W_A-T	CR_04520W_A	MIM1
CR_04650W_A-T	CR_04650W_A	CR_04650W_A
CR_06480C_A-T	CR_06480C_A	RRN11
CR_06270W_A-T	CR_06270W_A	CR_06270W_A
CR_03980W_A-T	CR_03980W_A	CR_03980W_A
CR_07500W_A-T	CR_07500W_A	CR_07500W_A
CR_00560W_A-T	CR_00560W_A	NTH1
CR_07160C_A-T	CR_07160C_A	CR_07160C_A
CR_02080W_A-T	CR_02080W_A	tL(AAG)1
CR_04820W_A-T	CR_04820W_A	CR_04820W_A
CR_01490C_A-T	CR_01490C_A	CR_01490C_A
CR_03140C_A-T	CR_03140C_A	SYN8
CR_00130C_A-T	CR_00130C_A	CR_00130C_A
CR_05600C_A-T	CR_05600C_A	tC(GCA)1
CR_02580W_A-T	CR_02580W_A	PAN6
CR_00810W_A-T	CR_00810W_A	CR_00810W_A
CR_02690W_A-T	CR_02690W_A	CR_02690W_A
CR_05750W_A-T	CR_05750W_A	CR_05750W_A
CR_09720W_A-T	CR_09720W_A	VMA22
CR_09980W_A-T	CR_09980W_A	SPT7
CR_08210C_A-T	CR_08210C_A	ACO1
CR_06880C_A-T	CR_06880C_A	tS(AGA)2
CR_04390C_A-T	CR_04390C_A	CR_04390C_A
CR_01710W_A-T	CR_01710W_A	CR_01710W_A
CR_02740W_A-T	CR_02740W_A	INN1
CR_10040W_A-T	CR_10040W_A	CR_10040W_A
CR_01270C_A-T	CR_01270C_A	FTH2
CR_05910W_A-T	CR_05910W_A	CR_05910W_A
CR_01070W_A-T	CR_01070W_A	CR_01070W_A
CR_09020C_A-T	CR_09020C_A	CHS2
CR_03920C_A-T	CR_03920C_A	TPO4
CR_03420C_A-T	CR_03420C_A	NOT4
CR_00900W_A-T	CR_00900W_A	TRM1
CR_03030C_A-T	CR_03030C_A	RPL28
CR_08980C_A-T	CR_08980C_A	CR_08980C_A
CR_01980C_A-T	CR_01980C_A	CRC1
CR_04950W_A-T	CR_04950W_A	MED5
CR_05660W_A-T	CR_05660W_A	SDA1
CR_09420C_A-T	CR_09420C_A	BGL22
CR_08610W_A-T	CR_08610W_A	CR_08610W_A
CR_01730W_A-T	CR_01730W_A	IFU5
CR_01410C_A-T	CR_01410C_A	CR_01410C_A
CR_05680C_A-T	CR_05680C_A	CR_05680C_A
CR_09010C_A-T	CR_09010C_A	CR_09010C_A
CR_02810W_A-T	CR_02810W_A	CIRT4B
CR_09990W_A-T	CR_09990W_A	CR_09990W_A
CR_04050C_A-T	CR_04050C_A	MEX67
CR_09410W_A-T	CR_09410W_A	CR_09410W_A
CR_09190C_A-T	CR_09190C_A	CR_09190C_A
CR_02110W_A-T	CR_02110W_A	MCM6
CR_06200C_A-T	CR_06200C_A	CR_06200C_A
CR_05010W_A-T	CR_05010W_A	CR_05010W_A
CR_07220C_A-T	CR_07220C_A	CR_07220C_A
CR_02340W_A-T	CR_02340W_A	CR_02340W_A
CR_08510W_A-T	CR_08510W_A	PGA13
CR_05270W_A-T	CR_05270W_A	CR_05270W_A
CR_09200C_A-T	CR_09200C_A	UGA33
CR_02590C_A-T	CR_02590C_A	CR_02590C_A
CR_02200C_A-T	CR_02200C_A	RAD51
CR_08150W_A-T	CR_08150W_A	RPS20
CR_05920C_A-T	CR_05920C_A	MHP1
CR_10610C_A-T	CR_10610C_A	CR_10610C_A
CR_07000C_A-T	CR_07000C_A	POL2
CR_05000C_A-T	CR_05000C_A	CR_05000C_A
CR_08700C_A-T	CR_08700C_A	ARF1
CR_10230W_A-T	CR_10230W_A	CR_10230W_A
CR_02560C_A-T	CR_02560C_A	ASG1
CR_04960C_A-T	CR_04960C_A	CRG1
CR_08800W_A-T	CR_08800W_A	ITS2
CR_05970C_A-T	CR_05970C_A	CR_05970C_A
CR_02890C_A-T	CR_02890C_A	RPC82
CR_07770C_A-T	CR_07770C_A	PTC6
CR_04000W_A-T	CR_04000W_A	RPT4
CR_06180W_A-T	CR_06180W_A	ARC40
CR_06780W_A-T	CR_06780W_A	CR_06780W_A
CR_10850C_A-T	CR_10850C_A	ATP16
CR_07760W_A-T	CR_07760W_A	CR_07760W_A
CR_07740W_A-T	CR_07740W_A	CR_07740W_A
CR_03810W_A-T	CR_03810W_A	PRP13
CR_09140C_A-T	CR_09140C_A	CR_09140C_A
CR_10630W_A-T	CR_10630W_A	CR_10630W_A
CR_04230W_A-T	CR_04230W_A	CR_04230W_A
CR_04930W_A-T	CR_04930W_A	PEX14
CR_06930W_A-T	CR_06930W_A	CR_06930W_A
CR_06610W_A-T	CR_06610W_A	STE2
CR_01450C_A-T	CR_01450C_A	tL(UAA)2
CR_00630W_A-T	CR_00630W_A	CR_00630W_A
CR_02970C_A-T	CR_02970C_A	CR_02970C_A
CR_10010C_A-T	CR_10010C_A	MSS51
CR_02500W_A-T	CR_02500W_A	CR_02500W_A
CR_06660W_A-T	CR_06660W_A	SEO1
CR_00440C_A-T	CR_00440C_A	LRG1
CR_06870C_A-T	CR_06870C_A	CR_06870C_A
CR_10680W_A-T	CR_10680W_A	RPO21
CR_03060W_A-T	CR_03060W_A	ARC1
CR_10200W_A-T	CR_10200W_A	CR_10200W_A
CR_07800W_A-T	CR_07800W_A	SAP2
CR_03720W_A-T	CR_03720W_A	TAL1
CR_09090C_A-T	CR_09090C_A	CR_09090C_A
CR_05770W_A-T	CR_05770W_A	CR_05770W_A
CR_01140C_A-T	CR_01140C_A	ERG27
CR_03620C_A-T	CR_03620C_A	CR_03620C_A
CR_03970C_A-T	CR_03970C_A	SEC22
CR_10290C_A-T	CR_10290C_A	CR_10290C_A
CR_00010C_A-T	CR_00010C_A	CR_00010C_A
CR_01810C_A-T	CR_01810C_A	CR_01810C_A
CR_07230W_A-T	CR_07230W_A	CHZ1
CR_06220C_A-T	CR_06220C_A	CR_06220C_A
CR_00190W_A-T	CR_00190W_A	NGS1
CR_08000C_A-T	CR_08000C_A	CR_08000C_A
CR_08280W_A-T	CR_08280W_A	CR_08280W_A
CR_10410C_A-T	CR_10410C_A	PNO1
CR_07480W_A-T	CR_07480W_A	CR_07480W_A
CR_08470W_A-T	CR_08470W_A	CR_08470W_A
CR_07990C_A-T	CR_07990C_A	CR_07990C_A
CR_05210W_A-T	CR_05210W_A	CR_05210W_A
CR_03570C_A-T	CR_03570C_A	YVH1
CR_08010W_A-T	CR_08010W_A	DAD4
CR_00020W_A-T	CR_00020W_A	TLO1
CR_06140W_A-T	CR_06140W_A	CR_06140W_A
CR_07960C_A-T	CR_07960C_A	TRK1
CR_02630C_A-T	CR_02630C_A	CR_02630C_A
CR_10330W_A-T	CR_10330W_A	PGA11
CR_06050W_A-T	CR_06050W_A	CDC28
CR_06960W_A-T	CR_06960W_A	CR_06960W_A
CR_06450W_A-T	CR_06450W_A	GRC3
CR_00800C_A-T	CR_00800C_A	PWP2
CR_04710W_A-T	CR_04710W_A	CR_04710W_A
CR_09060W_A-T	CR_09060W_A	CR_09060W_A
CR_04330W_A-T	CR_04330W_A	CR_04330W_A
CR_03100W_A-T	CR_03100W_A	SMC5
CR_09950C_A-T	CR_09950C_A	SIK1
CR_10590W_A-T	CR_10590W_A	CR_10590W_A
CR_02510W_A-T	CR_02510W_A	CR_02510W_A
CR_02820W_A-T	CR_02820W_A	PGM2
CR_10030W_A-T	CR_10030W_A	FGR34
CR_05730C_A-T	CR_05730C_A	CR_05730C_A
CR_06430W_A-T	CR_06430W_A	CR_06430W_A
CR_07520C_A-T	CR_07520C_A	YPT31
CR_00390W_A-T	CR_00390W_A	MMS22
CR_06950C_A-T	CR_06950C_A	ATX1
CR_10820W_A-T	CR_10820W_A	CR_10820W_A
CR_07680C_A-T	CR_07680C_A	CR_07680C_A
CR_03290C_A-T	CR_03290C_A	IME2
CR_05030W_A-T	CR_05030W_A	CR_05030W_A
CR_00930W_A-T	CR_00930W_A	ATO10
CR_00340C_A-T	CR_00340C_A	CR_00340C_A
CR_04760C_A-T	CR_04760C_A	CR_04760C_A
CR_08730W_A-T	CR_08730W_A	tE(UUC)7
CR_09520C_A-T	CR_09520C_A	CR_09520C_A
CR_10510W_A-T	CR_10510W_A	RTC1
CR_07390C_A-T	CR_07390C_A	MRPL8
CR_04260W_A-T	CR_04260W_A	SNP3
CR_09650W_A-T	CR_09650W_A	WAL1
CR_00290W_A-T	CR_00290W_A	CR_00290W_A
CR_07950W_A-T	CR_07950W_A	IMP4
CR_01760C_A-T	CR_01760C_A	FRS1
CR_00850C_A-T	CR_00850C_A	GSL2
CR_03650W_A-T	CR_03650W_A	SGD1
CR_00990W_A-T	CR_00990W_A	SEC11
CR_00980C_A-T	CR_00980C_A	CAB3
CR_06720W_A-T	CR_06720W_A	NMD3
CR_05810C_A-T	CR_05810C_A	tP(UGG)5
CR_09860W_A-T	CR_09860W_A	YTA6
CR_00780C_A-T	CR_00780C_A	GSY1
CR_02400W_A-T	CR_02400W_A	PHO112
CR_05350W_A-T	CR_05350W_A	CR_05350W_A
CR_06760C_A-T	CR_06760C_A	LSC2
CR_00330C_A-T	CR_00330C_A	PXA1
CR_06260W_A-T	CR_06260W_A	CR_06260W_A
CR_10780C_A-T	CR_10780C_A	IAH1
CR_00520C_A-T	CR_00520C_A	CRM1
CR_02610C_A-T	CR_02610C_A	CR_02610C_A
CR_04840C_A-T	CR_04840C_A	MSS11
CR_09350C_A-T	CR_09350C_A	CR_09350C_A
CR_05480W_A-T	CR_05480W_A	CR_05480W_A
CR_04170W_A-T	CR_04170W_A	CR_04170W_A
CR_06320C_A-T	CR_06320C_A	CR_06320C_A
CR_03370C_A-T	CR_03370C_A	KTI12
CR_00720W_A-T	CR_00720W_A	CR_00720W_A
CR_01550C_A-T	CR_01550C_A	CR_01550C_A
CR_06840W_A-T	CR_06840W_A	UTP25
CR_00070W_A-T	CR_00070W_A	BNR1
CR_00690C_A-T	CR_00690C_A	CR_00690C_A
CR_05200C_A-T	CR_05200C_A	CR_05200C_A
CR_06750C_A-T	CR_06750C_A	PUP2
CR_05400C_A-T	CR_05400C_A	tR(ACG)2
CR_01750C_A-T	CR_01750C_A	SEC4
CR_04150W_A-T	CR_04150W_A	CR_04150W_A
CR_07370W_A-T	CR_07370W_A	CR_07370W_A
CR_03390C_A-T	CR_03390C_A	YKU80
CR_09300C_A-T	CR_09300C_A	SCO1
CR_03560W_A-T	CR_03560W_A	CR_03560W_A
CR_03170W_A-T	CR_03170W_A	DPS1-1
CR_10500C_A-T	CR_10500C_A	CR_10500C_A
CR_09310W_A-T	CR_09310W_A	CR_09310W_A
CR_04410W_A-T	CR_04410W_A	CR_04410W_A
CR_03800C_A-T	CR_03800C_A	PPH3
CR_03410W_A-T	CR_03410W_A	CR_03410W_A
CR_08170C_A-T	CR_08170C_A	PPM1
CR_05630W_A-T	CR_05630W_A	DBP8
CR_03470W_A-T	CR_03470W_A	CR_03470W_A
CR_05570C_A-T	CR_05570C_A	RNR3
CR_01020C_A-T	CR_01020C_A	CR_01020C_A
CR_09120C_A-T	CR_09120C_A	TUB1
CR_02190C_A-T	CR_02190C_A	SEF1
CR_00380W_A-T	CR_00380W_A	CR_00380W_A
CR_05050W_A-T	CR_05050W_A	GLN1
CR_08030C_A-T	CR_08030C_A	FGR32
CR_03250C_A-T	CR_03250C_A	CR_03250C_A
CR_01660C_A-T	CR_01660C_A	SEC65
CR_08160W_A-T	CR_08160W_A	PTC5
CR_08850W_A-T	CR_08850W_A	CR_08850W_A
CR_03770C_A-T	CR_03770C_A	RPS30
CR_06910W_A-T	CR_06910W_A	BUD5
CR_09630W_A-T	CR_09630W_A	tN(GUU)4
CR_05850W_A-T	CR_05850W_A	tV(AAC)4
CR_08660W_A-T	CR_08660W_A	PRP8
CR_10750C_A-T	CR_10750C_A	CR_10750C_A
CR_03840C_A-T	CR_03840C_A	CR_03840C_A
CR_10160W_A-T	CR_10160W_A	FAA4
CR_07180W_A-T	CR_07180W_A	EMP46
CR_00180C_A-T	CR_00180C_A	CHT1
CR_05580C_A-T	CR_05580C_A	CR_05580C_A
CR_02390W_A-T	CR_02390W_A	CR_02390W_A
CR_07640C_A-T	CR_07640C_A	CR_07640C_A
CR_09570W_A-T	CR_09570W_A	CR_09570W_A
CR_08820C_A-T	CR_08820C_A	TAR1
CR_02310C_A-T	CR_02310C_A	tV(AAC)3
CR_03760W_A-T	CR_03760W_A	EFM7
CR_01320C_A-T	CR_01320C_A	CR_01320C_A
CR_07100W_A-T	CR_07100W_A	FLC2
CR_10760C_A-T	CR_10760C_A	COX16
CR_08360C_A-T	CR_08360C_A	RPP2A
CR_00300W_A-T	CR_00300W_A	CDA2
CR_09110C_A-T	CR_09110C_A	CR_09110C_A
CR_09670C_A-T	CR_09670C_A	CR_09670C_A
CR_00600C_A-T	CR_00600C_A	CR_00600C_A
CR_07260C_A-T	CR_07260C_A	CR_07260C_A
CR_04600W_A-T	CR_04600W_A	CR_04600W_A
CR_03630W_A-T	CR_03630W_A	IFF3
CR_07140C_A-T	CR_07140C_A	CR_07140C_A
CR_02030C_A-T	CR_02030C_A	CR_02030C_A
CR_02280W_A-T	CR_02280W_A	PGA23
CR_10190C_A-T	CR_10190C_A	CR_10190C_A
CR_00110W_A-T	CR_00110W_A	CR_00110W_A
CR_06000W_A-T	CR_06000W_A	SOK1
CR_08760C_A-T	CR_08760C_A	RDN5
CR_01800C_A-T	CR_01800C_A	HST2
CR_00140W_A-T	CR_00140W_A	REP1
CR_05880W_A-T	CR_05880W_A	CR_05880W_A
CR_10430C_A-T	CR_10430C_A	CR_10430C_A
CR_03120W_A-T	CR_03120W_A	CR_03120W_A
CR_05540C_A-T	CR_05540C_A	CR_05540C_A
CR_00480W_A-T	CR_00480W_A	MRPL6
CR_02230W_A-T	CR_02230W_A	CR_02230W_A
CR_03260W_A-T	CR_03260W_A	CR_03260W_A
CR_02920C_A-T	CR_02920C_A	AQY1
CR_09940W_A-T	CR_09940W_A	CR_09940W_A
CR_02880W_A-T	CR_02880W_A	CR_02880W_A
CR_09040W_A-T	CR_09040W_A	CR_09040W_A
CR_00240W_A-T	CR_00240W_A	LSM6
CR_04420C_A-T	CR_04420C_A	RBR2
CR_10650W_A-T	CR_10650W_A	LTV1
CR_09440C_A-T	CR_09440C_A	CR_09440C_A
CR_08810W_A-T	CR_08810W_A	RDN25
CR_02070C_A-T	CR_02070C_A	ADH5
CR_05470C_A-T	CR_05470C_A	CR_05470C_A
CR_01600C_A-T	CR_01600C_A	CR_01600C_A
CR_04060C_A-T	CR_04060C_A	DAP1
CR_02570C_A-T	CR_02570C_A	CR_02570C_A
CR_03150W_A-T	CR_03150W_A	SYS3
CR_07080W_A-T	CR_07080W_A	TIF6
CR_01630C_A-T	CR_01630C_A	CR_01630C_A
CR_01720W_A-T	CR_01720W_A	CR_01720W_A
CR_01360W_A-T	CR_01360W_A	CR_01360W_A
CR_09890C_A-T	CR_09890C_A	BET2
CR_10120C_A-T	CR_10120C_A	CR_10120C_A
CR_09270C_A-T	CR_09270C_A	CBP1
CR_03220C_A-T	CR_03220C_A	ATG4
CR_00550W_A-T	CR_00550W_A	CR_00550W_A
CR_01470W_A-T	CR_01470W_A	CSP37
CR_04770C_A-T	CR_04770C_A	CR_04770C_A
CR_02410W_A-T	CR_02410W_A	CR_02410W_A
CR_00370W_A-T	CR_00370W_A	CR_00370W_A
CR_06090W_A-T	CR_06090W_A	CR_06090W_A
CR_09500C_A-T	CR_09500C_A	CR_09500C_A
CR_03870W_A-T	CR_03870W_A	CR_03870W_A
CR_07350W_A-T	CR_07350W_A	CR_07350W_A
CR_05520W_A-T	CR_05520W_A	NOC2
CR_00410W_A-T	CR_00410W_A	RTT109
CR_05980W_A-T	CR_05980W_A	CR_05980W_A
CR_06060W_A-T	CR_06060W_A	CR_06060W_A
CR_03580C_A-T	CR_03580C_A	CR_03580C_A
CR_03990C_A-T	CR_03990C_A	GCD1
CR_00050W_A-T	CR_00050W_A	INO2
CR_03130W_A-T	CR_03130W_A	CR_03130W_A
CR_09550C_A-T	CR_09550C_A	NUO1
CR_10450C_A-T	CR_10450C_A	SPT3
CR_02020C_A-T	CR_02020C_A	OPT1
CR_04470W_A-T	CR_04470W_A	GPI2
CR_09340W_A-T	CR_09340W_A	CR_09340W_A
CR_02000C_A-T	CR_02000C_A	HEM1
CR_08780W_A-T	CR_08780W_A	ITS1
CR_05370W_A-T	CR_05370W_A	CR_05370W_A
CR_06570C_A-T	CR_06570C_A	CR_06570C_A
CR_07320C_A-T	CR_07320C_A	MRPL4
CR_04970C_A-T	CR_04970C_A	CR_04970C_A
CR_06170W_A-T	CR_06170W_A	CR_06170W_A
CR_02990C_A-T	CR_02990C_A	RIB1
CR_09900C_A-T	CR_09900C_A	DPB2
CR_01210C_A-T	CR_01210C_A	HSE1
CR_09750C_A-T	CR_09750C_A	CR_09750C_A
CR_09150W_A-T	CR_09150W_A	CR_09150W_A
CR_04140W_A-T	CR_04140W_A	CR_04140W_A
CR_06620W_A-T	CR_06620W_A	CR_06620W_A
C2_10540W_A-T	C2_10540W_A	C2_10540W_A
C2_09940W_A-T	C2_09940W_A	GCN4
C2_00660C_A-T	C2_00660C_A	SOD4
C2_09010W_A-T	C2_09010W_A	STB3
C2_08630C_A-T	C2_08630C_A	C2_08630C_A
C2_06340W_A-T	C2_06340W_A	EFH1
C2_00600C_A-T	C2_00600C_A	C2_00600C_A
C2_10800W_A-T	C2_10800W_A	C2_10800W_A
C2_07080C_A-T	C2_07080C_A	C2_07080C_A
C2_05590C_A-T	C2_05590C_A	C2_05590C_A
C2_03480C_A-T	C2_03480C_A	C2_03480C_A
C2_05940C_A-T	C2_05940C_A	VPS33
C2_05680W_A-T	C2_05680W_A	COG4
C2_01480W_A-T	C2_01480W_A	SPT5
C2_05550W_A-T	C2_05550W_A	C2_05550W_A
C2_04380C_A-T	C2_04380C_A	C2_04380C_A
C2_01580W_A-T	C2_01580W_A	REX2
C2_08670C_A-T	C2_08670C_A	UTP15
C2_07310W_A-T	C2_07310W_A	CCT5
C2_09050C_A-T	C2_09050C_A	C2_09050C_A
C2_01310W_A-T	C2_01310W_A	SNX41
C2_09990C_A-T	C2_09990C_A	YOR1
C2_05070W_A-T	C2_05070W_A	FRE9
C2_04130W_A-T	C2_04130W_A	C2_04130W_A
C2_00290W_A-T	C2_00290W_A	C2_00290W_A
C2_06840W_A-T	C2_06840W_A	SPR1
C2_07580W_A-T	C2_07580W_A	C2_07580W_A
C2_09530W_A-T	C2_09530W_A	EAP1
C2_06740W_A-T	C2_06740W_A	C2_06740W_A
C2_06310C_A-T	C2_06310C_A	GSP1
C2_07500C_A-T	C2_07500C_A	MED4
C2_09230C_A-T	C2_09230C_A	KIS1
C2_10190C_A-T	C2_10190C_A	OCA1
C2_05930W_A-T	C2_05930W_A	COX9
C2_05800C_A-T	C2_05800C_A	C2_05800C_A
C2_08970C_A-T	C2_08970C_A	DFG10
C2_00300C_A-T	C2_00300C_A	CKB1
C2_06110W_A-T	C2_06110W_A	C2_06110W_A
C2_03610W_A-T	C2_03610W_A	FMO2
C2_07570W_A-T	C2_07570W_A	RNR22
C2_03460C_A-T	C2_03460C_A	MGR1
C2_00510W_A-T	C2_00510W_A	C2_00510W_A
C2_02800W_A-T	C2_02800W_A	C2_02800W_A
C2_04190C_A-T	C2_04190C_A	UGA1
C2_01750C_A-T	C2_01750C_A	C2_01750C_A
C2_08300C_A-T	C2_08300C_A	C2_08300C_A
C2_05620W_A-T	C2_05620W_A	KTI11
C2_00250W_A-T	C2_00250W_A	STF2
C2_05390C_A-T	C2_05390C_A	C2_05390C_A
C2_07980W_A-T	C2_07980W_A	C2_07980W_A
C2_00770W_A-T	C2_00770W_A	C2_00770W_A
C2_03690C_A-T	C2_03690C_A	MNN42
C2_03930C_A-T	C2_03930C_A	C2_03930C_A
C2_03730W_A-T	C2_03730W_A	tR(UCU)2
C2_04730W_A-T	C2_04730W_A	C2_04730W_A
C2_06150C_A-T	C2_06150C_A	RPN10
C2_10320C_A-T	C2_10320C_A	C2_10320C_A
C2_00110W_A-T	C2_00110W_A	C2_00110W_A
C2_08730W_A-T	C2_08730W_A	MFG1
C2_07880W_A-T	C2_07880W_A	APM4
C2_01330C_A-T	C2_01330C_A	SIR2
C2_01560W_A-T	C2_01560W_A	BMT5
C2_08960C_A-T	C2_08960C_A	C2_08960C_A
C2_10860C_A-T	C2_10860C_A	C2_10860C_A
C2_10180W_A-T	C2_10180W_A	IFR1
C2_08550C_A-T	C2_08550C_A	MSU1
C2_08420W_A-T	C2_08420W_A	C2_08420W_A
C2_06480W_A-T	C2_06480W_A	TRM10
C2_05320W_A-T	C2_05320W_A	CDC7
C2_07120W_A-T	C2_07120W_A	RFA2
C2_06510W_A-T	C2_06510W_A	C2_06510W_A
C2_01220W_A-T	C2_01220W_A	C2_01220W_A
C2_08010W_A-T	C2_08010W_A	BLM3
C2_00180C_A-T	C2_00180C_A	C2_00180C_A
C2_04600C_A-T	C2_04600C_A	RPL17B
C2_01910W_A-T	C2_01910W_A	C2_01910W_A
C2_08350C_A-T	C2_08350C_A	C2_08350C_A
C2_06960W_A-T	C2_06960W_A	SPE3
C2_06570C_A-T	C2_06570C_A	C2_06570C_A
C2_10130W_A-T	C2_10130W_A	C2_10130W_A
C2_09180W_A-T	C2_09180W_A	C2_09180W_A
C2_09870W_A-T	C2_09870W_A	C2_09870W_A
C2_01620W_A-T	C2_01620W_A	COX4
C2_05200C_A-T	C2_05200C_A	SGO1
C2_09200W_A-T	C2_09200W_A	tP(UGG)2
C2_06970W_A-T	C2_06970W_A	AAH1
C2_02400W_A-T	C2_02400W_A	ECM3
C2_01340W_A-T	C2_01340W_A	C2_01340W_A
C2_09820W_A-T	C2_09820W_A	C2_09820W_A
C2_05840W_A-T	C2_05840W_A	DPH1
C2_04760W_A-T	C2_04760W_A	KIC1
C2_03490C_A-T	C2_03490C_A	C2_03490C_A
C2_00500W_A-T	C2_00500W_A	ZCF9
C2_00820W_A-T	C2_00820W_A	C2_00820W_A
C2_10730W_A-T	C2_10730W_A	C2_10730W_A
C2_05270W_A-T	C2_05270W_A	C2_05270W_A
C2_00010W_A-T	C2_00010W_A	TLO5
C2_10420W_A-T	C2_10420W_A	FGR6-4
C2_03500W_A-T	C2_03500W_A	C2_03500W_A
C2_05060C_A-T	C2_05060C_A	C2_05060C_A
C2_00350W_A-T	C2_00350W_A	RAD5
C2_04560W_A-T	C2_04560W_A	KTR2
C2_01440C_A-T	C2_01440C_A	C2_01440C_A
C2_04450W_A-T	C2_04450W_A	C2_04450W_A
C2_10310C_A-T	C2_10310C_A	KIP2
C2_09150W_A-T	C2_09150W_A	MIT1
C2_05080C_A-T	C2_05080C_A	C2_05080C_A
C2_02460W_A-T	C2_02460W_A	ERG7
C2_05990C_A-T	C2_05990C_A	C2_05990C_A
C2_05160C_A-T	C2_05160C_A	C2_05160C_A
C2_03540W_A-T	C2_03540W_A	RAD32
C2_09790W_A-T	C2_09790W_A	C2_09790W_A
C2_02340C_A-T	C2_02340C_A	ENT3
C2_06320W_A-T	C2_06320W_A	C2_06320W_A
C2_06940C_A-T	C2_06940C_A	ARE2
C2_08580W_A-T	C2_08580W_A	C2_08580W_A
C2_09340W_A-T	C2_09340W_A	C2_09340W_A
C2_07520C_A-T	C2_07520C_A	C2_07520C_A
C2_00260C_A-T	C2_00260C_A	MUQ1
C2_10660W_A-T	C2_10660W_A	ASH1
C2_06040C_A-T	C2_06040C_A	C2_06040C_A
C2_07210C_A-T	C2_07210C_A	TPK2
C2_05760C_A-T	C2_05760C_A	C2_05760C_A
C2_00990W_A-T	C2_00990W_A	C2_00990W_A
C2_00700W_A-T	C2_00700W_A	C2_00700W_A
C2_10250C_A-T	C2_10250C_A	SET2
C2_10280C_A-T	C2_10280C_A	SPT23
C2_08620W_A-T	C2_08620W_A	C2_08620W_A
C2_06190W_A-T	C2_06190W_A	ILV1
C2_09330C_A-T	C2_09330C_A	C2_09330C_A
C2_00430C_A-T	C2_00430C_A	DPB4
C2_08190W_A-T	C2_08190W_A	VMA5
C2_03630W_A-T	C2_03630W_A	C2_03630W_A
C2_01120W_A-T	C2_01120W_A	KAR2
C2_01490C_A-T	C2_01490C_A	C2_01490C_A
C2_05600W_A-T	C2_05600W_A	C2_05600W_A
C2_06880C_A-T	C2_06880C_A	PRB1
C2_01540W_A-T	C2_01540W_A	C2_01540W_A
C2_00790C_A-T	C2_00790C_A	C2_00790C_A
C2_05010W_A-T	C2_05010W_A	tT(AGU)4
C2_10810W_A-T	C2_10810W_A	SLT11
C2_06050C_A-T	C2_06050C_A	tM(CAU)3
C2_05520W_A-T	C2_05520W_A	C2_05520W_A
C2_03870W_A-T	C2_03870W_A	GNA1
C2_04980C_A-T	C2_04980C_A	CKA2
C2_10360C_A-T	C2_10360C_A	HEM3
C2_09060C_A-T	C2_09060C_A	ASN1
C2_06390C_A-T	C2_06390C_A	IMH3
C2_04370W_A-T	C2_04370W_A	C2_04370W_A
C2_08700C_A-T	C2_08700C_A	C2_08700C_A
C2_05850C_A-T	C2_05850C_A	COG6
C2_03790C_A-T	C2_03790C_A	ASR3
C2_07250C_A-T	C2_07250C_A	C2_07250C_A
C2_06020W_A-T	C2_06020W_A	CNT
C2_09260C_A-T	C2_09260C_A	GLO2
C2_09410W_A-T	C2_09410W_A	C2_09410W_A
C2_10040W_A-T	C2_10040W_A	C2_10040W_A
C2_06800C_A-T	C2_06800C_A	C2_06800C_A
C2_08120W_A-T	C2_08120W_A	MAF1
C2_03210W_A-T	C2_03210W_A	C2_03210W_A
C2_01450C_A-T	C2_01450C_A	C2_01450C_A
C2_07060W_A-T	C2_07060W_A	C2_07060W_A
C2_03770C_A-T	C2_03770C_A	STE11
C2_04490W_A-T	C2_04490W_A	C2_04490W_A
C2_08810C_A-T	C2_08810C_A	IPP1
C2_07140W_A-T	C2_07140W_A	C2_07140W_A
C2_10710W_A-T	C2_10710W_A	TIF11
C2_05190W_A-T	C2_05190W_A	CDC21
C2_02430W_A-T	C2_02430W_A	UTP21
C2_10670W_A-T	C2_10670W_A	C2_10670W_A
C2_03260W_A-T	C2_03260W_A	C2_03260W_A
C2_08900W_A-T	C2_08900W_A	C2_08900W_A
C2_06280C_A-T	C2_06280C_A	C2_06280C_A
C2_02500W_A-T	C2_02500W_A	C2_02500W_A
C2_10100W_A-T	C2_10100W_A	CWC22
C2_09470C_A-T	C2_09470C_A	PMS1
C2_05580W_A-T	C2_05580W_A	C2_05580W_A
C2_02230C_A-T	C2_02230C_A	C2_02230C_A
C2_02020W_A-T	C2_02020W_A	C2_02020W_A
C2_08510W_A-T	C2_08510W_A	C2_08510W_A
C2_02370C_A-T	C2_02370C_A	HOM2
C2_01300C_A-T	C2_01300C_A	MNN24
C2_04320W_A-T	C2_04320W_A	C2_04320W_A
C2_10290W_A-T	C2_10290W_A	SLR1
C2_02870W_A-T	C2_02870W_A	C2_02870W_A
C2_09910C_A-T	C2_09910C_A	C2_09910C_A
C2_00310W_A-T	C2_00310W_A	C2_00310W_A
C2_09520C_A-T	C2_09520C_A	CCT2
C2_04040C_A-T	C2_04040C_A	DCK2
C2_06730W_A-T	C2_06730W_A	LSP1
C2_05380W_A-T	C2_05380W_A	C2_05380W_A
C2_08710W_A-T	C2_08710W_A	PEX17
C2_00710W_A-T	C2_00710W_A	NPL6
C2_00030W_A-T	C2_00030W_A	RRN3
C2_00970C_A-T	C2_00970C_A	UBP13
C2_07020C_A-T	C2_07020C_A	C2_07020C_A
C2_10600W_A-T	C2_10600W_A	C2_10600W_A
C2_06650C_A-T	C2_06650C_A	C2_06650C_A
C2_08760C_A-T	C2_08760C_A	TIF4631
C2_03070C_A-T	C2_03070C_A	SMP3
C2_03560C_A-T	C2_03560C_A	C2_03560C_A
C2_09550C_A-T	C2_09550C_A	C2_09550C_A
C2_07810W_A-T	C2_07810W_A	C2_07810W_A
C2_06420C_A-T	C2_06420C_A	RTS1
C2_09220W_A-T	C2_09220W_A	DDR48
C2_09140C_A-T	C2_09140C_A	MET10
C2_01520W_A-T	C2_01520W_A	PPE1
C2_02810C_A-T	C2_02810C_A	NCB2
C2_04500W_A-T	C2_04500W_A	C2_04500W_A
C2_01850W_A-T	C2_01850W_A	RAD23
C2_03840C_A-T	C2_03840C_A	INO4
C2_02110C_A-T	C2_02110C_A	C2_02110C_A
C2_02570W_A-T	C2_02570W_A	C2_02570W_A
C2_01710W_A-T	C2_01710W_A	HSK3
C2_09280C_A-T	C2_09280C_A	C2_09280C_A
C2_09300W_A-T	C2_09300W_A	MED18
C2_00220C_A-T	C2_00220C_A	C2_00220C_A
C2_08360C_A-T	C2_08360C_A	OPT5
C2_09540W_A-T	C2_09540W_A	C2_09540W_A
C2_07690W_A-T	C2_07690W_A	C2_07690W_A
C2_01390W_A-T	C2_01390W_A	C2_01390W_A
C2_10570W_A-T	C2_10570W_A	SGS1
C2_10530C_A-T	C2_10530C_A	KIN3
C2_05430C_A-T	C2_05430C_A	tI(AAU)3
C2_01370C_A-T	C2_01370C_A	C2_01370C_A
C2_05740W_A-T	C2_05740W_A	SPO7
C2_06590C_A-T	C2_06590C_A	GIT1
C2_06850W_A-T	C2_06850W_A	C2_06850W_A
C2_08290C_A-T	C2_08290C_A	UCF1
C2_01740C_A-T	C2_01740C_A	C2_01740C_A
C2_02670C_A-T	C2_02670C_A	C2_02670C_A
C2_05100C_A-T	C2_05100C_A	ERF1
C2_05650W_A-T	C2_05650W_A	VPS35
C2_03300W_A-T	C2_03300W_A	HEM2
C2_04080W_A-T	C2_04080W_A	C2_04080W_A
C2_02590W_A-T	C2_02590W_A	ZRT2
C2_05140W_A-T	C2_05140W_A	CDC15
C2_10610W_A-T	C2_10610W_A	GYP5
C2_02270C_A-T	C2_02270C_A	C2_02270C_A
C2_02070W_A-T	C2_02070W_A	SPR3
C2_09510C_A-T	C2_09510C_A	C2_09510C_A
C2_03020C_A-T	C2_03020C_A	C2_03020C_A
C2_10230W_A-T	C2_10230W_A	C2_10230W_A
C2_01980C_A-T	C2_01980C_A	SRD1
C2_06100W_A-T	C2_06100W_A	PMT4
C2_02530W_A-T	C2_02530W_A	C2_02530W_A
C2_00330C_A-T	C2_00330C_A	HIR1
C2_07190C_A-T	C2_07190C_A	C2_07190C_A
C2_09240C_A-T	C2_09240C_A	C2_09240C_A
C2_04440W_A-T	C2_04440W_A	C2_04440W_A
C2_00960C_A-T	C2_00960C_A	MXR1
C2_06060C_A-T	C2_06060C_A	C2_06060C_A
C2_10010C_A-T	C2_10010C_A	IRC22-2
C2_10210C_A-T	C2_10210C_A	RAS1
C2_03100W_A-T	C2_03100W_A	EFT2
C2_02950W_A-T	C2_02950W_A	BNA31
C2_04070C_A-T	C2_04070C_A	C2_04070C_A
C2_05240C_A-T	C2_05240C_A	tQ(UUG)3
C2_04540C_A-T	C2_04540C_A	GDT1
C2_04520C_A-T	C2_04520C_A	C2_04520C_A
C2_08800C_A-T	C2_08800C_A	APE3
C2_09780C_A-T	C2_09780C_A	IRC22-1
C2_06810C_A-T	C2_06810C_A	RPL11
C2_02960C_A-T	C2_02960C_A	C2_02960C_A
C2_04180C_A-T	C2_04180C_A	C2_04180C_A
C2_01760C_A-T	C2_01760C_A	C2_01760C_A
C2_10330C_A-T	C2_10330C_A	C2_10330C_A
C2_00620C_A-T	C2_00620C_A	C2_00620C_A
C2_03200W_A-T	C2_03200W_A	PRP3
C2_09360W_A-T	C2_09360W_A	C2_09360W_A
C2_04660C_A-T	C2_04660C_A	YAK1
C2_09700W_A-T	C2_09700W_A	YEA4
C2_05890C_A-T	C2_05890C_A	IDP1
C2_02720W_A-T	C2_02720W_A	C2_02720W_A
C2_07790C_A-T	C2_07790C_A	C2_07790C_A
C2_09800C_A-T	C2_09800C_A	C2_09800C_A
C2_08380C_A-T	C2_08380C_A	C2_08380C_A
C2_02260W_A-T	C2_02260W_A	C2_02260W_A
C2_05820W_A-T	C2_05820W_A	C2_05820W_A
C2_03160C_A-T	C2_03160C_A	RNR1
C2_09950W_A-T	C2_09950W_A	FCY21
C2_07760W_A-T	C2_07760W_A	C2_07760W_A
C2_02680W_A-T	C2_02680W_A	PDR17
C2_08140C_A-T	C2_08140C_A	PHM7
C2_08990C_A-T	C2_08990C_A	C2_08990C_A
C2_08720W_A-T	C2_08720W_A	C2_08720W_A
C2_00130W_A-T	C2_00130W_A	C2_00130W_A
C2_07070W_A-T	C2_07070W_A	C2_07070W_A
C2_03350W_A-T	C2_03350W_A	PGA17
C2_09590C_A-T	C2_09590C_A	C2_09590C_A
C2_01680C_A-T	C2_01680C_A	C2_01680C_A
C2_07300C_A-T	C2_07300C_A	RPA12
C2_02290C_A-T	C2_02290C_A	C2_02290C_A
C2_00320W_A-T	C2_00320W_A	GET1
C2_08440W_A-T	C2_08440W_A	C2_08440W_A
C2_07560W_A-T	C2_07560W_A	SWR1
C2_07740W_A-T	C2_07740W_A	NST1
C2_09370C_A-T	C2_09370C_A	KAR3
C2_04880C_A-T	C2_04880C_A	ARH2
C2_04060C_A-T	C2_04060C_A	SSY1
C2_06750C_A-T	C2_06750C_A	C2_06750C_A
C2_04530W_A-T	C2_04530W_A	MED8
C2_06220C_A-T	C2_06220C_A	MEC3
C2_05690C_A-T	C2_05690C_A	YTH1
C2_05950C_A-T	C2_05950C_A	TES15
C2_08470C_A-T	C2_08470C_A	STN1
C2_01640W_A-T	C2_01640W_A	SLA1
C2_01610C_A-T	C2_01610C_A	RPS26A
C2_09930W_A-T	C2_09930W_A	C2_09930W_A
C2_08690C_A-T	C2_08690C_A	C2_08690C_A
C2_05230C_A-T	C2_05230C_A	RPF2
C2_03970W_A-T	C2_03970W_A	C2_03970W_A
C2_00090W_A-T	C2_00090W_A	C2_00090W_A
C2_08080C_A-T	C2_08080C_A	IFM3
C2_09100C_A-T	C2_09100C_A	C2_09100C_A
C2_00050C_A-T	C2_00050C_A	C2_00050C_A
C2_05490W_A-T	C2_05490W_A	C2_05490W_A
C2_04110W_A-T	C2_04110W_A	C2_04110W_A
C2_03330C_A-T	C2_03330C_A	HOG1
C2_00530W_A-T	C2_00530W_A	C2_00530W_A
C2_00640W_A-T	C2_00640W_A	C2_00640W_A
C2_06910W_A-T	C2_06910W_A	YPT72
C2_03590C_A-T	C2_03590C_A	CAP4
C2_06000W_A-T	C2_06000W_A	LAS1
C2_08490W_A-T	C2_08490W_A	DSE1
C2_04940C_A-T	C2_04940C_A	ITR1
C2_06330C_A-T	C2_06330C_A	AVT1
C2_01260W_A-T	C2_01260W_A	C2_01260W_A
C2_02580W_A-T	C2_02580W_A	C2_02580W_A
C2_08310W_A-T	C2_08310W_A	TIM22
C2_02630W_A-T	C2_02630W_A	C2_02630W_A
C2_06250C_A-T	C2_06250C_A	CDC46
C2_00580C_A-T	C2_00580C_A	SMF3
C2_04050C_A-T	C2_04050C_A	DCK1
C2_04930C_A-T	C2_04930C_A	CRK1
C2_03820C_A-T	C2_03820C_A	RPS9B
C2_10140W_A-T	C2_10140W_A	C2_10140W_A
C2_01860C_A-T	C2_01860C_A	UTR4
C2_05710C_A-T	C2_05710C_A	C2_05710C_A
C2_04810W_A-T	C2_04810W_A	HIS3
C2_03910C_A-T	C2_03910C_A	C2_03910C_A
C2_01570W_A-T	C2_01570W_A	C2_01570W_A
C2_01130W_A-T	C2_01130W_A	NOT3
C2_03920C_A-T	C2_03920C_A	GPI13
C2_08740W_A-T	C2_08740W_A	C2_08740W_A
C2_03050W_A-T	C2_03050W_A	SHE9
C2_08540C_A-T	C2_08540C_A	C2_08540C_A
C2_09480W_A-T	C2_09480W_A	C2_09480W_A
C2_04010C_A-T	C2_04010C_A	HSP21
C2_03530W_A-T	C2_03530W_A	C2_03530W_A
C2_00610C_A-T	C2_00610C_A	ATP18
C2_02790C_A-T	C2_02790C_A	C2_02790C_A
C2_07430C_A-T	C2_07430C_A	C2_07430C_A
C2_01830W_A-T	C2_01830W_A	PRP39
C2_06700W_A-T	C2_06700W_A	AMO2
C2_08400C_A-T	C2_08400C_A	C2_08400C_A
C2_06950C_A-T	C2_06950C_A	ATP23
C2_02990C_A-T	C2_02990C_A	HYU1
C2_05720C_A-T	C2_05720C_A	C2_05720C_A
C2_05150W_A-T	C2_05150W_A	PEX2
C2_04260W_A-T	C2_04260W_A	SSN3
C2_05880W_A-T	C2_05880W_A	C2_05880W_A
C2_09110C_A-T	C2_09110C_A	C2_09110C_A
C2_01160W_A-T	C2_01160W_A	MRI1
C2_01430W_A-T	C2_01430W_A	APT1
C2_09740W_A-T	C2_09740W_A	SSO2
C2_10850C_A-T	C2_10850C_A	C2_10850C_A
C2_07920W_A-T	C2_07920W_A	C2_07920W_A
C2_01320W_A-T	C2_01320W_A	C2_01320W_A
C2_07680W_A-T	C2_07680W_A	C2_07680W_A
C2_04850C_A-T	C2_04850C_A	C2_04850C_A
C2_09210W_A-T	C2_09210W_A	C2_09210W_A
C2_05310C_A-T	C2_05310C_A	C2_05310C_A
C2_10300C_A-T	C2_10300C_A	C2_10300C_A
C2_03040W_A-T	C2_03040W_A	PLC2
C2_02320C_A-T	C2_02320C_A	CPR3
C2_03890W_A-T	C2_03890W_A	C2_03890W_A
C2_02780C_A-T	C2_02780C_A	BUB2
C2_00360C_A-T	C2_00360C_A	C2_00360C_A
C2_00540W_A-T	C2_00540W_A	C2_00540W_A
C2_08920W_A-T	C2_08920W_A	C2_08920W_A
C2_06370C_A-T	C2_06370C_A	SCP1
C2_04410W_A-T	C2_04410W_A	C2_04410W_A
C2_02250C_A-T	C2_02250C_A	OPI1
C2_01870C_A-T	C2_01870C_A	C2_01870C_A
C2_05860C_A-T	C2_05860C_A	C2_05860C_A
C2_03520C_A-T	C2_03520C_A	ADAEC
C2_09560C_A-T	C2_09560C_A	C2_09560C_A
C2_01930C_A-T	C2_01930C_A	C2_01930C_A
C2_07410W_A-T	C2_07410W_A	C2_07410W_A
C2_07940C_A-T	C2_07940C_A	ALG7
C2_02930C_A-T	C2_02930C_A	ETT1
C2_06130W_A-T	C2_06130W_A	CSM3
C2_00190C_A-T	C2_00190C_A	C2_00190C_A
C2_10720C_A-T	C2_10720C_A	C2_10720C_A
C2_04620W_A-T	C2_04620W_A	C2_04620W_A
C2_05470W_A-T	C2_05470W_A	COQ5
C2_08820C_A-T	C2_08820C_A	SPO11
C2_00550W_A-T	C2_00550W_A	C2_00550W_A
C2_05290C_A-T	C2_05290C_A	C2_05290C_A
C2_05180W_A-T	C2_05180W_A	WH11
C2_00890W_A-T	C2_00890W_A	C2_00890W_A
C2_01840C_A-T	C2_01840C_A	RAD7
C2_02380W_A-T	C2_02380W_A	POB3
C2_00670C_A-T	C2_00670C_A	C2_00670C_A
C2_04350C_A-T	C2_04350C_A	SUV3
C2_02280W_A-T	C2_02280W_A	AIM36
C2_02480W_A-T	C2_02480W_A	tV(AAC)1
C2_04240C_A-T	C2_04240C_A	HYM1
C2_00120C_A-T	C2_00120C_A	EMC9
C2_02410W_A-T	C2_02410W_A	C2_02410W_A
C2_00720C_A-T	C2_00720C_A	FGR15
C2_08110W_A-T	C2_08110W_A	RAD57
C2_09690C_A-T	C2_09690C_A	C2_09690C_A
C2_02770W_A-T	C2_02770W_A	C2_02770W_A
C2_08160C_A-T	C2_08160C_A	C2_08160C_A
C2_04960C_A-T	C2_04960C_A	C2_04960C_A
C2_08180C_A-T	C2_08180C_A	C2_08180C_A
C2_08280W_A-T	C2_08280W_A	EAF3
C2_07710W_A-T	C2_07710W_A	C2_07710W_A
C2_09830C_A-T	C2_09830C_A	C2_09830C_A
C2_10700C_A-T	C2_10700C_A	C2_10700C_A
C2_06550W_A-T	C2_06550W_A	C2_06550W_A
C2_05280C_A-T	C2_05280C_A	GPI19
C2_01080C_A-T	C2_01080C_A	tL(CAA)2
C2_07650C_A-T	C2_07650C_A	C2_07650C_A
C2_04480W_A-T	C2_04480W_A	C2_04480W_A
C2_06010W_A-T	C2_06010W_A	SPO72
C2_02440W_A-T	C2_02440W_A	C2_02440W_A
C2_10260C_A-T	C2_10260C_A	CMK2
C2_00520W_A-T	C2_00520W_A	DFG5
C2_01230W_A-T	C2_01230W_A	C2_01230W_A
C2_08770C_A-T	C2_08770C_A	C2_08770C_A
C2_00450C_A-T	C2_00450C_A	CDH1
C2_00800C_A-T	C2_00800C_A	PGA27
C2_10500W_A-T	C2_10500W_A	tF(GAA)4
C2_05250C_A-T	C2_05250C_A	AAT1
C2_00390C_A-T	C2_00390C_A	C2_00390C_A
C2_04990W_A-T	C2_04990W_A	C2_04990W_A
C2_10220C_A-T	C2_10220C_A	PHO23
C2_06780C_A-T	C2_06780C_A	C2_06780C_A
C2_04700C_A-T	C2_04700C_A	C2_04700C_A
C2_03860W_A-T	C2_03860W_A	tF(GAA)3
C2_00940W_A-T	C2_00940W_A	C2_00940W_A
C2_07830W_A-T	C2_07830W_A	FLC3
C2_01700C_A-T	C2_01700C_A	HAP42
C2_05810W_A-T	C2_05810W_A	C2_05810W_A
C2_09270C_A-T	C2_09270C_A	SGT1
C2_04870C_A-T	C2_04870C_A	C2_04870C_A
C2_10200W_A-T	C2_10200W_A	C2_10200W_A
C2_01400C_A-T	C2_01400C_A	ESC4
C2_08870C_A-T	C2_08870C_A	PIR1
C2_03990W_A-T	C2_03990W_A	GCD7
C2_03570C_A-T	C2_03570C_A	C2_03570C_A
C2_01360C_A-T	C2_01360C_A	DCW1
C2_03660W_A-T	C2_03660W_A	tE(CUC)1
C2_09390W_A-T	C2_09390W_A	ABG1
C2_00880W_A-T	C2_00880W_A	C2_00880W_A
C2_08750W_A-T	C2_08750W_A	C2_08750W_A
C2_07420W_A-T	C2_07420W_A	C2_07420W_A
C2_05660W_A-T	C2_05660W_A	PNG2
C2_01030W_A-T	C2_01030W_A	C2_01030W_A
C2_03980C_A-T	C2_03980C_A	MED1
C2_03290W_A-T	C2_03290W_A	C2_03290W_A
C2_08980C_A-T	C2_08980C_A	PGA55
C2_08850C_A-T	C2_08850C_A	C2_08850C_A
C2_04860W_A-T	C2_04860W_A	PZF1
C2_09960W_A-T	C2_09960W_A	C2_09960W_A
C2_05870W_A-T	C2_05870W_A	C2_05870W_A
C2_07750W_A-T	C2_07750W_A	RHO2
C2_03010C_A-T	C2_03010C_A	RNR21
C2_08055W_A-T	C2_08055W_A	RPR1
C2_06790W_A-T	C2_06790W_A	C2_06790W_A
C2_05130W_A-T	C2_05130W_A	C2_05130W_A
C2_03420C_A-T	C2_03420C_A	C2_03420C_A
C2_01530C_A-T	C2_01530C_A	C2_01530C_A
C2_08330W_A-T	C2_08330W_A	C2_08330W_A
C2_01600C_A-T	C2_01600C_A	CDC55
C2_03390C_A-T	C2_03390C_A	HSP78
C2_00440W_A-T	C2_00440W_A	SAS2
C2_08780W_A-T	C2_08780W_A	RPT6
C2_04650C_A-T	C2_04650C_A	RPB4
C2_02050C_A-T	C2_02050C_A	C2_02050C_A
C2_01180W_A-T	C2_01180W_A	COX17
C2_00930C_A-T	C2_00930C_A	VPS24
C2_04910W_A-T	C2_04910W_A	C2_04910W_A
C2_05420C_A-T	C2_05420C_A	C2_05420C_A
C2_06270W_A-T	C2_06270W_A	C2_06270W_A
C2_02000W_A-T	C2_02000W_A	C2_02000W_A
C2_03640W_A-T	C2_03640W_A	UGA11
C2_04030C_A-T	C2_04030C_A	ACP12
C2_02520W_A-T	C2_02520W_A	C2_02520W_A
C2_03880C_A-T	C2_03880C_A	C2_03880C_A
C2_07960C_A-T	C2_07960C_A	NSA1
C2_07270W_A-T	C2_07270W_A	C2_07270W_A
C2_03220C_A-T	C2_03220C_A	STP4
C2_06540C_A-T	C2_06540C_A	SPF1
C2_02840C_A-T	C2_02840C_A	C2_02840C_A
C2_06090W_A-T	C2_06090W_A	C2_06090W_A
C2_09850C_A-T	C2_09850C_A	C2_09850C_A
C2_07090C_A-T	C2_07090C_A	OLE2
C2_00400C_A-T	C2_00400C_A	C2_00400C_A
C2_10590W_A-T	C2_10590W_A	GAL4
C2_04720C_A-T	C2_04720C_A	FGR51
C2_07360W_A-T	C2_07360W_A	C2_07360W_A
C2_07380W_A-T	C2_07380W_A	SSC1
C2_04460W_A-T	C2_04460W_A	LYS22
C2_03710W_A-T	C2_03710W_A	MNN41
C2_04400W_A-T	C2_04400W_A	C2_04400W_A
C2_03960W_A-T	C2_03960W_A	RPL39
C2_08070C_A-T	C2_08070C_A	MRS4
C2_04680W_A-T	C2_04680W_A	TIM17
C2_10470C_A-T	C2_10470C_A	ATG27
C2_05300C_A-T	C2_05300C_A	C2_05300C_A
C2_10790C_A-T	C2_10790C_A	ALG14
C2_07850C_A-T	C2_07850C_A	tM(CAU)2
C2_04140W_A-T	C2_04140W_A	CHS5
C2_02060C_A-T	C2_02060C_A	FMO1
C2_02830C_A-T	C2_02830C_A	SGT2
C2_01070W_A-T	C2_01070W_A	C2_01070W_A
C2_10560C_A-T	C2_10560C_A	ZSF1
C2_00780W_A-T	C2_00780W_A	POT1-2
C2_05220C_A-T	C2_05220C_A	C2_05220C_A
C2_06660W_A-T	C2_06660W_A	C2_06660W_A
C2_09420W_A-T	C2_09420W_A	C2_09420W_A
C2_07370W_A-T	C2_07370W_A	C2_07370W_A
C2_06230W_A-T	C2_06230W_A	YSH1
C2_01270W_A-T	C2_01270W_A	CHA1
C2_09920W_A-T	C2_09920W_A	C2_09920W_A
C2_08680W_A-T	C2_08680W_A	MSH3
C2_07450C_A-T	C2_07450C_A	RCL1
C2_04570W_A-T	C2_04570W_A	C2_04570W_A
C2_02300W_A-T	C2_02300W_A	C2_02300W_A
C2_10580W_A-T	C2_10580W_A	UBC15
C2_05540C_A-T	C2_05540C_A	C2_05540C_A
C2_00150W_A-T	C2_00150W_A	LEU5
C2_00080C_A-T	C2_00080C_A	FAV3
C2_00270C_A-T	C2_00270C_A	C2_00270C_A
C2_07230C_A-T	C2_07230C_A	ZCF10
C2_02940W_A-T	C2_02940W_A	MET1
C2_03720W_A-T	C2_03720W_A	PGA16
C2_05120C_A-T	C2_05120C_A	C2_05120C_A
C2_06400C_A-T	C2_06400C_A	C2_06400C_A
C2_07180W_A-T	C2_07180W_A	C2_07180W_A
C2_00060C_A-T	C2_00060C_A	C2_00060C_A
C2_02090W_A-T	C2_02090W_A	NMD4
C2_05900W_A-T	C2_05900W_A	C2_05900W_A
C2_07480W_A-T	C2_07480W_A	LPT1
C2_06520C_A-T	C2_06520C_A	TPC1
C2_02450C_A-T	C2_02450C_A	UTP22
C2_05460W_A-T	C2_05460W_A	CDC19
C2_08640C_A-T	C2_08640C_A	PST2
C2_03060W_A-T	C2_03060W_A	PR26
C2_03120W_A-T	C2_03120W_A	AMO1
C2_06170C_A-T	C2_06170C_A	ECM17
C2_03090C_A-T	C2_03090C_A	ADE8
C2_03170W_A-T	C2_03170W_A	C2_03170W_A
C2_07800W_A-T	C2_07800W_A	C2_07800W_A
C2_09430W_A-T	C2_09430W_A	RPL3
C2_00630C_A-T	C2_00630C_A	C2_00630C_A
C2_10170C_A-T	C2_10170C_A	C2_10170C_A
C2_08170W_A-T	C2_08170W_A	C2_08170W_A
C2_09640W_A-T	C2_09640W_A	PMI1
C2_09810C_A-T	C2_09810C_A	C2_09810C_A
C2_09020W_A-T	C2_09020W_A	CDC47
C2_04780W_A-T	C2_04780W_A	C2_04780W_A
C2_09710C_A-T	C2_09710C_A	C2_09710C_A
C2_04670W_A-T	C2_04670W_A	C2_04670W_A
C2_02700C_A-T	C2_02700C_A	C2_02700C_A
C2_01090C_A-T	C2_01090C_A	ERG28
C2_08570W_A-T	C2_08570W_A	ANP1
C2_03280W_A-T	C2_03280W_A	NSP1
C2_01200C_A-T	C2_01200C_A	REG1
C2_06710W_A-T	C2_06710W_A	C2_06710W_A
C2_05570C_A-T	C2_05570C_A	C2_05570C_A
C2_02690W_A-T	C2_02690W_A	SER2
C2_02390W_A-T	C2_02390W_A	C2_02390W_A
C2_05830C_A-T	C2_05830C_A	C2_05830C_A
C2_06560W_A-T	C2_06560W_A	C2_06560W_A
C2_04820W_A-T	C2_04820W_A	C2_04820W_A
C2_07620W_A-T	C2_07620W_A	C2_07620W_A
C2_05410W_A-T	C2_05410W_A	C2_05410W_A
C2_10630W_A-T	C2_10630W_A	C2_10630W_A
C2_01050W_A-T	C2_01050W_A	C2_01050W_A
C2_03150C_A-T	C2_03150C_A	C2_03150C_A
C2_06470W_A-T	C2_06470W_A	RTA2
C2_04000C_A-T	C2_04000C_A	C2_04000C_A
C2_07660W_A-T	C2_07660W_A	PDS5
C2_07440C_A-T	C2_07440C_A	C2_07440C_A
C2_00740C_A-T	C2_00740C_A	C2_00740C_A
C2_05530C_A-T	C2_05530C_A	C2_05530C_A
C2_09120C_A-T	C2_09120C_A	C2_09120C_A
C2_08450W_A-T	C2_08450W_A	C2_08450W_A
C2_06240W_A-T	C2_06240W_A	SMD2
C2_04740C_A-T	C2_04740C_A	C2_04740C_A
C2_05500W_A-T	C2_05500W_A	ATP4
C2_08930W_A-T	C2_08930W_A	C2_08930W_A
C2_03410W_A-T	C2_03410W_A	C2_03410W_A
C2_06290C_A-T	C2_06290C_A	ATP14
C2_10620W_A-T	C2_10620W_A	RPS4A
C2_05960C_A-T	C2_05960C_A	C2_05960C_A
C2_02210C_A-T	C2_02210C_A	TLG2
C2_07600C_A-T	C2_07600C_A	MSC7
C2_10840W_A-T	C2_10840W_A	RDH54
C2_03800C_A-T	C2_03800C_A	C2_03800C_A
C2_09840W_A-T	C2_09840W_A	MTW1
C2_04200W_A-T	C2_04200W_A	TBF1
C2_04390W_A-T	C2_04390W_A	C2_04390W_A
C2_08600W_A-T	C2_08600W_A	GTR1
C2_08090W_A-T	C2_08090W_A	C2_08090W_A
C2_00100C_A-T	C2_00100C_A	PGA52
C2_05030C_A-T	C2_05030C_A	RHO3
C2_02900W_A-T	C2_02900W_A	C2_02900W_A
C2_03360W_A-T	C2_03360W_A	C2_03360W_A
C2_07350W_A-T	C2_07350W_A	MCM3
C2_09670C_A-T	C2_09670C_A	CFD1
C2_05510C_A-T	C2_05510C_A	C2_05510C_A
C2_02710C_A-T	C2_02710C_A	C2_02710C_A
C2_01110C_A-T	C2_01110C_A	BCY1
C2_01920C_A-T	C2_01920C_A	C2_01920C_A
C2_05970C_A-T	C2_05970C_A	TES1
C2_10240W_A-T	C2_10240W_A	GPD1
C2_00040C_A-T	C2_00040C_A	tV(CAC)1
C2_03850W_A-T	C2_03850W_A	tR(UCU)3
C2_10770W_A-T	C2_10770W_A	RPC11
C2_09620W_A-T	C2_09620W_A	C2_09620W_A
C2_01250W_A-T	C2_01250W_A	C2_01250W_A
C2_01730W_A-T	C2_01730W_A	SPC24
C2_08390W_A-T	C2_08390W_A	C2_08390W_A
C2_04340C_A-T	C2_04340C_A	C2_04340C_A
C2_00590W_A-T	C2_00590W_A	C2_00590W_A
C2_06260W_A-T	C2_06260W_A	C2_06260W_A
C2_05700W_A-T	C2_05700W_A	OSM1
C2_01770C_A-T	C2_01770C_A	tL(CAA)1
C2_00230W_A-T	C2_00230W_A	C2_00230W_A
C2_04170C_A-T	C2_04170C_A	C2_04170C_A
C2_07640W_A-T	C2_07640W_A	C2_07640W_A
C2_09760W_A-T	C2_09760W_A	C2_09760W_A
C2_01460C_A-T	C2_01460C_A	C2_01460C_A
C2_03000C_A-T	C2_03000C_A	C2_03000C_A
C2_01240C_A-T	C2_01240C_A	CHL1
C2_08790W_A-T	C2_08790W_A	JEM1
C2_08530C_A-T	C2_08530C_A	C2_08530C_A
C2_02010C_A-T	C2_02010C_A	CHT4
C2_06820C_A-T	C2_06820C_A	PRE2
C2_10160W_A-T	C2_10160W_A	C2_10160W_A
C2_03370W_A-T	C2_03370W_A	THI20
C2_07170C_A-T	C2_07170C_A	AFT2
C2_10450W_A-T	C2_10450W_A	NCE4
C2_08590W_A-T	C2_08590W_A	YWP1
C2_06990W_A-T	C2_06990W_A	C2_06990W_A
C2_03380W_A-T	C2_03380W_A	PAN1
C2_02360C_A-T	C2_02360C_A	C2_02360C_A
C2_04220C_A-T	C2_04220C_A	TAF14
C2_09860C_A-T	C2_09860C_A	C2_09860C_A
C2_04710C_A-T	C2_04710C_A	URE2
C2_01550W_A-T	C2_01550W_A	SMP2
C2_09400C_A-T	C2_09400C_A	ERG24
C2_09250W_A-T	C2_09250W_A	C2_09250W_A
C2_07890W_A-T	C2_07890W_A	PRS5
C2_09160W_A-T	C2_09160W_A	C2_09160W_A
C2_09650W_A-T	C2_09650W_A	C2_09650W_A
C2_01510C_A-T	C2_01510C_A	C2_01510C_A
C2_10830W_A-T	C2_10830W_A	C2_10830W_A
C2_04270W_A-T	C2_04270W_A	CAK1
C2_07200W_A-T	C2_07200W_A	C2_07200W_A
C2_06770W_A-T	C2_06770W_A	C2_06770W_A
C2_07290W_A-T	C2_07290W_A	LIA1
C2_04300C_A-T	C2_04300C_A	C2_04300C_A
C2_04830W_A-T	C2_04830W_A	C2_04830W_A
C2_06720W_A-T	C2_06720W_A	GRE2
C2_08910C_A-T	C2_08910C_A	C2_08910C_A
C2_04100W_A-T	C2_04100W_A	C2_04100W_A
C2_06440C_A-T	C2_06440C_A	C2_06440C_A
C2_08040C_A-T	C2_08040C_A	RPS10
C2_01880C_A-T	C2_01880C_A	ZCF6
C2_02080W_A-T	C2_02080W_A	C2_02080W_A
C2_03670W_A-T	C2_03670W_A	SAP99
C2_06120C_A-T	C2_06120C_A	C2_06120C_A
C2_02660W_A-T	C2_02660W_A	C2_02660W_A
C2_03580W_A-T	C2_03580W_A	C2_03580W_A
C2_01410C_A-T	C2_01410C_A	CLB2
C2_04640C_A-T	C2_04640C_A	SNU114
C2_03320W_A-T	C2_03320W_A	CHK1
C2_07030C_A-T	C2_07030C_A	C2_07030C_A
C2_00490W_A-T	C2_00490W_A	C2_00490W_A
C2_00200W_A-T	C2_00200W_A	C2_00200W_A
C2_04420W_A-T	C2_04420W_A	IFA4
C2_00910W_A-T	C2_00910W_A	PGA19
C2_08950W_A-T	C2_08950W_A	C2_08950W_A
C2_04280W_A-T	C2_04280W_A	C2_04280W_A
C2_05020W_A-T	C2_05020W_A	C2_05020W_A
C2_08840W_A-T	C2_08840W_A	C2_08840W_A
C2_01820C_A-T	C2_01820C_A	SNU71
C2_06500W_A-T	C2_06500W_A	tI(AAU)1
C2_07820C_A-T	C2_07820C_A	PHO86
C2_09730C_A-T	C2_09730C_A	IPK2
C2_02030W_A-T	C2_02030W_A	ARO3
C2_01020W_A-T	C2_01020W_A	HGT6
C2_00380C_A-T	C2_00380C_A	RFA1
C2_00160C_A-T	C2_00160C_A	NAT2
C2_06410W_A-T	C2_06410W_A	C2_06410W_A
C2_02980C_A-T	C2_02980C_A	DLD1
C2_00730C_A-T	C2_00730C_A	C2_00730C_A
C2_09890W_A-T	C2_09890W_A	SMM1
C2_05670C_A-T	C2_05670C_A	C2_05670C_A
C2_09660W_A-T	C2_09660W_A	NOP16
C2_09900C_A-T	C2_09900C_A	TIM23
C2_02650C_A-T	C2_02650C_A	C2_02650C_A
C2_02730W_A-T	C2_02730W_A	C2_02730W_A
C2_04290W_A-T	C2_04290W_A	RIM11
C2_08340C_A-T	C2_08340C_A	C2_08340C_A
C2_03400C_A-T	C2_03400C_A	DFG16
C2_10550C_A-T	C2_10550C_A	GCN1
C2_02640C_A-T	C2_02640C_A	BNA32
C2_09600C_A-T	C2_09600C_A	C2_09600C_A
C2_05450C_A-T	C2_05450C_A	MDJ2
C2_03810C_A-T	C2_03810C_A	RPL21A
C2_03080W_A-T	C2_03080W_A	IDH2
C2_07470W_A-T	C2_07470W_A	YCS4
C2_00470W_A-T	C2_00470W_A	POM152
C2_07260C_A-T	C2_07260C_A	DQD1
C2_09490W_A-T	C2_09490W_A	PHO13
C2_06450C_A-T	C2_06450C_A	C2_06450C_A
C2_02850W_A-T	C2_02850W_A	UGA6
C2_00170C_A-T	C2_00170C_A	HMA1
C2_02600C_A-T	C2_02600C_A	FGR22
C2_09980W_A-T	C2_09980W_A	C2_09980W_A
C2_06530W_A-T	C2_06530W_A	C2_06530W_A
C2_06350C_A-T	C2_06350C_A	C2_06350C_A
C2_00810C_A-T	C2_00810C_A	C2_00810C_A
C2_05790C_A-T	C2_05790C_A	RFC1
C2_07670C_A-T	C2_07670C_A	GLE1
C2_05750W_A-T	C2_05750W_A	C2_05750W_A
C2_05440W_A-T	C2_05440W_A	PEX6
C2_04790C_A-T	C2_04790C_A	C2_04790C_A
C2_10650W_A-T	C2_10650W_A	C2_10650W_A
C2_01380W_A-T	C2_01380W_A	PLB4.5
C2_08460C_A-T	C2_08460C_A	C2_08460C_A
C2_01040W_A-T	C2_01040W_A	C2_01040W_A
C2_07390C_A-T	C2_07390C_A	C2_07390C_A
C2_02920W_A-T	C2_02920W_A	C2_02920W_A
C2_03830W_A-T	C2_03830W_A	C2_03830W_A
C2_10350C_A-T	C2_10350C_A	ACS1
C2_10060C_A-T	C2_10060C_A	C2_10060C_A
C2_02760W_A-T	C2_02760W_A	LHS1
C2_08210C_A-T	C2_08210C_A	MFA1
C2_05560W_A-T	C2_05560W_A	C2_05560W_A
C2_02420C_A-T	C2_02420C_A	DUS3
C2_07610C_A-T	C2_07610C_A	C2_07610C_A
C2_06680W_A-T	C2_06680W_A	FRP3
C2_09380W_A-T	C2_09380W_A	RRP15
C2_06860W_A-T	C2_06860W_A	LTE1
C2_02240C_A-T	C2_02240C_A	HEX3
C2_04690C_A-T	C2_04690C_A	TPO5
C2_01940C_A-T	C2_01940C_A	C2_01940C_A
C2_06300W_A-T	C2_06300W_A	YHC1
C2_08860W_A-T	C2_08860W_A	C2_08860W_A
C2_03240C_A-T	C2_03240C_A	ROM2
C2_04310W_A-T	C2_04310W_A	ERG10
C2_08880W_A-T	C2_08880W_A	BUD20
C2_05000C_A-T	C2_05000C_A	MRPL10
C2_00140W_A-T	C2_00140W_A	NDT80
C2_00870W_A-T	C2_00870W_A	C2_00870W_A
C2_09580W_A-T	C2_09580W_A	AGE2
C2_00840W_A-T	C2_00840W_A	TAH18
C2_02750C_A-T	C2_02750C_A	C2_02750C_A
C2_04950C_A-T	C2_04950C_A	CYT1
C2_03430W_A-T	C2_03430W_A	NBN1
C2_10780C_A-T	C2_10780C_A	PSO2
C2_09750W_A-T	C2_09750W_A	LEU42
C2_02470C_A-T	C2_02470C_A	ATO7
C2_01470W_A-T	C2_01470W_A	SRB9
C2_07110C_A-T	C2_07110C_A	C2_07110C_A
C2_06630C_A-T	C2_06630C_A	C2_06630C_A
C2_07340W_A-T	C2_07340W_A	NOC4
C2_10690W_A-T	C2_10690W_A	TPS3
C2_06930C_A-T	C2_06930C_A	C2_06930C_A
C2_07490W_A-T	C2_07490W_A	HEM15
C2_03470C_A-T	C2_03470C_A	COX6
C2_07720C_A-T	C2_07720C_A	C2_07720C_A
C2_02910W_A-T	C2_02910W_A	C2_02910W_A
C2_07240C_A-T	C2_07240C_A	C2_07240C_A
C2_00460W_A-T	C2_00460W_A	SAP30
C2_09970C_A-T	C2_09970C_A	C2_09970C_A
C2_03600W_A-T	C2_03600W_A	BMT8
C2_03110W_A-T	C2_03110W_A	C2_03110W_A
C2_09460C_A-T	C2_09460C_A	C2_09460C_A
C2_04550C_A-T	C2_04550C_A	NDH51
C2_10110W_A-T	C2_10110W_A	CYC1
C2_05920C_A-T	C2_05920C_A	COX8
C2_08150W_A-T	C2_08150W_A	C2_08150W_A
C2_10740C_A-T	C2_10740C_A	C2_10740C_A
C2_05040C_A-T	C2_05040C_A	C2_05040C_A
C2_04020C_A-T	C2_04020C_A	SDS22
C2_04470W_A-T	C2_04470W_A	ADH3
C2_04590C_A-T	C2_04590C_A	QCR8
C2_06870C_A-T	C2_06870C_A	PST1
C2_10030C_A-T	C2_10030C_A	MP65
C2_05910W_A-T	C2_05910W_A	C2_05910W_A
C2_09880C_A-T	C2_09880C_A	C2_09880C_A
C2_02150C_A-T	C2_02150C_A	RNA14
C2_00240C_A-T	C2_00240C_A	SOD6
C2_03620W_A-T	C2_03620W_A	IFK2
C2_07970W_A-T	C2_07970W_A	tI(AAU)2
C2_01690W_A-T	C2_01690W_A	C2_01690W_A
C2_02610C_A-T	C2_02610C_A	HGT20
C2_03130W_A-T	C2_03130W_A	C2_03130W_A
C2_05340C_A-T	C2_05340C_A	RPC40
C2_09630C_A-T	C2_09630C_A	C2_09630C_A
C2_03700W_A-T	C2_03700W_A	C2_03700W_A
C2_09610W_A-T	C2_09610W_A	C2_09610W_A
C2_08430C_A-T	C2_08430C_A	PGA46
C2_06600W_A-T	C2_06600W_A	C2_06600W_A
C2_05090W_A-T	C2_05090W_A	MAK5
C2_06140C_A-T	C2_06140C_A	C2_06140C_A
C2_04360W_A-T	C2_04360W_A	C2_04360W_A
C2_05780C_A-T	C2_05780C_A	MKK2
C2_01060C_A-T	C2_01060C_A	JJJ3
C2_00650W_A-T	C2_00650W_A	C2_00650W_A
C2_01150W_A-T	C2_01150W_A	PEX12
C2_09680W_A-T	C2_09680W_A	C2_09680W_A
C2_06980W_A-T	C2_06980W_A	C2_06980W_A
C2_00420W_A-T	C2_00420W_A	C2_00420W_A
C2_07130C_A-T	C2_07130C_A	RCK2
C2_10460C_A-T	C2_10460C_A	C2_10460C_A
C2_08610W_A-T	C2_08610W_A	ERG9
C2_02820C_A-T	C2_02820C_A	C2_02820C_A
C2_02970C_A-T	C2_02970C_A	ALD5
C2_04230W_A-T	C2_04230W_A	BAT21
C2_03940C_A-T	C2_03940C_A	SCH9
C2_04090W_A-T	C2_04090W_A	C2_04090W_A
C2_08560W_A-T	C2_08560W_A	SMC2
C2_07930C_A-T	C2_07930C_A	VRP1
C2_05400W_A-T	C2_05400W_A	C2_05400W_A
C2_10750C_A-T	C2_10750C_A	AKL1
C2_08370C_A-T	C2_08370C_A	TEF1
C2_01140C_A-T	C2_01140C_A	C2_01140C_A
C2_03440W_A-T	C2_03440W_A	PGA33
C2_06620W_A-T	C2_06620W_A	C2_06620W_A
C2_01590W_A-T	C2_01590W_A	COX13
C2_08940C_A-T	C2_08940C_A	VPS28
C2_07320W_A-T	C2_07320W_A	ARP3
C2_03340W_A-T	C2_03340W_A	C2_03340W_A
C2_07700C_A-T	C2_07700C_A	C2_07700C_A
C2_05210W_A-T	C2_05210W_A	DAD2
C2_09030W_A-T	C2_09030W_A	C2_09030W_A
C2_00370W_A-T	C2_00370W_A	PDR6
C2_00340C_A-T	C2_00340C_A	ARO8
C2_08270C_A-T	C2_08270C_A	C2_08270C_A
C2_06830C_A-T	C2_06830C_A	FHL1
C2_06200C_A-T	C2_06200C_A	GUF1
C2_03550C_A-T	C2_03550C_A	C2_03550C_A
C2_08660C_A-T	C2_08660C_A	C2_08660C_A
C2_02560W_A-T	C2_02560W_A	C2_02560W_A
C2_00750W_A-T	C2_00750W_A	C2_00750W_A
C2_07330W_A-T	C2_07330W_A	TOR1
C2_03900C_A-T	C2_03900C_A	C2_03900C_A
C2_02510W_A-T	C2_02510W_A	PRS1
C2_04580W_A-T	C2_04580W_A	ERG20
C2_09130C_A-T	C2_09130C_A	IFF6
C2_01670C_A-T	C2_01670C_A	STT3
C2_08650W_A-T	C2_08650W_A	C2_08650W_A
C2_00210W_A-T	C2_00210W_A	RPL38
C2_04970W_A-T	C2_04970W_A	ABP2
C2_03740W_A-T	C2_03740W_A	tF(GAA)2
C2_06210C_A-T	C2_06210C_A	SER1
C2_05260W_A-T	C2_05260W_A	BUD14
C2_04800C_A-T	C2_04800C_A	MDM10
C2_02100W_A-T	C2_02100W_A	SNF2
C2_05050C_A-T	C2_05050C_A	GNT1
C2_01780W_A-T	C2_01780W_A	MSB2
C2_05980C_A-T	C2_05980C_A	C2_05980C_A
C2_05770W_A-T	C2_05770W_A	C2_05770W_A
C2_02140C_A-T	C2_02140C_A	C2_02140C_A
C2_02550C_A-T	C2_02550C_A	C2_02550C_A
C2_05370C_A-T	C2_05370C_A	RXT3
C2_10430C_A-T	C2_10430C_A	FGR29
C2_07510W_A-T	C2_07510W_A	C2_07510W_A
C2_10760C_A-T	C2_10760C_A	C2_10760C_A
C2_02040W_A-T	C2_02040W_A	C2_02040W_A
C2_10090C_A-T	C2_10090C_A	C2_10090C_A
C2_00760C_A-T	C2_00760C_A	C2_00760C_A
C2_04160W_A-T	C2_04160W_A	C2_04160W_A
C2_04750W_A-T	C2_04750W_A	C2_04750W_A
C2_02540W_A-T	C2_02540W_A	C2_02540W_A
C2_03230C_A-T	C2_03230C_A	FEN12
C2_02880C_A-T	C2_02880C_A	EBP7
C2_05360C_A-T	C2_05360C_A	BIO32
C2_10820C_A-T	C2_10820C_A	C2_10820C_A
C2_02220C_A-T	C2_02220C_A	C2_02220C_A
C2_04890C_A-T	C2_04890C_A	tD(GUC)5
C2_10270W_A-T	C2_10270W_A	PUS7
C2_05170W_A-T	C2_05170W_A	C2_05170W_A
C2_10680W_A-T	C2_10680W_A	C2_10680W_A
C2_09070C_A-T	C2_09070C_A	C2_09070C_A
C2_07840W_A-T	C2_07840W_A	C2_07840W_A
C2_06760C_A-T	C2_06760C_A	C2_06760C_A
C2_03450W_A-T	C2_03450W_A	C2_03450W_A
C2_03180C_A-T	C2_03180C_A	TOM1
C2_03270W_A-T	C2_03270W_A	GPM1
C2_07860W_A-T	C2_07860W_A	C2_07860W_A
C2_02350C_A-T	C2_02350C_A	SAC3
C2_06460W_A-T	C2_06460W_A	RTA3
C2_08480W_A-T	C2_08480W_A	RRP8
C2_10640C_A-T	C2_10640C_A	MTR2
C2_06690C_A-T	C2_06690C_A	PEX22
C2_08830W_A-T	C2_08830W_A	C2_08830W_A
C2_00860C_A-T	C2_00860C_A	C2_00860C_A
C2_06490W_A-T	C2_06490W_A	PNG1
C2_10020C_A-T	C2_10020C_A	C2_10020C_A
C2_03680W_A-T	C2_03680W_A	SAP98
C2_10120W_A-T	C2_10120W_A	C2_10120W_A
C2_04120C_A-T	C2_04120C_A	NOP12
C2_03750W_A-T	C2_03750W_A	YIM1
C2_03140C_A-T	C2_03140C_A	C2_03140C_A
C2_08020C_A-T	C2_08020C_A	C2_08020C_A
C2_04610C_A-T	C2_04610C_A	C2_04610C_A
C2_10000C_A-T	C2_10000C_A	C2_10000C_A
C2_00570W_A-T	C2_00570W_A	C2_00570W_A
C2_05640W_A-T	C2_05640W_A	C2_05640W_A
C2_02200W_A-T	C2_02200W_A	ZRC1
C2_10870W_A-T	C2_10870W_A	C2_10870W_A
C2_07590W_A-T	C2_07590W_A	VMA10
C2_01660C_A-T	C2_01660C_A	C2_01660C_A
C2_08030W_A-T	C2_08030W_A	C2_08030W_A
C2_01190C_A-T	C2_01190C_A	C2_01190C_A
C2_06890C_A-T	C2_06890C_A	C2_06890C_A
C2_01420C_A-T	C2_01420C_A	C2_01420C_A
C2_07730W_A-T	C2_07730W_A	YVC1
C2_01960C_A-T	C2_01960C_A	C2_01960C_A
C2_05480C_A-T	C2_05480C_A	C2_05480C_A
C2_04920W_A-T	C2_04920W_A	tG(GCC)3
C2_02190C_A-T	C2_02190C_A	EDC1
C2_04430W_A-T	C2_04430W_A	C2_04430W_A
C2_09720W_A-T	C2_09720W_A	SUP35
C2_07770C_A-T	C2_07770C_A	C2_07770C_A
C2_10070W_A-T	C2_10070W_A	C2_10070W_A
C2_06070W_A-T	C2_06070W_A	FAA2-1
C2_01890W_A-T	C2_01890W_A	CTF1
C2_04250W_A-T	C2_04250W_A	VPS36
C2_06430C_A-T	C2_06430C_A	SYM1
C2_08500W_A-T	C2_08500W_A	RSP5
C2_04770W_A-T	C2_04770W_A	C2_04770W_A
C2_01800W_A-T	C2_01800W_A	C2_01800W_A
C2_00560W_A-T	C2_00560W_A	C2_00560W_A
C2_02310W_A-T	C2_02310W_A	C2_02310W_A
C2_10050W_A-T	C2_10050W_A	C2_10050W_A
C2_00480C_A-T	C2_00480C_A	PHHB
C2_09290W_A-T	C2_09290W_A	C2_09290W_A
C2_06030W_A-T	C2_06030W_A	C2_06030W_A
C2_01900C_A-T	C2_01900C_A	C2_01900C_A
C2_00070C_A-T	C2_00070C_A	MPP10
C2_01720C_A-T	C2_01720C_A	C2_01720C_A
C2_00900W_A-T	C2_00900W_A	C2_00900W_A
C2_00280C_A-T	C2_00280C_A	CWC24
C2_08000C_A-T	C2_08000C_A	KRE30
C2_00830C_A-T	C2_00830C_A	C2_00830C_A
C2_07100W_A-T	C2_07100W_A	C2_07100W_A
C2_03780C_A-T	C2_03780C_A	C2_03780C_A
C2_09040W_A-T	C2_09040W_A	C2_09040W_A
C2_08050C_A-T	C2_08050C_A	SIT1
C2_03030W_A-T	C2_03030W_A	LIG4
C2_07040W_A-T	C2_07040W_A	C2_07040W_A
C2_02490C_A-T	C2_02490C_A	C2_02490C_A
C2_01650W_A-T	C2_01650W_A	C2_01650W_A
C2_09080C_A-T	C2_09080C_A	FGR18
C2_07870C_A-T	C2_07870C_A	C2_07870C_A
C2_01350C_A-T	C2_01350C_A	SNX4
C2_06360C_A-T	C2_06360C_A	MAK16
C2_01970C_A-T	C2_01970C_A	ROD1
C2_00850W_A-T	C2_00850W_A	MSF1
C2_09000C_A-T	C2_09000C_A	C2_09000C_A
C2_01010W_A-T	C2_01010W_A	HGT8
C2_07530C_A-T	C2_07530C_A	C2_07530C_A
C2_09350W_A-T	C2_09350W_A	TAZ1
C2_07220W_A-T	C2_07220W_A	C2_07220W_A
C2_10480W_A-T	C2_10480W_A	MDH1-3
C2_01000W_A-T	C2_01000W_A	HGT7
C2_04150C_A-T	C2_04150C_A	VMA7
C2_06180C_A-T	C2_06180C_A	FGR12
C2_10150W_A-T	C2_10150W_A	C2_10150W_A
C2_02860W_A-T	C2_02860W_A	SUR2
C2_07010W_A-T	C2_07010W_A	C2_07010W_A
C2_08260W_A-T	C2_08260W_A	C2_08260W_A
C2_01990C_A-T	C2_01990C_A	FAB1
C2_07550W_A-T	C2_07550W_A	C2_07550W_A
C2_05630C_A-T	C2_05630C_A	tS(AGA)4
C2_02740C_A-T	C2_02740C_A	HPT1
C2_02130C_A-T	C2_02130C_A	C2_02130C_A
C2_09320C_A-T	C2_09320C_A	PES1
C2_05610C_A-T	C2_05610C_A	RPS8A
C2_01210C_A-T	C2_01210C_A	HNM1
C2_00690W_A-T	C2_00690W_A	C2_00690W_A
C2_10490C_A-T	C2_10490C_A	tV(UAC)1
C2_08320C_A-T	C2_08320C_A	C2_08320C_A
C2_00980W_A-T	C2_00980W_A	C2_00980W_A
C2_07400C_A-T	C2_07400C_A	APR1
C2_10080W_A-T	C2_10080W_A	RAP1
C2_07000W_A-T	C2_07000W_A	C2_07000W_A
C2_02160W_A-T	C2_02160W_A	SAM37
C2_03760C_A-T	C2_03760C_A	C2_03760C_A
C2_08060W_A-T	C2_08060W_A	C2_08060W_A
C2_01950C_A-T	C2_01950C_A	AMN1
C2_00950C_A-T	C2_00950C_A	RFC5
C2_01500W_A-T	C2_01500W_A	C2_01500W_A
C2_06080C_A-T	C2_06080C_A	C2_06080C_A
C2_07540W_A-T	C2_07540W_A	C2_07540W_A
C2_07280W_A-T	C2_07280W_A	C2_07280W_A
C2_06640C_A-T	C2_06640C_A	VAS1
C2_05350C_A-T	C2_05350C_A	C2_05350C_A
C2_07900W_A-T	C2_07900W_A	GDH2
C2_09770C_A-T	C2_09770C_A	INP51
C2_09310C_A-T	C2_09310C_A	GTF1
C2_02330W_A-T	C2_02330W_A	C2_02330W_A
C2_08200W_A-T	C2_08200W_A	C2_08200W_A
C2_03950W_A-T	C2_03950W_A	C2_03950W_A
C2_00680C_A-T	C2_00680C_A	SOD5
C2_02120W_A-T	C2_02120W_A	C2_02120W_A
C2_10340W_A-T	C2_10340W_A	HEM4
C2_05730C_A-T	C2_05730C_A	GWT1
C2_01290C_A-T	C2_01290C_A	tL(UAA)1
C2_02890W_A-T	C2_02890W_A	SCT2
C2_02180W_A-T	C2_02180W_A	C2_02180W_A
C2_06670C_A-T	C2_06670C_A	DBF2
C2_07910C_A-T	C2_07910C_A	C2_07910C_A
C2_03250W_A-T	C2_03250W_A	AVT7
C2_08890W_A-T	C2_08890W_A	C2_08890W_A
C2_02170W_A-T	C2_02170W_A	C2_02170W_A
C2_08130W_A-T	C2_08130W_A	ARA1
C2_00410C_A-T	C2_00410C_A	C2_00410C_A
C2_03310C_A-T	C2_03310C_A	VPS20
C2_01170C_A-T	C2_01170C_A	C2_01170C_A
C2_06610C_A-T	C2_06610C_A	C2_06610C_A
C2_09570C_A-T	C2_09570C_A	C2_09570C_A
C2_05110W_A-T	C2_05110W_A	LEM3
C2_08100W_A-T	C2_08100W_A	C2_08100W_A
C2_08520C_A-T	C2_08520C_A	C2_08520C_A
C2_04330C_A-T	C2_04330C_A	C2_04330C_A
C2_09500W_A-T	C2_09500W_A	C2_09500W_A
C2_08240W_A-T	C2_08240W_A	ORF298
C2_06160W_A-T	C2_06160W_A	C2_06160W_A
C2_10440C_A-T	C2_10440C_A	RAD1
C2_02620W_A-T	C2_02620W_A	C2_02620W_A
C2_07160W_A-T	C2_07160W_A	SMF12
C2_04210W_A-T	C2_04210W_A	STE4
C2_07780W_A-T	C2_07780W_A	C2_07780W_A
C2_06920C_A-T	C2_06920C_A	C2_06920C_A
C2_07630C_A-T	C2_07630C_A	C2_07630C_A
C2_07460W_A-T	C2_07460W_A	TAF4
C2_05330C_A-T	C2_05330C_A	C2_05330C_A
C2_07950W_A-T	C2_07950W_A	SEH1
C2_07990W_A-T	C2_07990W_A	tA(AGC)1
C2_09170W_A-T	C2_09170W_A	SLP2
C2_01630W_A-T	C2_01630W_A	C2_01630W_A
C2_00920W_A-T	C2_00920W_A	C2_00920W_A
C2_04510W_A-T	C2_04510W_A	RIM2
C3_04300C_A-T	C3_04300C_A	POL1
C3_03970W_A-T	C3_03970W_A	C3_03970W_A
C3_03100C_A-T	C3_03100C_A	C3_03100C_A
C3_04270C_A-T	C3_04270C_A	CTP1
C3_06360C_A-T	C3_06360C_A	CYP5
C3_01140W_A-T	C3_01140W_A	C3_01140W_A
C3_06990W_A-T	C3_06990W_A	PFA3
C3_01780C_A-T	C3_01780C_A	C3_01780C_A
C3_04440C_A-T	C3_04440C_A	C3_04440C_A
C3_07750W_A-T	C3_07750W_A	UTP9
C3_05680W_A-T	C3_05680W_A	C3_05680W_A
C3_02860W_A-T	C3_02860W_A	THI6
C3_00660W_A-T	C3_00660W_A	RSE1
C3_05760W_A-T	C3_05760W_A	C3_05760W_A
C3_03750C_A-T	C3_03750C_A	ORC3
C3_06650C_A-T	C3_06650C_A	TAF60
C3_06330W_A-T	C3_06330W_A	TSA1B
C3_06920W_A-T	C3_06920W_A	C3_06920W_A
C3_02020W_A-T	C3_02020W_A	MRD1
C3_06490W_A-T	C3_06490W_A	C3_06490W_A
C3_01280W_A-T	C3_01280W_A	C3_01280W_A
C3_05170W_A-T	C3_05170W_A	WOR2
C3_03570C_A-T	C3_03570C_A	C3_03570C_A
C3_04290C_A-T	C3_04290C_A	SNF5
C3_02470C_A-T	C3_02470C_A	RPL9B
C3_05730C_A-T	C3_05730C_A	LAC1
C3_01400W_A-T	C3_01400W_A	END3
C3_03360W_A-T	C3_03360W_A	FCY2
C3_06400C_A-T	C3_06400C_A	C3_06400C_A
C3_05430W_A-T	C3_05430W_A	C3_05430W_A
C3_00920W_A-T	C3_00920W_A	ATO1
C3_05080W_A-T	C3_05080W_A	C3_05080W_A
C3_04200W_A-T	C3_04200W_A	AFP99
C3_03780W_A-T	C3_03780W_A	C3_03780W_A
C3_05310W_A-T	C3_05310W_A	USO6
C3_04970C_A-T	C3_04970C_A	C3_04970C_A
C3_02990C_A-T	C3_02990C_A	C3_02990C_A
C3_07030C_A-T	C3_07030C_A	C3_07030C_A
C3_05420W_A-T	C3_05420W_A	C3_05420W_A
C3_02970C_A-T	C3_02970C_A	C3_02970C_A
C3_01100W_A-T	C3_01100W_A	C3_01100W_A
C3_05340W_A-T	C3_05340W_A	DIE2
C3_07780C_A-T	C3_07780C_A	NUP159
C3_06480C_A-T	C3_06480C_A	ECM15
C3_06780C_A-T	C3_06780C_A	SLF1
C3_03240C_A-T	C3_03240C_A	C3_03240C_A
C3_06880W_A-T	C3_06880W_A	C3_06880W_A
C3_04460W_A-T	C3_04460W_A	C3_04460W_A
C3_06200C_A-T	C3_06200C_A	MMS21
C3_07420W_A-T	C3_07420W_A	C3_07420W_A
C3_02000W_A-T	C3_02000W_A	RAD50
C3_05380W_A-T	C3_05380W_A	C3_05380W_A
C3_06370C_A-T	C3_06370C_A	C3_06370C_A
C3_06590W_A-T	C3_06590W_A	LYS9
C3_02300W_A-T	C3_02300W_A	FGR23
C3_00010C_A-T	C3_00010C_A	C3_00010C_A
C3_05400C_A-T	C3_05400C_A	C3_05400C_A
C3_07670W_A-T	C3_07670W_A	C3_07670W_A
C3_07330W_A-T	C3_07330W_A	C3_07330W_A
C3_03500W_A-T	C3_03500W_A	SKN2
C3_06170C_A-T	C3_06170C_A	C3_06170C_A
C3_07720C_A-T	C3_07720C_A	C3_07720C_A
C3_03220C_A-T	C3_03220C_A	tK(CUU)1
C3_00050C_A-T	C3_00050C_A	C3_00050C_A
C3_02960C_A-T	C3_02960C_A	KRE5
C3_05390C_A-T	C3_05390C_A	GPI1
C3_03490W_A-T	C3_03490W_A	RSN1
C3_07080W_A-T	C3_07080W_A	RRD1
C3_07900C_A-T	C3_07900C_A	C3_07900C_A
C3_03530W_A-T	C3_03530W_A	C3_03530W_A
C3_01080W_A-T	C3_01080W_A	MRPL33
C3_05950W_A-T	C3_05950W_A	C3_05950W_A
C3_06410C_A-T	C3_06410C_A	C3_06410C_A
C3_02240C_A-T	C3_02240C_A	GPA2
C3_00770C_A-T	C3_00770C_A	SCL1
C3_00570C_A-T	C3_00570C_A	C3_00570C_A
C3_06810W_A-T	C3_06810W_A	C3_06810W_A
C3_00700W_A-T	C3_00700W_A	VPS8
C3_00610W_A-T	C3_00610W_A	C3_00610W_A
C3_04340W_A-T	C3_04340W_A	ATF1
C3_01630W_A-T	C3_01630W_A	TFP1
C3_02260C_A-T	C3_02260C_A	C3_02260C_A
C3_07490W_A-T	C3_07490W_A	C3_07490W_A
C3_06300W_A-T	C3_06300W_A	DOT1
C3_05840W_A-T	C3_05840W_A	C3_05840W_A
C3_00810C_A-T	C3_00810C_A	FOX2
C3_04850C_A-T	C3_04850C_A	tK(CUU)2
C3_00220W_A-T	C3_00220W_A	HGT19
C3_02310W_A-T	C3_02310W_A	MEP1
C3_03640W_A-T	C3_03640W_A	DAL9
C3_05200W_A-T	C3_05200W_A	RPS19A
C3_02520W_A-T	C3_02520W_A	tM(CAU)1
C3_06290W_A-T	C3_06290W_A	C3_06290W_A
C3_07830W_A-T	C3_07830W_A	FBP1
C3_00480C_A-T	C3_00480C_A	DOT5
C3_01560W_A-T	C3_01560W_A	C3_01560W_A
C3_00520W_A-T	C3_00520W_A	C3_00520W_A
C3_04400C_A-T	C3_04400C_A	NUP85
C3_02170C_A-T	C3_02170C_A	LAP41
C3_04910C_A-T	C3_04910C_A	NCE102
C3_05130C_A-T	C3_05130C_A	THI4
C3_00140W_A-T	C3_00140W_A	C3_00140W_A
C3_06630W_A-T	C3_06630W_A	C3_06630W_A
C3_05410W_A-T	C3_05410W_A	C3_05410W_A
C3_02670W_A-T	C3_02670W_A	C3_02670W_A
C3_02360C_A-T	C3_02360C_A	C3_02360C_A
C3_07520W_A-T	C3_07520W_A	tR(UCU)5
C3_05020W_A-T	C3_05020W_A	MTC6
C3_02690C_A-T	C3_02690C_A	C3_02690C_A
C3_03250W_A-T	C3_03250W_A	C3_03250W_A
C3_07980C_A-T	C3_07980C_A	C3_07980C_A
C3_06010W_A-T	C3_06010W_A	CAM1
C3_04790W_A-T	C3_04790W_A	C3_04790W_A
C3_05190C_A-T	C3_05190C_A	MCA1
C3_01530C_A-T	C3_01530C_A	CAS4
C3_01870C_A-T	C3_01870C_A	tK(UUU)1
C3_00260C_A-T	C3_00260C_A	BNA4
C3_02810C_A-T	C3_02810C_A	FAA21
C3_05240C_A-T	C3_05240C_A	RPL8B
C3_00230C_A-T	C3_00230C_A	C3_00230C_A
C3_03810W_A-T	C3_03810W_A	RAD53
C3_06510C_A-T	C3_06510C_A	HST6
C3_04830C_A-T	C3_04830C_A	FAS2
C3_00840C_A-T	C3_00840C_A	AIM11
C3_00120W_A-T	C3_00120W_A	C3_00120W_A
C3_01020W_A-T	C3_01020W_A	C3_01020W_A
C3_03920W_A-T	C3_03920W_A	C3_03920W_A
C3_02220W_A-T	C3_02220W_A	CAP1
C3_02340W_A-T	C3_02340W_A	C3_02340W_A
C3_00850C_A-T	C3_00850C_A	C3_00850C_A
C3_07280C_A-T	C3_07280C_A	C3_07280C_A
C3_03010C_A-T	C3_03010C_A	DTD2
C3_04990W_A-T	C3_04990W_A	FGR44
C3_00400C_A-T	C3_00400C_A	C3_00400C_A
C3_07010W_A-T	C3_07010W_A	POS5
C3_02070C_A-T	C3_02070C_A	C3_02070C_A
C3_01050C_A-T	C3_01050C_A	C3_01050C_A
C3_00550C_A-T	C3_00550C_A	HRK1
C3_06740W_A-T	C3_06740W_A	C3_06740W_A
C3_07230W_A-T	C3_07230W_A	C3_07230W_A
C3_03590W_A-T	C3_03590W_A	C3_03590W_A
C3_00970W_A-T	C3_00970W_A	tG(UCC)1
C3_07200C_A-T	C3_07200C_A	ZFU2
C3_07350W_A-T	C3_07350W_A	C3_07350W_A
C3_04930C_A-T	C3_04930C_A	HGT4
C3_06530W_A-T	C3_06530W_A	C3_06530W_A
C3_03890W_A-T	C3_03890W_A	CSC25
C3_01310W_A-T	C3_01310W_A	C3_01310W_A
C3_07640C_A-T	C3_07640C_A	FUM12
C3_01360C_A-T	C3_01360C_A	IRO1
C3_05270C_A-T	C3_05270C_A	HGT5
C3_01150C_A-T	C3_01150C_A	C3_01150C_A
C3_02210C_A-T	C3_02210C_A	C3_02210C_A
C3_03670W_A-T	C3_03670W_A	C3_03670W_A
C3_02280C_A-T	C3_02280C_A	GFA1
C3_07740W_A-T	C3_07740W_A	C3_07740W_A
C3_03180C_A-T	C3_03180C_A	PNP1
C3_06690C_A-T	C3_06690C_A	C3_06690C_A
C3_04450C_A-T	C3_04450C_A	C3_04450C_A
C3_02580C_A-T	C3_02580C_A	C3_02580C_A
C3_05800W_A-T	C3_05800W_A	C3_05800W_A
C3_00340W_A-T	C3_00340W_A	MZM1
C3_06980W_A-T	C3_06980W_A	HUT1
C3_05560W_A-T	C3_05560W_A	PRE3
C3_04220C_A-T	C3_04220C_A	URK1
C3_01060W_A-T	C3_01060W_A	C3_01060W_A
C3_07390C_A-T	C3_07390C_A	RSM10
C3_03660W_A-T	C3_03660W_A	IRS4
C3_07140C_A-T	C3_07140C_A	C3_07140C_A
C3_03270W_A-T	C3_03270W_A	C3_03270W_A
C3_01340W_A-T	C3_01340W_A	C3_01340W_A
C3_01720C_A-T	C3_01720C_A	C3_01720C_A
C3_01250W_A-T	C3_01250W_A	PMC1
C3_01680C_A-T	C3_01680C_A	C3_01680C_A
C3_02140C_A-T	C3_02140C_A	C3_02140C_A
C3_05160C_A-T	C3_05160C_A	DBP10
C3_04940W_A-T	C3_04940W_A	C3_04940W_A
C3_06240C_A-T	C3_06240C_A	C3_06240C_A
C3_05530W_A-T	C3_05530W_A	OST1
C3_07870W_A-T	C3_07870W_A	C3_07870W_A
C3_00280C_A-T	C3_00280C_A	ULP3
C3_05720C_A-T	C3_05720C_A	KIP3
C3_01230C_A-T	C3_01230C_A	C3_01230C_A
C3_03130C_A-T	C3_03130C_A	C3_03130C_A
C3_01580W_A-T	C3_01580W_A	ZCF7
C3_03050C_A-T	C3_03050C_A	PGA18
C3_05610W_A-T	C3_05610W_A	MNN14
C3_01390C_A-T	C3_01390C_A	GEA2
C3_03770C_A-T	C3_03770C_A	C3_03770C_A
C3_00040W_A-T	C3_00040W_A	C3_00040W_A
C3_03580C_A-T	C3_03580C_A	GTT13
C3_07370W_A-T	C3_07370W_A	C3_07370W_A
C3_04190W_A-T	C3_04190W_A	C3_04190W_A
C3_03300C_A-T	C3_03300C_A	BBP
C3_03330C_A-T	C3_03330C_A	CLF1
C3_05940C_A-T	C3_05940C_A	C3_05940C_A
C3_05710W_A-T	C3_05710W_A	RCT1
C3_07460W_A-T	C3_07460W_A	C3_07460W_A
C3_01620W_A-T	C3_01620W_A	C3_01620W_A
C3_02540C_A-T	C3_02540C_A	OXR1
C3_06230W_A-T	C3_06230W_A	CYM1
C3_01920C_A-T	C3_01920C_A	tY(GUA)2
C3_07820W_A-T	C3_07820W_A	C3_07820W_A
C3_07860C_A-T	C3_07860C_A	MRR2
C3_05140C_A-T	C3_05140C_A	C3_05140C_A
C3_07210W_A-T	C3_07210W_A	MET8
C3_06760W_A-T	C3_06760W_A	C3_06760W_A
C3_04310C_A-T	C3_04310C_A	C3_04310C_A
C3_02480C_A-T	C3_02480C_A	CCP1
C3_06470W_A-T	C3_06470W_A	AAF1
C3_06110C_A-T	C3_06110C_A	C3_06110C_A
C3_06950W_A-T	C3_06950W_A	C3_06950W_A
C3_05600W_A-T	C3_05600W_A	ATO6
C3_06560W_A-T	C3_06560W_A	C3_06560W_A
C3_07180C_A-T	C3_07180C_A	BMT1
C3_05010C_A-T	C3_05010C_A	C3_05010C_A
C3_05180W_A-T	C3_05180W_A	RHB1
C3_03450C_A-T	C3_03450C_A	BMT7
C3_06580W_A-T	C3_06580W_A	JEN1
C3_02400C_A-T	C3_02400C_A	COX7
C3_05770C_A-T	C3_05770C_A	SAM50
C3_03760W_A-T	C3_03760W_A	C3_03760W_A
C3_06140W_A-T	C3_06140W_A	C3_06140W_A
C3_05870C_A-T	C3_05870C_A	UBP1
C3_06320W_A-T	C3_06320W_A	ALS7
C3_00020W_A-T	C3_00020W_A	C3_00020W_A
C3_03120C_A-T	C3_03120C_A	DAL5
C3_02090C_A-T	C3_02090C_A	C3_02090C_A
C3_02040C_A-T	C3_02040C_A	LOC1
C3_05070W_A-T	C3_05070W_A	CEM1
C3_02800W_A-T	C3_02800W_A	ADH4
C3_05120C_A-T	C3_05120C_A	C3_05120C_A
C3_06840C_A-T	C3_06840C_A	tW(CCA)2
C3_07550C_A-T	C3_07550C_A	GEP3
C3_00430W_A-T	C3_00430W_A	EST3
C3_06040W_A-T	C3_06040W_A	C3_06040W_A
C3_07070C_A-T	C3_07070C_A	C3_07070C_A
C3_00760W_A-T	C3_00760W_A	ERG4
C3_03900C_A-T	C3_03900C_A	HTB1
C3_02200W_A-T	C3_02200W_A	C3_02200W_A
C3_05510W_A-T	C3_05510W_A	C3_05510W_A
C3_05660C_A-T	C3_05660C_A	C3_05660C_A
C3_04250W_A-T	C3_04250W_A	WSC1
C3_06340W_A-T	C3_06340W_A	HNT2
C3_02980C_A-T	C3_02980C_A	C3_02980C_A
C3_00500C_A-T	C3_00500C_A	PRP46
C3_00950C_A-T	C3_00950C_A	C3_00950C_A
C3_07110W_A-T	C3_07110W_A	C3_07110W_A
C3_01200W_A-T	C3_01200W_A	UTP20
C3_07000W_A-T	C3_07000W_A	RPD31
C3_03630W_A-T	C3_03630W_A	ECM18
C3_01130C_A-T	C3_01130C_A	C3_01130C_A
C3_05860C_A-T	C3_05860C_A	C3_05860C_A
C3_02530W_A-T	C3_02530W_A	YSY6
C3_02270W_A-T	C3_02270W_A	C3_02270W_A
C3_01510W_A-T	C3_01510W_A	C3_01510W_A
C3_06720W_A-T	C3_06720W_A	PRP5
C3_03070W_A-T	C3_03070W_A	C3_03070W_A
C3_06380W_A-T	C3_06380W_A	NSA2
C3_01710C_A-T	C3_01710C_A	PPT1
C3_06890W_A-T	C3_06890W_A	PMT2
C3_03090W_A-T	C3_03090W_A	USO5
C3_03310C_A-T	C3_03310C_A	C3_03310C_A
C3_02030W_A-T	C3_02030W_A	C3_02030W_A
C3_01270W_A-T	C3_01270W_A	C3_01270W_A
C3_01420C_A-T	C3_01420C_A	C3_01420C_A
C3_02870C_A-T	C3_02870C_A	C3_02870C_A
C3_03700C_A-T	C3_03700C_A	C3_03700C_A
C3_01950C_A-T	C3_01950C_A	C3_01950C_A
C3_02880W_A-T	C3_02880W_A	C3_02880W_A
C3_06640W_A-T	C3_06640W_A	C3_06640W_A
C3_00160C_A-T	C3_00160C_A	C3_00160C_A
C3_02100W_A-T	C3_02100W_A	STE50
C3_01750C_A-T	C3_01750C_A	BRO1
C3_02780W_A-T	C3_02780W_A	SES1
C3_02790W_A-T	C3_02790W_A	C3_02790W_A
C3_05550C_A-T	C3_05550C_A	C3_05550C_A
C3_05900W_A-T	C3_05900W_A	C3_05900W_A
C3_04070C_A-T	C3_04070C_A	CDR11
C3_05650W_A-T	C3_05650W_A	YCK2
C3_02350W_A-T	C3_02350W_A	C3_02350W_A
C3_07220C_A-T	C3_07220C_A	PRO2
C3_05030W_A-T	C3_05030W_A	PHB2
C3_01860C_A-T	C3_01860C_A	DBP5
C3_04780C_A-T	C3_04780C_A	C3_04780C_A
C3_04160W_A-T	C3_04160W_A	DAL8
C3_06130W_A-T	C3_06130W_A	C3_06130W_A
C3_00090W_A-T	C3_00090W_A	RPS24
C3_04770C_A-T	C3_04770C_A	ZCF32
C3_03860W_A-T	C3_03860W_A	C3_03860W_A
C3_00830C_A-T	C3_00830C_A	C3_00830C_A
C3_05980C_A-T	C3_05980C_A	FAA2
C3_00240C_A-T	C3_00240C_A	GLO3
C3_04120C_A-T	C3_04120C_A	C3_04120C_A
C3_06000W_A-T	C3_06000W_A	AHR1
C3_05880C_A-T	C3_05880C_A	C3_05880C_A
C3_00800W_A-T	C3_00800W_A	MIH1
C3_04030C_A-T	C3_04030C_A	PEX8
C3_04520C_A-T	C3_04520C_A	ADE2
C3_03430C_A-T	C3_03430C_A	C3_03430C_A
C3_06030W_A-T	C3_06030W_A	NOG1
C3_07590W_A-T	C3_07590W_A	C3_07590W_A
C3_07440W_A-T	C3_07440W_A	TPI1
C3_00370C_A-T	C3_00370C_A	BUD21
C3_01190C_A-T	C3_01190C_A	C3_01190C_A
C3_07580W_A-T	C3_07580W_A	C3_07580W_A
C3_01910C_A-T	C3_01910C_A	C3_01910C_A
C3_02900W_A-T	C3_02900W_A	C3_02900W_A
C3_01010W_A-T	C3_01010W_A	C3_01010W_A
C3_07840C_A-T	C3_07840C_A	C3_07840C_A
C3_07930C_A-T	C3_07930C_A	C3_07930C_A
C3_07060W_A-T	C3_07060W_A	FESUR1
C3_00960W_A-T	C3_00960W_A	C3_00960W_A
C3_06390W_A-T	C3_06390W_A	C3_06390W_A
C3_00880W_A-T	C3_00880W_A	KGD1
C3_02820C_A-T	C3_02820C_A	NSG2
C3_02080W_A-T	C3_02080W_A	C3_02080W_A
C3_02740C_A-T	C3_02740C_A	tR(UCU)1
C3_07340W_A-T	C3_07340W_A	GCY1
C3_01570W_A-T	C3_01570W_A	C3_01570W_A
C3_00790W_A-T	C3_00790W_A	C3_00790W_A
C3_02420C_A-T	C3_02420C_A	C3_02420C_A
C3_06060W_A-T	C3_06060W_A	ELP3
C3_03680W_A-T	C3_03680W_A	C3_03680W_A
C3_05750C_A-T	C3_05750C_A	C3_05750C_A
C3_00780W_A-T	C3_00780W_A	HOS2
C3_06700C_A-T	C3_06700C_A	RMD9
C3_06830C_A-T	C3_06830C_A	C3_06830C_A
C3_00680C_A-T	C3_00680C_A	C3_00680C_A
C3_04010C_A-T	C3_04010C_A	tE(UUC)6
C3_04390W_A-T	C3_04390W_A	CUP5
C3_07480W_A-T	C3_07480W_A	C3_07480W_A
C3_07730W_A-T	C3_07730W_A	WOR4
C3_07770C_A-T	C3_07770C_A	C3_07770C_A
C3_02110W_A-T	C3_02110W_A	RPL12
C3_02750W_A-T	C3_02750W_A	C3_02750W_A
C3_07380W_A-T	C3_07380W_A	C3_07380W_A
C3_07880C_A-T	C3_07880C_A	C3_07880C_A
C3_00420W_A-T	C3_00420W_A	C3_00420W_A
C3_07400W_A-T	C3_07400W_A	C3_07400W_A
C3_03110W_A-T	C3_03110W_A	C3_03110W_A
C3_01350C_A-T	C3_01350C_A	URA3
C3_00740W_A-T	C3_00740W_A	C3_00740W_A
C3_04380C_A-T	C3_04380C_A	SNU13
C3_02410C_A-T	C3_02410C_A	C3_02410C_A
C3_04230W_A-T	C3_04230W_A	C3_04230W_A
C3_01670W_A-T	C3_01670W_A	C3_01670W_A
C3_02730C_A-T	C3_02730C_A	tF(GAA)1
C3_01240C_A-T	C3_01240C_A	tR(CCU)1
C3_01980C_A-T	C3_01980C_A	TOM6
C3_04490W_A-T	C3_04490W_A	RAX1
C3_04620C_A-T	C3_04620C_A	C3_04620C_A
C3_07020W_A-T	C3_07020W_A	SSN6
C3_05050W_A-T	C3_05050W_A	TRY4
C3_00670C_A-T	C3_00670C_A	FKH2
C3_01850W_A-T	C3_01850W_A	C3_01850W_A
C3_01460C_A-T	C3_01460C_A	FOX3
C3_01790C_A-T	C3_01790C_A	C3_01790C_A
C3_07270C_A-T	C3_07270C_A	UBI4
C3_01930W_A-T	C3_01930W_A	PXP2
C3_03150W_A-T	C3_03150W_A	C3_03150W_A
C3_05630W_A-T	C3_05630W_A	GTT1
C3_04650W_A-T	C3_04650W_A	C3_04650W_A
C3_05040C_A-T	C3_05040C_A	ATG9
C3_00650W_A-T	C3_00650W_A	NGT1
C3_00250C_A-T	C3_00250C_A	TIM44
C3_01590W_A-T	C3_01590W_A	C3_01590W_A
C3_00320W_A-T	C3_00320W_A	RHR2
C3_01260C_A-T	C3_01260C_A	C3_01260C_A
C3_04590W_A-T	C3_04590W_A	C3_04590W_A
C3_00490W_A-T	C3_00490W_A	ESA1
C3_07310C_A-T	C3_07310C_A	SLK19
C3_07050W_A-T	C3_07050W_A	SUS1
C3_01030W_A-T	C3_01030W_A	ARP9
C3_00600W_A-T	C3_00600W_A	IFF11
C3_01880W_A-T	C3_01880W_A	ALG8
C3_03020W_A-T	C3_03020W_A	C3_03020W_A
C3_04920C_A-T	C3_04920C_A	C3_04920C_A
C3_00350W_A-T	C3_00350W_A	TPT1
C3_05100C_A-T	C3_05100C_A	RPL18
C3_07090W_A-T	C3_07090W_A	HHT1
C3_01810C_A-T	C3_01810C_A	MNT1
C3_07290W_A-T	C3_07290W_A	OCA5
C3_00690C_A-T	C3_00690C_A	SWD1
C3_05150W_A-T	C3_05150W_A	C3_05150W_A
C3_01970C_A-T	C3_01970C_A	C3_01970C_A
C3_05810C_A-T	C3_05810C_A	SKN1
C3_07040C_A-T	C3_07040C_A	YSA1
C3_01470W_A-T	C3_01470W_A	ARF3
C3_01800C_A-T	C3_01800C_A	C3_01800C_A
C3_05790C_A-T	C3_05790C_A	SGF11
C3_02290W_A-T	C3_02290W_A	C3_02290W_A
C3_05910W_A-T	C3_05910W_A	ZCF35
C3_05670C_A-T	C3_05670C_A	C3_05670C_A
C3_06080W_A-T	C3_06080W_A	REV3
C3_03390C_A-T	C3_03390C_A	YAH1
C3_00030C_A-T	C3_00030C_A	C3_00030C_A
C3_03460C_A-T	C3_03460C_A	C3_03460C_A
C3_07630C_A-T	C3_07630C_A	C3_07630C_A
C3_01410C_A-T	C3_01410C_A	ALI1
C3_03040W_A-T	C3_03040W_A	AIP2
C3_03870C_A-T	C3_03870C_A	SAP9
C3_04960W_A-T	C3_04960W_A	RPL35
C3_02770C_A-T	C3_02770C_A	C3_02770C_A
C3_01220W_A-T	C3_01220W_A	C3_01220W_A
C3_03160C_A-T	C3_03160C_A	C3_03160C_A
C3_05540C_A-T	C3_05540C_A	C3_05540C_A
C3_06790W_A-T	C3_06790W_A	TRY6
C3_06440W_A-T	C3_06440W_A	C3_06440W_A
C3_02430W_A-T	C3_02430W_A	APL2
C3_06210C_A-T	C3_06210C_A	MUB1
C3_06350W_A-T	C3_06350W_A	MED6
C3_00330W_A-T	C3_00330W_A	UTP8
C3_01770C_A-T	C3_01770C_A	C3_01770C_A
C3_06420C_A-T	C3_06420C_A	C3_06420C_A
C3_00730W_A-T	C3_00730W_A	C3_00730W_A
C3_03350W_A-T	C3_03350W_A	tE(UUC)1
C3_06500W_A-T	C3_06500W_A	UBA1
C3_01890C_A-T	C3_01890C_A	C3_01890C_A
C3_04240C_A-T	C3_04240C_A	C3_04240C_A
C3_01610W_A-T	C3_01610W_A	C3_01610W_A
C3_04700W_A-T	C3_04700W_A	C3_04700W_A
C3_06220C_A-T	C3_06220C_A	OAC1
C3_02050C_A-T	C3_02050C_A	tE(UUC)2
C3_03800W_A-T	C3_03800W_A	PTR22
C3_04540C_A-T	C3_04540C_A	C3_04540C_A
C3_05300C_A-T	C3_05300C_A	C3_05300C_A
C3_04150W_A-T	C3_04150W_A	C3_04150W_A
C3_01480C_A-T	C3_01480C_A	RKI1
C3_06600C_A-T	C3_06600C_A	DML1
C3_03060W_A-T	C3_03060W_A	C3_03060W_A
C3_03380W_A-T	C3_03380W_A	C3_03380W_A
C3_04740C_A-T	C3_04740C_A	C3_04740C_A
C3_04470W_A-T	C3_04470W_A	PKC1
C3_03410C_A-T	C3_03410C_A	C3_03410C_A
C3_06310C_A-T	C3_06310C_A	ISW2
C3_06900W_A-T	C3_06900W_A	ISA2
C3_00170C_A-T	C3_00170C_A	C3_00170C_A
C3_04020C_A-T	C3_04020C_A	ZCF16
C3_00150W_A-T	C3_00150W_A	C3_00150W_A
C3_06610W_A-T	C3_06610W_A	C3_06610W_A
C3_04660C_A-T	C3_04660C_A	ARG11
C3_05230W_A-T	C3_05230W_A	SAP3
C3_03440C_A-T	C3_03440C_A	C3_03440C_A
C3_01740C_A-T	C3_01740C_A	C3_01740C_A
C3_05210C_A-T	C3_05210C_A	DYN1
C3_05700W_A-T	C3_05700W_A	CHS4
C3_07150C_A-T	C3_07150C_A	RPS12
C3_07250W_A-T	C3_07250W_A	GCD2
C3_00440W_A-T	C3_00440W_A	C3_00440W_A
C3_04680W_A-T	C3_04680W_A	RPP2B
C3_04530C_A-T	C3_04530C_A	TEC1
C3_00980W_A-T	C3_00980W_A	FLC1
C3_03000W_A-T	C3_03000W_A	C3_03000W_A
C3_06660C_A-T	C3_06660C_A	C3_06660C_A
C3_04480C_A-T	C3_04480C_A	RAS2
C3_01830C_A-T	C3_01830C_A	MNT2
C3_06820C_A-T	C3_06820C_A	TAF12
C3_03730C_A-T	C3_03730C_A	PHB1
C3_06050C_A-T	C3_06050C_A	C3_06050C_A
C3_04510W_A-T	C3_04510W_A	C3_04510W_A
C3_06150W_A-T	C3_06150W_A	C3_06150W_A
C3_05320W_A-T	C3_05320W_A	C3_05320W_A
C3_06800C_A-T	C3_06800C_A	DCN1
C3_01210C_A-T	C3_01210C_A	C3_01210C_A
C3_07160W_A-T	C3_07160W_A	PGA32
C3_00930W_A-T	C3_00930W_A	ATO2
C3_04820C_A-T	C3_04820C_A	SEC7
C3_04110C_A-T	C3_04110C_A	MBP1
C3_01900C_A-T	C3_01900C_A	C3_01900C_A
C3_06860C_A-T	C3_06860C_A	C3_06860C_A
C3_03740W_A-T	C3_03740W_A	C3_03740W_A
C3_03520C_A-T	C3_03520C_A	PRE9
C3_01540W_A-T	C3_01540W_A	C3_01540W_A
C3_00360W_A-T	C3_00360W_A	C3_00360W_A
C3_00940W_A-T	C3_00940W_A	C3_00940W_A
C3_04050W_A-T	C3_04050W_A	tA(AGC)2
C3_03940C_A-T	C3_03940C_A	C3_03940C_A
C3_05110W_A-T	C3_05110W_A	C3_05110W_A
C3_07600W_A-T	C3_07600W_A	C3_07600W_A
C3_02490C_A-T	C3_02490C_A	C3_02490C_A
C3_06020W_A-T	C3_06020W_A	MNN9
C3_07120W_A-T	C3_07120W_A	C3_07120W_A
C3_04690C_A-T	C3_04690C_A	C3_04690C_A
C3_04890W_A-T	C3_04890W_A	CDR2
C3_04610W_A-T	C3_04610W_A	MEA1
C3_02890C_A-T	C3_02890C_A	C3_02890C_A
C3_00590W_A-T	C3_00590W_A	C3_00590W_A
C3_07300W_A-T	C3_07300W_A	NOP13
C3_01840C_A-T	C3_01840C_A	tV(AAC)2
C3_06160C_A-T	C3_06160C_A	NSA2
C3_05000W_A-T	C3_05000W_A	RDI1
C3_07430W_A-T	C3_07430W_A	C3_07430W_A
C3_02620C_A-T	C3_02620C_A	C3_02620C_A
C3_03140C_A-T	C3_03140C_A	DAL4
C3_07950C_A-T	C3_07950C_A	SRB1
C3_07940W_A-T	C3_07940W_A	C3_07940W_A
C3_01040C_A-T	C3_01040C_A	PRM9
C3_02650W_A-T	C3_02650W_A	C3_02650W_A
C3_00870W_A-T	C3_00870W_A	C3_00870W_A
C3_03510C_A-T	C3_03510C_A	C3_03510C_A
C3_00820W_A-T	C3_00820W_A	SCT1
C3_06100C_A-T	C3_06100C_A	DED1
C3_02850C_A-T	C3_02850C_A	C3_02850C_A
C3_04090W_A-T	C3_04090W_A	SBP1
C3_02830W_A-T	C3_02830W_A	TFC4
C3_05890W_A-T	C3_05890W_A	TRM12
C3_07540C_A-T	C3_07540C_A	C3_07540C_A
C3_06960C_A-T	C3_06960C_A	tY(GUA)3
C3_05290C_A-T	C3_05290C_A	C3_05290C_A
C3_05590C_A-T	C3_05590C_A	BAT22
C3_05370C_A-T	C3_05370C_A	YST1
C3_05570W_A-T	C3_05570W_A	QDR2
C3_07700W_A-T	C3_07700W_A	C3_07700W_A
C3_01170W_A-T	C3_01170W_A	AIM24
C3_07920W_A-T	C3_07920W_A	C3_07920W_A
C3_01440C_A-T	C3_01440C_A	C3_01440C_A
C3_00060W_A-T	C3_00060W_A	TLO7
C3_03230C_A-T	C3_03230C_A	C3_03230C_A
C3_02680C_A-T	C3_02680C_A	SLD1
C3_01330W_A-T	C3_01330W_A	ZCF8
C3_01700W_A-T	C3_01700W_A	CDC53
C3_05930W_A-T	C3_05930W_A	CTA4
C3_06710W_A-T	C3_06710W_A	C3_06710W_A
C3_04180W_A-T	C3_04180W_A	KRE9
C3_01490W_A-T	C3_01490W_A	RPS7A
C3_03650W_A-T	C3_03650W_A	HBR3
C3_03910W_A-T	C3_03910W_A	HTA1
C3_02460C_A-T	C3_02460C_A	PHA2
C3_04600C_A-T	C3_04600C_A	C3_04600C_A
C3_01180C_A-T	C3_01180C_A	C3_01180C_A
C3_03990C_A-T	C3_03990C_A	AAP1
C3_05990C_A-T	C3_05990C_A	C3_05990C_A
C3_05960W_A-T	C3_05960W_A	ASE1
C3_07260C_A-T	C3_07260C_A	ECM29
C3_04870W_A-T	C3_04870W_A	C3_04870W_A
C3_06730W_A-T	C3_06730W_A	C3_06730W_A
C3_01090W_A-T	C3_01090W_A	C3_01090W_A
C3_07610W_A-T	C3_07610W_A	TIP120
C3_04360W_A-T	C3_04360W_A	C3_04360W_A
C3_03080W_A-T	C3_03080W_A	C3_03080W_A
C3_05060W_A-T	C3_05060W_A	C3_05060W_A
C3_02370C_A-T	C3_02370C_A	ALR1
C3_04500C_A-T	C3_04500C_A	RPL19A
C3_07570C_A-T	C3_07570C_A	C3_07570C_A
C3_06520C_A-T	C3_06520C_A	C3_06520C_A
C3_03290C_A-T	C3_03290C_A	NPR2
C3_06770W_A-T	C3_06770W_A	SLU7
C3_05850W_A-T	C3_05850W_A	FYV10
C3_01600W_A-T	C3_01600W_A	PPH21
C3_04420W_A-T	C3_04420W_A	C3_04420W_A
C3_05640W_A-T	C3_05640W_A	C3_05640W_A
C3_04640W_A-T	C3_04640W_A	ZCF31
C3_07850W_A-T	C3_07850W_A	MCH1
C3_06260C_A-T	C3_06260C_A	C3_06260C_A
C3_07760C_A-T	C3_07760C_A	C3_07760C_A
C3_05460W_A-T	C3_05460W_A	C3_05460W_A
C3_04720C_A-T	C3_04720C_A	C3_04720C_A
C3_01640C_A-T	C3_01640C_A	C3_01640C_A
C3_02720W_A-T	C3_02720W_A	C3_02720W_A
C3_01960C_A-T	C3_01960C_A	POX1-3
C3_02120W_A-T	C3_02120W_A	C3_02120W_A
C3_05480C_A-T	C3_05480C_A	tV(AAC)5
C3_02640C_A-T	C3_02640C_A	ZCF1
C3_00290W_A-T	C3_00290W_A	RPT2
C3_05970C_A-T	C3_05970C_A	HAL3
C3_07800C_A-T	C3_07800C_A	C3_07800C_A
C3_02190C_A-T	C3_02190C_A	C3_02190C_A
C3_03400C_A-T	C3_03400C_A	VTI1
C3_06120C_A-T	C3_06120C_A	GDA1
C3_02560W_A-T	C3_02560W_A	DDC1
C3_04880W_A-T	C3_04880W_A	PIN3
C3_00180C_A-T	C3_00180C_A	DAL1
C3_06070C_A-T	C3_06070C_A	PBS2
C3_04140C_A-T	C3_04140C_A	EGD2
C3_03560W_A-T	C3_03560W_A	C3_03560W_A
C3_06460C_A-T	C3_06460C_A	tH(GUG)3
C3_01550C_A-T	C3_01550C_A	TOS1
C3_06570C_A-T	C3_06570C_A	OPI3
C3_04370C_A-T	C3_04370C_A	C3_04370C_A
C3_06870W_A-T	C3_06870W_A	TDH3
C3_00460W_A-T	C3_00460W_A	ATP5
C3_02760C_A-T	C3_02760C_A	C3_02760C_A
C3_03620C_A-T	C3_03620C_A	C3_03620C_A
C3_00450C_A-T	C3_00450C_A	C3_00450C_A
C3_05440C_A-T	C3_05440C_A	AIM23
C3_06670C_A-T	C3_06670C_A	C3_06670C_A
C3_05360C_A-T	C3_05360C_A	C3_05360C_A
C3_02180C_A-T	C3_02180C_A	C3_02180C_A
C3_01940C_A-T	C3_01940C_A	C3_01940C_A
C3_02610C_A-T	C3_02610C_A	GLX3
C3_07450C_A-T	C3_07450C_A	C3_07450C_A
C3_02060W_A-T	C3_02060W_A	C3_02060W_A
C3_05090C_A-T	C3_05090C_A	C3_05090C_A
C3_04950W_A-T	C3_04950W_A	ARF2
C3_04800C_A-T	C3_04800C_A	C3_04800C_A
C3_02160C_A-T	C3_02160C_A	C3_02160C_A
C3_07790W_A-T	C3_07790W_A	STD1
C3_00560C_A-T	C3_00560C_A	SOF1
C3_06540C_A-T	C3_06540C_A	C3_06540C_A
C3_04350C_A-T	C3_04350C_A	C3_04350C_A
C3_02710W_A-T	C3_02710W_A	C3_02710W_A
C3_01520C_A-T	C3_01520C_A	C3_01520C_A
C3_04710W_A-T	C3_04710W_A	ARV1
C3_03540W_A-T	C3_03540W_A	C3_03540W_A
C3_03690W_A-T	C3_03690W_A	C3_03690W_A
C3_05330C_A-T	C3_05330C_A	C3_05330C_A
C3_07690C_A-T	C3_07690C_A	C3_07690C_A
C3_04130W_A-T	C3_04130W_A	C3_04130W_A
C3_03610W_A-T	C3_03610W_A	FUR4
C3_01660W_A-T	C3_01660W_A	C3_01660W_A
C3_03980C_A-T	C3_03980C_A	C3_03980C_A
C3_07100C_A-T	C3_07100C_A	C3_07100C_A
C3_02950C_A-T	C3_02950C_A	MET13
C3_05490C_A-T	C3_05490C_A	tV(AAC)6
C3_00750W_A-T	C3_00750W_A	LYS144
C3_04550C_A-T	C3_04550C_A	CMK1
C3_02330C_A-T	C3_02330C_A	C3_02330C_A
C3_00720W_A-T	C3_00720W_A	PMA1
C3_02450W_A-T	C3_02450W_A	HRT1
C3_02320W_A-T	C3_02320W_A	ILV2
C3_01430W_A-T	C3_01430W_A	RRT14
C3_07240W_A-T	C3_07240W_A	C3_07240W_A
C3_05220W_A-T	C3_05220W_A	CDR1
C3_00530C_A-T	C3_00530C_A	PAC1
C3_02510C_A-T	C3_02510C_A	SAP8
C3_06450W_A-T	C3_06450W_A	GLG2
C3_03370C_A-T	C3_03370C_A	C3_03370C_A
C3_07710W_A-T	C3_07710W_A	ABD1
C3_03210W_A-T	C3_03210W_A	C3_03210W_A
C3_03790W_A-T	C3_03790W_A	MEU1
C3_04210W_A-T	C3_04210W_A	C3_04210W_A
C3_02130W_A-T	C3_02130W_A	UTP4
C3_03480C_A-T	C3_03480C_A	ALT1
C3_00910W_A-T	C3_00910W_A	C3_00910W_A
C3_06180C_A-T	C3_06180C_A	TSA1
C3_05620W_A-T	C3_05620W_A	ATO5
C3_00310C_A-T	C3_00310C_A	C3_00310C_A
C3_07560W_A-T	C3_07560W_A	TCC1
C3_04750W_A-T	C3_04750W_A	C3_04750W_A
C3_07530W_A-T	C3_07530W_A	tF(GAA)5
C3_07170C_A-T	C3_07170C_A	C3_07170C_A
C3_05580C_A-T	C3_05580C_A	GAP2
C3_00100W_A-T	C3_00100W_A	C3_00100W_A
C3_03190C_A-T	C3_03190C_A	CAF17
C3_00710W_A-T	C3_00710W_A	CHS8
C3_02920W_A-T	C3_02920W_A	C3_02920W_A
C3_01690W_A-T	C3_01690W_A	C3_01690W_A
C3_04060C_A-T	C3_04060C_A	HEM13
C3_03340C_A-T	C3_03340C_A	C3_03340C_A
C3_06250W_A-T	C3_06250W_A	ERV25
C3_03280C_A-T	C3_03280C_A	HTA3
C3_06430W_A-T	C3_06430W_A	APN1
C3_04260W_A-T	C3_04260W_A	C3_04260W_A
C3_07510C_A-T	C3_07510C_A	SNR52
C3_04320W_A-T	C3_04320W_A	VAM3
C3_02700W_A-T	C3_02700W_A	SMC3
C3_04730C_A-T	C3_04730C_A	C3_04730C_A
C3_01320C_A-T	C3_01320C_A	SGA1
C3_02010C_A-T	C3_02010C_A	C3_02010C_A
C3_04570C_A-T	C3_04570C_A	DUR35
C3_05820W_A-T	C3_05820W_A	C3_05820W_A
C3_00640W_A-T	C3_00640W_A	C3_00640W_A
C3_03710W_A-T	C3_03710W_A	CCC1
C3_02550C_A-T	C3_02550C_A	DCG1
C3_06910C_A-T	C3_06910C_A	TPD3
C3_07680W_A-T	C3_07680W_A	HIR3
C3_03320W_A-T	C3_03320W_A	RUB1
C3_03420C_A-T	C3_03420C_A	NDE1
C3_05350C_A-T	C3_05350C_A	SMI1B
C3_05500W_A-T	C3_05500W_A	SNR6
C3_02570W_A-T	C3_02570W_A	C3_02570W_A
C3_00210C_A-T	C3_00210C_A	C3_00210C_A
C3_04080W_A-T	C3_04080W_A	C3_04080W_A
C3_03470W_A-T	C3_03470W_A	C3_03470W_A
C3_00990C_A-T	C3_00990C_A	C3_00990C_A
C3_04670C_A-T	C3_04670C_A	RPS15
C3_00200C_A-T	C3_00200C_A	ETR1
C3_02930W_A-T	C3_02930W_A	ATG10
C3_05280C_A-T	C3_05280C_A	C3_05280C_A
C3_01820W_A-T	C3_01820W_A	C3_01820W_A
C3_07970C_A-T	C3_07970C_A	TLO8
C3_07660W_A-T	C3_07660W_A	C3_07660W_A
C3_05520C_A-T	C3_05520C_A	DNM1
C3_02660W_A-T	C3_02660W_A	C3_02660W_A
C3_02840W_A-T	C3_02840W_A	C3_02840W_A
C3_00130C_A-T	C3_00130C_A	C3_00130C_A
C3_02230C_A-T	C3_02230C_A	YCG1
C3_00380C_A-T	C3_00380C_A	C3_00380C_A
C3_03030C_A-T	C3_03030C_A	ECM14
C3_06270C_A-T	C3_06270C_A	C3_06270C_A
C3_01160W_A-T	C3_01160W_A	MSS4
C3_03840C_A-T	C3_03840C_A	CLP1
C3_00110C_A-T	C3_00110C_A	SEC6
C3_00410C_A-T	C3_00410C_A	C3_00410C_A
C3_00630W_A-T	C3_00630W_A	C3_00630W_A
C3_01450C_A-T	C3_01450C_A	MET18
C3_03850C_A-T	C3_03850C_A	SOL1
C3_03830W_A-T	C3_03830W_A	RRD2
C3_00620C_A-T	C3_00620C_A	C3_00620C_A
C3_03550C_A-T	C3_03550C_A	ULP1
C3_06280W_A-T	C3_06280W_A	C3_06280W_A
C3_00190W_A-T	C3_00190W_A	C3_00190W_A
C3_01500C_A-T	C3_01500C_A	BZZ1
C3_05250C_A-T	C3_05250C_A	C3_05250C_A
C3_04560W_A-T	C3_04560W_A	MAK21
C3_05920W_A-T	C3_05920W_A	MRR1
C3_03820C_A-T	C3_03820C_A	C3_03820C_A
C3_04170W_A-T	C3_04170W_A	C3_04170W_A
C3_03930W_A-T	C3_03930W_A	C3_03930W_A
C3_01110C_A-T	C3_01110C_A	C3_01110C_A
C3_02250C_A-T	C3_02250C_A	C3_02250C_A
C3_07500W_A-T	C3_07500W_A	VAN1
C3_06850W_A-T	C3_06850W_A	FCR1
C3_00390W_A-T	C3_00390W_A	C3_00390W_A
C3_00890C_A-T	C3_00890C_A	C3_00890C_A
C3_01070C_A-T	C3_01070C_A	C3_01070C_A
C3_02500W_A-T	C3_02500W_A	PAM17
C3_04040W_A-T	C3_04040W_A	C3_04040W_A
C3_04760C_A-T	C3_04760C_A	SEN1
C3_07130W_A-T	C3_07130W_A	C3_07130W_A
C3_07410C_A-T	C3_07410C_A	KRS1
C3_00900C_A-T	C3_00900C_A	AYR1
C3_03880C_A-T	C3_03880C_A	PEP8
C3_03200C_A-T	C3_03200C_A	C3_03200C_A
C3_07470W_A-T	C3_07470W_A	C3_07470W_A
C3_00580W_A-T	C3_00580W_A	FLO9
C3_01990W_A-T	C3_01990W_A	RNA1
C3_06090C_A-T	C3_06090C_A	OCH1
C3_04900W_A-T	C3_04900W_A	NOP14
C3_04330C_A-T	C3_04330C_A	C3_04330C_A
C3_07650C_A-T	C3_07650C_A	C3_07650C_A
C3_04630W_A-T	C3_04630W_A	C3_04630W_A
C3_01760W_A-T	C3_01760W_A	AFG3
C3_00510W_A-T	C3_00510W_A	C3_00510W_A
C3_01120W_A-T	C3_01120W_A	C3_01120W_A
C3_06680C_A-T	C3_06680C_A	C3_06680C_A
C3_06190C_A-T	C3_06190C_A	ALS6
C3_02910W_A-T	C3_02910W_A	C3_02910W_A
C3_02390W_A-T	C3_02390W_A	C3_02390W_A
C3_03720W_A-T	C3_03720W_A	GTT11
C3_01000W_A-T	C3_01000W_A	BMS1
C3_07810C_A-T	C3_07810C_A	SEC61
C3_02440C_A-T	C3_02440C_A	MED7
C3_07320W_A-T	C3_07320W_A	MDS3
C3_01290W_A-T	C3_01290W_A	C3_01290W_A
C3_00540C_A-T	C3_00540C_A	IST1
C3_02590W_A-T	C3_02590W_A	APL5
C3_05780C_A-T	C3_05780C_A	CRZ1
C3_02940C_A-T	C3_02940C_A	NUO2
C3_07910W_A-T	C3_07910W_A	C3_07910W_A
C3_06970W_A-T	C3_06970W_A	C3_06970W_A
C3_05470W_A-T	C3_05470W_A	TEA1
C3_02630C_A-T	C3_02630C_A	C3_02630C_A
C3_04580C_A-T	C3_04580C_A	STP1
C3_04840C_A-T	C3_04840C_A	C3_04840C_A
C3_03260W_A-T	C3_03260W_A	C3_03260W_A
C3_05450C_A-T	C3_05450C_A	C3_05450C_A
C3_04000C_A-T	C3_04000C_A	CTN3
C3_01300C_A-T	C3_01300C_A	NCE103
C3_00270C_A-T	C3_00270C_A	C3_00270C_A
C3_05740C_A-T	C3_05740C_A	SSN8
C3_04810C_A-T	C3_04810C_A	C3_04810C_A
C3_02150C_A-T	C3_02150C_A	ERG6
C3_01730C_A-T	C3_01730C_A	UTR2
C3_00300W_A-T	C3_00300W_A	C3_00300W_A
C3_07620C_A-T	C3_07620C_A	RIT1
C3_04860W_A-T	C3_04860W_A	SFP1
C3_00860W_A-T	C3_00860W_A	CSE4
C3_00470W_A-T	C3_00470W_A	C3_00470W_A
C3_02600C_A-T	C3_02600C_A	SLC1
C3_04980W_A-T	C3_04980W_A	C3_04980W_A
C3_07890W_A-T	C3_07890W_A	TIM8
C3_06750W_A-T	C3_06750W_A	C3_06750W_A
C3_04430W_A-T	C3_04430W_A	RIP1
C3_03170W_A-T	C3_03170W_A	SEC13
C3_05830W_A-T	C3_05830W_A	KRE6
C3_07360W_A-T	C3_07360W_A	DLD2
C3_03600C_A-T	C3_03600C_A	GTT12
C3_04410C_A-T	C3_04410C_A	C3_04410C_A
C3_04100W_A-T	C3_04100W_A	C3_04100W_A
C3_06550C_A-T	C3_06550C_A	C3_06550C_A
C3_01370C_A-T	C3_01370C_A	PGA44
C3_06940W_A-T	C3_06940W_A	C3_06940W_A
C3_06620W_A-T	C3_06620W_A	FUN31
C4_06380W_A-T	C4_06380W_A	SOU2
C4_07080C_A-T	C4_07080C_A	C4_07080C_A
C4_00900C_A-T	C4_00900C_A	tG(GCC)5
C4_01340W_A-T	C4_01340W_A	C4_01340W_A
C4_01490W_A-T	C4_01490W_A	NIP1
C4_03640C_A-T	C4_03640C_A	tD(GUC)4
C4_04410C_A-T	C4_04410C_A	LYS4
C4_04700W_A-T	C4_04700W_A	SSZ1
C4_03730C_A-T	C4_03730C_A	TRM5
C4_04770C_A-T	C4_04770C_A	MNN22
C4_01730C_A-T	C4_01730C_A	C4_01730C_A
C4_05570C_A-T	C4_05570C_A	TUB4
C4_06210C_A-T	C4_06210C_A	C4_06210C_A
C4_02210W_A-T	C4_02210W_A	C4_02210W_A
C4_06230C_A-T	C4_06230C_A	C4_06230C_A
C4_01750C_A-T	C4_01750C_A	FBA1
C4_05920C_A-T	C4_05920C_A	PGA49
C4_07040W_A-T	C4_07040W_A	C4_07040W_A
C4_04280C_A-T	C4_04280C_A	IRC6
C4_04850C_A-T	C4_04850C_A	CSR1
C4_06730C_A-T	C4_06730C_A	C4_06730C_A
C4_01950W_A-T	C4_01950W_A	C4_01950W_A
C4_01150W_A-T	C4_01150W_A	ASK1
C4_03570W_A-T	C4_03570W_A	HWP1
C4_01960C_A-T	C4_01960C_A	C4_01960C_A
C4_06170C_A-T	C4_06170C_A	C4_06170C_A
C4_07010C_A-T	C4_07010C_A	MGT1
C4_03620C_A-T	C4_03620C_A	CDR3
C4_06880C_A-T	C4_06880C_A	C4_06880C_A
C4_03870C_A-T	C4_03870C_A	C4_03870C_A
C4_04990C_A-T	C4_04990C_A	C4_04990C_A
C4_06430C_A-T	C4_06430C_A	C4_06430C_A
C4_05760W_A-T	C4_05760W_A	CGT1
C4_04260C_A-T	C4_04260C_A	FZO1
C4_01430C_A-T	C4_01430C_A	C4_01430C_A
C4_04920W_A-T	C4_04920W_A	KAE1
C4_05870C_A-T	C4_05870C_A	C4_05870C_A
C4_04490C_A-T	C4_04490C_A	C4_04490C_A
C4_00160C_A-T	C4_00160C_A	CAR2
C4_00820W_A-T	C4_00820W_A	C4_00820W_A
C4_04880W_A-T	C4_04880W_A	FGR10
C4_00340W_A-T	C4_00340W_A	PTC7
C4_02740W_A-T	C4_02740W_A	C4_02740W_A
C4_07200C_A-T	C4_07200C_A	C4_07200C_A
C4_07110C_A-T	C4_07110C_A	PDA1
C4_00620C_A-T	C4_00620C_A	SPC2
C4_03550W_A-T	C4_03550W_A	RAD2
C4_06020C_A-T	C4_06020C_A	C4_06020C_A
C4_00940W_A-T	C4_00940W_A	C4_00940W_A
C4_06760W_A-T	C4_06760W_A	GUT2
C4_02700W_A-T	C4_02700W_A	C4_02700W_A
C4_06940C_A-T	C4_06940C_A	C4_06940C_A
C4_00860C_A-T	C4_00860C_A	C4_00860C_A
C4_02180C_A-T	C4_02180C_A	ZCF26
C4_01980C_A-T	C4_01980C_A	CLC1
C4_06150C_A-T	C4_06150C_A	C4_06150C_A
C4_02410C_A-T	C4_02410C_A	AHP1
C4_02240C_A-T	C4_02240C_A	C4_02240C_A
C4_03740W_A-T	C4_03740W_A	C4_03740W_A
C4_00590C_A-T	C4_00590C_A	C4_00590C_A
C4_00180W_A-T	C4_00180W_A	ECM7
C4_06870W_A-T	C4_06870W_A	RPT5
C4_01560C_A-T	C4_01560C_A	C4_01560C_A
C4_03130W_A-T	C4_03130W_A	C4_03130W_A
C4_03420C_A-T	C4_03420C_A	C4_03420C_A
C4_01850C_A-T	C4_01850C_A	PDC12
C4_07150W_A-T	C4_07150W_A	C4_07150W_A
C4_01780C_A-T	C4_01780C_A	C4_01780C_A
C4_02540W_A-T	C4_02540W_A	RGT1
C4_00930W_A-T	C4_00930W_A	tG(GCC)4
C4_01770W_A-T	C4_01770W_A	POL30
C4_06300C_A-T	C4_06300C_A	PGA42
C4_05370W_A-T	C4_05370W_A	PUF3
C4_04080C_A-T	C4_04080C_A	PGA31
C4_03610C_A-T	C4_03610C_A	tQ(UUG)1
C4_00850C_A-T	C4_00850C_A	C4_00850C_A
C4_02910W_A-T	C4_02910W_A	C4_02910W_A
C4_05400C_A-T	C4_05400C_A	C4_05400C_A
C4_05420C_A-T	C4_05420C_A	TSC2
C4_00410W_A-T	C4_00410W_A	C4_00410W_A
C4_04640C_A-T	C4_04640C_A	GOA1
C4_05430C_A-T	C4_05430C_A	GAP5
C4_02400C_A-T	C4_02400C_A	C4_02400C_A
C4_05150W_A-T	C4_05150W_A	VAC8
C4_02850W_A-T	C4_02850W_A	C4_02850W_A
C4_07210W_A-T	C4_07210W_A	C4_07210W_A
C4_06850C_A-T	C4_06850C_A	C4_06850C_A
C4_04050C_A-T	C4_04050C_A	RHD3
C4_01320C_A-T	C4_01320C_A	OPT6
C4_00650W_A-T	C4_00650W_A	HIS5
C4_04970C_A-T	C4_04970C_A	C4_04970C_A
C4_04190C_A-T	C4_04190C_A	C4_04190C_A
C4_04420W_A-T	C4_04420W_A	FGR3
C4_04950W_A-T	C4_04950W_A	C4_04950W_A
C4_02260C_A-T	C4_02260C_A	C4_02260C_A
C4_05240C_A-T	C4_05240C_A	VPH1
C4_04340C_A-T	C4_04340C_A	YFH1
C4_02880C_A-T	C4_02880C_A	C4_02880C_A
C4_02650C_A-T	C4_02650C_A	C4_02650C_A
C4_02690W_A-T	C4_02690W_A	C4_02690W_A
C4_01140C_A-T	C4_01140C_A	C4_01140C_A
C4_01390W_A-T	C4_01390W_A	HAP3
C4_02300W_A-T	C4_02300W_A	HOS3
C4_03720C_A-T	C4_03720C_A	C4_03720C_A
C4_02160C_A-T	C4_02160C_A	C4_02160C_A
C4_01650C_A-T	C4_01650C_A	C4_01650C_A
C4_06770W_A-T	C4_06770W_A	C4_06770W_A
C4_03630C_A-T	C4_03630C_A	tG(GCC)2
C4_02760C_A-T	C4_02760C_A	CGR1
C4_05610C_A-T	C4_05610C_A	C4_05610C_A
C4_00420C_A-T	C4_00420C_A	C4_00420C_A
C4_05810W_A-T	C4_05810W_A	C4_05810W_A
C4_04550C_A-T	C4_04550C_A	OMA1
C4_04800W_A-T	C4_04800W_A	C4_04800W_A
C4_05660C_A-T	C4_05660C_A	BRN1
C4_05950C_A-T	C4_05950C_A	tT(UGU)2
C4_02610C_A-T	C4_02610C_A	SUL2
C4_01400W_A-T	C4_01400W_A	UEC1
C4_02960W_A-T	C4_02960W_A	C4_02960W_A
C4_05450C_A-T	C4_05450C_A	CBR1
C4_01460C_A-T	C4_01460C_A	C4_01460C_A
C4_07260W_A-T	C4_07260W_A	C4_07260W_A
C4_02500C_A-T	C4_02500C_A	ADR1
C4_01920W_A-T	C4_01920W_A	DPM3
C4_04830W_A-T	C4_04830W_A	DCR1
C4_05460C_A-T	C4_05460C_A	OFD1
C4_05060W_A-T	C4_05060W_A	CDL1
C4_05720W_A-T	C4_05720W_A	C4_05720W_A
C4_02930W_A-T	C4_02930W_A	C4_02930W_A
C4_05620C_A-T	C4_05620C_A	C4_05620C_A
C4_03350C_A-T	C4_03350C_A	AIF1
C4_06510C_A-T	C4_06510C_A	CSO99
C4_01820C_A-T	C4_01820C_A	C4_01820C_A
C4_05210W_A-T	C4_05210W_A	C4_05210W_A
C4_00670W_A-T	C4_00670W_A	TOK1
C4_05090C_A-T	C4_05090C_A	SRB8
C4_00280W_A-T	C4_00280W_A	STE24
C4_02970C_A-T	C4_02970C_A	UBR1
C4_03810W_A-T	C4_03810W_A	ATG20
C4_03020W_A-T	C4_03020W_A	C4_03020W_A
C4_05900C_A-T	C4_05900C_A	C4_05900C_A
C4_04470W_A-T	C4_04470W_A	SAP10
C4_06610C_A-T	C4_06610C_A	SDH12
C4_05700W_A-T	C4_05700W_A	ZCF5
C4_00600C_A-T	C4_00600C_A	MUC1
C4_07180W_A-T	C4_07180W_A	UBI3
C4_06560W_A-T	C4_06560W_A	PGA15
C4_03770W_A-T	C4_03770W_A	C4_03770W_A
C4_03080W_A-T	C4_03080W_A	C4_03080W_A
C4_01670C_A-T	C4_01670C_A	C4_01670C_A
C4_03520C_A-T	C4_03520C_A	RBT1
C4_00760W_A-T	C4_00760W_A	ZCF21
C4_07140W_A-T	C4_07140W_A	C4_07140W_A
C4_00920C_A-T	C4_00920C_A	C4_00920C_A
C4_00610W_A-T	C4_00610W_A	C4_00610W_A
C4_03840C_A-T	C4_03840C_A	RRP42
C4_03300C_A-T	C4_03300C_A	C4_03300C_A
C4_01280C_A-T	C4_01280C_A	C4_01280C_A
C4_01410W_A-T	C4_01410W_A	BEM1
C4_01070W_A-T	C4_01070W_A	HGT17
C4_02870C_A-T	C4_02870C_A	ZUO1
C4_02000C_A-T	C4_02000C_A	RGA2
C4_06550C_A-T	C4_06550C_A	IFF5
C4_02100C_A-T	C4_02100C_A	GPI14
C4_04520W_A-T	C4_04520W_A	PXR1
C4_03500C_A-T	C4_03500C_A	C4_03500C_A
C4_06120W_A-T	C4_06120W_A	GDH3
C4_01720C_A-T	C4_01720C_A	C4_01720C_A
C4_00990W_A-T	C4_00990W_A	C4_00990W_A
C4_05260W_A-T	C4_05260W_A	C4_05260W_A
C4_03430W_A-T	C4_03430W_A	MOH1
C4_03320W_A-T	C4_03320W_A	C4_03320W_A
C4_01210C_A-T	C4_01210C_A	tS(UGA)3
C4_00360C_A-T	C4_00360C_A	RCH1
C4_01570C_A-T	C4_01570C_A	C4_01570C_A
C4_00690C_A-T	C4_00690C_A	DPH2
C4_00470C_A-T	C4_00470C_A	C4_00470C_A
C4_06860C_A-T	C4_06860C_A	C4_06860C_A
C4_05040W_A-T	C4_05040W_A	C4_05040W_A
C4_00500W_A-T	C4_00500W_A	C4_00500W_A
C4_05340W_A-T	C4_05340W_A	C4_05340W_A
C4_00740W_A-T	C4_00740W_A	C4_00740W_A
C4_01760W_A-T	C4_01760W_A	C4_01760W_A
C4_02570C_A-T	C4_02570C_A	C4_02570C_A
C4_03470C_A-T	C4_03470C_A	ECE1
C4_06400C_A-T	C4_06400C_A	VMA8
C4_00020W_A-T	C4_00020W_A	VMA6
C4_01970W_A-T	C4_01970W_A	C4_01970W_A
C4_01000C_A-T	C4_01000C_A	PGA57
C4_05790W_A-T	C4_05790W_A	C4_05790W_A
C4_05910C_A-T	C4_05910C_A	VPS11
C4_05190C_A-T	C4_05190C_A	EDC3
C4_05980C_A-T	C4_05980C_A	C4_05980C_A
C4_04100C_A-T	C4_04100C_A	ECM1
C4_02590C_A-T	C4_02590C_A	SLX4
C4_03380C_A-T	C4_03380C_A	DAO2
C4_03310C_A-T	C4_03310C_A	C4_03310C_A
C4_01740W_A-T	C4_01740W_A	TIM12
C4_00170W_A-T	C4_00170W_A	C4_00170W_A
C4_05850C_A-T	C4_05850C_A	C4_05850C_A
C4_04040W_A-T	C4_04040W_A	C4_04040W_A
C4_02340W_A-T	C4_02340W_A	C4_02340W_A
C4_04690C_A-T	C4_04690C_A	tQ(UUG)4
C4_05070C_A-T	C4_05070C_A	ARG8
C4_05880W_A-T	C4_05880W_A	GAT1
C4_01350W_A-T	C4_01350W_A	C4_01350W_A
C4_00950C_A-T	C4_00950C_A	C4_00950C_A
C4_02580W_A-T	C4_02580W_A	C4_02580W_A
C4_03270W_A-T	C4_03270W_A	RPF1
C4_06100W_A-T	C4_06100W_A	CWH41
C4_04010W_A-T	C4_04010W_A	C4_04010W_A
C4_03290W_A-T	C4_03290W_A	C4_03290W_A
C4_04760C_A-T	C4_04760C_A	C4_04760C_A
C4_02550C_A-T	C4_02550C_A	EMP70
C4_03140C_A-T	C4_03140C_A	C4_03140C_A
C4_00460C_A-T	C4_00460C_A	C4_00460C_A
C4_07000W_A-T	C4_07000W_A	C4_07000W_A
C4_06260W_A-T	C4_06260W_A	PGA43
C4_06290W_A-T	C4_06290W_A	C4_06290W_A
C4_05080C_A-T	C4_05080C_A	C4_05080C_A
C4_00570C_A-T	C4_00570C_A	PCT1
C4_04020C_A-T	C4_04020C_A	C4_04020C_A
C4_00040W_A-T	C4_00040W_A	CNH1
C4_06310C_A-T	C4_06310C_A	PGA41
C4_04790W_A-T	C4_04790W_A	FAV1
C4_05170C_A-T	C4_05170C_A	NBP35
C4_04910C_A-T	C4_04910C_A	SPC34
C4_05300W_A-T	C4_05300W_A	XKS1
C4_06160W_A-T	C4_06160W_A	C4_06160W_A
C4_05000W_A-T	C4_05000W_A	C4_05000W_A
C4_05750C_A-T	C4_05750C_A	LEA1
C4_05630W_A-T	C4_05630W_A	C4_05630W_A
C4_01420W_A-T	C4_01420W_A	C4_01420W_A
C4_06480C_A-T	C4_06480C_A	CEK1
C4_00260W_A-T	C4_00260W_A	C4_00260W_A
C4_01580C_A-T	C4_01580C_A	C4_01580C_A
C4_03680C_A-T	C4_03680C_A	C4_03680C_A
C4_05140C_A-T	C4_05140C_A	GDB1
C4_03120C_A-T	C4_03120C_A	BUB1
C4_04090C_A-T	C4_04090C_A	C4_04090C_A
C4_01330W_A-T	C4_01330W_A	C4_01330W_A
C4_03860C_A-T	C4_03860C_A	C4_03860C_A
C4_06360C_A-T	C4_06360C_A	C4_06360C_A
C4_04240C_A-T	C4_04240C_A	C4_04240C_A
C4_04590W_A-T	C4_04590W_A	SCS7
C4_06320C_A-T	C4_06320C_A	C4_06320C_A
C4_06270C_A-T	C4_06270C_A	ERG26
C4_05440C_A-T	C4_05440C_A	C4_05440C_A
C4_00780C_A-T	C4_00780C_A	C4_00780C_A
C4_01910W_A-T	C4_01910W_A	C4_01910W_A
C4_04140W_A-T	C4_04140W_A	C4_04140W_A
C4_00300C_A-T	C4_00300C_A	SWI1
C4_06460C_A-T	C4_06460C_A	C4_06460C_A
C4_01160W_A-T	C4_01160W_A	CRD2
C4_03590C_A-T	C4_03590C_A	OSH3
C4_03830W_A-T	C4_03830W_A	C4_03830W_A
C4_01440W_A-T	C4_01440W_A	NMT1
C4_00480W_A-T	C4_00480W_A	DUR4
C4_00660W_A-T	C4_00660W_A	C4_00660W_A
C4_02890C_A-T	C4_02890C_A	QCR9
C4_05250W_A-T	C4_05250W_A	C4_05250W_A
C4_05010W_A-T	C4_05010W_A	C4_05010W_A
C4_00800W_A-T	C4_00800W_A	C4_00800W_A
C4_02710C_A-T	C4_02710C_A	GRX3
C4_07070W_A-T	C4_07070W_A	CTA6
C4_03900C_A-T	C4_03900C_A	RAM1
C4_06620C_A-T	C4_06620C_A	C4_06620C_A
C4_02680C_A-T	C4_02680C_A	C4_02680C_A
C4_06720W_A-T	C4_06720W_A	NOP1
C4_00580W_A-T	C4_00580W_A	C4_00580W_A
C4_07060W_A-T	C4_07060W_A	C4_07060W_A
C4_05770C_A-T	C4_05770C_A	CFL1
C4_05970W_A-T	C4_05970W_A	C4_05970W_A
C4_00980C_A-T	C4_00980C_A	MRV1
C4_01310W_A-T	C4_01310W_A	C4_01310W_A
C4_04150C_A-T	C4_04150C_A	PDB1
C4_05830W_A-T	C4_05830W_A	C4_05830W_A
C4_03010W_A-T	C4_03010W_A	tT(UGU)1
C4_05780C_A-T	C4_05780C_A	CFL2
C4_01180W_A-T	C4_01180W_A	C4_01180W_A
C4_06420W_A-T	C4_06420W_A	C4_06420W_A
C4_02600C_A-T	C4_02600C_A	C4_02600C_A
C4_01360W_A-T	C4_01360W_A	PGA53
C4_02990C_A-T	C4_02990C_A	GST2
C4_02380W_A-T	C4_02380W_A	C4_02380W_A
C4_05960W_A-T	C4_05960W_A	NIF3
C4_01240C_A-T	C4_01240C_A	C4_01240C_A
C4_06910W_A-T	C4_06910W_A	C4_06910W_A
C4_05860W_A-T	C4_05860W_A	C4_05860W_A
C4_00250W_A-T	C4_00250W_A	C4_00250W_A
C4_02140C_A-T	C4_02140C_A	TIM10
C4_04650W_A-T	C4_04650W_A	C4_04650W_A
C4_05730W_A-T	C4_05730W_A	C4_05730W_A
C4_01090C_A-T	C4_01090C_A	C4_01090C_A
C4_04320W_A-T	C4_04320W_A	FRE10
C4_06780C_A-T	C4_06780C_A	OYE32
C4_01710C_A-T	C4_01710C_A	C4_01710C_A
C4_05280W_A-T	C4_05280W_A	USO1
C4_06130W_A-T	C4_06130W_A	C4_06130W_A
C4_05100C_A-T	C4_05100C_A	MYO5
C4_04330C_A-T	C4_04330C_A	C4_04330C_A
C4_01500W_A-T	C4_01500W_A	NCS6
C4_02020W_A-T	C4_02020W_A	CAT2
C4_04440W_A-T	C4_04440W_A	C4_04440W_A
C4_03950C_A-T	C4_03950C_A	C4_03950C_A
C4_05180C_A-T	C4_05180C_A	C4_05180C_A
C4_01830C_A-T	C4_01830C_A	C4_01830C_A
C4_01220C_A-T	C4_01220C_A	C4_01220C_A
C4_00510C_A-T	C4_00510C_A	RLP24
C4_07020C_A-T	C4_07020C_A	C4_07020C_A
C4_00290C_A-T	C4_00290C_A	C4_00290C_A
C4_02010C_A-T	C4_02010C_A	HSX11
C4_00550C_A-T	C4_00550C_A	tG(CCC)1
C4_06540W_A-T	C4_06540W_A	MNN4
C4_01550C_A-T	C4_01550C_A	CPA1
C4_03330W_A-T	C4_03330W_A	IPK1
C4_03750C_A-T	C4_03750C_A	C4_03750C_A
C4_05600W_A-T	C4_05600W_A	GYP2
C4_04000W_A-T	C4_04000W_A	MET4
C4_03170W_A-T	C4_03170W_A	C4_03170W_A
C4_02390W_A-T	C4_02390W_A	PGA62
C4_02110W_A-T	C4_02110W_A	C4_02110W_A
C4_01030W_A-T	C4_01030W_A	C4_01030W_A
C4_07230C_A-T	C4_07230C_A	VID21
C4_07100C_A-T	C4_07100C_A	C4_07100C_A
C4_01290W_A-T	C4_01290W_A	C4_01290W_A
C4_03250C_A-T	C4_03250C_A	RHD2
C4_00490W_A-T	C4_00490W_A	C4_00490W_A
C4_05050C_A-T	C4_05050C_A	PPG1
C4_06810C_A-T	C4_06810C_A	C4_06810C_A
C4_00330C_A-T	C4_00330C_A	C4_00330C_A
C4_01260W_A-T	C4_01260W_A	RLM1
C4_02840C_A-T	C4_02840C_A	MED20
C4_03040W_A-T	C4_03040W_A	C4_03040W_A
C4_06680C_A-T	C4_06680C_A	C4_06680C_A
C4_04400C_A-T	C4_04400C_A	C4_04400C_A
C4_06520W_A-T	C4_06520W_A	C4_06520W_A
C4_04200C_A-T	C4_04200C_A	C4_04200C_A
C4_00520W_A-T	C4_00520W_A	PAM18
C4_05200C_A-T	C4_05200C_A	C4_05200C_A
C4_03030C_A-T	C4_03030C_A	NAN1
C4_03690C_A-T	C4_03690C_A	C4_03690C_A
C4_02450W_A-T	C4_02450W_A	C4_02450W_A
C4_06040W_A-T	C4_06040W_A	C4_06040W_A
C4_02230C_A-T	C4_02230C_A	HQD2
C4_02120W_A-T	C4_02120W_A	ERV29
C4_02280W_A-T	C4_02280W_A	IDI1
C4_01660W_A-T	C4_01660W_A	C4_01660W_A
C4_04290W_A-T	C4_04290W_A	SEC15
C4_07030W_A-T	C4_07030W_A	MET16
C4_02750W_A-T	C4_02750W_A	HIT1
C4_01590C_A-T	C4_01590C_A	C4_01590C_A
C4_03370C_A-T	C4_03370C_A	C4_03370C_A
C4_02860W_A-T	C4_02860W_A	C4_02860W_A
C4_00190W_A-T	C4_00190W_A	C4_00190W_A
C4_03790W_A-T	C4_03790W_A	RPN6
C4_02720C_A-T	C4_02720C_A	C4_02720C_A
C4_02770C_A-T	C4_02770C_A	CDC123
C4_04450C_A-T	C4_04450C_A	ATG1
C4_03910W_A-T	C4_03910W_A	FGR28
C4_06580W_A-T	C4_06580W_A	CBF1
C4_04130W_A-T	C4_04130W_A	C4_04130W_A
C4_06920C_A-T	C4_06920C_A	CSA2
C4_02490W_A-T	C4_02490W_A	ZCF15
C4_02090C_A-T	C4_02090C_A	C4_02090C_A
C4_00090W_A-T	C4_00090W_A	PHR3
C4_04540C_A-T	C4_04540C_A	C4_04540C_A
C4_02790C_A-T	C4_02790C_A	SAS10
C4_01050C_A-T	C4_01050C_A	RPL40B
C4_04310W_A-T	C4_04310W_A	COX11
C4_06890W_A-T	C4_06890W_A	ARR3
C4_00730C_A-T	C4_00730C_A	C4_00730C_A
C4_01630C_A-T	C4_01630C_A	C4_01630C_A
C4_01790W_A-T	C4_01790W_A	ATG11
C4_03580W_A-T	C4_03580W_A	C4_03580W_A
C4_06240W_A-T	C4_06240W_A	C4_06240W_A
C4_02220C_A-T	C4_02220C_A	ZCF25
C4_01190W_A-T	C4_01190W_A	CAS5
C4_02460W_A-T	C4_02460W_A	C4_02460W_A
C4_01200C_A-T	C4_01200C_A	AAT22
C4_03650W_A-T	C4_03650W_A	tD(GUC)3
C4_02070W_A-T	C4_02070W_A	PHO114
C4_00390W_A-T	C4_00390W_A	C4_00390W_A
C4_04980W_A-T	C4_04980W_A	C4_04980W_A
C4_03670W_A-T	C4_03670W_A	SPO75
C4_03710C_A-T	C4_03710C_A	C4_03710C_A
C4_04070C_A-T	C4_04070C_A	PGA30
C4_02660W_A-T	C4_02660W_A	C4_02660W_A
C4_04620C_A-T	C4_04620C_A	C4_04620C_A
C4_06900W_A-T	C4_06900W_A	GST1
C4_01450W_A-T	C4_01450W_A	PWP1
C4_06450W_A-T	C4_06450W_A	C4_06450W_A
C4_01870C_A-T	C4_01870C_A	ERG8
C4_00310C_A-T	C4_00310C_A	MNN10
C4_01230C_A-T	C4_01230C_A	C4_01230C_A
C4_06110C_A-T	C4_06110C_A	TRP5
C4_00810C_A-T	C4_00810C_A	C4_00810C_A
C4_05120C_A-T	C4_05120C_A	C4_05120C_A
C4_01880W_A-T	C4_01880W_A	TYR1
C4_03070W_A-T	C4_03070W_A	PGA54
C4_00050W_A-T	C4_00050W_A	C4_00050W_A
C4_06710W_A-T	C4_06710W_A	C4_06710W_A
C4_02480C_A-T	C4_02480C_A	TIM13
C4_05560C_A-T	C4_05560C_A	ARO9
C4_00840W_A-T	C4_00840W_A	C4_00840W_A
C4_06280C_A-T	C4_06280C_A	C4_06280C_A
C4_04170C_A-T	C4_04170C_A	AXL2
C4_06930C_A-T	C4_06930C_A	EXM2
C4_03160C_A-T	C4_03160C_A	C4_03160C_A
C4_02290W_A-T	C4_02290W_A	LAB5
C4_06690C_A-T	C4_06690C_A	C4_06690C_A
C4_06010C_A-T	C4_06010C_A	HOS1
C4_01700C_A-T	C4_01700C_A	NHP6A
C4_00030C_A-T	C4_00030C_A	C4_00030C_A
C4_05020W_A-T	C4_05020W_A	IMG2
C4_02360W_A-T	C4_02360W_A	AMS1
C4_05640C_A-T	C4_05640C_A	C4_05640C_A
C4_01370W_A-T	C4_01370W_A	ILV6
C4_05290W_A-T	C4_05290W_A	ABZ1
C4_05740C_A-T	C4_05740C_A	C4_05740C_A
C4_00400W_A-T	C4_00400W_A	MNR2
C4_04660C_A-T	C4_04660C_A	C4_04660C_A
C4_02980W_A-T	C4_02980W_A	TYS1
C4_05650W_A-T	C4_05650W_A	C4_05650W_A
C4_01900C_A-T	C4_01900C_A	MDH1-1
C4_00100C_A-T	C4_00100C_A	C4_00100C_A
C4_00150C_A-T	C4_00150C_A	PEX5
C4_04360W_A-T	C4_04360W_A	C4_04360W_A
C4_04860W_A-T	C4_04860W_A	C4_04860W_A
C4_04230W_A-T	C4_04230W_A	C4_04230W_A
C4_04580W_A-T	C4_04580W_A	ZDS1
C4_06180C_A-T	C4_06180C_A	C4_06180C_A
C4_01690C_A-T	C4_01690C_A	HRT2
C4_04270W_A-T	C4_04270W_A	C4_04270W_A
C4_06830C_A-T	C4_06830C_A	CCT6
C4_01120C_A-T	C4_01120C_A	C4_01120C_A
C4_00220C_A-T	C4_00220C_A	SUB2
C4_03820C_A-T	C4_03820C_A	HRQ2
C4_00540C_A-T	C4_00540C_A	NMD5
C4_05230C_A-T	C4_05230C_A	RIX1
C4_04180C_A-T	C4_04180C_A	C4_04180C_A
C4_04680C_A-T	C4_04680C_A	tQ(UUG)5
C4_05310W_A-T	C4_05310W_A	C4_05310W_A
C4_03660W_A-T	C4_03660W_A	tD(GUC)2
C4_01600C_A-T	C4_01600C_A	C4_01600C_A
C4_00890W_A-T	C4_00890W_A	ARO1
C4_03600C_A-T	C4_03600C_A	C4_03600C_A
C4_05110C_A-T	C4_05110C_A	HAP41
C4_00200C_A-T	C4_00200C_A	MET15
C4_01840C_A-T	C4_01840C_A	C4_01840C_A
C4_03940C_A-T	C4_03940C_A	PYC2
C4_07120C_A-T	C4_07120C_A	MSH2
C4_03230C_A-T	C4_03230C_A	C4_03230C_A
C4_04030W_A-T	C4_04030W_A	JEN2
C4_04670C_A-T	C4_04670C_A	C4_04670C_A
C4_00130W_A-T	C4_00130W_A	RBT5
C4_04060W_A-T	C4_04060W_A	C4_04060W_A
C4_03400W_A-T	C4_03400W_A	C4_03400W_A
C4_04390W_A-T	C4_04390W_A	C4_04390W_A
C4_03760W_A-T	C4_03760W_A	C4_03760W_A
C4_00110C_A-T	C4_00110C_A	FRP1
C4_02780W_A-T	C4_02780W_A	C4_02780W_A
C4_00380W_A-T	C4_00380W_A	C4_00380W_A
C4_06340W_A-T	C4_06340W_A	AGO1
C4_06500W_A-T	C4_06500W_A	CDC68
C4_04500C_A-T	C4_04500C_A	C4_04500C_A
C4_03480C_A-T	C4_03480C_A	C4_03480C_A
C4_03180W_A-T	C4_03180W_A	NCP1
C4_06410W_A-T	C4_06410W_A	C4_06410W_A
C4_04820C_A-T	C4_04820C_A	C4_04820C_A
C4_06370C_A-T	C4_06370C_A	C4_06370C_A
C4_06080W_A-T	C4_06080W_A	C4_06080W_A
C4_01250W_A-T	C4_01250W_A	NAT4
C4_01530C_A-T	C4_01530C_A	ERG251
C4_01270W_A-T	C4_01270W_A	RPS6A
C4_03150W_A-T	C4_03150W_A	C4_03150W_A
C4_03970W_A-T	C4_03970W_A	C4_03970W_A
C4_06070C_A-T	C4_06070C_A	FMT1
C4_03000C_A-T	C4_03000C_A	C4_03000C_A
C4_05160C_A-T	C4_05160C_A	C4_05160C_A
C4_06530C_A-T	C4_06530C_A	XUT1
C4_02470C_A-T	C4_02470C_A	C4_02470C_A
C4_00060W_A-T	C4_00060W_A	C4_00060W_A
C4_06790W_A-T	C4_06790W_A	C4_06790W_A
C4_03100W_A-T	C4_03100W_A	RBT7
C4_05350W_A-T	C4_05350W_A	HSV2
C4_05270C_A-T	C4_05270C_A	RAD59
C4_06140C_A-T	C4_06140C_A	C4_06140C_A
C4_06600W_A-T	C4_06600W_A	TOP2
C4_04740W_A-T	C4_04740W_A	tI(AAU)4
C4_02630C_A-T	C4_02630C_A	HFL2
C4_06590W_A-T	C4_06590W_A	C4_06590W_A
C4_04720W_A-T	C4_04720W_A	C4_04720W_A
C4_05990W_A-T	C4_05990W_A	tS(UGA)2
C4_06060W_A-T	C4_06060W_A	VPS13
C4_06630C_A-T	C4_06630C_A	C4_06630C_A
C4_04430W_A-T	C4_04430W_A	MRP8
C4_04380C_A-T	C4_04380C_A	C4_04380C_A
C4_06750C_A-T	C4_06750C_A	C4_06750C_A
C4_01610C_A-T	C4_01610C_A	C4_01610C_A
C4_01940W_A-T	C4_01940W_A	PHO89
C4_06090C_A-T	C4_06090C_A	C4_06090C_A
C4_02520C_A-T	C4_02520C_A	C4_02520C_A
C4_02190C_A-T	C4_02190C_A	C4_02190C_A
C4_06670W_A-T	C4_06670W_A	C4_06670W_A
C4_01480C_A-T	C4_01480C_A	C4_01480C_A
C4_04160W_A-T	C4_04160W_A	C4_04160W_A
C4_07240W_A-T	C4_07240W_A	C4_07240W_A
C4_03920W_A-T	C4_03920W_A	C4_03920W_A
C4_07220C_A-T	C4_07220C_A	C4_07220C_A
C4_02060C_A-T	C4_02060C_A	TFG1
C4_02950C_A-T	C4_02950C_A	C4_02950C_A
C4_06660W_A-T	C4_06660W_A	C4_06660W_A
C4_00320C_A-T	C4_00320C_A	C4_00320C_A
C4_02050W_A-T	C4_02050W_A	HGH1
C4_05320W_A-T	C4_05320W_A	LYS1
C4_01640C_A-T	C4_01640C_A	C4_01640C_A
C4_04300C_A-T	C4_04300C_A	C4_04300C_A
C4_00700C_A-T	C4_00700C_A	C4_00700C_A
C4_01300W_A-T	C4_01300W_A	C4_01300W_A
C4_06820C_A-T	C4_06820C_A	CZF1
C4_04940W_A-T	C4_04940W_A	C4_04940W_A
C4_02320C_A-T	C4_02320C_A	SOD1
C4_00680W_A-T	C4_00680W_A	C4_00680W_A
C4_06970C_A-T	C4_06970C_A	ZRT1
C4_03530W_A-T	C4_03530W_A	C4_03530W_A
C4_07050W_A-T	C4_07050W_A	YDC1
C4_01060W_A-T	C4_01060W_A	MLP1
C4_05380C_A-T	C4_05380C_A	C4_05380C_A
C4_00240C_A-T	C4_00240C_A	PRO3
C4_02820W_A-T	C4_02820W_A	C4_02820W_A
C4_05330C_A-T	C4_05330C_A	C4_05330C_A
C4_04370C_A-T	C4_04370C_A	VAC7
C4_04900W_A-T	C4_04900W_A	RPL30
C4_07160W_A-T	C4_07160W_A	C4_07160W_A
C4_00720W_A-T	C4_00720W_A	CSP2
C4_06840W_A-T	C4_06840W_A	C4_06840W_A
C4_03890W_A-T	C4_03890W_A	PTP2
C4_06960W_A-T	C4_06960W_A	C4_06960W_A
C4_04110W_A-T	C4_04110W_A	C4_04110W_A
C4_02440C_A-T	C4_02440C_A	PGA38
C4_04480C_A-T	C4_04480C_A	EFB1
C4_03280W_A-T	C4_03280W_A	MSN5
C4_00750C_A-T	C4_00750C_A	C4_00750C_A
C4_04870C_A-T	C4_04870C_A	C4_04870C_A
C4_04600C_A-T	C4_04600C_A	C4_04600C_A
C4_05390W_A-T	C4_05390W_A	C4_05390W_A
C4_02420C_A-T	C4_02420C_A	GPI11
C4_07090C_A-T	C4_07090C_A	TRP4
C4_01890C_A-T	C4_01890C_A	ARL1
C4_01010C_A-T	C4_01010C_A	DAG7
C4_05690W_A-T	C4_05690W_A	SEC23
C4_06200W_A-T	C4_06200W_A	C4_06200W_A
C4_00070C_A-T	C4_00070C_A	C4_00070C_A
C4_01080W_A-T	C4_01080W_A	RAT1
C4_04630C_A-T	C4_04630C_A	C4_04630C_A
C4_04460C_A-T	C4_04460C_A	C4_04460C_A
C4_04530C_A-T	C4_04530C_A	PHR1
C4_02080W_A-T	C4_02080W_A	C4_02080W_A
C4_01800W_A-T	C4_01800W_A	C4_01800W_A
C4_03450C_A-T	C4_03450C_A	JAB1
C4_01620C_A-T	C4_01620C_A	C4_01620C_A
C4_00630C_A-T	C4_00630C_A	SEC72
C4_00010W_A-T	C4_00010W_A	TLO9
C4_06250C_A-T	C4_06250C_A	SEC3
C4_01860C_A-T	C4_01860C_A	C4_01860C_A
C4_02370C_A-T	C4_02370C_A	PGA59
C4_05530W_A-T	C4_05530W_A	FGR6-10
C4_04510W_A-T	C4_04510W_A	C4_04510W_A
C4_03410W_A-T	C4_03410W_A	C4_03410W_A
C4_03960W_A-T	C4_03960W_A	C4_03960W_A
C4_04350W_A-T	C4_04350W_A	C4_04350W_A
C4_03990C_A-T	C4_03990C_A	C4_03990C_A
C4_06980W_A-T	C4_06980W_A	PRA1
C4_04250W_A-T	C4_04250W_A	C4_04250W_A
C4_01380W_A-T	C4_01380W_A	ZCF27
C4_04930C_A-T	C4_04930C_A	C4_04930C_A
C4_04890C_A-T	C4_04890C_A	RPL24A
C4_00270W_A-T	C4_00270W_A	ATP2
C4_02620C_A-T	C4_02620C_A	C4_02620C_A
C4_06650W_A-T	C4_06650W_A	C4_06650W_A
C4_04220W_A-T	C4_04220W_A	DUO1
C4_03700W_A-T	C4_03700W_A	C4_03700W_A
C4_05840W_A-T	C4_05840W_A	FRE3
C4_00450C_A-T	C4_00450C_A	PGA10
C4_00640W_A-T	C4_00640W_A	C4_00640W_A
C4_03340C_A-T	C4_03340C_A	C4_03340C_A
C4_02730C_A-T	C4_02730C_A	C4_02730C_A
C4_02430W_A-T	C4_02430W_A	CFT1
C4_06570C_A-T	C4_06570C_A	PDC11
C4_04780W_A-T	C4_04780W_A	PMT6
C4_02170C_A-T	C4_02170C_A	C4_02170C_A
C4_05680W_A-T	C4_05680W_A	PHO4
C4_00080C_A-T	C4_00080C_A	C4_00080C_A
C4_01990W_A-T	C4_01990W_A	C4_01990W_A
C4_05130C_A-T	C4_05130C_A	ALD6
C4_04120C_A-T	C4_04120C_A	C4_04120C_A
C4_02900C_A-T	C4_02900C_A	CRH11
C4_00120W_A-T	C4_00120W_A	PGA7
C4_00910C_A-T	C4_00910C_A	C4_00910C_A
C4_01130C_A-T	C4_01130C_A	C4_01130C_A
C4_01170C_A-T	C4_01170C_A	BMT9
C4_06220C_A-T	C4_06220C_A	C4_06220C_A
C4_02830C_A-T	C4_02830C_A	HCA4
C4_05800C_A-T	C4_05800C_A	C4_05800C_A
C4_02030W_A-T	C4_02030W_A	RFX2
C4_07250C_A-T	C4_07250C_A	TLO10
C4_02510W_A-T	C4_02510W_A	C4_02510W_A
C4_01930C_A-T	C4_01930C_A	C4_01930C_A
C4_06740C_A-T	C4_06740C_A	C4_06740C_A
C4_02920W_A-T	C4_02920W_A	C4_02920W_A
C4_03930C_A-T	C4_03930C_A	C4_03930C_A
C4_03560W_A-T	C4_03560W_A	C4_03560W_A
C4_03490C_A-T	C4_03490C_A	C4_03490C_A
C4_03190W_A-T	C4_03190W_A	C4_03190W_A
C4_05580C_A-T	C4_05580C_A	C4_05580C_A
C4_07190W_A-T	C4_07190W_A	SEC10
C4_01470W_A-T	C4_01470W_A	C4_01470W_A
C4_00440C_A-T	C4_00440C_A	OPT7
C4_01510W_A-T	C4_01510W_A	C4_01510W_A
C4_01520C_A-T	C4_01520C_A	RPL20B
C4_02560C_A-T	C4_02560C_A	UME7
C4_00560C_A-T	C4_00560C_A	MMM1
C4_00790C_A-T	C4_00790C_A	MLH1
C4_02940W_A-T	C4_02940W_A	ABP1
C4_06950W_A-T	C4_06950W_A	PUS5
C4_05940W_A-T	C4_05940W_A	PPS1
C4_06700W_A-T	C4_06700W_A	C4_06700W_A
C4_07170C_A-T	C4_07170C_A	C4_07170C_A
C4_03800C_A-T	C4_03800C_A	NUP84
C4_02250C_A-T	C4_02250C_A	BGL2
C4_06990W_A-T	C4_06990W_A	MNN46
C4_04210C_A-T	C4_04210C_A	SOH1
C4_06350C_A-T	C4_06350C_A	NUP60
C4_03780C_A-T	C4_03780C_A	C4_03780C_A
C4_05550C_A-T	C4_05550C_A	GVP36
C4_00880W_A-T	C4_00880W_A	C4_00880W_A
C4_05220C_A-T	C4_05220C_A	C4_05220C_A
C4_04730W_A-T	C4_04730W_A	BAS1
C4_03510C_A-T	C4_03510C_A	HWP2
C4_06190C_A-T	C4_06190C_A	MPH1
C4_00140C_A-T	C4_00140C_A	HIS4
C4_02640C_A-T	C4_02640C_A	SEN2
C4_05820W_A-T	C4_05820W_A	C4_05820W_A
C4_03200C_A-T	C4_03200C_A	C4_03200C_A
C4_00770C_A-T	C4_00770C_A	C4_00770C_A
C4_00530C_A-T	C4_00530C_A	C4_00530C_A
C4_06640C_A-T	C4_06640C_A	C4_06640C_A
C4_02270C_A-T	C4_02270C_A	BFR1
C4_03540C_A-T	C4_03540C_A	ECM38
C4_02330C_A-T	C4_02330C_A	C4_02330C_A
C4_02130W_A-T	C4_02130W_A	CYT2
C4_02530W_A-T	C4_02530W_A	ARG83
C4_00430W_A-T	C4_00430W_A	MEP2
C4_00370W_A-T	C4_00370W_A	HOF1
C4_06490C_A-T	C4_06490C_A	PRI2
C4_03050C_A-T	C4_03050C_A	C4_03050C_A
C4_03360C_A-T	C4_03360C_A	VTC4
C4_04810C_A-T	C4_04810C_A	TRM8
C4_04560C_A-T	C4_04560C_A	C4_04560C_A
C4_03440C_A-T	C4_03440C_A	DOT4
C4_03390W_A-T	C4_03390W_A	CSH3
C4_00350W_A-T	C4_00350W_A	PEP7
C4_02200C_A-T	C4_02200C_A	C4_02200C_A
C4_01110W_A-T	C4_01110W_A	tD(GUC)6
C4_00970C_A-T	C4_00970C_A	MDN1
C4_06470W_A-T	C4_06470W_A	C4_06470W_A
C4_00710W_A-T	C4_00710W_A	C4_00710W_A
C4_06390W_A-T	C4_06390W_A	SOU1
C4_03460C_A-T	C4_03460C_A	C4_03460C_A
C4_05360C_A-T	C4_05360C_A	C4_05360C_A
C4_01020C_A-T	C4_01020C_A	C4_01020C_A
C4_00870W_A-T	C4_00870W_A	tG(UCC)2
C4_06030W_A-T	C4_06030W_A	CMD1
C4_02800W_A-T	C4_02800W_A	RPC53
C4_04710W_A-T	C4_04710W_A	GYP1
C4_02670W_A-T	C4_02670W_A	C4_02670W_A
C4_03110W_A-T	C4_03110W_A	C4_03110W_A
C4_04840C_A-T	C4_04840C_A	AGP3
C4_06000W_A-T	C4_06000W_A	ALG1
C4_00830W_A-T	C4_00830W_A	SPS20
C4_06800W_A-T	C4_06800W_A	RVB1
C4_05670W_A-T	C4_05670W_A	YME1
C4_00210W_A-T	C4_00210W_A	C4_00210W_A
C4_00230W_A-T	C4_00230W_A	C4_00230W_A
C4_00960W_A-T	C4_00960W_A	PTC8
C4_01100C_A-T	C4_01100C_A	AGP2
C4_05890W_A-T	C4_05890W_A	C4_05890W_A
C4_02310W_A-T	C4_02310W_A	BEM3
C4_06050W_A-T	C4_06050W_A	MED3
C4_03090W_A-T	C4_03090W_A	C4_03090W_A
C4_05540W_A-T	C4_05540W_A	HOM3
C4_01680W_A-T	C4_01680W_A	TOA2
C4_04750W_A-T	C4_04750W_A	C4_04750W_A
C4_03850W_A-T	C4_03850W_A	C4_03850W_A
C4_07130W_A-T	C4_07130W_A	C4_07130W_A
C4_05030C_A-T	C4_05030C_A	SSK2
C4_02040W_A-T	C4_02040W_A	C4_02040W_A
C4_03880W_A-T	C4_03880W_A	C4_03880W_A
C4_06440C_A-T	C4_06440C_A	C4_06440C_A
C4_04570W_A-T	C4_04570W_A	RCE1
C4_02150C_A-T	C4_02150C_A	C4_02150C_A
C4_05590W_A-T	C4_05590W_A	C4_05590W_A
C5_04180W_A-T	C5_04180W_A	C5_04180W_A
C5_04570C_A-T	C5_04570C_A	URA7
C5_04080C_A-T	C5_04080C_A	CWC25
C5_03170C_A-T	C5_03170C_A	C5_03170C_A
C5_02430W_A-T	C5_02430W_A	ZCF22
C5_00650C_A-T	C5_00650C_A	THR1
C5_05090W_A-T	C5_05090W_A	C5_05090W_A
C5_01100C_A-T	C5_01100C_A	CLN3
C5_04250W_A-T	C5_04250W_A	MRV8
C5_02700W_A-T	C5_02700W_A	CTA7
C5_01900C_A-T	C5_01900C_A	C5_01900C_A
C5_03820C_A-T	C5_03820C_A	BUD7
C5_00640C_A-T	C5_00640C_A	SAM51
C5_04310W_A-T	C5_04310W_A	C5_04310W_A
C5_04610W_A-T	C5_04610W_A	C5_04610W_A
C5_04020C_A-T	C5_04020C_A	FGR42
C5_01050C_A-T	C5_01050C_A	C5_01050C_A
C5_03560W_A-T	C5_03560W_A	C5_03560W_A
C5_04960W_A-T	C5_04960W_A	C5_04960W_A
C5_03260C_A-T	C5_03260C_A	C5_03260C_A
C5_05210W_A-T	C5_05210W_A	C5_05210W_A
C5_02610C_A-T	C5_02610C_A	RAD9
C5_01950C_A-T	C5_01950C_A	RIM21
C5_00980W_A-T	C5_00980W_A	TRY3
C5_00810C_A-T	C5_00810C_A	CCP2
C5_02080C_A-T	C5_02080C_A	HSP12
C5_03990W_A-T	C5_03990W_A	MID1
C5_01890W_A-T	C5_01890W_A	C5_01890W_A
C5_00240W_A-T	C5_00240W_A	SKN7
C5_02640W_A-T	C5_02640W_A	C5_02640W_A
C5_02820C_A-T	C5_02820C_A	MDE1
C5_01110W_A-T	C5_01110W_A	C5_01110W_A
C5_04680W_A-T	C5_04680W_A	PSD2
C5_03380W_A-T	C5_03380W_A	ARP1
C5_00730W_A-T	C5_00730W_A	HYR3
C5_01470C_A-T	C5_01470C_A	C5_01470C_A
C5_05480W_A-T	C5_05480W_A	DES1
C5_00710W_A-T	C5_00710W_A	IFF8
C5_03540C_A-T	C5_03540C_A	RPS25B
C5_00260W_A-T	C5_00260W_A	C5_00260W_A
C5_02550C_A-T	C5_02550C_A	UTP13
C5_04550W_A-T	C5_04550W_A	C5_04550W_A
C5_03150W_A-T	C5_03150W_A	C5_03150W_A
C5_03570W_A-T	C5_03570W_A	C5_03570W_A
C5_04870W_A-T	C5_04870W_A	C5_04870W_A
C5_02630C_A-T	C5_02630C_A	MNN1
C5_04940W_A-T	C5_04940W_A	C5_04940W_A
C5_04500W_A-T	C5_04500W_A	C5_04500W_A
C5_03070W_A-T	C5_03070W_A	RPS5
C5_04140W_A-T	C5_04140W_A	C5_04140W_A
C5_02140C_A-T	C5_02140C_A	C5_02140C_A
C5_01650C_A-T	C5_01650C_A	MYO1
C5_05280C_A-T	C5_05280C_A	SDH4
C5_05230C_A-T	C5_05230C_A	C5_05230C_A
C5_00630C_A-T	C5_00630C_A	EXO1
C5_05290C_A-T	C5_05290C_A	MRP2
C5_02350C_A-T	C5_02350C_A	C5_02350C_A
C5_03770C_A-T	C5_03770C_A	C5_03770C_A
C5_00400C_A-T	C5_00400C_A	C5_00400C_A
C5_04580C_A-T	C5_04580C_A	C5_04580C_A
C5_02370C_A-T	C5_02370C_A	C5_02370C_A
C5_01270W_A-T	C5_01270W_A	SGE1
C5_04220W_A-T	C5_04220W_A	MRV5
C5_04420W_A-T	C5_04420W_A	C5_04420W_A
C5_02120C_A-T	C5_02120C_A	RIX7
C5_00620W_A-T	C5_00620W_A	CGI121
C5_02850W_A-T	C5_02850W_A	C5_02850W_A
C5_01780W_A-T	C5_01780W_A	PAP1
C5_01570C_A-T	C5_01570C_A	SPO1
C5_03940C_A-T	C5_03940C_A	C5_03940C_A
C5_05430W_A-T	C5_05430W_A	PEX4
C5_00170W_A-T	C5_00170W_A	C5_00170W_A
C5_03390C_A-T	C5_03390C_A	FUR1
C5_01640W_A-T	C5_01640W_A	MAS2
C5_03120W_A-T	C5_03120W_A	C5_03120W_A
C5_03760C_A-T	C5_03760C_A	MTR10
C5_05150C_A-T	C5_05150C_A	C5_05150C_A
C5_00150C_A-T	C5_00150C_A	C5_00150C_A
C5_01610W_A-T	C5_01610W_A	C5_01610W_A
C5_04190W_A-T	C5_04190W_A	MRV2
C5_02180C_A-T	C5_02180C_A	LEU3
C5_01560C_A-T	C5_01560C_A	C5_01560C_A
C5_02030W_A-T	C5_02030W_A	RPN8
C5_02000C_A-T	C5_02000C_A	ACH1
C5_01540W_A-T	C5_01540W_A	C5_01540W_A
C5_00470C_A-T	C5_00470C_A	KRE62
C5_00770C_A-T	C5_00770C_A	FOL1
C5_01140C_A-T	C5_01140C_A	C5_01140C_A
C5_04090C_A-T	C5_04090C_A	SUI1
C5_02280C_A-T	C5_02280C_A	CTR86
C5_01230C_A-T	C5_01230C_A	C5_01230C_A
C5_00920W_A-T	C5_00920W_A	C5_00920W_A
C5_05360C_A-T	C5_05360C_A	C5_05360C_A
C5_01010W_A-T	C5_01010W_A	CCW14
C5_04030W_A-T	C5_04030W_A	C5_04030W_A
C5_02980C_A-T	C5_02980C_A	YPT35
C5_01830C_A-T	C5_01830C_A	HAL9
C5_02110W_A-T	C5_02110W_A	C5_02110W_A
C5_03310C_A-T	C5_03310C_A	PCL1
C5_01590W_A-T	C5_01590W_A	C5_01590W_A
C5_03740W_A-T	C5_03740W_A	C5_03740W_A
C5_01810W_A-T	C5_01810W_A	FCR3
C5_04920C_A-T	C5_04920C_A	C5_04920C_A
C5_02680W_A-T	C5_02680W_A	C5_02680W_A
C5_05460C_A-T	C5_05460C_A	C5_05460C_A
C5_04800W_A-T	C5_04800W_A	CRH12
C5_04510W_A-T	C5_04510W_A	GDE1
C5_02870C_A-T	C5_02870C_A	C5_02870C_A
C5_03710C_A-T	C5_03710C_A	C5_03710C_A
C5_04520W_A-T	C5_04520W_A	TIP41
C5_00540C_A-T	C5_00540C_A	AGA1
C5_05410C_A-T	C5_05410C_A	ILV3
C5_01450W_A-T	C5_01450W_A	PRC2
C5_04700C_A-T	C5_04700C_A	MES1
C5_01910W_A-T	C5_01910W_A	GIS2
C5_02220C_A-T	C5_02220C_A	C5_02220C_A
C5_03610W_A-T	C5_03610W_A	HEX1
C5_04690C_A-T	C5_04690C_A	C5_04690C_A
C5_03720C_A-T	C5_03720C_A	C5_03720C_A
C5_04070C_A-T	C5_04070C_A	CKS1
C5_04970C_A-T	C5_04970C_A	PPR1
C5_00070W_A-T	C5_00070W_A	CDC11
C5_01430C_A-T	C5_01430C_A	C5_01430C_A
C5_02930C_A-T	C5_02930C_A	GRE3
C5_00660C_A-T	C5_00660C_A	ERG11
C5_02750C_A-T	C5_02750C_A	HIR2
C5_05050W_A-T	C5_05050W_A	ADH1
C5_02790C_A-T	C5_02790C_A	GAP1
C5_01750C_A-T	C5_01750C_A	MTLA2
C5_02390C_A-T	C5_02390C_A	C5_02390C_A
C5_04660C_A-T	C5_04660C_A	TIP1
C5_02960C_A-T	C5_02960C_A	C5_02960C_A
C5_04450C_A-T	C5_04450C_A	C5_04450C_A
C5_00360C_A-T	C5_00360C_A	tS(CAG)1
C5_03030W_A-T	C5_03030W_A	C5_03030W_A
C5_01690C_A-T	C5_01690C_A	CCT7
C5_01060C_A-T	C5_01060C_A	BUD23
C5_02760W_A-T	C5_02760W_A	CKB2
C5_03810C_A-T	C5_03810C_A	C5_03810C_A
C5_00870C_A-T	C5_00870C_A	GIT4
C5_03110C_A-T	C5_03110C_A	C5_03110C_A
C5_00120W_A-T	C5_00120W_A	C5_00120W_A
C5_02600W_A-T	C5_02600W_A	PUT1
C5_03850W_A-T	C5_03850W_A	C5_03850W_A
C5_05500C_A-T	C5_05500C_A	CTA24
C5_00880C_A-T	C5_00880C_A	GIT3
C5_05240C_A-T	C5_05240C_A	C5_05240C_A
C5_03650C_A-T	C5_03650C_A	C5_03650C_A
C5_04170W_A-T	C5_04170W_A	C5_04170W_A
C5_00820W_A-T	C5_00820W_A	C5_00820W_A
C5_03980W_A-T	C5_03980W_A	C5_03980W_A
C5_04760W_A-T	C5_04760W_A	tA(AGC)5
C5_02650C_A-T	C5_02650C_A	IFH1
C5_02130W_A-T	C5_02130W_A	C5_02130W_A
C5_01460W_A-T	C5_01460W_A	YBL053
C5_03400C_A-T	C5_03400C_A	C5_03400C_A
C5_04790C_A-T	C5_04790C_A	C5_04790C_A
C5_04280C_A-T	C5_04280C_A	GLN3
C5_03580C_A-T	C5_03580C_A	CAC2
C5_02050W_A-T	C5_02050W_A	C5_02050W_A
C5_02410C_A-T	C5_02410C_A	C5_02410C_A
C5_02730C_A-T	C5_02730C_A	CIA1
C5_03500W_A-T	C5_03500W_A	GAP6
C5_05100C_A-T	C5_05100C_A	DUN1
C5_04750C_A-T	C5_04750C_A	HAS1
C5_03630C_A-T	C5_03630C_A	C5_03630C_A
C5_01930W_A-T	C5_01930W_A	C5_01930W_A
C5_04830W_A-T	C5_04830W_A	SFL2
C5_01080C_A-T	C5_01080C_A	GDS1
C5_01990W_A-T	C5_01990W_A	C5_01990W_A
C5_01850C_A-T	C5_01850C_A	ZNC1
C5_03080C_A-T	C5_03080C_A	C5_03080C_A
C5_04130C_A-T	C5_04130C_A	CHT2
C5_04850W_A-T	C5_04850W_A	C5_04850W_A
C5_00220W_A-T	C5_00220W_A	ROT2
C5_01670W_A-T	C5_01670W_A	DAL52
C5_00300C_A-T	C5_00300C_A	SMC4
C5_03600W_A-T	C5_03600W_A	MDJ1
C5_03890C_A-T	C5_03890C_A	C5_03890C_A
C5_01300C_A-T	C5_01300C_A	C5_01300C_A
C5_03430W_A-T	C5_03430W_A	C5_03430W_A
C5_01480W_A-T	C5_01480W_A	FYV5
C5_04910W_A-T	C5_04910W_A	C5_04910W_A
C5_05310W_A-T	C5_05310W_A	PRE1
C5_01680C_A-T	C5_01680C_A	CCN1
C5_04410C_A-T	C5_04410C_A	C5_04410C_A
C5_04480C_A-T	C5_04480C_A	C5_04480C_A
C5_01550C_A-T	C5_01550C_A	C5_01550C_A
C5_01070C_A-T	C5_01070C_A	C5_01070C_A
C5_00460C_A-T	C5_00460C_A	FET33
C5_04160W_A-T	C5_04160W_A	SDC1
C5_00790C_A-T	C5_00790C_A	C5_00790C_A
C5_02090W_A-T	C5_02090W_A	C5_02090W_A
C5_00230C_A-T	C5_00230C_A	C5_00230C_A
C5_05190W_A-T	C5_05190W_A	PCL5
C5_03450W_A-T	C5_03450W_A	C5_03450W_A
C5_00180W_A-T	C5_00180W_A	AFL1
C5_02290W_A-T	C5_02290W_A	PDE1
C5_00970W_A-T	C5_00970W_A	tE(UUC)3
C5_04270C_A-T	C5_04270C_A	SAH1
C5_02830W_A-T	C5_02830W_A	C5_02830W_A
C5_04930C_A-T	C5_04930C_A	MAL31
C5_03370C_A-T	C5_03370C_A	C5_03370C_A
C5_00700C_A-T	C5_00700C_A	SPE2
C5_01700W_A-T	C5_01700W_A	C5_01700W_A
C5_00990W_A-T	C5_00990W_A	tQ(CUG)1
C5_02620C_A-T	C5_02620C_A	C5_02620C_A
C5_04710W_A-T	C5_04710W_A	HER2
C5_02910C_A-T	C5_02910C_A	GYP8
C5_03040W_A-T	C5_03040W_A	C5_03040W_A
C5_00940C_A-T	C5_00940C_A	HAP5
C5_00050W_A-T	C5_00050W_A	C5_00050W_A
C5_03960W_A-T	C5_03960W_A	C5_03960W_A
C5_02660C_A-T	C5_02660C_A	C5_02660C_A
C5_04290C_A-T	C5_04290C_A	C5_04290C_A
C5_01000C_A-T	C5_01000C_A	C5_01000C_A
C5_00190C_A-T	C5_00190C_A	FAS1
C5_05450C_A-T	C5_05450C_A	MUM2
C5_02970W_A-T	C5_02970W_A	DAP2
C5_02690W_A-T	C5_02690W_A	C5_02690W_A
C5_03750W_A-T	C5_03750W_A	FAV2
C5_01720C_A-T	C5_01720C_A	RCY1
C5_03000C_A-T	C5_03000C_A	C5_03000C_A
C5_01150C_A-T	C5_01150C_A	C5_01150C_A
C5_05370C_A-T	C5_05370C_A	PRP22
C5_00030W_A-T	C5_00030W_A	C5_00030W_A
C5_00090C_A-T	C5_00090C_A	C5_00090C_A
C5_04400W_A-T	C5_04400W_A	RNY11
C5_03590W_A-T	C5_03590W_A	LAP4
C5_04470C_A-T	C5_04470C_A	C5_04470C_A
C5_03280W_A-T	C5_03280W_A	CAM1-1
C5_04390C_A-T	C5_04390C_A	C5_04390C_A
C5_04110W_A-T	C5_04110W_A	SCW11
C5_04490C_A-T	C5_04490C_A	CAR1
C5_04950C_A-T	C5_04950C_A	C5_04950C_A
C5_03930C_A-T	C5_03930C_A	C5_03930C_A
C5_01620C_A-T	C5_01620C_A	VPS22
C5_02020C_A-T	C5_02020C_A	C5_02020C_A
C5_00270W_A-T	C5_00270W_A	PGA14
C5_04120C_A-T	C5_04120C_A	C5_04120C_A
C5_04380C_A-T	C5_04380C_A	C5_04380C_A
C5_05010W_A-T	C5_05010W_A	C5_05010W_A
C5_02310C_A-T	C5_02310C_A	C5_02310C_A
C5_03900W_A-T	C5_03900W_A	PGA56
C5_03460C_A-T	C5_03460C_A	C5_03460C_A
C5_01980C_A-T	C5_01980C_A	C5_01980C_A
C5_02440C_A-T	C5_02440C_A	BUD32
C5_02010C_A-T	C5_02010C_A	C5_02010C_A
C5_02400W_A-T	C5_02400W_A	C5_02400W_A
C5_02240W_A-T	C5_02240W_A	PTH2
C5_01840C_A-T	C5_01840C_A	TAC1
C5_01170W_A-T	C5_01170W_A	ERF4
C5_01320W_A-T	C5_01320W_A	SNF1
C5_03490C_A-T	C5_03490C_A	C5_03490C_A
C5_02200W_A-T	C5_02200W_A	C5_02200W_A
C5_03800W_A-T	C5_03800W_A	RCF1
C5_04320C_A-T	C5_04320C_A	C5_04320C_A
C5_01240W_A-T	C5_01240W_A	AUR1
C5_05220W_A-T	C5_05220W_A	CAG1
C5_03210C_A-T	C5_03210C_A	C5_03210C_A
C5_00040C_A-T	C5_00040C_A	C5_00040C_A
C5_02860C_A-T	C5_02860C_A	GRP2
C5_05510C_A-T	C5_05510C_A	C5_05510C_A
C5_01520C_A-T	C5_01520C_A	GLR1
C5_03640W_A-T	C5_03640W_A	DPH5
C5_01180W_A-T	C5_01180W_A	PUS4
C5_01310W_A-T	C5_01310W_A	C5_01310W_A
C5_01410C_A-T	C5_01410C_A	C5_01410C_A
C5_00760W_A-T	C5_00760W_A	C5_00760W_A
C5_00110C_A-T	C5_00110C_A	THS1
C5_00520W_A-T	C5_00520W_A	C5_00520W_A
C5_01030W_A-T	C5_01030W_A	C5_01030W_A
C5_05060C_A-T	C5_05060C_A	C5_05060C_A
C5_01760C_A-T	C5_01760C_A	PIKA
C5_01420W_A-T	C5_01420W_A	C5_01420W_A
C5_03510C_A-T	C5_03510C_A	C5_03510C_A
C5_05400W_A-T	C5_05400W_A	APM1
C5_03290C_A-T	C5_03290C_A	C5_03290C_A
C5_04780W_A-T	C5_04780W_A	ASH2
C5_04540C_A-T	C5_04540C_A	C5_04540C_A
C5_04840C_A-T	C5_04840C_A	C5_04840C_A
C5_01940W_A-T	C5_01940W_A	C5_01940W_A
C5_01290C_A-T	C5_01290C_A	C5_01290C_A
C5_04670W_A-T	C5_04670W_A	SRP101
C5_01040W_A-T	C5_01040W_A	C5_01040W_A
C5_00530W_A-T	C5_00530W_A	C5_00530W_A
C5_03160W_A-T	C5_03160W_A	MED14
C5_02770W_A-T	C5_02770W_A	MSW1
C5_01510W_A-T	C5_01510W_A	SMD3
C5_04430C_A-T	C5_04430C_A	YUH2
C5_03550W_A-T	C5_03550W_A	C5_03550W_A
C5_03100C_A-T	C5_03100C_A	C5_03100C_A
C5_01860W_A-T	C5_01860W_A	C5_01860W_A
C5_04890C_A-T	C5_04890C_A	C5_04890C_A
C5_05250C_A-T	C5_05250C_A	C5_05250C_A
C5_02070C_A-T	C5_02070C_A	ESF2
C5_03690W_A-T	C5_03690W_A	C5_03690W_A
C5_00420C_A-T	C5_00420C_A	MRP17
C5_05110C_A-T	C5_05110C_A	TIP20
C5_04210C_A-T	C5_04210C_A	MRV4
C5_02800C_A-T	C5_02800C_A	C5_02800C_A
C5_03010W_A-T	C5_03010W_A	C5_03010W_A
C5_02580W_A-T	C5_02580W_A	C5_02580W_A
C5_03730W_A-T	C5_03730W_A	C5_03730W_A
C5_04300C_A-T	C5_04300C_A	C5_04300C_A
C5_03670C_A-T	C5_03670C_A	C5_03670C_A
C5_00670C_A-T	C5_00670C_A	HMS1
C5_04590C_A-T	C5_04590C_A	RPL43A
C5_00850C_A-T	C5_00850C_A	C5_00850C_A
C5_02500C_A-T	C5_02500C_A	C5_02500C_A
C5_04730C_A-T	C5_04730C_A	SSD1
C5_02330W_A-T	C5_02330W_A	C5_02330W_A
C5_02450W_A-T	C5_02450W_A	C5_02450W_A
C5_04560C_A-T	C5_04560C_A	CUP1
C5_00960W_A-T	C5_00960W_A	tE(UUC)4
C5_00600C_A-T	C5_00600C_A	C5_00600C_A
C5_01120W_A-T	C5_01120W_A	C5_01120W_A
C5_02150C_A-T	C5_02150C_A	ORC4
C5_03360W_A-T	C5_03360W_A	RPO26
C5_00610C_A-T	C5_00610C_A	C5_00610C_A
C5_00480C_A-T	C5_00480C_A	SEC14
C5_02900W_A-T	C5_02900W_A	C5_02900W_A
C5_03330C_A-T	C5_03330C_A	ZCF13
C5_00930C_A-T	C5_00930C_A	TFS1
C5_04740C_A-T	C5_04740C_A	HYS2
C5_03410C_A-T	C5_03410C_A	C5_03410C_A
C5_01880C_A-T	C5_01880C_A	C5_01880C_A
C5_02060W_A-T	C5_02060W_A	C5_02060W_A
C5_02360C_A-T	C5_02360C_A	C5_02360C_A
C5_00580W_A-T	C5_00580W_A	C5_00580W_A
C5_04360C_A-T	C5_04360C_A	C5_04360C_A
C5_02920W_A-T	C5_02920W_A	C5_02920W_A
C5_04040C_A-T	C5_04040C_A	C5_04040C_A
C5_00860W_A-T	C5_00860W_A	IMP2
C5_00370W_A-T	C5_00370W_A	COF1
C5_02480W_A-T	C5_02480W_A	FIP1
C5_00680W_A-T	C5_00680W_A	RMT2
C5_00890C_A-T	C5_00890C_A	GIT2
C5_04060C_A-T	C5_04060C_A	MEC1
C5_01350W_A-T	C5_01350W_A	C5_01350W_A
C5_02590C_A-T	C5_02590C_A	C5_02590C_A
C5_00450C_A-T	C5_00450C_A	IFG3
C5_04900C_A-T	C5_04900C_A	C5_04900C_A
C5_00130C_A-T	C5_00130C_A	C5_00130C_A
C5_00750C_A-T	C5_00750C_A	C5_00750C_A
C5_02540C_A-T	C5_02540C_A	SPR28
C5_00010W_A-T	C5_00010W_A	TLO11
C5_05170W_A-T	C5_05170W_A	PAN3
C5_01490C_A-T	C5_01490C_A	C5_01490C_A
C5_05380W_A-T	C5_05380W_A	RPN5
C5_00780C_A-T	C5_00780C_A	C5_00780C_A
C5_00210C_A-T	C5_00210C_A	BRE1
C5_04050W_A-T	C5_04050W_A	C5_04050W_A
C5_02670W_A-T	C5_02670W_A	BUR2
C5_05270C_A-T	C5_05270C_A	C5_05270C_A
C5_02510C_A-T	C5_02510C_A	C5_02510C_A
C5_01200W_A-T	C5_01200W_A	POA1
C5_01190W_A-T	C5_01190W_A	C5_01190W_A
C5_00280C_A-T	C5_00280C_A	C5_00280C_A
C5_00840W_A-T	C5_00840W_A	C5_00840W_A
C5_00250C_A-T	C5_00250C_A	C5_00250C_A
C5_05160C_A-T	C5_05160C_A	CNB1
C5_05320C_A-T	C5_05320C_A	HIS1
C5_01920C_A-T	C5_01920C_A	C5_01920C_A
C5_04530W_A-T	C5_04530W_A	C5_04530W_A
C5_03700C_A-T	C5_03700C_A	DPH5
C5_03910C_A-T	C5_03910C_A	C5_03910C_A
C5_01790C_A-T	C5_01790C_A	C5_01790C_A
C5_03780C_A-T	C5_03780C_A	C5_03780C_A
C5_00590W_A-T	C5_00590W_A	PET9
C5_02890W_A-T	C5_02890W_A	YNK1
C5_02950C_A-T	C5_02950C_A	C5_02950C_A
C5_03870C_A-T	C5_03870C_A	C5_03870C_A
C5_01710C_A-T	C5_01710C_A	C5_01710C_A
C5_03530C_A-T	C5_03530C_A	C5_03530C_A
C5_04100W_A-T	C5_04100W_A	CDS1
C5_00830C_A-T	C5_00830C_A	ERV46
C5_03270W_A-T	C5_03270W_A	TEF4
C5_01960C_A-T	C5_01960C_A	C5_01960C_A
C5_00690C_A-T	C5_00690C_A	TFB3
C5_00380W_A-T	C5_00380W_A	C5_00380W_A
C5_03240W_A-T	C5_03240W_A	BUB3
C5_02530W_A-T	C5_02530W_A	UAP1
C5_01090C_A-T	C5_01090C_A	C5_01090C_A
C5_01600C_A-T	C5_01600C_A	SPB4
C5_03840W_A-T	C5_03840W_A	C5_03840W_A
C5_01820W_A-T	C5_01820W_A	STI1
C5_03950W_A-T	C5_03950W_A	C5_03950W_A
C5_05000C_A-T	C5_05000C_A	C5_05000C_A
C5_03090W_A-T	C5_03090W_A	VPS4
C5_01970C_A-T	C5_01970C_A	CDC24
C5_00100C_A-T	C5_00100C_A	C5_00100C_A
C5_01740C_A-T	C5_01740C_A	MTLA1
C5_02740W_A-T	C5_02740W_A	C5_02740W_A
C5_01210W_A-T	C5_01210W_A	VPS1
C5_03860W_A-T	C5_03860W_A	HAM1
C5_02560C_A-T	C5_02560C_A	C5_02560C_A
C5_01250W_A-T	C5_01250W_A	GPR1
C5_00900C_A-T	C5_00900C_A	URA4
C5_04990W_A-T	C5_04990W_A	C5_04990W_A
C5_00430W_A-T	C5_00430W_A	MET14
C5_01440C_A-T	C5_01440C_A	PFA5
C5_05030C_A-T	C5_05030C_A	RIM13
C5_00560W_A-T	C5_00560W_A	C5_00560W_A
C5_01280C_A-T	C5_01280C_A	NUF2
C5_02720W_A-T	C5_02720W_A	PEP12
C5_04000W_A-T	C5_04000W_A	RFC3
C5_03880C_A-T	C5_03880C_A	C5_03880C_A
C5_04350C_A-T	C5_04350C_A	C5_04350C_A
C5_00570W_A-T	C5_00570W_A	C5_00570W_A
C5_02940C_A-T	C5_02940C_A	MIG1
C5_02170C_A-T	C5_02170C_A	GCD11
C5_02380W_A-T	C5_02380W_A	C5_02380W_A
C5_05120W_A-T	C5_05120W_A	CCT3
C5_04230W_A-T	C5_04230W_A	MRV6
C5_00320W_A-T	C5_00320W_A	C5_00320W_A
C5_03680W_A-T	C5_03680W_A	FGR27
C5_05330C_A-T	C5_05330C_A	RER2
C5_03620W_A-T	C5_03620W_A	BTS1
C5_04720C_A-T	C5_04720C_A	C5_04720C_A
C5_04200W_A-T	C5_04200W_A	MRV3
C5_02490C_A-T	C5_02490C_A	TIF5
C5_01160C_A-T	C5_01160C_A	C5_01160C_A
C5_03440W_A-T	C5_03440W_A	C5_03440W_A
C5_05020C_A-T	C5_05020C_A	C5_05020C_A
C5_01380W_A-T	C5_01380W_A	CFL5
C5_03350W_A-T	C5_03350W_A	QCR2
C5_02320C_A-T	C5_02320C_A	C5_02320C_A
C5_04010C_A-T	C5_04010C_A	C5_04010C_A
C5_05080W_A-T	C5_05080W_A	GRF10
C5_05390C_A-T	C5_05390C_A	PGA4
C5_00390C_A-T	C5_00390C_A	C5_00390C_A
C5_04630W_A-T	C5_04630W_A	SPT4
C5_03060C_A-T	C5_03060C_A	TNA1
C5_00160W_A-T	C5_00160W_A	C5_00160W_A
C5_00490C_A-T	C5_00490C_A	BUD2
C5_04240C_A-T	C5_04240C_A	C5_04240C_A
C5_03790W_A-T	C5_03790W_A	GUK1
C5_03140C_A-T	C5_03140C_A	C5_03140C_A
C5_05340W_A-T	C5_05340W_A	C5_05340W_A
C5_03480C_A-T	C5_03480C_A	C5_03480C_A
C5_02270W_A-T	C5_02270W_A	THR4
C5_04640C_A-T	C5_04640C_A	C5_04640C_A
C5_05440C_A-T	C5_05440C_A	C5_05440C_A
C5_00200C_A-T	C5_00200C_A	BDF1
C5_02780W_A-T	C5_02780W_A	C5_02780W_A
C5_00350C_A-T	C5_00350C_A	C5_00350C_A
C5_04810W_A-T	C5_04810W_A	PFK1
C5_00140C_A-T	C5_00140C_A	C5_00140C_A
C5_03320C_A-T	C5_03320C_A	ZCF14
C5_00060C_A-T	C5_00060C_A	C5_00060C_A
C5_00410W_A-T	C5_00410W_A	C5_00410W_A
C5_05200C_A-T	C5_05200C_A	C5_05200C_A
C5_03250W_A-T	C5_03250W_A	RMS1
C5_03520W_A-T	C5_03520W_A	C5_03520W_A
C5_05260W_A-T	C5_05260W_A	PSY4
C5_00800C_A-T	C5_00800C_A	C5_00800C_A
C5_01330W_A-T	C5_01330W_A	C5_01330W_A
C5_01130W_A-T	C5_01130W_A	CYC3
C5_00310C_A-T	C5_00310C_A	C5_00310C_A
C5_01500C_A-T	C5_01500C_A	ZCF20
C5_02460C_A-T	C5_02460C_A	ECM331
C5_05490C_A-T	C5_05490C_A	HTS1
C5_02300C_A-T	C5_02300C_A	RET2
C5_03130W_A-T	C5_03130W_A	SUT1
C5_00740W_A-T	C5_00740W_A	CTF8
C5_04770W_A-T	C5_04770W_A	C5_04770W_A
C5_01870W_A-T	C5_01870W_A	C5_01870W_A
C5_02810W_A-T	C5_02810W_A	C5_02810W_A
C5_05130C_A-T	C5_05130C_A	C5_05130C_A
C5_04880C_A-T	C5_04880C_A	PUT2
C5_01390C_A-T	C5_01390C_A	SNM1
C5_00950C_A-T	C5_00950C_A	SET5
C5_04150C_A-T	C5_04150C_A	C5_04150C_A
C5_03340W_A-T	C5_03340W_A	C5_03340W_A
C5_01260W_A-T	C5_01260W_A	C5_01260W_A
C5_03920C_A-T	C5_03920C_A	C5_03920C_A
C5_00080C_A-T	C5_00080C_A	C5_00080C_A
C5_02340C_A-T	C5_02340C_A	CST20
C5_02260C_A-T	C5_02260C_A	PTH1
C5_02710W_A-T	C5_02710W_A	TRR1
C5_05350W_A-T	C5_05350W_A	C5_05350W_A
C5_01400W_A-T	C5_01400W_A	SEF2
C5_04340W_A-T	C5_04340W_A	C5_04340W_A
C5_05300W_A-T	C5_05300W_A	RIB5
C5_01340W_A-T	C5_01340W_A	HST3
C5_01770C_A-T	C5_01770C_A	OBPA
C5_03300C_A-T	C5_03300C_A	C5_03300C_A
C5_02570W_A-T	C5_02570W_A	MNN13
C5_00510W_A-T	C5_00510W_A	C5_00510W_A
C5_04600C_A-T	C5_04600C_A	GRR1
C5_02840C_A-T	C5_02840C_A	HSL1
C5_03470C_A-T	C5_03470C_A	C5_03470C_A
C5_00500W_A-T	C5_00500W_A	NAM7
C5_01800C_A-T	C5_01800C_A	HIP1
C5_03420W_A-T	C5_03420W_A	tE(UUC)5
C5_03970W_A-T	C5_03970W_A	C5_03970W_A
C5_03020W_A-T	C5_03020W_A	CCC2
C5_02190C_A-T	C5_02190C_A	C5_02190C_A
C5_04860C_A-T	C5_04860C_A	C5_04860C_A
C5_04620C_A-T	C5_04620C_A	C5_04620C_A
C5_01530C_A-T	C5_01530C_A	C5_01530C_A
C5_01730W_A-T	C5_01730W_A	C5_01730W_A
C5_00340W_A-T	C5_00340W_A	C5_00340W_A
C5_04980W_A-T	C5_04980W_A	C5_04980W_A
C5_02990W_A-T	C5_02990W_A	C5_02990W_A
C5_00910C_A-T	C5_00910C_A	TRX2
C5_05470W_A-T	C5_05470W_A	EST1
C5_05040W_A-T	C5_05040W_A	GPI10
C5_00440C_A-T	C5_00440C_A	VPS2
C5_01360W_A-T	C5_01360W_A	CFL4
C5_04460C_A-T	C5_04460C_A	C5_04460C_A
C5_02470W_A-T	C5_02470W_A	INT1
C5_04440C_A-T	C5_04440C_A	SFC1
C5_04650C_A-T	C5_04650C_A	MSM1
C5_01220W_A-T	C5_01220W_A	C5_01220W_A
C5_04370C_A-T	C5_04370C_A	PGA37
C5_03050C_A-T	C5_03050C_A	PGA58
C5_01580C_A-T	C5_01580C_A	CEF3
C5_05070W_A-T	C5_05070W_A	C5_05070W_A
C5_04820W_A-T	C5_04820W_A	C5_04820W_A
C5_05180W_A-T	C5_05180W_A	C5_05180W_A
C5_04330W_A-T	C5_04330W_A	C5_04330W_A
C5_01020C_A-T	C5_01020C_A	C5_01020C_A
C5_02040W_A-T	C5_02040W_A	C5_02040W_A
C5_00290W_A-T	C5_00290W_A	DUS4
C5_02230W_A-T	C5_02230W_A	C5_02230W_A
C5_03830C_A-T	C5_03830C_A	C5_03830C_A
C5_02160W_A-T	C5_02160W_A	SST2
C5_04260W_A-T	C5_04260W_A	RNY1-B
C5_02210W_A-T	C5_02210W_A	C5_02210W_A
C5_05140W_A-T	C5_05140W_A	C5_05140W_A
C5_02520W_A-T	C5_02520W_A	C5_02520W_A
C5_00330C_A-T	C5_00330C_A	C5_00330C_A
C5_00550C_A-T	C5_00550C_A	C5_00550C_A
C6_00910C_A-T	C6_00910C_A	C6_00910C_A
C6_02150C_A-T	C6_02150C_A	LPE10
C6_00900C_A-T	C6_00900C_A	C6_00900C_A
C6_03270C_A-T	C6_03270C_A	AYR2
C6_01040C_A-T	C6_01040C_A	C6_01040C_A
C6_01690W_A-T	C6_01690W_A	ACF2
C6_03740W_A-T	C6_03740W_A	C6_03740W_A
C6_03540W_A-T	C6_03540W_A	C6_03540W_A
C6_04040C_A-T	C6_04040C_A	RVS167
C6_02430W_A-T	C6_02430W_A	C6_02430W_A
C6_01510W_A-T	C6_01510W_A	OYE23
C6_00310W_A-T	C6_00310W_A	C6_00310W_A
C6_02650C_A-T	C6_02650C_A	C6_02650C_A
C6_03240W_A-T	C6_03240W_A	C6_03240W_A
C6_02530C_A-T	C6_02530C_A	C6_02530C_A
C6_04070C_A-T	C6_04070C_A	C6_04070C_A
C6_00520W_A-T	C6_00520W_A	C6_00520W_A
C6_03090W_A-T	C6_03090W_A	C6_03090W_A
C6_04480C_A-T	C6_04480C_A	C6_04480C_A
C6_02510C_A-T	C6_02510C_A	ASG7
C6_01000C_A-T	C6_01000C_A	C6_01000C_A
C6_04320C_A-T	C6_04320C_A	C6_04320C_A
C6_00410C_A-T	C6_00410C_A	SRO77
C6_00750C_A-T	C6_00750C_A	PGK1
C6_01370W_A-T	C6_01370W_A	PBN1
C6_04450W_A-T	C6_04450W_A	C6_04450W_A
C6_02000W_A-T	C6_02000W_A	PLB2
C6_00760W_A-T	C6_00760W_A	FES1
C6_00200C_A-T	C6_00200C_A	C6_00200C_A
C6_02010C_A-T	C6_02010C_A	GPD2
C6_04600W_A-T	C6_04600W_A	DAC1
C6_04370W_A-T	C6_04370W_A	C6_04370W_A
C6_04590C_A-T	C6_04590C_A	NAG1
C6_01330C_A-T	C6_01330C_A	C6_01330C_A
C6_01480W_A-T	C6_01480W_A	C6_01480W_A
C6_00030W_A-T	C6_00030W_A	TLO13
C6_02350C_A-T	C6_02350C_A	PUS1
C6_03880W_A-T	C6_03880W_A	C6_03880W_A
C6_03730C_A-T	C6_03730C_A	C6_03730C_A
C6_03860C_A-T	C6_03860C_A	PGA61
C6_04270W_A-T	C6_04270W_A	CDC39
C6_04170C_A-T	C6_04170C_A	SEC5
C6_02340W_A-T	C6_02340W_A	HRR25
C6_01860C_A-T	C6_01860C_A	HCH1
C6_00250W_A-T	C6_00250W_A	C6_00250W_A
C6_04410C_A-T	C6_04410C_A	C6_04410C_A
C6_03440W_A-T	C6_03440W_A	CCM1
C6_00560W_A-T	C6_00560W_A	C6_00560W_A
C6_02020C_A-T	C6_02020C_A	C6_02020C_A
C6_00020W_A-T	C6_00020W_A	C6_00020W_A
C6_02860W_A-T	C6_02860W_A	STE23
C6_01830W_A-T	C6_01830W_A	CTA1
C6_00890W_A-T	C6_00890W_A	C6_00890W_A
C6_01770W_A-T	C6_01770W_A	RAD18
C6_00710W_A-T	C6_00710W_A	C6_00710W_A
C6_03930W_A-T	C6_03930W_A	OPT8
C6_04160C_A-T	C6_04160C_A	SPB1
C6_03180C_A-T	C6_03180C_A	C6_03180C_A
C6_04280W_A-T	C6_04280W_A	C6_04280W_A
C6_02370C_A-T	C6_02370C_A	C6_02370C_A
C6_01010W_A-T	C6_01010W_A	KAR5
C6_00940C_A-T	C6_00940C_A	C6_00940C_A
C6_00630W_A-T	C6_00630W_A	C6_00630W_A
C6_03430C_A-T	C6_03430C_A	C6_03430C_A
C6_04650W_A-T	C6_04650W_A	C6_04650W_A
C6_03670C_A-T	C6_03670C_A	C6_03670C_A
C6_03640W_A-T	C6_03640W_A	NOG2
C6_01340C_A-T	C6_01340C_A	C6_01340C_A
C6_03720W_A-T	C6_03720W_A	ALA1
C6_02910W_A-T	C6_02910W_A	POP4
C6_02960W_A-T	C6_02960W_A	C6_02960W_A
C6_02420W_A-T	C6_02420W_A	C6_02420W_A
C6_03580W_A-T	C6_03580W_A	CCZ1
C6_04130C_A-T	C6_04130C_A	ALS4
C6_00230W_A-T	C6_00230W_A	C6_00230W_A
C6_01910W_A-T	C6_01910W_A	ADK1
C6_01570C_A-T	C6_01570C_A	FGR47
C6_02800W_A-T	C6_02800W_A	C6_02800W_A
C6_02680W_A-T	C6_02680W_A	C6_02680W_A
C6_02180W_A-T	C6_02180W_A	C6_02180W_A
C6_03820C_A-T	C6_03820C_A	C6_03820C_A
C6_01150W_A-T	C6_01150W_A	CDC20
C6_01990W_A-T	C6_01990W_A	PLB1
C6_00700C_A-T	C6_00700C_A	C6_00700C_A
C6_02670C_A-T	C6_02670C_A	WSC2
C6_01930W_A-T	C6_01930W_A	YHM1
C6_04310W_A-T	C6_04310W_A	PEX11
C6_00180C_A-T	C6_00180C_A	C6_00180C_A
C6_01280W_A-T	C6_01280W_A	EXO84
C6_02730W_A-T	C6_02730W_A	SAC6
C6_00810C_A-T	C6_00810C_A	C6_00810C_A
C6_02270C_A-T	C6_02270C_A	ALG11
C6_02780C_A-T	C6_02780C_A	MIF2
C6_02920C_A-T	C6_02920C_A	VPS51
C6_00420W_A-T	C6_00420W_A	DPM2
C6_02850W_A-T	C6_02850W_A	RAV2
C6_01960W_A-T	C6_01960W_A	C6_01960W_A
C6_03450C_A-T	C6_03450C_A	NAM2
C6_01530C_A-T	C6_01530C_A	C6_01530C_A
C6_03550C_A-T	C6_03550C_A	C6_03550C_A
C6_01260W_A-T	C6_01260W_A	C6_01260W_A
C6_00400C_A-T	C6_00400C_A	C6_00400C_A
C6_00380C_A-T	C6_00380C_A	C6_00380C_A
C6_00500C_A-T	C6_00500C_A	C6_00500C_A
C6_03480W_A-T	C6_03480W_A	YMX6
C6_03940C_A-T	C6_03940C_A	PBP2
C6_00320C_A-T	C6_00320C_A	DNA2
C6_02620C_A-T	C6_02620C_A	C6_02620C_A
C6_00470C_A-T	C6_00470C_A	FET99
C6_00860W_A-T	C6_00860W_A	GPX1
C6_00340C_A-T	C6_00340C_A	OCT1
C6_03760C_A-T	C6_03760C_A	SHM2
C6_01730W_A-T	C6_01730W_A	FGR37
C6_01810W_A-T	C6_01810W_A	C6_01810W_A
C6_02380W_A-T	C6_02380W_A	MRH4
C6_02540C_A-T	C6_02540C_A	C6_02540C_A
C6_04080W_A-T	C6_04080W_A	MAP2
C6_01680C_A-T	C6_01680C_A	C6_01680C_A
C6_03870C_A-T	C6_03870C_A	tA(UGC)2
C6_00820W_A-T	C6_00820W_A	SUN41
C6_03050C_A-T	C6_03050C_A	C6_03050C_A
C6_03020W_A-T	C6_03020W_A	PEP3
C6_02060W_A-T	C6_02060W_A	SLM2
C6_03990C_A-T	C6_03990C_A	C6_03990C_A
C6_04620C_A-T	C6_04620C_A	NAG4
C6_01220C_A-T	C6_01220C_A	C6_01220C_A
C6_00990W_A-T	C6_00990W_A	RIM9
C6_02520W_A-T	C6_02520W_A	ISA1
C6_00280W_A-T	C6_00280W_A	CPH2
C6_02580W_A-T	C6_02580W_A	C6_02580W_A
C6_00740W_A-T	C6_00740W_A	FAT1
C6_02040W_A-T	C6_02040W_A	MCR1
C6_04330W_A-T	C6_04330W_A	NOP8
C6_03260W_A-T	C6_03260W_A	C6_03260W_A
C6_02220W_A-T	C6_02220W_A	SAR1
C6_01700W_A-T	C6_01700W_A	RPL32
C6_03750C_A-T	C6_03750C_A	SBA1
C6_01050W_A-T	C6_01050W_A	C6_01050W_A
C6_01920C_A-T	C6_01920C_A	C6_01920C_A
C6_01670W_A-T	C6_01670W_A	MAE1
C6_03150C_A-T	C6_03150C_A	C6_03150C_A
C6_02630C_A-T	C6_02630C_A	C6_02630C_A
C6_02980C_A-T	C6_02980C_A	C6_02980C_A
C6_01560W_A-T	C6_01560W_A	C6_01560W_A
C6_00640C_A-T	C6_00640C_A	C6_00640C_A
C6_00110C_A-T	C6_00110C_A	C6_00110C_A
C6_00510C_A-T	C6_00510C_A	RAD52
C6_03080C_A-T	C6_03080C_A	ADO1
C6_00080C_A-T	C6_00080C_A	C6_00080C_A
C6_03340C_A-T	C6_03340C_A	GLC3
C6_00840W_A-T	C6_00840W_A	GPX2
C6_03910C_A-T	C6_03910C_A	C6_03910C_A
C6_00790C_A-T	C6_00790C_A	CTR1
C6_02890C_A-T	C6_02890C_A	HPD1
C6_04350C_A-T	C6_04350C_A	FLO8
C6_03920W_A-T	C6_03920W_A	SNF4
C6_00290W_A-T	C6_00290W_A	C6_00290W_A
C6_02810C_A-T	C6_02810C_A	C6_02810C_A
C6_03500C_A-T	C6_03500C_A	SAP4
C6_04200C_A-T	C6_04200C_A	C6_04200C_A
C6_01460C_A-T	C6_01460C_A	C6_01460C_A
C6_03250W_A-T	C6_03250W_A	BMT4
C6_04220C_A-T	C6_04220C_A	HBR2
C6_01120C_A-T	C6_01120C_A	C6_01120C_A
C6_01320W_A-T	C6_01320W_A	TRA1
C6_00090W_A-T	C6_00090W_A	SDH7
C6_03960W_A-T	C6_03960W_A	C6_03960W_A
C6_01890C_A-T	C6_01890C_A	DBP9
C6_02820W_A-T	C6_02820W_A	C6_02820W_A
C6_00490W_A-T	C6_00490W_A	C6_00490W_A
C6_04490W_A-T	C6_04490W_A	LIP4
C6_01080C_A-T	C6_01080C_A	C6_01080C_A
C6_00370C_A-T	C6_00370C_A	NOP5
C6_03000C_A-T	C6_03000C_A	C6_03000C_A
C6_00550W_A-T	C6_00550W_A	C6_00550W_A
C6_02570C_A-T	C6_02570C_A	SEC20
C6_00350W_A-T	C6_00350W_A	PKH3
C6_00220C_A-T	C6_00220C_A	C6_00220C_A
C6_02660C_A-T	C6_02660C_A	C6_02660C_A
C6_04530C_A-T	C6_04530C_A	C6_04530C_A
C6_01140C_A-T	C6_01140C_A	ARC18
C6_01880W_A-T	C6_01880W_A	C6_01880W_A
C6_04470C_A-T	C6_04470C_A	C6_04470C_A
C6_02690C_A-T	C6_02690C_A	C6_02690C_A
C6_00100C_A-T	C6_00100C_A	HET1
C6_02950C_A-T	C6_02950C_A	C6_02950C_A
C6_02720C_A-T	C6_02720C_A	C6_02720C_A
C6_00570C_A-T	C6_00570C_A	NHX1
C6_02290C_A-T	C6_02290C_A	C6_02290C_A
C6_02870W_A-T	C6_02870W_A	RNH1
C6_00580W_A-T	C6_00580W_A	C6_00580W_A
C6_03410C_A-T	C6_03410C_A	APA2
C6_00850W_A-T	C6_00850W_A	C6_00850W_A
C6_00300C_A-T	C6_00300C_A	STV1
C6_00240C_A-T	C6_00240C_A	C6_00240C_A
C6_00950C_A-T	C6_00950C_A	TOP1
C6_01170W_A-T	C6_01170W_A	CIC1
C6_03460W_A-T	C6_03460W_A	C6_03460W_A
C6_01210W_A-T	C6_01210W_A	C6_01210W_A
C6_04510C_A-T	C6_04510C_A	C6_04510C_A
C6_03140C_A-T	C6_03140C_A	MDL2
C6_00480C_A-T	C6_00480C_A	FET31
C6_01850W_A-T	C6_01850W_A	C6_01850W_A
C6_02100W_A-T	C6_02100W_A	C6_02100W_A
C6_02990W_A-T	C6_02990W_A	C6_02990W_A
C6_01070C_A-T	C6_01070C_A	CIP1
C6_02490C_A-T	C6_02490C_A	C6_02490C_A
C6_02940C_A-T	C6_02940C_A	C6_02940C_A
C6_02390W_A-T	C6_02390W_A	C6_02390W_A
C6_03770C_A-T	C6_03770C_A	ORM1
C6_02200C_A-T	C6_02200C_A	C6_02200C_A
C6_02240C_A-T	C6_02240C_A	RPL10A
C6_02400W_A-T	C6_02400W_A	C6_02400W_A
C6_03790C_A-T	C6_03790C_A	HGT10
C6_01430C_A-T	C6_01430C_A	FRP6
C6_02310W_A-T	C6_02310W_A	C6_02310W_A
C6_03030W_A-T	C6_03030W_A	SAP5
C6_03800C_A-T	C6_03800C_A	C6_03800C_A
C6_03690W_A-T	C6_03690W_A	ALS5
C6_00980C_A-T	C6_00980C_A	C6_00980C_A
C6_02300C_A-T	C6_02300C_A	C6_02300C_A
C6_04570W_A-T	C6_04570W_A	NAG6
C6_02740W_A-T	C6_02740W_A	C6_02740W_A
C6_03390W_A-T	C6_03390W_A	C6_03390W_A
C6_03570W_A-T	C6_03570W_A	C6_03570W_A
C6_00450C_A-T	C6_00450C_A	C6_00450C_A
C6_02640C_A-T	C6_02640C_A	C6_02640C_A
C6_02460C_A-T	C6_02460C_A	C6_02460C_A
C6_02250W_A-T	C6_02250W_A	C6_02250W_A
C6_00120W_A-T	C6_00120W_A	C6_00120W_A
C6_03300C_A-T	C6_03300C_A	C6_03300C_A
C6_02070C_A-T	C6_02070C_A	RPL23A
C6_01360W_A-T	C6_01360W_A	C6_01360W_A
C6_04190C_A-T	C6_04190C_A	C6_04190C_A
C6_03620C_A-T	C6_03620C_A	C6_03620C_A
C6_04180W_A-T	C6_04180W_A	C6_04180W_A
C6_02320C_A-T	C6_02320C_A	IPL1
C6_02590C_A-T	C6_02590C_A	MOB1
C6_04030W_A-T	C6_04030W_A	ALG2
C6_01490C_A-T	C6_01490C_A	C6_01490C_A
C6_02480W_A-T	C6_02480W_A	C6_02480W_A
C6_00880W_A-T	C6_00880W_A	PEX7
C6_01250W_A-T	C6_01250W_A	C6_01250W_A
C6_01500C_A-T	C6_01500C_A	TRY5
C6_02280W_A-T	C6_02280W_A	C6_02280W_A
C6_01980C_A-T	C6_01980C_A	C6_01980C_A
C6_02900C_A-T	C6_02900C_A	C6_02900C_A
C6_04360C_A-T	C6_04360C_A	GLE2
C6_01180C_A-T	C6_01180C_A	EBP1
C6_00150W_A-T	C6_00150W_A	ARD
C6_03510C_A-T	C6_03510C_A	C6_03510C_A
C6_00650C_A-T	C6_00650C_A	RPS13
C6_01870C_A-T	C6_01870C_A	C6_01870C_A
C6_02230W_A-T	C6_02230W_A	C6_02230W_A
C6_03060W_A-T	C6_03060W_A	PGA60
C6_03810W_A-T	C6_03810W_A	C6_03810W_A
C6_01400W_A-T	C6_01400W_A	C6_01400W_A
C6_03200W_A-T	C6_03200W_A	C6_03200W_A
C6_02550W_A-T	C6_02550W_A	C6_02550W_A
C6_03420W_A-T	C6_03420W_A	C6_03420W_A
C6_02440C_A-T	C6_02440C_A	PRP45
C6_00730W_A-T	C6_00730W_A	C6_00730W_A
C6_01090C_A-T	C6_01090C_A	C6_01090C_A
C6_00970C_A-T	C6_00970C_A	HAL21
C6_00270W_A-T	C6_00270W_A	C6_00270W_A
C6_00540W_A-T	C6_00540W_A	MUS81
C6_03210C_A-T	C6_03210C_A	C6_03210C_A
C6_04340W_A-T	C6_04340W_A	C6_04340W_A
C6_01300W_A-T	C6_01300W_A	C6_01300W_A
C6_03070C_A-T	C6_03070C_A	C6_03070C_A
C6_03700W_A-T	C6_03700W_A	ALS1
C6_01440C_A-T	C6_01440C_A	FRP5
C6_01100W_A-T	C6_01100W_A	SEC9
C6_02770W_A-T	C6_02770W_A	MRT4
C6_03830W_A-T	C6_03830W_A	SAL6
C6_00160W_A-T	C6_00160W_A	PGA48
C6_02880W_A-T	C6_02880W_A	C6_02880W_A
C6_04300W_A-T	C6_04300W_A	C6_04300W_A
C6_04150W_A-T	C6_04150W_A	C6_04150W_A
C6_03330C_A-T	C6_03330C_A	C6_03330C_A
C6_02090C_A-T	C6_02090C_A	C6_02090C_A
C6_00610C_A-T	C6_00610C_A	C6_00610C_A
C6_03470W_A-T	C6_03470W_A	C6_03470W_A
C6_02130C_A-T	C6_02130C_A	CTF5
C6_03710W_A-T	C6_03710W_A	ALS9
C6_00590W_A-T	C6_00590W_A	SLY41
C6_01750C_A-T	C6_01750C_A	C6_01750C_A
C6_00070C_A-T	C6_00070C_A	PGA25
C6_03190C_A-T	C6_03190C_A	C6_03190C_A
C6_02600W_A-T	C6_02600W_A	NAB3
C6_01610W_A-T	C6_01610W_A	ANB1
C6_00720C_A-T	C6_00720C_A	COX15
C6_03400C_A-T	C6_03400C_A	QCR7
C6_00360C_A-T	C6_00360C_A	C6_00360C_A
C6_02190C_A-T	C6_02190C_A	C6_02190C_A
C6_04140C_A-T	C6_04140C_A	C6_04140C_A
C6_00670W_A-T	C6_00670W_A	CDC14
C6_03350C_A-T	C6_03350C_A	ARP4
C6_03780C_A-T	C6_03780C_A	C6_03780C_A
C6_03850C_A-T	C6_03850C_A	IHD1
C6_02410W_A-T	C6_02410W_A	C6_02410W_A
C6_02560W_A-T	C6_02560W_A	C6_02560W_A
C6_00210W_A-T	C6_00210W_A	C6_00210W_A
C6_03610W_A-T	C6_03610W_A	FGR17
C6_04550C_A-T	C6_04550C_A	C6_04550C_A
C6_00330C_A-T	C6_00330C_A	GNP1
C6_00870C_A-T	C6_00870C_A	ILV5
C6_03590C_A-T	C6_03590C_A	C6_03590C_A
C6_02360W_A-T	C6_02360W_A	NIP7
C6_02500C_A-T	C6_02500C_A	GCV1
C6_00690W_A-T	C6_00690W_A	C6_00690W_A
C6_00830C_A-T	C6_00830C_A	CAN3
C6_02970C_A-T	C6_02970C_A	C6_02970C_A
C6_01160W_A-T	C6_01160W_A	RCN1
C6_03360C_A-T	C6_03360C_A	C6_03360C_A
C6_03040C_A-T	C6_03040C_A	C6_03040C_A
C6_01030W_A-T	C6_01030W_A	HAL22
C6_01950C_A-T	C6_01950C_A	C6_01950C_A
C6_02210W_A-T	C6_02210W_A	C6_02210W_A
C6_03950C_A-T	C6_03950C_A	SWC5
C6_03660C_A-T	C6_03660C_A	CDC50
C6_04380W_A-T	C6_04380W_A	ALS2
C6_03900W_A-T	C6_03900W_A	NUP82
C6_01900C_A-T	C6_01900C_A	DOG1
C6_02930W_A-T	C6_02930W_A	C6_02930W_A
C6_01630W_A-T	C6_01630W_A	TIF3
C6_01540C_A-T	C6_01540C_A	C6_01540C_A
C6_03110C_A-T	C6_03110C_A	ASA1
C6_00960W_A-T	C6_00960W_A	CAN1
C6_01740C_A-T	C6_01740C_A	ATG15
C6_00920W_A-T	C6_00920W_A	C6_00920W_A
C6_00780W_A-T	C6_00780W_A	SEC8
C6_00390W_A-T	C6_00390W_A	C6_00390W_A
C6_01380C_A-T	C6_01380C_A	C6_01380C_A
C6_01760W_A-T	C6_01760W_A	SEC12
C6_03100W_A-T	C6_03100W_A	SHE3
C6_00530C_A-T	C6_00530C_A	C6_00530C_A
C6_02120W_A-T	C6_02120W_A	CHC1
C6_04110W_A-T	C6_04110W_A	C6_04110W_A
C6_00130C_A-T	C6_00130C_A	VID27
C6_04250W_A-T	C6_04250W_A	C6_04250W_A
C6_03890C_A-T	C6_03890C_A	SKI8
C6_01290C_A-T	C6_01290C_A	QDR3
C6_04560W_A-T	C6_04560W_A	C6_04560W_A
C6_01130W_A-T	C6_01130W_A	C6_01130W_A
C6_01590W_A-T	C6_01590W_A	C6_01590W_A
C6_01780C_A-T	C6_01780C_A	C6_01780C_A
C6_03120W_A-T	C6_03120W_A	POL5
C6_02050W_A-T	C6_02050W_A	DBR1
C6_02830W_A-T	C6_02830W_A	MNN45
C6_04580W_A-T	C6_04580W_A	HXK1
C6_04610C_A-T	C6_04610C_A	NAG3
C6_00190W_A-T	C6_00190W_A	RTT106
C6_02160W_A-T	C6_02160W_A	C6_02160W_A
C6_03520C_A-T	C6_03520C_A	C6_03520C_A
C6_04050W_A-T	C6_04050W_A	C6_04050W_A
C6_01190C_A-T	C6_01190C_A	VPS15
C6_03010W_A-T	C6_03010W_A	TEL1
C6_03380W_A-T	C6_03380W_A	C6_03380W_A
C6_01520W_A-T	C6_01520W_A	C6_01520W_A
C6_01410C_A-T	C6_01410C_A	OYE2
C6_03230W_A-T	C6_03230W_A	ARG3
C6_02470W_A-T	C6_02470W_A	C6_02470W_A
C6_00440C_A-T	C6_00440C_A	FET34
C6_02030C_A-T	C6_02030C_A	C6_02030C_A
C6_04210C_A-T	C6_04210C_A	ATM1
C6_01660C_A-T	C6_01660C_A	C6_01660C_A
C6_02170C_A-T	C6_02170C_A	SWD3
C6_04060W_A-T	C6_04060W_A	C6_04060W_A
C6_01470W_A-T	C6_01470W_A	C6_01470W_A
C6_01060C_A-T	C6_01060C_A	CAN2
C6_01640W_A-T	C6_01640W_A	MED19
C6_03220W_A-T	C6_03220W_A	C6_03220W_A
C6_01840C_A-T	C6_01840C_A	COQ3
C6_03170C_A-T	C6_03170C_A	MDR1
C6_03630W_A-T	C6_03630W_A	PAD1
C6_04100W_A-T	C6_04100W_A	C6_04100W_A
C6_03160C_A-T	C6_03160C_A	BMT6
C6_03320W_A-T	C6_03320W_A	C6_03320W_A
C6_04260C_A-T	C6_04260C_A	C6_04260C_A
C6_00770C_A-T	C6_00770C_A	C6_00770C_A
C6_04520W_A-T	C6_04520W_A	ILS1
C6_01200W_A-T	C6_01200W_A	C6_01200W_A
C6_02450W_A-T	C6_02450W_A	C6_02450W_A
C6_03560W_A-T	C6_03560W_A	POX1
C6_04120C_A-T	C6_04120C_A	C6_04120C_A
C6_03650C_A-T	C6_03650C_A	POP2
C6_01350W_A-T	C6_01350W_A	C6_01350W_A
C6_02260C_A-T	C6_02260C_A	SEC27
C6_02750C_A-T	C6_02750C_A	LYS14
C6_02140W_A-T	C6_02140W_A	C6_02140W_A
C6_00460C_A-T	C6_00460C_A	FET3
C6_00600C_A-T	C6_00600C_A	YHM2
C6_00680C_A-T	C6_00680C_A	C6_00680C_A
C6_01550C_A-T	C6_01550C_A	C6_01550C_A
C6_01110W_A-T	C6_01110W_A	FAD2
C6_01310W_A-T	C6_01310W_A	FIG1
C6_04400W_A-T	C6_04400W_A	C6_04400W_A
C6_01420C_A-T	C6_01420C_A	C6_01420C_A
C6_02790C_A-T	C6_02790C_A	C6_02790C_A
C6_04440C_A-T	C6_04440C_A	C6_04440C_A
C6_03840C_A-T	C6_03840C_A	SNQ2
C6_01800W_A-T	C6_01800W_A	tA(UGC)1
C6_00260W_A-T	C6_00260W_A	C6_00260W_A
C6_01450C_A-T	C6_01450C_A	C6_01450C_A
C6_00430C_A-T	C6_00430C_A	C6_00430C_A
C6_04540C_A-T	C6_04540C_A	HAT2
C6_01650C_A-T	C6_01650C_A	FMP27
C6_01970C_A-T	C6_01970C_A	RPL25
C6_00010W_A-T	C6_00010W_A	NRG2
C6_02080W_A-T	C6_02080W_A	C6_02080W_A
C6_00660C_A-T	C6_00660C_A	C6_00660C_A
C6_03530C_A-T	C6_03530C_A	C6_03530C_A
C6_00620W_A-T	C6_00620W_A	FCA1
C6_03310W_A-T	C6_03310W_A	C6_03310W_A
C6_04290W_A-T	C6_04290W_A	C6_04290W_A
C6_01820C_A-T	C6_01820C_A	FPG1
C6_02840C_A-T	C6_02840C_A	RBF1
C6_04420W_A-T	C6_04420W_A	C6_04420W_A
C6_04240W_A-T	C6_04240W_A	C6_04240W_A
C6_01600W_A-T	C6_01600W_A	C6_01600W_A
C6_04230W_A-T	C6_04230W_A	C6_04230W_A
C6_04460W_A-T	C6_04460W_A	tL(CAA)3
C6_03490C_A-T	C6_03490C_A	SAP1
C6_04430W_A-T	C6_04430W_A	CST5
C6_04500C_A-T	C6_04500C_A	TSM1
C6_02610C_A-T	C6_02610C_A	CDC37
C6_01620W_A-T	C6_01620W_A	C6_01620W_A
C6_02330W_A-T	C6_02330W_A	C6_02330W_A
C6_00930C_A-T	C6_00930C_A	C6_00930C_A
C6_00170C_A-T	C6_00170C_A	C6_00170C_A
C6_01940W_A-T	C6_01940W_A	C6_01940W_A
C6_01390W_A-T	C6_01390W_A	HOC1
C6_00140C_A-T	C6_00140C_A	HPA2
C6_02710C_A-T	C6_02710C_A	SAP6
C6_03130W_A-T	C6_03130W_A	C6_03130W_A
C6_02110W_A-T	C6_02110W_A	C6_02110W_A
C6_03600C_A-T	C6_03600C_A	C6_03600C_A
C6_00800C_A-T	C6_00800C_A	C6_00800C_A
C6_01710C_A-T	C6_01710C_A	PTK2
C6_03280W_A-T	C6_03280W_A	C6_03280W_A
C6_02760W_A-T	C6_02760W_A	C6_02760W_A
C6_03370W_A-T	C6_03370W_A	C6_03370W_A
C6_01790C_A-T	C6_01790C_A	ZCF18
C6_03290W_A-T	C6_03290W_A	C6_03290W_A
C6_01720C_A-T	C6_01720C_A	SUR7
C6_00060W_A-T	C6_00060W_A	tL(CAA)5
C6_01020W_A-T	C6_01020W_A	C6_01020W_A
C7_00160C_A-T	C7_00160C_A	ALB1
C7_03270W_A-T	C7_03270W_A	C7_03270W_A
C7_01940C_A-T	C7_01940C_A	PRM10
C7_01210C_A-T	C7_01210C_A	C7_01210C_A
C7_01780W_A-T	C7_01780W_A	LPI9
C7_04070C_A-T	C7_04070C_A	C7_04070C_A
C7_00710W_A-T	C7_00710W_A	RPS28B
C7_00870W_A-T	C7_00870W_A	C7_00870W_A
C7_02330W_A-T	C7_02330W_A	YCF1
C7_01130C_A-T	C7_01130C_A	C7_01130C_A
C7_03760W_A-T	C7_03760W_A	C7_03760W_A
C7_00560C_A-T	C7_00560C_A	THG1
C7_03050W_A-T	C7_03050W_A	C7_03050W_A
C7_03980W_A-T	C7_03980W_A	C7_03980W_A
C7_00620W_A-T	C7_00620W_A	GUS1
C7_04050W_A-T	C7_04050W_A	HLJ1
C7_03390C_A-T	C7_03390C_A	PUP3
C7_00650W_A-T	C7_00650W_A	C7_00650W_A
C7_01520W_A-T	C7_01520W_A	FLU1
C7_02790C_A-T	C7_02790C_A	POL3
C7_00440C_A-T	C7_00440C_A	GBP2
C7_03810W_A-T	C7_03810W_A	SLA2
C7_03150W_A-T	C7_03150W_A	C7_03150W_A
C7_00780W_A-T	C7_00780W_A	C7_00780W_A
C7_03320C_A-T	C7_03320C_A	MED16
C7_00520W_A-T	C7_00520W_A	C7_00520W_A
C7_01720W_A-T	C7_01720W_A	C7_01720W_A
C7_03170W_A-T	C7_03170W_A	IFA21
C7_04020C_A-T	C7_04020C_A	PRE5
C7_01490W_A-T	C7_01490W_A	C7_01490W_A
C7_01340W_A-T	C7_01340W_A	MRE11
C7_00590W_A-T	C7_00590W_A	C7_00590W_A
C7_02100W_A-T	C7_02100W_A	C7_02100W_A
C7_01150W_A-T	C7_01150W_A	C7_01150W_A
C7_00120W_A-T	C7_00120W_A	FIS1
C7_03660C_A-T	C7_03660C_A	C7_03660C_A
C7_02980C_A-T	C7_02980C_A	SFI1
C7_02650W_A-T	C7_02650W_A	TEP1
C7_02430C_A-T	C7_02430C_A	C7_02430C_A
C7_01350C_A-T	C7_01350C_A	C7_01350C_A
C7_00540W_A-T	C7_00540W_A	C7_00540W_A
C7_03800W_A-T	C7_03800W_A	C7_03800W_A
C7_04310C_A-T	C7_04310C_A	C7_04310C_A
C7_02930C_A-T	C7_02930C_A	C7_02930C_A
C7_02030W_A-T	C7_02030W_A	HSP90
C7_03740C_A-T	C7_03740C_A	C7_03740C_A
C7_03310W_A-T	C7_03310W_A	C7_03310W_A
C7_01930C_A-T	C7_01930C_A	C7_01930C_A
C7_00300W_A-T	C7_00300W_A	C7_00300W_A
C7_03580C_A-T	C7_03580C_A	C7_03580C_A
C7_01270C_A-T	C7_01270C_A	C7_01270C_A
C7_04240C_A-T	C7_04240C_A	C7_04240C_A
C7_04320W_A-T	C7_04320W_A	C7_04320W_A
C7_01250W_A-T	C7_01250W_A	ASC1
C7_02670W_A-T	C7_02670W_A	C7_02670W_A
C7_01890C_A-T	C7_01890C_A	TOM7
C7_04110W_A-T	C7_04110W_A	ENV7
C7_00950W_A-T	C7_00950W_A	YML6
C7_01760C_A-T	C7_01760C_A	ISU1
C7_00760C_A-T	C7_00760C_A	C7_00760C_A
C7_01440W_A-T	C7_01440W_A	C7_01440W_A
C7_02090C_A-T	C7_02090C_A	C7_02090C_A
C7_00290C_A-T	C7_00290C_A	HGT13
C7_01670W_A-T	C7_01670W_A	C7_01670W_A
C7_03220C_A-T	C7_03220C_A	ZCF29
C7_02290W_A-T	C7_02290W_A	C7_02290W_A
C7_02640W_A-T	C7_02640W_A	TOM70
C7_02150C_A-T	C7_02150C_A	ECM42
C7_02110W_A-T	C7_02110W_A	C7_02110W_A
C7_02970W_A-T	C7_02970W_A	ECM39
C7_01710W_A-T	C7_01710W_A	C7_01710W_A
C7_01480W_A-T	C7_01480W_A	PFA4
C7_02140W_A-T	C7_02140W_A	C7_02140W_A
C7_02510W_A-T	C7_02510W_A	C7_02510W_A
C7_00990W_A-T	C7_00990W_A	RPP0
C7_02050C_A-T	C7_02050C_A	EXO70
C7_00110W_A-T	C7_00110W_A	SOD3
C7_03860W_A-T	C7_03860W_A	C7_03860W_A
C7_03160W_A-T	C7_03160W_A	C7_03160W_A
C7_01870W_A-T	C7_01870W_A	MSK1
C7_00700W_A-T	C7_00700W_A	CYB5
C7_02560W_A-T	C7_02560W_A	C7_02560W_A
C7_00510W_A-T	C7_00510W_A	MAC1
C7_04100C_A-T	C7_04100C_A	MED9
C7_01790C_A-T	C7_01790C_A	RPL5
C7_04090C_A-T	C7_04090C_A	C7_04090C_A
C7_04000W_A-T	C7_04000W_A	C7_04000W_A
C7_00410C_A-T	C7_00410C_A	C7_00410C_A
C7_00550C_A-T	C7_00550C_A	GLN4
C7_02310C_A-T	C7_02310C_A	C7_02310C_A
C7_03970C_A-T	C7_03970C_A	C7_03970C_A
C7_03700C_A-T	C7_03700C_A	ENP1
C7_02390W_A-T	C7_02390W_A	AHP2
C7_02960C_A-T	C7_02960C_A	C7_02960C_A
C7_03230C_A-T	C7_03230C_A	C7_03230C_A
C7_03090C_A-T	C7_03090C_A	SSP96
C7_02350C_A-T	C7_02350C_A	C7_02350C_A
C7_01320W_A-T	C7_01320W_A	C7_01320W_A
C7_03040W_A-T	C7_03040W_A	C7_03040W_A
C7_03120W_A-T	C7_03120W_A	TIM54
C7_00900W_A-T	C7_00900W_A	C7_00900W_A
C7_03500W_A-T	C7_03500W_A	C7_03500W_A
C7_00630C_A-T	C7_00630C_A	C7_00630C_A
C7_00640C_A-T	C7_00640C_A	C7_00640C_A
C7_00810W_A-T	C7_00810W_A	C7_00810W_A
C7_00140C_A-T	C7_00140C_A	C7_00140C_A
C7_03140W_A-T	C7_03140W_A	C7_03140W_A
C7_03460W_A-T	C7_03460W_A	C7_03460W_A
C7_03330C_A-T	C7_03330C_A	SHM1
C7_02000C_A-T	C7_02000C_A	C7_02000C_A
C7_02210W_A-T	C7_02210W_A	C7_02210W_A
C7_00310C_A-T	C7_00310C_A	C7_00310C_A
C7_00690W_A-T	C7_00690W_A	NOP15
C7_02600C_A-T	C7_02600C_A	C7_02600C_A
C7_01290W_A-T	C7_01290W_A	MED11
C7_00470C_A-T	C7_00470C_A	PEL1
C7_02750W_A-T	C7_02750W_A	FGR6-1
C7_04010W_A-T	C7_04010W_A	SSQ1
C7_01990C_A-T	C7_01990C_A	C7_01990C_A
C7_00150W_A-T	C7_00150W_A	C7_00150W_A
C7_03710C_A-T	C7_03710C_A	PLC1
C7_02120C_A-T	C7_02120C_A	C7_02120C_A
C7_00860W_A-T	C7_00860W_A	SSR1
C7_02660C_A-T	C7_02660C_A	C7_02660C_A
C7_02520W_A-T	C7_02520W_A	C7_02520W_A
C7_02880C_A-T	C7_02880C_A	LIP9
C7_01920W_A-T	C7_01920W_A	CDC34
C7_02530C_A-T	C7_02530C_A	C7_02530C_A
C7_00020C_A-T	C7_00020C_A	RVS161
C7_01460C_A-T	C7_01460C_A	C7_01460C_A
C7_02180C_A-T	C7_02180C_A	TRS33
C7_00090C_A-T	C7_00090C_A	CSA1
C7_03730C_A-T	C7_03730C_A	C7_03730C_A
C7_00790W_A-T	C7_00790W_A	MVP1
C7_03060C_A-T	C7_03060C_A	CHS6
C7_04150W_A-T	C7_04150W_A	C7_04150W_A
C7_02680W_A-T	C7_02680W_A	TOM22
C7_03350C_A-T	C7_03350C_A	C7_03350C_A
C7_03280C_A-T	C7_03280C_A	C7_03280C_A
C7_03890C_A-T	C7_03890C_A	C7_03890C_A
C7_03940C_A-T	C7_03940C_A	CLB4
C7_01180W_A-T	C7_01180W_A	MDM12
C7_02300W_A-T	C7_02300W_A	YPS7
C7_01190W_A-T	C7_01190W_A	C7_01190W_A
C7_03650W_A-T	C7_03650W_A	C7_03650W_A
C7_03900W_A-T	C7_03900W_A	C7_03900W_A
C7_00580C_A-T	C7_00580C_A	C7_00580C_A
C7_03690W_A-T	C7_03690W_A	C7_03690W_A
C7_01260W_A-T	C7_01260W_A	C7_01260W_A
C7_03610C_A-T	C7_03610C_A	C7_03610C_A
C7_01160C_A-T	C7_01160C_A	C7_01160C_A
C7_01600W_A-T	C7_01600W_A	C7_01600W_A
C7_00920C_A-T	C7_00920C_A	C7_00920C_A
C7_02450W_A-T	C7_02450W_A	C7_02450W_A
C7_00910C_A-T	C7_00910C_A	C7_00910C_A
C7_02160W_A-T	C7_02160W_A	C7_02160W_A
C7_02280W_A-T	C7_02280W_A	C7_02280W_A
C7_02130W_A-T	C7_02130W_A	C7_02130W_A
C7_00610C_A-T	C7_00610C_A	C7_00610C_A
C7_01960W_A-T	C7_01960W_A	C7_01960W_A
C7_00980W_A-T	C7_00980W_A	PHM5
C7_03620C_A-T	C7_03620C_A	C7_03620C_A
C7_03680W_A-T	C7_03680W_A	C7_03680W_A
C7_02170C_A-T	C7_02170C_A	C7_02170C_A
C7_00800C_A-T	C7_00800C_A	YAE1
C7_03640C_A-T	C7_03640C_A	C7_03640C_A
C7_02420C_A-T	C7_02420C_A	C7_02420C_A
C7_01880C_A-T	C7_01880C_A	C7_01880C_A
C7_01800C_A-T	C7_01800C_A	PFK2
C7_03870W_A-T	C7_03870W_A	RAD6
C7_01000C_A-T	C7_01000C_A	C7_01000C_A
C7_00180W_A-T	C7_00180W_A	FAR1
C7_02890C_A-T	C7_02890C_A	PMT1
C7_04040C_A-T	C7_04040C_A	NPT1
C7_04200C_A-T	C7_04200C_A	LOS1
C7_00010C_A-T	C7_00010C_A	C7_00010C_A
C7_01020C_A-T	C7_01020C_A	C7_01020C_A
C7_01550W_A-T	C7_01550W_A	BEM2
C7_01730C_A-T	C7_01730C_A	STE18
C7_02320W_A-T	C7_02320W_A	SEC1
C7_03720C_A-T	C7_03720C_A	HIS7
C7_03540C_A-T	C7_03540C_A	ENP2
C7_01030C_A-T	C7_01030C_A	C7_01030C_A
C7_01610W_A-T	C7_01610W_A	C7_01610W_A
C7_02010C_A-T	C7_02010C_A	C7_02010C_A
C7_03840W_A-T	C7_03840W_A	C7_03840W_A
C7_03070C_A-T	C7_03070C_A	CYR1
C7_01850C_A-T	C7_01850C_A	CRN1
C7_03000C_A-T	C7_03000C_A	C7_03000C_A
C7_00320C_A-T	C7_00320C_A	PMR1
C7_04260W_A-T	C7_04260W_A	C7_04260W_A
C7_02630W_A-T	C7_02630W_A	C7_02630W_A
C7_00050C_A-T	C7_00050C_A	RAD3
C7_00370W_A-T	C7_00370W_A	DCC1
C7_01370W_A-T	C7_01370W_A	C7_01370W_A
C7_00100W_A-T	C7_00100W_A	FRP2
C7_03480W_A-T	C7_03480W_A	C7_03480W_A
C7_01510W_A-T	C7_01510W_A	C7_01510W_A
C7_04290W_A-T	C7_04290W_A	C7_04290W_A
C7_02780W_A-T	C7_02780W_A	C7_02780W_A
C7_03850W_A-T	C7_03850W_A	C7_03850W_A
C7_04330C_A-T	C7_04330C_A	SYS1
C7_00380W_A-T	C7_00380W_A	C7_00380W_A
C7_03570W_A-T	C7_03570W_A	ARG4
C7_02360W_A-T	C7_02360W_A	C7_02360W_A
C7_00070C_A-T	C7_00070C_A	C7_00070C_A
C7_00390W_A-T	C7_00390W_A	SPL1
C7_01820C_A-T	C7_01820C_A	VMA11
C7_02610C_A-T	C7_02610C_A	C7_02610C_A
C7_03080W_A-T	C7_03080W_A	LMO1
C7_01860W_A-T	C7_01860W_A	C7_01860W_A
C7_02850W_A-T	C7_02850W_A	C7_02850W_A
C7_01640W_A-T	C7_01640W_A	LAT1
C7_02950C_A-T	C7_02950C_A	DBF4
C7_00490C_A-T	C7_00490C_A	C7_00490C_A
C7_02840C_A-T	C7_02840C_A	ERG5
C7_00350C_A-T	C7_00350C_A	C7_00350C_A
C7_02240W_A-T	C7_02240W_A	FMP45
C7_00750W_A-T	C7_00750W_A	ACB1
C7_01070C_A-T	C7_01070C_A	C7_01070C_A
C7_03410C_A-T	C7_03410C_A	C7_03410C_A
C7_03950C_A-T	C7_03950C_A	tL(UAA)5
C7_02230W_A-T	C7_02230W_A	C7_02230W_A
C7_03960C_A-T	C7_03960C_A	UME1
C7_04300W_A-T	C7_04300W_A	SPT6
C7_01660C_A-T	C7_01660C_A	C7_01660C_A
C7_02990W_A-T	C7_02990W_A	BCK1
C7_00450C_A-T	C7_00450C_A	C7_00450C_A
C7_01450C_A-T	C7_01450C_A	PRT1
C7_03820C_A-T	C7_03820C_A	C7_03820C_A
C7_00340C_A-T	C7_00340C_A	C7_00340C_A
C7_03590C_A-T	C7_03590C_A	C7_03590C_A
C7_03920C_A-T	C7_03920C_A	RPP1B
C7_02370W_A-T	C7_02370W_A	C7_02370W_A
C7_01970C_A-T	C7_01970C_A	TOM40
C7_00200W_A-T	C7_00200W_A	C7_00200W_A
C7_02770W_A-T	C7_02770W_A	CHS1
C7_01310C_A-T	C7_01310C_A	C7_01310C_A
C7_00430W_A-T	C7_00430W_A	C7_00430W_A
C7_00730W_A-T	C7_00730W_A	MET28
C7_02910W_A-T	C7_02910W_A	ENA21
C7_02480W_A-T	C7_02480W_A	C7_02480W_A
C7_02190W_A-T	C7_02190W_A	C7_02190W_A
C7_01470C_A-T	C7_01470C_A	PRE10
C7_01840W_A-T	C7_01840W_A	IQG1
C7_00600C_A-T	C7_00600C_A	C7_00600C_A
C7_03290C_A-T	C7_03290C_A	RBR3
C7_04030C_A-T	C7_04030C_A	KAP120
C7_01630W_A-T	C7_01630W_A	RNH35
C7_02800W_A-T	C7_02800W_A	NIK1
C7_01680C_A-T	C7_01680C_A	C7_01680C_A
C7_00930W_A-T	C7_00930W_A	GPH1
C7_03830C_A-T	C7_03830C_A	C7_03830C_A
C7_04210C_A-T	C7_04210C_A	C7_04210C_A
C7_00480W_A-T	C7_00480W_A	FGR2
C7_02920W_A-T	C7_02920W_A	C7_02920W_A
C7_03930C_A-T	C7_03930C_A	MAM33
C7_03110W_A-T	C7_03110W_A	PGA28
C7_03550C_A-T	C7_03550C_A	C7_03550C_A
C7_03600W_A-T	C7_03600W_A	MNN26
C7_00820W_A-T	C7_00820W_A	RFC2
C7_02870C_A-T	C7_02870C_A	TAF19
C7_00460W_A-T	C7_00460W_A	C7_00460W_A
C7_01400C_A-T	C7_01400C_A	C7_01400C_A
C7_03030W_A-T	C7_03030W_A	C7_03030W_A
C7_04120W_A-T	C7_04120W_A	C7_04120W_A
C7_01410C_A-T	C7_01410C_A	NBP2
C7_00400W_A-T	C7_00400W_A	LEU2
C7_00360W_A-T	C7_00360W_A	DFI1
C7_04160W_A-T	C7_04160W_A	C7_04160W_A
C7_03880C_A-T	C7_03880C_A	C7_03880C_A
C7_02260W_A-T	C7_02260W_A	C7_02260W_A
C7_01040C_A-T	C7_01040C_A	C7_01040C_A
C7_00500W_A-T	C7_00500W_A	C7_00500W_A
C7_02830C_A-T	C7_02830C_A	LIP5
C7_00250C_A-T	C7_00250C_A	C7_00250C_A
C7_02270W_A-T	C7_02270W_A	LDG3
C7_02690C_A-T	C7_02690C_A	C7_02690C_A
C7_02860C_A-T	C7_02860C_A	C7_02860C_A
C7_03370C_A-T	C7_03370C_A	C7_03370C_A
C7_02200W_A-T	C7_02200W_A	WHI3
C7_03010W_A-T	C7_03010W_A	C7_03010W_A
C7_04170W_A-T	C7_04170W_A	C7_04170W_A
C7_02470C_A-T	C7_02470C_A	C7_02470C_A
C7_01740C_A-T	C7_01740C_A	C7_01740C_A
C7_02540W_A-T	C7_02540W_A	C7_02540W_A
C7_01010W_A-T	C7_01010W_A	C7_01010W_A
C7_04190C_A-T	C7_04190C_A	UTP18
C7_04280C_A-T	C7_04280C_A	C7_04280C_A
C7_04080C_A-T	C7_04080C_A	C7_04080C_A
C7_03380W_A-T	C7_03380W_A	C7_03380W_A
C7_03180C_A-T	C7_03180C_A	HHO1
C7_03440W_A-T	C7_03440W_A	SNG4
C7_01900W_A-T	C7_01900W_A	NUC2
C7_03530C_A-T	C7_03530C_A	ISY1
C7_01060W_A-T	C7_01060W_A	C7_01060W_A
C7_02080W_A-T	C7_02080W_A	C7_02080W_A
C7_01950W_A-T	C7_01950W_A	RBD2
C7_02380C_A-T	C7_02380C_A	CYP1
C7_01810W_A-T	C7_01810W_A	RVB2
C7_03190C_A-T	C7_03190C_A	C7_03190C_A
C7_00660W_A-T	C7_00660W_A	GAC1
C7_01750W_A-T	C7_01750W_A	C7_01750W_A
C7_04230W_A-T	C7_04230W_A	NRG1
C7_02250W_A-T	C7_02250W_A	C7_02250W_A
C7_00060C_A-T	C7_00060C_A	C7_00060C_A
C7_01910C_A-T	C7_01910C_A	C7_01910C_A
C7_00330C_A-T	C7_00330C_A	C7_00330C_A
C7_04340C_A-T	C7_04340C_A	C7_04340C_A
C7_01200C_A-T	C7_01200C_A	DBP7
C7_02220C_A-T	C7_02220C_A	C7_02220C_A
C7_01420W_A-T	C7_01420W_A	GIR2
C7_03400C_A-T	C7_03400C_A	C7_03400C_A
C7_01530W_A-T	C7_01530W_A	C7_01530W_A
C7_03790W_A-T	C7_03790W_A	MRP7
C7_03340C_A-T	C7_03340C_A	PRR2
C7_02550C_A-T	C7_02550C_A	C7_02550C_A
C7_02020W_A-T	C7_02020W_A	RAD14
C7_02070W_A-T	C7_02070W_A	GRX1
C7_01540W_A-T	C7_01540W_A	ALK6
C7_04250W_A-T	C7_04250W_A	TPO2
C7_01300C_A-T	C7_01300C_A	PSF1
C7_01620C_A-T	C7_01620C_A	KCH1
C7_03450C_A-T	C7_03450C_A	HSM3
C7_03360W_A-T	C7_03360W_A	CPY1
C7_03560W_A-T	C7_03560W_A	C7_03560W_A
C7_02500C_A-T	C7_02500C_A	DPP3
C7_02060W_A-T	C7_02060W_A	LIG1
C7_00680W_A-T	C7_00680W_A	C7_00680W_A
C7_03490W_A-T	C7_03490W_A	GYP7
C7_01220W_A-T	C7_01220W_A	GCN3
C7_03630C_A-T	C7_03630C_A	TIM9
C7_00530C_A-T	C7_00530C_A	PSF3
C7_03260C_A-T	C7_03260C_A	C7_03260C_A
C7_03210W_A-T	C7_03210W_A	C7_03210W_A
C7_03200C_A-T	C7_03200C_A	C7_03200C_A
C7_02570C_A-T	C7_02570C_A	RBP1
C7_00220W_A-T	C7_00220W_A	C7_00220W_A
C7_02490W_A-T	C7_02490W_A	PEX1
C7_01100C_A-T	C7_01100C_A	C7_01100C_A
C7_02760W_A-T	C7_02760W_A	C7_02760W_A
C7_00210C_A-T	C7_00210C_A	C7_00210C_A
C7_02040C_A-T	C7_02040C_A	CUP9
C7_03780C_A-T	C7_03780C_A	C7_03780C_A
C7_01570C_A-T	C7_01570C_A	C7_01570C_A
C7_00880C_A-T	C7_00880C_A	C7_00880C_A
C7_02940C_A-T	C7_02940C_A	IFM1
C7_01280C_A-T	C7_01280C_A	C7_01280C_A
C7_01380W_A-T	C7_01380W_A	C7_01380W_A
C7_00890C_A-T	C7_00890C_A	MCM1
C7_00030W_A-T	C7_00030W_A	C7_00030W_A
C7_04360C_A-T	C7_04360C_A	TLO16
C7_01230C_A-T	C7_01230C_A	C7_01230C_A
C7_01690W_A-T	C7_01690W_A	C7_01690W_A
C7_02460C_A-T	C7_02460C_A	C7_02460C_A
C7_00170W_A-T	C7_00170W_A	VPS70
C7_04140C_A-T	C7_04140C_A	C7_04140C_A
C7_03910W_A-T	C7_03910W_A	OGG1
C7_04270C_A-T	C7_04270C_A	UFE1
C7_03240W_A-T	C7_03240W_A	C7_03240W_A
C7_00080C_A-T	C7_00080C_A	SAC7
C7_03770C_A-T	C7_03770C_A	YAF9
C7_00740W_A-T	C7_00740W_A	RIM15
C7_00130W_A-T	C7_00130W_A	C7_00130W_A
C7_00420C_A-T	C7_00420C_A	C7_00420C_A
C7_01050W_A-T	C7_01050W_A	C7_01050W_A
C7_00850W_A-T	C7_00850W_A	C7_00850W_A
C7_04130C_A-T	C7_04130C_A	SUI3
C7_01170C_A-T	C7_01170C_A	C7_01170C_A
C7_01500W_A-T	C7_01500W_A	C7_01500W_A
C7_04220W_A-T	C7_04220W_A	C7_04220W_A
C7_01330C_A-T	C7_01330C_A	GCN2
C7_03300C_A-T	C7_03300C_A	LIP8
C7_03130C_A-T	C7_03130C_A	DFR1
C7_03250C_A-T	C7_03250C_A	PDI1
C7_03470W_A-T	C7_03470W_A	C7_03470W_A
C7_00260C_A-T	C7_00260C_A	C7_00260C_A
C7_00940W_A-T	C7_00940W_A	KEX1
C7_00040C_A-T	C7_00040C_A	C7_00040C_A
C7_03020C_A-T	C7_03020C_A	DUG3
C7_01770W_A-T	C7_01770W_A	C7_01770W_A
C7_00770W_A-T	C7_00770W_A	C7_00770W_A
C7_01830W_A-T	C7_01830W_A	C7_01830W_A
C7_00280W_A-T	C7_00280W_A	HGT12
C7_03990C_A-T	C7_03990C_A	C7_03990C_A
C7_01390W_A-T	C7_01390W_A	C7_01390W_A
C7_00840C_A-T	C7_00840C_A	C7_00840C_A
C7_03670W_A-T	C7_03670W_A	DED81
C7_00190W_A-T	C7_00190W_A	C7_00190W_A
C7_03420C_A-T	C7_03420C_A	SNG3
C7_03520W_A-T	C7_03520W_A	PNC1
C7_00830C_A-T	C7_00830C_A	C7_00830C_A
C7_00670C_A-T	C7_00670C_A	C7_00670C_A
C7_00230W_A-T	C7_00230W_A	C7_00230W_A
C7_02810W_A-T	C7_02810W_A	PRX1
C7_00960W_A-T	C7_00960W_A	RPS18
C7_02340C_A-T	C7_02340C_A	TRM82
C7_01590C_A-T	C7_01590C_A	C7_01590C_A
C7_00270W_A-T	C7_00270W_A	FEX1
C7_04060W_A-T	C7_04060W_A	C7_04060W_A
C7_00970C_A-T	C7_00970C_A	YOX1
C7_01650W_A-T	C7_01650W_A	C7_01650W_A
C7_01430C_A-T	C7_01430C_A	C7_01430C_A
C7_01700W_A-T	C7_01700W_A	C7_01700W_A
C7_00240W_A-T	C7_00240W_A	C7_00240W_A
C7_00570W_A-T	C7_00570W_A	RPA135
C7_01560C_A-T	C7_01560C_A	NUP
C7_00720W_A-T	C7_00720W_A	RTF1
C7_04180W_A-T	C7_04180W_A	FAA2-3
C7_01580W_A-T	C7_01580W_A	SMC6
C7_01360C_A-T	C7_01360C_A	C7_01360C_A
CM_00390W-T	CM_00390W	CM_00390W
CM_00320W-T	CM_00320W	NAD3
CM_00020W-T	CM_00020W	CM_00020W
CM_00450W-T	CM_00450W	CM_00450W
CM_00410W-T	CM_00410W	CM_00410W
CM_00060W-T	CM_00060W	NAD1
CM_00140C-T	CM_00140C	ATP9
CM_00430W-T	CM_00430W	CM_00430W
CM_00330W-T	CM_00330W	COB
CM_00380W-T	CM_00380W	NAD5
CM_00090W-T	CM_00090W	CM_00090W
CM_00230W-T	CM_00230W	CM_00230W
CM_00010W-T	CM_00010W	CM_00010W
CM_00040W-T	CM_00040W	CM_00040W
CM_00440W-T	CM_00440W	NAD4
CM_00030W-T	CM_00030W	COX2
CM_00520W-T	CM_00520W	COX3B
CM_00180C-T	CM_00180C	CM_00180C
CM_00360W-T	CM_00360W	CM_00360W
CM_00210W-T	CM_00210W	COX1
CM_00100W-T	CM_00100W	CM_00100W
CM_00200C-T	CM_00200C	CM_00200C
CM_00250W-T	CM_00250W	CM_00250W
CM_00220W-T	CM_00220W	CM_00220W
CM_00510W-T	CM_00510W	CM_00510W
CM_00470C-T	CM_00470C	CM_00470C
CM_00280W-T	CM_00280W	CM_00280W
CM_00420W-T	CM_00420W	CM_00420W
CM_00080C-T	CM_00080C	CM_00080C
CM_00490C-T	CM_00490C	CM_00490C
CM_00050W-T	CM_00050W	NAD6
CM_00460C-T	CM_00460C	CM_00460C
CM_00120W-T	CM_00120W	CM_00120W
CM_00500C-T	CM_00500C	CM_00500C
CM_00130W-T	CM_00130W	CM_00130W
CM_00190C-T	CM_00190C	CM_00190C
CM_00370W-T	CM_00370W	NAD4L
CM_00300W-T	CM_00300W	CM_00300W
CM_00270W-T	CM_00270W	CM_00270W
CM_00340W-T	CM_00340W	CM_00340W
CM_00400W-T	CM_00400W	CM_00400W
CM_00070C-T	CM_00070C	COX3B
CM_00290W-T	CM_00290W	CM_00290W
CM_00110W-T	CM_00110W	CM_00110W
CM_00240W-T	CM_00240W	CM_00240W
CM_00310W-T	CM_00310W	NAD2
CM_00160C-T	CM_00160C	ATP6
CM_00480C-T	CM_00480C	CM_00480C
CM_00350W-T	CM_00350W	CM_00350W
CM_00260W-T	CM_00260W	CM_00260W
CM_00170C-T	CM_00170C	ATP8
CM_00150C-T	CM_00150C	CM_00150C
